timestamp_s,frame_number,point_index,x,y,z,doppler_mps,range,azimuth_deg,elevation_deg,snr_db,noise_db
0.0,1,0,-0.11562623083591461,0.035715389996767044,-0.03350662812590599,0.0,0.12556953638645454,162.83478371393235,-15.476150341633318,29.400000000000002,58.900000000000006
0.0,1,1,0.0,2.249825954437256,0.2168440818786621,0.0,2.2602517959522364,90.0,5.50531100840156,18.7,58.900000000000006
0.0,1,2,0.9327183365821838,2.051654577255249,1.597598671913147,0.25578173995018005,2.7625299122846982,65.55261818512679,35.331764580967395,26.700000000000003,41.6
0.30404,2,0,-0.11562623083591461,0.03567450866103172,-0.03355015069246292,0.0,0.12556953626183864,162.8532788513744,-15.496757314336167,29.3,59.0
0.30404,2,1,0.13875149190425873,2.1947336196899414,-0.5221402049064636,0.0,2.2602517628535841,86.38256378497509,-13.356527496776906,25.200000000000003,59.0
0.601008,3,0,-0.11562623083591461,0.03567260131239891,-0.03355218097567558,0.0,0.12556953687076361,162.85414184553488,-15.497718580904925,29.5,58.800000000000004
0.601008,3,1,0.2081272155046463,2.005150318145752,-1.022151231765747,0.0,2.2602517286342159,84.07412951667932,-26.8867802757021,25.400000000000002,58.800000000000004
0.601008,3,2,0.8903220295906067,2.033707618713379,1.4229966402053833,-0.25578173995018005,2.6369602637929508,66.35702797989433,32.65881035363357,33.1,41.5
0.601008,3,3,2.3125245571136475,1.2690430879592896,-1.7019333839416504,-0.25578173995018005,3.1392383518500147,28.756639777105942,-32.83001710314534,17.8,47.2
0.601008,3,4,1.4453279972076416,2.6998095512390137,-0.6905596852302551,-0.25578173995018005,3.1392383329940028,61.83787824592653,-12.707671890768191,17.8,47.2
0.902155,4,0,-0.11562623083591461,0.035596203058958054,-0.03363322094082832,0.0,0.12556953643455629,162.88871539859807,-15.536094895278254,29.5,58.800000000000004
0.902155,4,1,0.1464598923921585,2.301941394805908,-0.6097197532653809,0.0,2.3858212134865617,86.35949118904199,-14.806752519388295,23.5,58.300000000000004
0.902155,4,2,0.8903220295906067,1.9904210567474365,1.4829397201538086,-0.17052115499973297,2.6369602790197231,65.90087157791856,34.21965746590889,34.300000000000004,42.400000000000006
1.20168,5,0,-0.11562623083591461,0.035651762038469315,-0.03357432037591934,0.0,0.1255695360446662,162.8635712534262,-15.508202030998762,29.400000000000002,58.900000000000006
1.20168,5,1,0.3661497235298157,2.278517484664917,-0.605338454246521,0.0,2.3858210729546063,80.87081841474875,-14.697949299431471,20.0,58.5
1.522362,6,0,-0.11562623083591461,0.035635028034448624,-0.03359208256006241,0.0,0.12556953647703809,162.87114379115482,-15.51661302763809,29.400000000000002,58.900000000000006
1.522362,6,1,0.292919784784317,2.3008944988250732,-0.5587702989578247,0.0,2.38582097862329,82.74487769901572,-13.544742574768213,21.5,58.5
1.522362,6,2,1.3875149488449097,4.112385272979736,1.2641377449035645,0.0,4.5205037998854269,71.35565314341632,16.239037619607625,11.5,69.3
1.522362,6,3,2.91378116607666,1.106299638748169,-3.2742834091186523,0.0,4.5205034473725441,20.790685723532867,-46.4121686169325,11.5,69.3
1.522362,6,4,0.0,3.161602258682251,1.2243084907531738,0.42630288004875183,3.3903775781813779,90.0,21.168548091418444,15.700000000000001,47.0
1.522362,6,5,3.2259719371795654,1.0413767099380493,-0.0574401393532753,0.42630288004875183,3.3903775248606749,17.890609710148897,-0.9707576805819315,15.700000000000001,47.0
1.522362,6,6,0.07322994619607925,2.35675048828125,-0.3640156388282776,0.5115634799003601,2.3858212159223813,88.2202539800722,-8.776156079451015,30.200000000000003,41.7
1.80121,7,0,-0.11562623083591461,0.03561161458492279,-0.03361690044403076,0.0,0.12556953589995135,162.88173997343284,-15.528365861302563,29.5,58.800000000000004
1.80121,7,1,0.2081272155046463,2.0101161003112793,-1.012351155281067,0.0,2.2602518744961264,84.08866497054498,-26.608585775914435,19.8,58.800000000000004
1.80121,7,2,0.7708415389060974,0.9340980052947998,2.2000789642333984,0.08526057749986649,2.511390692517026,50.46968018760282,61.16831163486435,23.6,54.0
1.80121,7,3,0.13104306161403656,2.0783300399780273,-0.4692971110343933,-0.34104230999946594,2.1346821350021825,86.39215712368652,-12.69987195617765,15.4,41.5
1.80121,7,4,0.0,3.1718997955322266,0.7733190655708313,-0.25578173995018005,3.2648079101338756,90.0,13.701589819827934,12.5,46.2
2.109313,8,0,-0.11562623083591461,0.03566344082355499,-0.033561915159225464,0.0,0.12556953618553535,162.8582866890125,-15.502327887265112,29.3,59.0
2.109313,8,1,1.3875149488449097,4.127622604370117,1.2134604454040527,0.0,4.5205035504836673,71.41974709714192,15.571149263849787,11.700000000000001,68.7
2.109313,8,2,2.91378116607666,1.090381383895874,-3.279618740081787,0.0,4.5205034372761395,20.516616184266354,-46.510338067022204,11.700000000000001,68.7
2.109313,8,3,0.13875149190425873,2.1762900352478027,-0.594346821308136,0.08526057749986649,2.2602518527862387,86.35198923918651,-15.245534212373567,28.400000000000002,54.7
2.109313,8,4,2.3125245571136475,2.059288263320923,-0.516120195388794,0.34104230999946594,3.1392384482216609,41.68485903390963,-9.462924925746261,15.4,53.300000000000004
2.109313,8,5,1.2526174783706665,2.513906478881836,-1.4021557569503784,0.34104230999946594,3.1392382990835288,63.51405825816425,-26.52925909769887,15.4,53.300000000000004
2.109313,8,6,1.9001245498657227,2.997026205062866,-0.8173151016235352,0.42630288004875183,3.6415166282989606,57.62516715907324,-12.970162010174665,15.8,51.5
2.403044,9,0,-0.11562623083591461,0.035643287003040314,-0.03358331695199013,0.0,0.1255695358882844,162.86740633288366,-15.512462219625215,29.3,59.0
2.403044,9,1,-2.960031747817993,0.5635910630226135,-0.05270436406135559,0.0,3.0136689573343176,169.21989572766026,-1.0020647972387455,13.5,63.7
2.403044,9,2,0.292919784784317,2.143026828765869,-1.0068649053573608,0.25578173995018005,2.3858212269088135,82.2167538457224,-24.96220108814265,37.800000000000004,40.7
2.403044,9,3,2.304816246032715,2.246480941772461,0.5478282570838928,0.25578173995018005,3.2648078578965096,44.265663484597866,9.65981523110886,14.8,57.900000000000006
2.403044,9,4,0.9250099062919617,1.0672396421432495,-2.6622467041015625,0.6820846199989319,3.0136690750644717,49.08350501395186,-62.054104785024684,26.400000000000002,40.5
2.403044,9,5,-0.3237534463405609,10.537147521972656,0.34735575318336487,-0.34104230999946594,10.547841021417677,91.75985694664169,1.88717459707509,14.200000000000001,44.900000000000006
2.706282,10,0,-0.11562623083591461,0.03564148396253586,-0.03358523175120354,0.0,0.12556953622656239,162.8682222559205,-15.513368907290044,29.200000000000003,59.1
2.706282,10,1,-2.960031747817993,0.5642881989479065,-0.044625911861658096,0.0,3.0136689585241112,169.2068742754108,-0.8484574427036178,13.8,63.400000000000006
2.706282,10,2,4.301295757293701,1.2817977666854858,0.5392604470252991,0.25578173995018005,4.5205035710768575,16.59419887535727,6.851250491306661,14.200000000000001,52.2
2.706282,10,3,2.7750298976898193,2.534982919692993,2.511577844619751,0.25578173995018005,4.5205035787832726,42.411621865213824,33.75183868009133,14.200000000000001,52.2
2.706282,10,4,2.304816246032715,2.3064281940460205,-0.1648678332567215,0.34104230999946594,3.26480785724206,45.02002882636023,-2.894580891279895,24.400000000000002,47.7
2.706282,10,5,1.2025128602981567,2.230241537094116,-2.0588724613189697,0.34104230999946594,3.2648078511514291,61.66711814474508,-39.096317037999,24.400000000000002,47.7
2.706282,10,6,0.30833661556243896,2.3431692123413086,-0.849452555179596,0.596824049949646,2.5113906644848849,82.50354441219591,-19.769676175462244,37.7,40.5
2.706282,10,7,2.185335874557495,1.6855323314666748,1.9692504405975342,0.596824049949646,3.3903774749784188,37.64271887209404,35.50930475275963,16.1,56.5
2.706282,10,8,0.7400079369544983,1.1855555772781372,-2.670027494430542,0.6820846199989319,3.013668959024197,58.02814119614504,-62.37142264902132,13.200000000000001,48.400000000000006
3.015624,11,0,-0.11562623083591461,0.03566097840666771,-0.033564530313014984,0.0,0.12556953584916342,162.8594008895448,-15.503566245185844,29.200000000000003,59.1
3.015624,11,1,-2.960031747817993,0.5643818974494934,-0.04342476651072502,0.0,3.0136689573683513,169.2051242140841,-0.8256188680940092,13.700000000000001,63.5
3.015624,11,2,0.24281509220600128,2.5499844551086426,-0.6262423992156982,0.42630288004875183,2.6369602638026541,84.56057135076234,-13.738237457125265,37.4,40.800000000000004
3.015624,11,3,0.7708415389060974,2.4559898376464844,-1.7968682050704956,0.42630288004875183,3.1392384597413416,72.57491618075905,-34.91704538310807,17.8,47.800000000000004
3.015624,11,4,2.123668670654297,2.5277273654937744,1.5366424322128296,0.42630288004875183,3.6415167473817345,49.9647217947526,24.95957302839957,14.9,56.400000000000006
3.015624,11,5,-3.2413887977600098,1.4997634887695312,0.7104591727256775,0.42630288004875183,3.6415167302375933,155.17041415576603,11.250553478757698,14.9,56.400000000000006
3.38588,12,0,-0.11562623083591461,0.035687003284692764,-0.03353685885667801,0.0,0.1255695359660719,162.84762576379183,-15.49046374844123,29.400000000000002,58.900000000000006
3.38588,12,1,-2.960031747817993,0.5639075040817261,-0.04920325428247452,0.0,3.0136689568501231,169.21398494409834,-0.9354922884645794,13.8,63.400000000000006
3.38588,12,2,2.374191999435425,2.5867228507995605,-0.18428537249565125,0.42630288004875183,3.5159470780356812,47.45311189050455,-3.004486247500312,17.7,53.0
3.38588,12,3,1.2950137853622437,2.981130361557007,1.3407777547836304,0.42630288004875183,3.515947087855261,66.51969966127913,22.416824513357287,17.7,53.0
3.38588,12,4,0.5781311392784119,1.865120768547058,-2.45802903175354,0.5115634799003601,3.1392384134391844,72.77814167321363,-51.53623633162062,27.0,43.5
3.38588,12,5,0.25437772274017334,2.5722663402557373,-0.9748375415802002,0.596824049949646,2.76252970726348,84.35224332129143,-20.66348292976989,31.0,42.300000000000004
3.38588,12,6,0.728445291519165,2.4968338012695312,-2.174821138381958,1.193648099899292,3.3903773474130419,73.73552132419643,-39.90142830148302,24.5,42.0
3.38588,12,7,0.0,10.545392036437988,-1.648148536682129,-0.5115634799003601,10.673410270440145,90.0,-8.882945223854861,16.2,45.2
3.894658,14,0,-0.11562623083591461,0.035647522658109665,-0.033578820526599884,0.0,0.1255695357837173,162.8654896162444,-15.510333019487051,29.400000000000002,58.900000000000006
3.894658,14,1,-2.960031747817993,0.5642523765563965,-0.0450761653482914,0.0,3.0136689521615496,169.2075433564054,-0.8570185978134649,13.8,63.400000000000006
3.894658,14,2,-3.237534523010254,3.468721628189087,-1.6476263999938965,0.42630288004875183,5.0227813286571443,133.02560451130813,-19.1492895995381,14.600000000000001,52.2
3.894658,14,3,-0.12333464622497559,3.0277082920074463,2.6389212608337402,0.5115634799003601,4.0182252745870812,92.33267185471976,41.05156663929188,15.0,56.900000000000006
3.894658,14,4,-3.823374032974243,1.1293832063674927,-0.5024321675300598,0.5115634799003601,4.0182251686304991,163.54343130530555,-7.182969336590689,15.0,56.900000000000006
3.894658,14,5,0.10020940005779266,3.246685266494751,-0.3285781741142273,0.596824049949646,3.2648079208489853,88.23211891190793,-5.776165139290992,32.4,42.0
3.894658,14,6,2.509089231491089,2.8980610370635986,0.6771120429039001,0.6820846199989319,3.8926555543454109,49.11457375624586,10.017330352277561,13.100000000000001,54.2
3.894658,14,7,1.1948044300079346,2.9688363075256348,-2.216127395629883,0.6820846199989319,3.8926555563664142,68.07774235397859,-34.70211788790233,13.100000000000001,54.2
3.894658,14,8,0.4162544310092926,2.897339344024658,-1.7107943296432495,1.1083874702453613,3.3903775990452156,81.82438333901197,-30.304994767046903,19.700000000000003,42.1
3.894658,14,9,0.7824041843414307,2.389922618865967,-2.633772611618042,1.193648099899292,3.6415167995701272,71.8727762832926,-46.32450111689595,22.900000000000002,41.900000000000006
4.209808,15,0,-0.11562623083591461,0.03565627709031105,-0.03356952592730522,0.0,0.12556953621099853,162.86152819000816,-15.505931719852235,29.6,58.7
4.209808,15,1,-2.960031747817993,0.5647410154342651,-0.03847339004278183,0.0,3.0136689540069845,169.19841694773828,-0.7314747532894071,13.700000000000001,63.5
4.209808,15,2,3.4764955043792725,3.4685027599334717,1.5456348657608032,0.596824049949646,5.1483511463274159,44.934060412420656,17.470780960607424,12.5,50.7
4.209808,15,3,-3.3184728622436523,3.676910877227783,-1.4048430919647217,0.596824049949646,5.148351177762116,132.06677410374232,-15.83526486987636,12.5,50.7
4.209808,15,4,0.10406360775232315,3.337193727493286,-0.5890392661094666,0.8526057600975037,3.3903773339110415,88.21392625995985,-10.005258288739002,38.0,41.1
4.209808,15,5,0.7631331086158752,3.135395050048828,-2.599607467651367,1.193648099899292,4.14379454693463,76.3205937414236,-38.85484358445703,21.200000000000003,42.7
4.528749,16,0,-0.11562623083591461,0.03566388785839081,-0.03356144204735756,0.0,0.125569536698971,162.85808441500893,-15.502103797368097,29.6,58.7
4.528749,16,1,-2.960031747817993,0.5646504759788513,-0.0397803969681263,0.0,3.0136689579475262,169.20010792988663,-0.7563256216592756,13.9,63.300000000000004
4.528749,16,2,0.3815665543079376,4.083529472351074,0.5918006300926208,0.5115634799003601,4.14379463447506,84.66176070243004,8.210835332484582,17.900000000000002,47.2
4.528749,16,3,-0.2697945535182953,2.1989586353302,-3.7956864833831787,0.596824049949646,4.3949339086201462,96.99477332117583,-59.728955465870335,13.3,54.6
4.528749,16,4,0.0,3.630911350250244,-0.2777177095413208,0.6820846199989319,3.6415167663446133,90.0,-4.373869163062207,36.2,40.800000000000004
4.528749,16,5,0.49333858489990234,3.464691400527954,-1.9745032787322998,0.9378663301467896,4.0182250631302372,81.89611030017933,-29.43178130176617,28.900000000000002,41.1
4.806476,17,0,-0.11562623083591461,0.03565602749586105,-0.03356979414820671,0.0,0.12556953704326054,162.86164113045956,-15.506058623071393,29.3,59.0
4.806476,17,1,-2.960031747817993,0.5646654963493347,-0.039566561579704285,0.0,3.0136689572103177,169.19982739696854,-0.7522598378340081,13.8,63.400000000000006
4.806476,17,2,0.49333858489990234,3.150233507156372,-2.4451541900634766,0.596824049949646,4.0182251208894142,81.09955294942748,-37.482275707362874,30.1,41.900000000000006
4.806476,17,3,0.9982398152351379,4.226317882537842,-1.6515891551971436,0.596824049949646,4.6460727836038735,76.71052105074033,-20.822907580786982,19.5,50.5
4.806476,17,4,-0.7130284309387207,3.6537482738494873,2.7798752784729004,0.596824049949646,4.64607281000307,101.04248007908106,36.75024041078059,19.5,50.5
4.806476,17,5,0.1194804385304451,3.8795385360717773,-0.29609841108322144,0.8526057600975037,3.8926557897023706,88.23598563111081,-4.362469506606949,34.9,41.6
4.806476,17,6,0.2967739999294281,9.36826229095459,-2.3736753463745117,-0.596824049949646,9.6688545241482462,88.18555324955561,-14.211210244544143,14.100000000000001,45.1
5.114033,18,0,-0.11562623083591461,0.035718560218811035,-0.033503249287605286,0.0,0.12556953656939435,162.83334962685063,-15.474550600413064,29.400000000000002,58.900000000000006
5.114033,18,1,-2.960031747817993,0.5650333166122437,-0.0339115746319294,0.0,3.0136689585729708,169.19295784372525,-0.64473939769223,13.8,63.400000000000006
5.114033,18,2,0.8325088620185852,3.4378480911254883,-2.8147966861724854,0.42630288004875183,4.5205033887258894,76.38731239713992,-38.511615651811525,28.700000000000003,41.5
5.114033,18,3,0.6012564301490784,3.0048325061798096,-3.8199682235717773,0.596824049949646,4.8972119531513609,78.68475192353927,-51.263247163020466,18.6,51.1
5.114033,18,4,0.25437769293785095,4.033517837524414,-0.9149091839790344,0.6820846199989319,4.1437945136337531,86.3913655632449,-12.75544896775191,31.0,39.900000000000006
5.114033,18,5,0.5395891070365906,3.5453758239746094,-2.5405898094177246,0.6820846199989319,4.3949337557434669,81.3462673576335,-35.31507791056385,29.8,41.300000000000004
5.412665,19,0,-0.11562623083591461,0.03566966578364372,-0.033555299043655396,0.0,0.12556953614769067,162.85547006315616,-15.499195093211714,29.1,59.2
5.412665,19,1,-2.960031747817993,0.5645986795425415,-0.0405087023973465,0.0,3.0136689552771951,169.2010753271829,-0.7701733709628219,13.600000000000001,63.6
5.412665,19,2,0.27750298380851746,4.499996662139893,-0.32859325408935547,0.25578173995018005,4.5205034445209566,86.47118832265897,-4.168479462407561,21.6,43.400000000000006
5.412665,19,3,0.7515705823898315,4.255317687988281,-2.304365634918213,0.34104230999946594,4.8972122626461418,79.98376565802054,-28.069770846326506,21.3,42.1
5.412665,19,4,0.7901126146316528,3.4822275638580322,3.7088184356689453,0.596824049949646,5.14835128357133,77.21611778261132,46.08665131590355,17.5,49.0
5.412665,19,5,0.0,4.046721935272217,-0.8916698098182678,0.7673451900482178,4.1437945739569022,90.0,-12.426202310702203,21.8,41.900000000000006
5.412665,19,6,0.13489727675914764,4.342258930206299,-0.6648549437522888,0.7673451900482178,4.3949336728175146,88.22061287903645,-8.700971619488627,26.8,42.2
5.724504,20,0,-0.11562623083591461,0.03571292757987976,-0.03350925073027611,0.0,0.12556953586818126,162.83589763236066,-15.47739209320313,29.5,58.800000000000004
5.724504,20,1,-2.960031747817993,0.5647369027137756,-0.03853408247232437,0.0,3.0136689587426777,169.19849375954942,-0.7326287288914407,13.600000000000001,63.6
5.724504,20,2,0.6012564301490784,4.386082172393799,-2.0936715602874756,0.34104230999946594,4.8972121375475366,82.19438500014077,-25.310475422421636,24.200000000000003,41.2
5.724504,20,3,-4.682862281799316,0.6770487427711487,-3.089015245437622,0.5115634799003601,5.6506291098365979,171.77317671024704,-33.13868803593304,13.4,49.6
5.724504,20,4,0.6937574148178101,2.6033496856689453,-4.966979026794434,0.5115634799003601,5.6506291321500708,75.0782234091481,-61.523584930980086,13.4,49.6
5.724504,20,5,1.3258473873138428,4.026383399963379,3.344377279281616,0.596824049949646,5.3994901577947809,71.77380797868744,38.27142795558905,16.3,50.2
5.724504,20,6,3.1488876342773438,3.452249050140381,2.7057299613952637,0.596824049949646,5.3994899260478251,47.63122988566663,30.073360785455467,16.3,50.2
5.724504,20,7,0.13875149190425873,4.457019805908203,-0.7420735359191895,0.7673451900482178,4.5205033635066858,88.21690085595407,-9.44828265304844,30.1,42.5
5.724504,20,8,0.30833661556243896,4.962072372436523,-0.7149098515510559,0.7673451900482178,5.0227810815960394,86.44428778095683,-8.18289657821662,19.8,46.900000000000006
5.724504,20,9,0.292919784784317,4.724372863769531,-0.6025525331497192,1.875732660293579,4.77164232853272,86.45209821927568,-7.25455355502619,16.8,42.6
6.023173,21,0,-0.11562623083591461,0.03569435700774193,-0.03352903574705124,0.0,0.12556953698108225,162.844298794467,-15.486759514913741,29.3,59.0
6.023173,21,1,-2.960031747817993,0.5645255446434021,-0.0415157750248909,0.0,3.0136689596273332,169.20244127160507,-0.7893215762586118,13.700000000000001,63.5
6.023173,21,2,0.8093836307525635,4.411835193634033,2.773958444595337,0.5115634799003601,5.2739204667742037,79.6042672950707,31.734006803786084,18.2,48.1
6.023173,21,3,-1.2950137853622437,4.233480930328369,-2.86614990234375,0.5115634799003601,5.2739204349740891,107.00877215053968,-32.91929532042196,18.2,48.1
6.023173,21,4,0.1464598923921585,4.75319766998291,-0.39272239804267883,0.596824049949646,4.7716422196068811,88.23510822501878,-4.720977828515444,32.800000000000004,42.0
6.023173,21,5,1.52626633644104,3.2600667476654053,4.1915106773376465,0.6820846199989319,5.5250598084746869,64.91240348043759,49.34412012739,12.600000000000001,52.900000000000006
6.023173,21,6,3.05253267288208,4.129411697387695,2.0386974811553955,0.6820846199989319,5.5250596472078284,53.52754615147271,21.653405292899926,12.600000000000001,52.900000000000006
6.023173,21,7,0.6166732311248779,4.075249195098877,-2.87060809135437,0.8526057600975037,5.0227813699472543,81.3951929058991,-34.85612246876797,27.1,41.0
6.023173,21,8,0.6166732311248779,4.3466572761535645,-2.440208673477173,1.0231269598007202,5.0227814724948914,81.92516572089175,-29.066745358483388,26.900000000000002,42.5
6.310364,22,0,-0.11562623083591461,0.03567124530673027,-0.03355362266302109,0.0,0.12556953688242042,162.85475538532384,-15.49840122430179,29.400000000000002,58.900000000000006
6.310364,22,1,-2.960031747817993,0.5647942423820496,-0.03768438473343849,0.0,3.0136689594530943,169.1974228505971,-0.716473010202945,13.8,63.400000000000006
6.310364,22,2,0.8286546468734741,4.351864337921143,-3.086923837661743,0.25578173995018005,5.3994898387698749,79.21915654160583,-34.869316294863744,23.400000000000002,43.1
6.310364,22,3,0.48563018441200256,4.339460849761963,-2.9576141834259033,0.5115634799003601,5.2739206289657909,83.61458285864407,-34.11113451361808,26.0,41.2
6.310364,22,4,3.368577718734741,4.003627777099609,2.44706392288208,0.5115634799003601,5.7761988424387489,49.92336916384284,25.06499393108559,17.5,50.800000000000004
6.310364,22,5,0.0,4.861458778381348,-0.5906797647476196,0.7673451900482178,4.8972118637428146,90.0,-6.927627415953994,35.6,41.2
6.61078,23,0,-0.11562623083591461,0.03565211966633797,-0.0335739403963089,0.0,0.12556953598607426,162.8634094249824,-15.508022107755538,29.400000000000002,58.900000000000006
6.61078,23,1,-2.960031747817993,0.5645878911018372,-0.04065902531147003,0.0,3.0136689584638425,169.2012768226858,-0.7730315638444283,13.8,63.400000000000006
6.61078,23,2,0.15802252292633057,5.121392250061035,-0.5018855333328247,0.5115634799003601,5.14835107440295,88.23267745929832,-5.5943474343250985,30.5,41.800000000000004
6.61078,23,3,0.33917027711868286,5.438296794891357,-0.9144268035888672,0.596824049949646,5.5250597178065082,86.43125615589899,-9.526591067999925,22.0,42.800000000000004
6.61078,23,4,1.2680343389511108,4.534781455993652,3.557908773422241,0.6820846199989319,5.9017682755575933,74.37772536983483,37.074625598243124,17.2,49.1
6.61078,23,5,1.7343934774398804,4.926999568939209,3.4836509227752686,0.6820846199989319,6.2784766654552548,70.60700410904359,33.700802193158395,14.0,52.1
6.61078,23,6,0.5087554454803467,4.932015895843506,-2.4377596378326416,0.7673451900482178,5.5250597238405357,84.11056142420182,-26.18166451329471,27.1,41.5
6.913979,24,0,-0.11562623083591461,0.03561403229832649,-0.03361434116959572,0.0,0.12556953645742439,162.88064573737103,-15.527153789307436,29.400000000000002,58.900000000000006
6.913979,24,1,-2.960031747817993,0.5642619729042053,-0.04495619609951973,0.0,3.0136689568902435,169.20736411810975,-0.854737490381596,13.700000000000001,63.5
6.913979,24,2,0.3314618468284607,5.13676118850708,-1.6304320096969604,0.25578173995018005,5.3994898834890019,86.3079708795763,-17.5753861233514,17.6,42.300000000000004
6.913979,24,3,3.330035448074341,4.46923303604126,2.294694662094116,0.34104230999946594,6.0273380200647022,53.310123211285706,22.377944176873036,24.3,45.1
6.913979,24,4,1.1100119352340698,3.2619125843048096,4.945361614227295,0.34104230999946594,6.0273378617330691,71.20682688538231,55.13372795453052,24.3,45.1
6.913979,24,5,0.16958513855934143,5.232759952545166,-1.765148639678955,0.5115634799003601,5.5250597788929978,88.14378775597108,-18.631508225132038,21.900000000000002,42.1
6.913979,24,6,0.16187672317028046,5.2042412757873535,-0.8389903903007507,0.596824049949646,5.2739203828964021,88.21840242944003,-9.153666732998182,24.1,40.6
7.230686,25,0,-0.11562623083591461,0.035606786608695984,-0.03362201526761055,0.0,0.12556953619637551,162.8839251120069,-15.530788083512492,29.3,59.0
7.230686,25,1,-2.960031747817993,0.565016508102417,-0.034190334379673004,0.0,3.0136689568503847,169.19327175908978,-0.6500395079543319,13.8,63.400000000000006
7.230686,25,2,0.7091742753982544,5.047085285186768,-2.718174457550049,0.25578173995018005,5.7761986124537765,82.00163984215341,-28.07207487533405,22.0,41.400000000000006
7.230686,25,3,-4.78692626953125,3.1636154651641846,3.613241195678711,0.34104230999946594,6.7807549623551573,146.53981810534276,32.199378321248474,11.5,55.1
7.230686,25,4,-5.665685653686523,2.3946032524108887,-0.15540088713169098,0.42630288004875183,6.1529072883123641,157.08863960566933,-1.4472445999713484,17.900000000000002,50.7
7.230686,25,5,0.0,5.480618000030518,-0.69936603307724,0.5115634799003601,5.525059864877548,90.0,-7.272049299550181,31.400000000000002,41.0
7.599042,26,0,-0.11562623083591461,0.035675808787345886,-0.03354876860976219,0.0,0.12556953637400611,162.85269060409252,-15.49610288347663,29.3,59.0
7.599042,26,1,-2.960031747817993,0.5643851161003113,-0.04338312894105911,0.0,3.0136689604604423,169.20506409783576,-0.824827172967586,13.700000000000001,63.5
7.599042,26,2,0.34687870740890503,5.228295803070068,-2.11523175239563,0.42630288004875183,5.6506289214915233,86.20419316640377,-21.983256837354126,24.5,42.0
7.599042,26,3,-4.875572681427002,4.884337425231934,-0.2633497714996338,0.42630288004875183,6.9063242146273085,134.94854638126273,-2.1853143522504213,11.5,50.800000000000004
7.599042,26,4,4.663591384887695,5.052731990814209,-0.6466289162635803,0.42630288004875183,6.9063242127447406,47.29348116912267,-5.372387962831426,11.5,50.800000000000004
7.599042,26,5,0.8016752004623413,4.033488750457764,-5.071899890899658,0.5115634799003601,6.5296158486095974,78.7586852774499,-50.96425364172556,13.600000000000001,51.300000000000004
7.814498,27,0,-0.11562623083591461,0.03570426627993584,-0.033518481999635696,0.0,0.125569536606092,162.83981583296116,-15.481762653169783,29.3,59.0
7.814498,27,1,-2.960031747817993,0.5646249651908875,-0.040141019970178604,0.0,3.0136689600703495,169.20058439175781,-0.7631823771205177,13.700000000000001,63.5
7.814498,27,2,0.5318806767463684,5.20414400100708,-2.4491755962371826,0.34104230999946594,5.7761988313005563,84.16444457968129,-25.088120093262486,28.400000000000002,41.7
7.814498,27,3,0.8170920610427856,4.207906246185303,-5.090911388397217,0.5115634799003601,6.65518543523897,79.01104859192506,-49.90290876699708,15.3,50.6
7.814498,27,4,2.235440731048584,6.2632269859313965,2.96940541267395,1.0231269598007202,7.2830334369785552,70.35774649819888,24.061404869167927,20.900000000000002,42.2
7.814498,27,5,4.917969226837158,3.473104476928711,-4.0980119705200195,1.0231269598007202,7.2830335804735178,35.23000741673443,-34.24128992337746,20.900000000000002,42.2
7.814498,27,6,1.0599071979522705,3.5090198516845703,5.8532633781433105,-0.34104230999946594,6.9063243307638746,73.19294255100927,57.94318720717216,14.8,49.400000000000006
8.112433,28,0,-0.11562623083591461,0.03564045950770378,-0.03358631953597069,0.0,0.12556953639801657,162.86868585174633,-15.513883994950909,29.400000000000002,58.900000000000006
8.112433,28,1,-2.960031747817993,0.5646058320999146,-0.04040919616818428,0.0,3.0136689594025818,169.20094173915322,-0.768281390100039,13.700000000000001,63.5
8.112433,28,2,0.724591076374054,4.930695056915283,-3.161342144012451,-0.25578173995018005,5.9017683895387627,81.6399277680987,-32.388692278529206,24.700000000000003,42.0
8.414492,29,0,-0.11562623083591461,0.0356428436934948,-0.03358379006385803,0.0,0.12556953658802919,162.86760694139596,-15.512686167159728,29.3,59.0
8.414492,29,1,-2.960031747817993,0.5649084448814392,-0.035931359976530075,0.0,3.0136689535877315,169.19528996113752,-0.6831420733644504,13.700000000000001,63.5
8.414492,29,2,0.17343935370445251,5.556373596191406,-1.0130343437194824,0.34104230999946594,5.6506289323774928,88.21212213001803,-10.327717353848206,23.5,41.7
8.414492,29,3,0.8016752004623413,2.9458272457122803,-5.7719407081604,-0.34104230999946594,6.5296156722380161,74.77624503126582,-62.12421510800955,18.5,52.6
8.414492,29,4,-5.411307334899902,1.4162240028381348,-3.368671178817749,-0.34104230999946594,6.5296158393854773,165.33374527053277,-31.05806520451603,18.5,52.6
8.414492,29,5,0.8864678144454956,3.9959824085235596,-4.075631618499756,-0.25578173995018005,5.7761988958996611,77.4920757387207,-44.87727713061986,27.8,42.5
8.718009,30,0,-0.11562623083591461,0.035695627331733704,-0.0335276834666729,0.0,0.12556953701661736,162.84372408692283,-15.486119236110818,29.3,59.0
8.718009,30,1,-2.960031747817993,0.5649323463439941,-0.03555379807949066,0.0,3.0136689560391416,169.19484357213665,-0.6759633729718012,13.700000000000001,63.5
8.718009,30,2,0.24666929244995117,7.534250736236572,-2.785454273223877,0.25578173995018005,8.0364504231993017,88.12482177434042,-20.279652593045416,12.8,46.0
8.718009,30,3,0.0,5.646070957183838,0.2269158512353897,-0.6820846199989319,5.65062899658938,90.0,2.301481396843836,26.200000000000003,41.2
8.718009,30,4,-1.1331369876861572,4.889708995819092,-3.558793544769287,-0.42630288004875183,6.1529070357797666,103.04736780238333,-35.33753906277826,21.5,46.800000000000004
8.718009,30,5,1.3219932317733765,1.9632024765014648,5.6794753074646,-0.42630288004875183,6.1529074295568762,56.04422385423556,67.37695027204643,21.5,46.800000000000004
8.718009,30,6,0.17343935370445251,5.531416416168213,-1.1414732933044434,-0.34104230999946594,5.6506291736226952,88.20406068045797,-11.654416327931203,28.700000000000003,41.900000000000006
9.012839,31,0,-0.11562623083591461,0.035694047808647156,-0.033529363572597504,0.0,0.12556953662361595,162.84443867983305,-15.48691477842052,29.3,59.0
9.012839,31,1,-2.960031747817993,0.5650716423988342,-0.03326653689146042,0.0,3.013668955212319,169.19224207462264,-0.6324751993516995,13.9,63.300000000000004
9.012839,31,2,0.0,5.357990264892578,-0.668156623840332,-0.596824049949646,5.3994900641324781,90.0,-7.1082518834160116,34.6,41.1
9.012839,31,3,0.37000396847724915,5.132472515106201,-3.1384117603302,-0.596824049949646,6.0273381713977514,85.87663560418777,-31.37895922932496,11.700000000000001,50.6
9.012839,31,4,4.37067174911499,5.058202266693115,-1.1359829902648926,-0.42630288004875183,6.7807550511327586,49.17048762452764,-9.644265514000772,12.4,56.300000000000004
9.012839,31,5,4.4516096115112305,5.170834541320801,-1.0690909624099731,-0.42630288004875183,6.9063241650622036,49.27459676919225,-8.905129764186608,12.200000000000001,56.5
9.012839,31,6,-4.875572681427002,3.754554510116577,3.1351916790008545,-0.42630288004875183,6.9063243049678906,142.40104689766588,26.998007996110008,12.200000000000001,56.5
9.012839,31,7,-0.7708415389060974,5.450991153717041,-3.0185704231262207,-0.34104230999946594,6.2784766174110231,98.04900301519604,-28.736403598023394,20.3,48.2
9.012839,31,8,1.5416830778121948,5.487745761871338,2.6319446563720703,-0.34104230999946594,6.2784769597056584,74.30825108395005,24.7841619624201,20.3,48.2
9.311409,32,0,-0.11562623083591461,0.03561630845069885,-0.033611930906772614,0.0,0.12556953684814318,162.8796155823657,-15.526012312737127,29.400000000000002,58.900000000000006
9.311409,32,1,-2.960031747817993,0.5649054050445557,-0.03597935289144516,0.0,3.0136689563675509,169.19534673389862,-0.684054577471432,13.8,63.400000000000006
9.311409,32,2,0.3237534463405609,5.153241157531738,-1.0740242004394531,-0.5115634799003601,5.273920619882901,86.40510547159337,-11.750374729557741,27.8,41.800000000000004
9.311409,32,3,3.1912841796875,3.9142298698425293,2.80338716506958,-0.42630288004875183,5.776198558461096,50.80952855972911,29.034375805271452,21.3,44.800000000000004
9.311409,32,4,1.241054892539978,5.367828845977783,-1.735127568244934,-0.42630288004875183,5.7761987019225867,76.98182175539009,-17.481187417638928,21.3,44.800000000000004
9.311409,32,5,0.9442809224128723,4.353041648864746,-4.244718074798584,-0.42630288004875183,6.1529074096483694,77.7607735104715,-43.619971422786655,14.200000000000001,53.6
9.311409,32,6,4.324421405792236,3.293905019760132,-3.3854658603668213,-0.25578173995018005,6.4040463666173091,37.296467854334765,-31.91393559937142,17.3,49.800000000000004
9.311409,32,7,1.9656460285186768,5.484245300292969,2.659153938293457,-0.25578173995018005,6.4040464154125525,70.2814639979893,24.53381867589496,17.3,49.800000000000004
9.625538,33,0,-0.11562623083591461,0.03560681641101837,-0.03362198546528816,0.0,0.12556953666744267,162.8839116233397,-15.530773910020189,29.3,59.0
9.625538,33,1,-2.960031747817993,0.564750611782074,-0.038332246243953705,0.0,3.0136689537340988,169.19823772033175,-0.7287911139894674,13.700000000000001,63.5
9.625538,33,2,0.2582319378852844,8.205509185791016,-1.8396161794662476,0.8526057600975037,8.4131594790303783,88.19746486887036,-12.630303743654656,16.900000000000002,42.0
9.625538,33,3,0.0,5.142848014831543,-0.23798152804374695,-0.6820846199989319,5.1483512808807808,90.0,-2.6494302611545333,29.700000000000003,41.7
9.625538,33,4,0.5203180313110352,5.604870796203613,-0.4942683279514313,-0.596824049949646,5.6506290513410473,84.69625110510054,-5.01815408575835,19.1,46.1
9.625538,33,5,-1.3875148296356201,5.3653178215026855,-1.103529453277588,-0.596824049949646,5.6506291669551469,104.49949247287581,-11.26185203771597,19.1,46.1
9.625538,33,6,-4.995053768157959,2.1163315773010254,-2.6266677379608154,-0.596824049949646,6.0273381270271091,157.0383335882542,-25.835721912043983,14.700000000000001,55.2
9.625538,33,7,0.7400079369544983,1.2645410299301147,5.846548557281494,-0.596824049949646,6.0273382015432553,59.663878933290775,75.93132499471531,14.700000000000001,55.2
9.909817,34,0,-0.11562623083591461,0.03563200682401657,-0.033595286309719086,0.0,0.12556953623335149,162.87251102700978,-15.51813018899888,29.3,59.0
9.909817,34,1,-2.960031747817993,0.5644901990890503,-0.04199355095624924,0.0,3.0136689584756908,169.20310142686606,-0.7984059095318019,13.700000000000001,63.5
9.909817,34,2,0.2697945535182953,8.503533363342285,-2.2088253498077393,0.596824049949646,8.78986792782103,88.1827665169631,-14.55399177561656,16.6,42.7
9.909817,34,3,0.6320900917053223,4.499988555908203,-2.4199352264404297,-1.3641692399978638,5.1483513271244545,82.00427089263532,-28.036945613317354,25.1,40.900000000000006
9.909817,34,4,-0.1503141075372696,4.894068241119385,-0.09048954397439957,-0.6820846199989319,4.8972121290818933,91.75920256859375,-1.0587583098737803,30.1,41.7
9.909817,34,5,1.1870959997177124,3.8301048278808594,3.800971746444702,-0.5115634799003601,5.5250598297550546,72.77979152161197,43.46814956286357,22.0,47.1
9.909817,34,6,-0.8479257225990295,5.323510646820068,-1.211421251296997,-0.5115634799003601,5.5250597359617473,99.05001711457548,-12.665537395023673,22.0,47.1
9.909817,34,7,-4.625049114227295,1.223691701889038,4.065804958343506,-0.5115634799003601,6.2784767778162092,165.18030439479918,40.3592596257689,13.3,54.7
9.909817,34,8,-2.8829474449157715,1.2405872344970703,-4.547069549560547,-0.34104230999946594,5.5250596508168321,156.71686884681355,-55.38524700015626,22.700000000000003,43.6
9.909817,34,9,-1.1870959997177124,5.0544891357421875,-1.8892406225204468,-0.34104230999946594,5.5250599513184513,103.21693517815592,-19.995131413061745,22.700000000000003,43.6
10.214895,35,0,-0.11562623083591461,0.03568318858742714,-0.03354091942310333,0.0,0.12556953643632365,162.84935165503927,-15.492386322116138,29.400000000000002,58.900000000000006
10.214895,35,1,-2.960031747817993,0.5648835301399231,-0.03632162883877754,0.0,3.0136689618196764,169.19575527577345,-0.6905623840106854,13.8,63.400000000000006
10.214895,35,2,0.15416830778121948,4.991226673126221,0.5405747890472412,-2.131514549255371,5.0227813681469584,88.23081850934678,6.178401657932646,17.3,41.2
10.214895,35,3,0.292919784784317,4.529238224029541,-1.4726738929748535,-0.8526057600975037,4.77164220005839,86.29965876636189,-17.9767120691026,23.6,41.2
10.214895,35,4,0.292919784784317,4.483634948730469,-1.6061710119247437,-0.596824049949646,4.7716422407115475,86.26212857235572,-19.670324563082374,34.800000000000004,40.900000000000006
10.214895,35,5,0.7091742753982544,1.6757572889328003,5.482096195220947,-0.596824049949646,5.7761985196108032,67.06209869023172,71.63774686468446,13.600000000000001,53.1
10.214895,35,6,0.48563018441200256,4.723960876464844,-2.294034242630005,-0.5115634799003601,5.2739203771711942,84.13052741767778,-25.783832518239112,20.8,46.400000000000006
10.214895,35,7,0.585839569568634,4.087494850158691,-2.391180992126465,-0.42630288004875183,4.7716421375091711,81.8436379041942,-30.07434393462455,27.6,42.0
10.214895,35,8,-1.16011643409729,5.193662166595459,-0.9135066866874695,-0.25578173995018005,5.3994899118352251,102.59154583632451,-9.740371875588243,21.200000000000003,43.0
10.214895,35,9,-2.8174257278442383,1.4300802946090698,-4.378524303436279,-0.25578173995018005,5.3994900182081969,153.08837826582794,-54.18536893429131,21.200000000000003,43.0
10.499149,36,0,-0.11562623083591461,0.035667095333337784,-0.03355802968144417,0.0,0.12556953572797147,162.85663311195293,-15.500488125675313,29.3,59.0
10.499149,36,1,-2.960031747817993,0.5648465156555176,-0.03689256310462952,0.0,3.0136689591843115,169.19644657123297,-0.7014177698311407,13.600000000000001,63.6
10.499149,36,2,0.5550059676170349,3.609354019165039,-2.6644856929779053,-0.9378663301467896,4.5205035192815952,81.25816842670466,-36.11602531661523,36.0,40.5
10.499149,36,3,0.1503141075372696,4.8940653800964355,-0.0906224250793457,-0.8526057600975037,4.8972117270453452,88.24079640363979,-1.060313328239662,23.6,43.400000000000006
10.499149,36,4,-4.578798770904541,0.9304975271224976,-2.9487388134002686,-0.8526057600975037,5.5250596758832611,168.51285293559184,-32.255968872082185,14.9,52.400000000000006
10.499149,36,5,3.3184728622436523,3.5887715816497803,1.6167792081832886,-0.6820846199989319,5.14835105744727,47.2409917318075,18.302764199349102,17.400000000000002,49.800000000000004
10.499149,36,6,3.965980052947998,4.425292015075684,1.5956382751464844,-0.6820846199989319,6.15290733752642,48.133065070481194,15.030356867146725,12.3,51.0
10.499149,36,7,-3.965980052947998,4.700748920440674,0.17952591180801392,-0.6820846199989319,6.1529072596957013,130.1540284340815,1.671979869773862,12.3,51.0
10.809183,37,0,-0.11562623083591461,0.03568976745009422,-0.03353391960263252,0.0,0.1255695365997575,162.84637518686498,-15.489071975291054,29.3,59.0
10.809183,37,1,-2.960031747817993,0.56447833776474,-0.042152341455221176,0.0,3.0136689535823677,169.20332296359874,-0.801425125047621,13.8,63.400000000000006
10.809183,37,2,0.0,4.243074893951416,0.4730623662471771,-1.4494298696517944,4.2693644208523827,90.0,6.36166080596337,24.400000000000002,41.2
10.809183,37,3,0.2620861232280731,4.234051704406738,-0.4812389612197876,-1.193648099899292,4.2693645791117705,86.45793321383869,-6.472084024803417,23.6,41.2
10.809183,37,4,0.6475068926811218,3.609297513961792,-3.7905070781707764,-0.6820846199989319,5.2739205179849922,79.8293449817895,-45.9494478158305,14.8,52.0
10.809183,37,5,-4.37067174911499,1.3059059381484985,-2.6468992233276367,-0.6820846199989319,5.2739204920301788,163.36446563142042,-30.12475947528513,14.8,52.0
10.809183,37,6,0.0,4.2686567306518555,-0.0777323842048645,-0.596824049949646,4.2693644266674591,90.0,-1.0432427882978028,32.4,41.5
10.809183,37,7,-4.625049114227295,1.89983069896698,0.47738519310951233,-0.42630288004875183,5.022781362587093,157.66861992991502,5.453851842069562,16.8,50.300000000000004
11.102619,38,0,-0.11562623083591461,0.03567633405327797,-0.03354820981621742,0.0,0.12556953631623491,162.85245294650557,-15.495838302423493,29.3,59.0
11.102619,38,1,-2.960031747817993,0.5649105906486511,-0.03589818999171257,0.0,3.0136689605134359,169.19524988626026,-0.6825114002999579,13.700000000000001,63.5
11.102619,38,2,0.0,4.120638847351074,-0.43745750188827515,-0.7673451900482178,4.1437945866388119,90.0,-6.0599674622158695,31.0,42.1
11.102619,38,3,-4.316712856292725,1.832075834274292,-1.7993943691253662,-0.5115634799003601,5.0227812854886293,157.0029248796163,-20.99255333467289,13.5,53.1
11.102619,38,4,-2.4666929244995117,2.94962215423584,3.2316386699676514,-0.5115634799003601,5.0227814336048029,129.90486974997722,40.045537005064226,13.5,53.1
11.413768,39,0,-0.11562623083591461,0.035694628953933716,-0.03352874517440796,0.0,0.12556953669759874,162.8441757629338,-15.486621970981979,29.3,59.0
11.413768,39,1,-2.960031747817993,0.5646158456802368,-0.040268756449222565,0.0,3.0136689556136749,169.20075471611128,-0.765611116317003,13.700000000000001,63.5
11.413768,39,2,0.6937574744224548,4.053960800170898,-1.8759138584136963,-1.790472149848938,4.5205033355620756,80.28899734936411,-24.51799269326121,17.7,41.900000000000006
11.413768,39,3,0.4779217541217804,3.659019708633423,-1.239328145980835,-1.0231269598007202,3.8926557367240879,82.55845631694923,-18.56474038354276,29.6,42.0
11.413768,39,4,0.4779217541217804,3.25761342048645,-2.076611280441284,-0.7673451900482178,3.89265575288289,81.65372457110678,-32.24014411406614,31.700000000000003,41.7
11.413768,39,5,-4.278170585632324,1.7829595804214478,0.3229615390300751,-0.25578173995018005,4.6460728126966462,157.37570181668514,3.9860046587458466,15.5,48.6
11.712244,40,0,-0.11562623083591461,0.03568200394511223,-0.03354217857122421,0.0,0.12556953613899793,162.84988763170261,-15.49298255601643,29.200000000000003,59.1
11.712244,40,1,-2.960031747817993,0.5647655725479126,-0.03811135143041611,0.0,3.0136689557968483,169.1979583041185,-0.7245911304290392,13.700000000000001,63.5
11.712244,40,2,0.558860182762146,2.978132724761963,-2.019664764404297,-0.7673451900482178,3.6415168530093771,79.37179014694567,-33.68467176481597,37.5,41.2
11.712244,40,3,2.4898180961608887,2.112337827682495,2.750692129135132,-0.596824049949646,4.26936440697144,40.31095442359757,40.11217053444983,19.6,50.300000000000004
11.712244,40,4,0.23125246167182922,3.7485854625701904,-0.29251962900161743,-0.34104230999946594,3.7670861955327082,86.46986307413928,-4.453582527674375,30.900000000000002,42.300000000000004
12.029435,41,0,-0.11562623083591461,0.03566114604473114,-0.033564355224370956,0.0,0.12556953665667328,162.85932503583192,-15.503483235594786,29.3,59.0
12.029435,41,1,-2.960031747817993,0.5648852586746216,-0.036294106394052505,0.0,3.0136689542345692,169.19572299313253,-0.6900390919152328,13.8,63.400000000000006
12.029435,41,2,0.4779217541217804,3.848203182220459,-0.3401339650154114,-1.4494298696517944,3.89265565506013,82.92048728995184,-5.012805321921569,21.8,42.2
12.029435,41,3,0.3237534463405609,3.3474643230438232,-1.0254513025283813,-1.1083874702453613,3.5159471073845503,84.47576170204258,-16.95719648104537,27.6,41.5
12.029435,41,4,0.10020940005779266,3.258160352706909,-0.18253879249095917,-0.8526057600975037,3.2648079910731673,88.23834137492527,-3.2051376912926344,30.900000000000002,41.900000000000006
12.029435,41,5,0.5395891070365906,2.85783052444458,-1.9757359027862549,-0.7673451900482178,3.5159471083106961,79.3078124631034,-34.18976443305955,34.4,41.0
12.029435,41,6,-3.9120209217071533,1.6688494682312012,-1.10746431350708,-0.6820846199989319,4.3949338385443024,156.89713585050362,-14.59509849463747,15.0,56.0
12.029435,41,7,1.1948044300079346,3.625991106033325,-0.7598673105239868,-0.596824049949646,3.8926555789849067,71.7623731198984,-11.256721552108717,27.5,44.7
12.029435,41,8,2.509089231491089,2.927579402923584,0.5352727770805359,-0.596824049949646,3.8926555046510938,49.40169009052504,7.903692844209593,27.5,44.7
12.029435,41,9,0.7168826460838318,3.592277765274048,-1.316961646080017,-0.25578173995018005,3.8926556806869335,78.7141920617568,-19.7745270065276,20.1,41.7
12.319934,42,0,-0.11562623083591461,0.0356527604162693,-0.03357326239347458,0.0,0.12556953663353707,162.86311948305888,-15.507700973423471,29.3,59.0
12.319934,42,1,-2.960031747817993,0.5646299719810486,-0.04007044807076454,0.0,3.0136689589532484,169.20049088043024,-0.7618405478449947,13.8,63.400000000000006
12.319934,42,2,0.43167129158973694,3.4877231121063232,0.10644914954900742,-2.387296199798584,3.5159471031491747,82.94445164314065,1.7349576052609224,14.9,40.900000000000006
12.319934,42,3,0.8016752004623413,1.7339653968811035,-2.6475746631622314,-0.596824049949646,3.2648079149677369,65.1871842212927,-54.188213778389404,36.4,40.6
12.319934,42,4,2.4281508922576904,2.659665584564209,1.1050786972045898,-0.5115634799003601,3.7670859698581989,47.60537518374996,17.058686575304247,19.6,49.300000000000004
12.319934,42,5,0.25437769293785095,2.967031717300415,-2.8815009593963623,-0.5115634799003601,4.1437945172430046,85.09974414980044,-44.057296856353545,14.3,55.6
12.319934,42,6,-3.688476800918579,1.571881651878357,1.0465948581695557,-0.5115634799003601,4.1437946179285161,156.91823168516683,14.62959596703557,14.3,55.6
12.319934,42,7,0.728445291519165,1.8423126935958862,-2.751347064971924,-0.42630288004875183,3.39037745327133,68.42629613251708,-54.24435809095234,31.3,40.900000000000006
12.604309,43,0,-0.11562623083591461,0.03567611426115036,-0.033548444509506226,0.0,0.12556953657277822,162.8525523918048,-15.495949397040096,29.5,58.800000000000004
12.604309,43,1,-2.960031747817993,0.5645236968994141,-0.0415404736995697,0.0,3.0136689538512038,169.20247578217922,-0.7897911927877804,13.9,63.400000000000006
12.604309,43,2,1.1331369876861572,2.6203420162200928,-4.4344162940979,-1.7052115201950073,5.2739207032521636,66.61448207311977,-57.22677680529231,15.100000000000001,42.300000000000004
12.604309,43,3,0.0886467844247818,2.876687526702881,-0.24068479239940643,-0.9378663301467896,2.88809946988831,88.2349560793799,-4.7803876720026475,35.5,40.1
12.604309,43,4,0.28906556963920593,3.036442995071411,-0.7424772381782532,-0.7673451900482178,3.139238349517584,84.5619021782979,-13.680948933827638,37.6,41.0
12.604309,43,5,2.374191999435425,2.5604987144470215,0.4110274910926819,-0.6820846199989319,3.5159472287424869,47.16214582831589,6.713443879163783,23.1,49.2
12.604309,43,6,1.1870959997177124,2.884955644607544,-1.6216403245925903,-0.6820846199989319,3.5159470027637627,67.63390821500572,-27.466139975414052,23.1,49.2
12.604309,43,7,0.46250495314598083,2.051420211791992,-2.1586952209472656,-0.5115634799003601,3.0136689887865642,77.2947521214227,-45.749952794788726,32.1,41.1
12.91089,44,0,-0.11562623083591461,0.035681698471307755,-0.03354250639677048,0.0,0.12556953690483583,162.85002584002333,-15.49313768213912,29.3,59.0
12.91089,44,1,-2.960031747817993,0.5648285150527954,-0.03716708719730377,0.0,3.0136689585749,169.19678275793703,-0.7066374074345018,13.8,63.400000000000006
12.91089,44,2,0.42396286129951477,2.5343501567840576,-1.0143450498580933,-1.278908610343933,2.7625298378704013,80.50312080706261,-21.541790727740857,26.0,42.400000000000006
12.91089,44,3,0.42396286129951477,2.5046212673187256,-1.085679054260254,-1.1083874702453613,2.7625298567302345,80.39248571455701,-23.141406158089826,27.200000000000003,41.400000000000006
12.91089,44,4,0.8671967387199402,1.0868114233016968,2.8145387172698975,-0.8526057600975037,3.1392383541994451,51.4126702367165,63.71047038758477,21.1,47.5
12.91089,44,5,0.16958513855934143,2.693737506866455,-0.588718831539154,-0.6820846199989319,2.7625297713740795,86.39767928435165,-12.304586204020904,43.5,41.6
12.91089,44,6,-3.464932918548584,0.7833144664764404,-0.8008134365081787,-0.5115634799003601,3.6415166954889715,167.26132341479968,-12.703867884979937,17.7,54.6
12.91089,44,7,2.458984613418579,2.23781418800354,1.4853370189666748,-0.5115634799003601,3.6415166797602438,42.30395565595047,24.072335629279323,17.7,54.6
13.208891,45,0,-0.11562623083591461,0.03569244220852852,-0.0335310697555542,0.0,0.12556953582410504,162.84516507590732,-15.487722722156452,29.3,59.0
13.208891,45,1,-2.960031747817993,0.5640122890472412,-0.04798728972673416,0.0,3.013668958306813,169.21202772320976,-0.912371401866537,13.8,63.400000000000006
13.208891,45,2,-0.22739826142787933,6.427536964416504,3.6772892475128174,0.25578173995018005,7.4086029457728619,92.0262083084131,29.759070232812213,15.5,46.6
13.208891,45,3,6.821948051452637,2.823847770690918,-0.6118025183677673,0.25578173995018005,7.40860268675785,22.486409292301886,-4.7368805774072476,15.5,46.6
13.208891,45,4,0.07708415389060974,2.5071282386779785,-0.1242932602763176,-0.596824049949646,2.511390608110911,88.23893899305156,-2.836830596345034,43.400000000000006,40.6
13.208891,45,5,0.5087554454803467,2.1347196102142334,-1.6780080795288086,-0.42630288004875183,2.7625298247264363,76.59508552660166,-37.40298175254502,29.5,40.5
13.208891,45,6,2.393463134765625,2.3757894039154053,0.34873756766319275,-0.34104230999946594,3.3903774067702916,44.78767625693715,5.9039428301124754,21.3,51.900000000000006
13.208891,45,7,1.7922066450119019,2.7684974670410156,-2.0678939819335938,-0.34104230999946594,3.8926557006694686,57.082710124955106,-32.08857253615152,11.3,55.400000000000006
13.508838,46,0,-0.11562623083591461,0.03566897660493851,-0.03355603292584419,0.0,0.12556953649306907,162.8557818936508,-15.499542547939114,29.5,58.800000000000004
13.508838,46,1,-2.960031747817993,0.5656184554100037,-0.022099120542407036,0.0,3.0136689526753915,169.18203021365974,-0.42015155142170263,13.8,63.400000000000006
13.508838,46,2,1.3875149488449097,4.109492778778076,1.2735084295272827,0.0,4.5205035507313,71.34343803135681,16.362783095639404,11.5,69.0
13.508838,46,3,2.91378116607666,0.7269312143325806,-3.378816604614258,0.0,4.5205034367613441,14.008218969707245,-48.36932644660682,11.5,69.0
13.508838,46,4,1.2718884944915771,3.508986711502075,-0.5101451873779297,-0.596824049949646,3.7670859024082608,70.07613947135188,-7.783005615445896,15.3,50.300000000000004
13.508838,46,5,2.3125245571136475,2.0385496616363525,-0.5927587747573853,-0.5115634799003601,3.1392383654738989,41.39700282568372,-10.884073479469489,15.3,57.0
13.508838,46,6,1.2526174783706665,2.605293035507202,-1.2240160703659058,-0.5115634799003601,3.1392383930654284,64.32188478973589,-22.948812811964586,15.3,57.0
13.508838,46,7,0.07322994619607925,2.3798000812530518,-0.15274563431739807,-0.42630288004875183,2.3858210914808633,88.23748081390413,-3.6707152545340778,39.5,40.400000000000006
13.508838,46,8,-3.0178446769714355,1.3049774169921875,-0.8272283673286438,-0.25578173995018005,3.3903774605340988,156.6153627095444,-14.122330970448996,13.8,55.900000000000006
13.508838,46,9,0.0,3.0052244663238525,1.5694857835769653,-0.25578173995018005,3.3903775184839939,90.0,27.575923902058523,13.8,55.900000000000006
13.508838,46,10,0.30833661556243896,2.3304052352905273,-0.8838686943054199,-0.17052115499973297,2.5113908293889993,82.46295597829335,-20.60625917978698,33.300000000000004,39.900000000000006
13.804742,47,0,-0.11562623083591461,0.03566712141036987,-0.03355800360441208,0.0,0.12556953616596667,162.85662131283402,-15.500475722523246,29.400000000000002,58.900000000000006
13.804742,47,1,0.3854207694530487,2.4254233837127686,-0.5252196192741394,0.0,2.511390731896761,80.9707020627871,-12.071663961032344,12.9,58.400000000000006
13.804742,47,2,-2.960031747817993,0.5648468136787415,-0.036888327449560165,0.0,3.0136689631934521,169.19644100523428,-0.7013372347230965,12.9,63.900000000000006
13.804742,47,3,0.8479257225990295,1.522135615348816,2.1437575817108154,-0.7673451900482178,2.7625298969786751,60.87942992693346,50.896914773459066,22.3,41.2
13.804742,47,4,0.6243817210197449,1.1597853899002075,1.836786150932312,-0.42630288004875183,2.2602517666017414,61.70376757595489,54.35533360773927,36.2,41.7
13.804742,47,5,1.3875149488449097,1.6306873559951782,-0.7241540551185608,-0.42630288004875183,2.2602517739878656,49.60629237348701,-18.686297698234906,36.2,41.7
13.804742,47,6,2.3125247955322266,1.8007265329360962,-0.7012942433357239,-0.34104230999946594,3.0136689586129473,37.90732861469068,-13.456347778255425,12.8,58.0
13.804742,47,7,1.2950139045715332,2.3147692680358887,-1.4307279586791992,-0.34104230999946594,3.0136689050098653,60.774862734364106,-28.342828539854423,12.8,58.0
13.804742,47,8,0.0,3.021008253097534,1.2379332780838013,-0.25578173995018005,3.2648077533402668,90.0,22.282585794964067,12.4,58.300000000000004
13.804742,47,9,0.12333464622497559,1.9296071529388428,-0.545836865901947,-0.17052115499973297,2.0091125114860655,86.34280220185958,-15.764296054394,35.1,40.800000000000004
13.804742,47,10,0.30833661556243896,2.234055757522583,-1.1049919128417969,-0.17052115499973297,2.5113907946916734,82.14187987512535,-26.10337208670752,25.700000000000003,46.800000000000004
14.11,48,0,-0.11562623083591461,0.03561655804514885,-0.03361166641116142,0.0,0.12556953684408836,162.8795026200724,-15.525887056572898,29.3,59.0
14.11,48,1,0.48563018441200256,1.0549520254135132,1.9390661716461182,0.0,2.2602517713649606,65.28178166921194,59.08141779838119,17.3,59.0
14.11,48,2,0.13104306161403656,2.1300699710845947,-0.049980830401182175,-0.42630288004875183,2.1346822829454264,86.47956939778888,-1.3416293247541362,28.200000000000003,41.5
14.11,48,3,-2.890655994415283,0.9183606505393982,-0.8096535801887512,-0.25578173995018005,3.1392383283880534,162.37496117887468,-14.946323455223407,15.9,57.0
14.11,48,4,0.0,2.9952919483184814,0.9397045373916626,-0.25578173995018005,3.1392385180575246,90.0,17.41805965235103,15.9,57.0
14.403966,49,0,-0.11562623083591461,0.03571108356118202,-0.033511217683553696,0.0,0.12556953634169579,162.8367318160408,-15.478323302832855,29.400000000000002,58.900000000000006
14.403966,49,1,0.18500198423862457,1.683815836906433,-1.0803110599517822,0.0,2.0091126133303936,83.7300227476717,-32.5275838022199,12.5,59.2
14.403966,49,2,0.5550059676170349,1.5437920093536377,1.5548031330108643,0.0,2.2602517945253493,70.22607005719784,43.46326381851942,13.100000000000001,58.900000000000006
14.403966,49,3,-2.1506478786468506,0.46523356437683105,0.5167297124862671,0.0,2.2602517919729892,167.79371277602547,13.21560328124232,13.100000000000001,58.900000000000006
14.403966,49,4,1.3875149488449097,4.168359279632568,1.065145492553711,0.0,4.5205034827632335,71.58903103903793,13.628491488504096,11.700000000000001,68.5
14.403966,49,5,0.6243817210197449,1.823876976966858,1.179982304573059,0.42630288004875183,2.2602517558358164,71.1019947779911,31.470393442890927,30.900000000000002,41.1
14.403966,49,6,1.45689058303833,1.3716195821762085,-1.0511268377304077,0.42630288004875183,2.2602517731775214,43.273229053723774,-27.71336496788808,30.900000000000002,41.1
14.403966,49,7,0.18500198423862457,1.890446662902832,-0.6546134948730469,-0.34104230999946594,2.0091125272424604,84.41074511339185,-19.0153961023718,31.6,41.0
14.710607,50,0,-0.11562623083591461,0.035683464258909225,-0.033540625125169754,0.0,0.12556953616472522,162.84922693135388,-15.492247009059303,28.700000000000003,59.6
14.710607,50,1,0.23125246167182922,1.6518003940582275,-0.8751068115234375,0.0,1.8835429844882525,82.03037577639435,-27.684775483234286,16.1,61.1
14.710607,50,2,1.3875149488449097,4.180793285369873,1.015245795249939,0.0,4.5205037609800289,71.640109743168,12.978585891814875,11.3,69.0
14.710607,50,3,0.6937574744224548,1.644260287284851,1.3870279788970947,0.17052115499973297,2.2602517425947144,67.12381555812608,37.85467872763744,31.0,43.6
14.994235,51,0,-0.11562623083591461,0.035620495676994324,-0.03360749036073685,0.0,0.12556953602662552,162.8777205316023,-15.52390952609072,29.3,59.0
14.994235,51,1,-2.960031747817993,0.5656835436820984,-0.02036656253039837,0.0,3.0136689626686746,169.18081472125584,-0.38721139358157813,12.4,65.3
14.994235,51,2,1.3875149488449097,4.113795757293701,1.2595384120941162,0.0,4.5205033212615069,71.36160407804198,16.17833141032686,11.700000000000001,69.3
14.994235,51,3,3.05253267288208,0.933273434638977,-3.200936794281006,0.0,4.5205034436218954,17.00035258406626,-45.079966722639256,11.700000000000001,69.3
14.994235,51,4,0.7322994470596313,1.8971322774887085,1.2477054595947266,0.17052115499973297,2.3858210897625631,68.89324380543842,31.531476539674745,30.1,43.1
14.994235,51,5,0.24666929244995117,1.9203506708145142,-0.5366014242172241,0.25578173995018005,2.0091126218327005,82.68043034840242,-15.490809101769683,31.900000000000002,41.0
14.994235,51,6,0.28906556963920593,3.079482078552246,-0.5367010831832886,0.34104230999946594,3.139238256068726,84.63745927641035,-9.843953426600756,15.200000000000001,53.800000000000004
14.994235,51,7,-2.7943005561828613,1.1155685186386108,-0.8956609964370728,0.34104230999946594,3.1392383373359918,158.23663478660185,-16.577473095113934,15.200000000000001,53.800000000000004
14.994235,51,8,0.30833661556243896,1.705043911933899,-1.0169990062713623,0.5115634799003601,2.0091125376335421,79.74952980170279,-30.41058846339339,41.400000000000006,40.1
14.994235,51,9,0.7322994470596313,1.734541654586792,1.465348243713379,-0.08526057749986649,2.3858211808545944,67.11120290084638,37.893110094371416,22.900000000000002,54.5
15.309417,52,0,-0.11562623083591461,0.03564760461449623,-0.03357873484492302,0.0,0.1255695361377803,162.8654525297688,-15.510292401620127,29.3,59.0
15.309417,52,1,1.3875149488449097,4.122315406799316,1.2313692569732666,0.0,4.5205035442328771,71.39747132731496,15.806921320071762,11.3,69.8
15.309417,52,2,3.05253267288208,0.845427393913269,-3.2252516746520996,0.0,4.5205034633586747,15.480567178170437,-45.518095983628754,11.3,69.8
15.309417,52,3,1.2140754461288452,1.8672679662704468,1.4116976261138916,0.34104230999946594,2.6369601882334748,56.96855600693725,32.36767611423357,17.5,46.5
15.309417,52,4,0.2081272155046463,2.0486984252929688,-0.9318023920059204,0.5115634799003601,2.2602517278789018,84.19922442016411,-24.346633744556854,37.5,41.400000000000006
15.309417,52,5,0.09635519236326218,2.961052656173706,1.0381237268447876,0.5115634799003601,3.1392384471344053,88.1362038836683,19.31083439814342,17.8,51.900000000000006
15.309417,52,6,1.3489726781845093,1.9102498292922974,-2.0942864418029785,0.5115634799003601,3.1392383466566089,54.77117724583696,-41.84609731467123,17.8,51.900000000000006
15.309417,52,7,0.6590694785118103,1.565028190612793,1.6758450269699097,-0.08526057749986649,2.3858211100873343,67.16291776206266,44.62136886831802,23.8,54.400000000000006
15.619211,53,0,-0.11562623083591461,0.03566966578364372,-0.033555299043655396,0.0,0.12556953614769067,162.85547006315616,-15.499195093211714,29.200000000000003,59.1
15.619211,53,1,-2.960031747817993,0.5641235709190369,-0.046660520136356354,0.0,3.0136689525387959,169.2099491780699,-0.887143791018419,13.700000000000001,63.5
15.619211,53,2,0.6590694785118103,1.7601133584976196,1.4696159362792969,0.25578173995018005,2.3858211610331721,69.4717291785478,38.023096859013805,33.300000000000004,41.7
15.619211,53,3,2.216169595718384,1.1176707744598389,-1.4766591787338257,0.34104230999946594,2.8880993693443267,26.762972917926533,-30.749860094274357,19.400000000000002,50.1
15.619211,53,4,2.4050257205963135,1.3505909442901611,-1.2140660285949707,0.34104230999946594,3.0136690158869088,29.317271554078285,-23.7566636876446,15.4,54.1
15.619211,53,5,-2.91378116607666,1.5644805431365967,-0.7462835907936096,0.34104230999946594,3.3903774497132093,151.7675585157122,-12.715972236603276,12.9,55.6
15.619211,53,6,0.10406360775232315,3.380319356918335,-0.23931393027305603,0.34104230999946594,3.3903774637107817,88.23669825460162,-4.047658452701472,12.9,55.6
15.619211,53,7,0.27750298380851746,2.0418646335601807,-0.928719162940979,0.5115634799003601,2.2602518380526258,82.26054090252572,-24.26087462872338,33.5,40.900000000000006
15.903882,54,0,-0.11562623083591461,0.03566991910338402,-0.033555030822753906,0.0,0.1255695364317243,162.85535544464292,-15.499068052915932,29.3,59.0
15.903882,54,1,-2.960031747817993,0.5644856095314026,-0.042054951190948486,0.0,3.0136689550078581,169.2031871470706,-0.7995733632954892,13.700000000000001,63.5
15.903882,54,2,1.3875149488449097,4.133461952209473,1.1934175491333008,0.0,4.5205033890276836,71.44419705627158,15.307602271685612,11.5,69.0
15.903882,54,3,0.8093836307525635,1.5078818798065186,2.0061779022216797,0.25578173995018005,2.6369602576720079,61.77449368042089,49.53405643355177,23.1,41.900000000000006
15.903882,54,4,1.699705719947815,1.9067014455795288,-0.6550189256668091,0.25578173995018005,2.6369603201375793,48.28498221262947,-14.382807347477664,23.1,41.900000000000006
15.903882,54,5,2.185335874557495,2.1331799030303955,1.4725861549377441,0.34104230999946594,3.3903774667483662,44.308055841731154,25.743484713882548,14.9,53.800000000000004
15.903882,54,6,0.6166732311248779,0.9087626338005066,2.2585277557373047,0.42630288004875183,2.5113906549985043,55.839749752368846,64.06798839323059,32.5,40.300000000000004
15.903882,54,7,0.21968983113765717,2.293001413345337,-0.6213082671165466,0.596824049949646,2.3858212561498338,84.52726176198253,-15.094803225614681,31.5,40.6
15.903882,54,8,0.4470881223678589,3.287186622619629,-1.5017191171646118,0.596824049949646,3.6415167153192529,82.2547633561683,-24.35495659237919,13.4,52.7
15.903882,54,9,1.310430645942688,2.2506890296936035,3.382993221282959,1.193648099899292,4.2693644399904951,59.79052446922117,52.4092387343894,13.200000000000001,46.7
16.21021,55,0,-0.11562623083591461,0.03561863675713539,-0.03360946103930473,0.0,0.12556953616665753,162.87856183495956,-15.524842751689128,29.400000000000002,58.900000000000006
16.21021,55,1,-2.960031747817993,0.5645102858543396,-0.041722554713487625,0.0,3.0136689570186057,169.2027262623905,-0.7932532408255278,13.700000000000001,63.5
16.21021,55,2,0.23125246167182922,3.7598555088043213,-0.030750932171940804,0.42630288004875183,3.76708597830537,86.48041790754918,-0.46771382648850907,12.100000000000001,56.5
16.21021,55,3,1.2025128602981567,2.9785971641540527,-0.5838605165481567,0.5115634799003601,3.2648080109361559,68.01519053541809,-10.301883806432574,16.900000000000002,51.1
16.21021,55,4,0.3237534463405609,2.1144540309906006,-1.542020559310913,0.596824049949646,2.636960285731913,81.29479696701472,-35.78688500229239,35.5,42.6
16.58256,56,0,-0.11562623083591461,0.03562651574611664,-0.03360110893845558,0.0,0.12556953612808508,162.87499604230626,-15.520887527357804,29.5,58.800000000000004
16.58256,56,1,-2.960031747817993,0.564426064491272,-0.04284677654504776,0.0,3.0136689560447496,169.20429928766472,-0.8146290155528334,13.700000000000001,63.5
16.58256,56,2,1.3875149488449097,4.118705749511719,1.2433888912200928,0.0,4.5205033701058683,71.38229114085398,15.965316043684087,11.5,68.9
16.58256,56,3,1.6727261543273926,3.4285576343536377,-0.7744346857070923,0.596824049949646,3.8926558185744811,63.99315776576681,-11.475426595039531,13.700000000000001,50.800000000000004
16.58256,56,4,1.2487634420394897,3.1493313312530518,-0.13023534417152405,0.6820846199989319,3.3903774440403986,68.3708319005923,-2.2014575121113236,31.5,42.0
16.58256,56,5,2.393463134765625,2.1664459705352783,-1.0356184244155884,0.6820846199989319,3.3903774777625664,42.14985658945232,-17.78572928606537,31.5,42.0
16.58256,56,6,0.0886467844247818,2.8846206665039062,0.1105584129691124,1.193648099899292,2.8880993412084255,88.23980715726779,2.193857565149881,17.5,40.900000000000006
16.58256,56,7,1.2333464622497559,2.036795139312744,-4.422516822814941,1.875732660293579,5.0227813991406371,58.803715526161895,-61.70172161632322,19.200000000000003,41.400000000000006
17.119535,58,0,-0.11562623083591461,0.03567000478506088,-0.03355494141578674,0.0,0.12556953687938552,162.8553166766484,-15.499025661504719,29.400000000000002,58.900000000000006
17.119535,58,1,-2.960031747817993,0.5650433301925659,-0.033744312822818756,0.0,3.0136689585509275,169.19277083062872,-0.6415592210865451,13.8,63.400000000000006
17.119535,58,2,-0.12718884646892548,2.953598976135254,2.903637409210205,0.7673451900482178,4.14379465208621,92.46576623302472,44.484752167572765,12.9,54.1
17.119535,58,3,0.7631331086158752,1.8227550983428955,-3.6422829627990723,0.7673451900482178,4.1437945739499611,67.2823955862703,-61.51870714558664,12.9,54.1
17.119535,58,4,0.7554247379302979,2.3189754486083984,-2.5325028896331787,0.8526057600975037,3.515947177067082,71.95656749934189,-46.0784590465907,32.0,41.5
17.119535,58,5,1.1562622785568237,3.3670578002929688,1.2316316366195679,0.8526057600975037,3.7670860324194004,71.04730575986638,19.083481202694053,25.6,46.400000000000006
17.119535,58,6,2.4281508922576904,2.827219009399414,0.5494115948677063,0.8526057600975037,3.7670860334290612,49.342438881734395,8.38622865543407,25.6,46.400000000000006
17.119535,58,7,0.10020940005779266,3.258533239364624,-0.1757545918226242,0.9378663301467896,3.2648078768054316,88.23854284138052,-3.08589873603482,30.0,42.2
17.408607,59,0,-0.11562623083591461,0.03559798002243042,-0.0336313396692276,0.0,0.12556953630138373,162.88791109882766,-15.535203960075437,29.5,58.800000000000004
17.408607,59,1,-2.960031747817993,0.5644338726997375,-0.0427437387406826,0.0,3.0136689552674492,169.20415345094162,-0.8126698667208074,13.700000000000001,63.5
17.408607,59,2,2.4898180961608887,1.5999199151992798,3.0770983695983887,0.596824049949646,4.2693643863233977,32.72419435515378,46.11554580891924,17.2,52.800000000000004
17.408607,59,3,0.22354406118392944,3.568711757659912,-0.6891792416572571,0.6820846199989319,3.6415166598111255,86.41567618999274,-10.90937424557763,37.9,41.1
17.713282,60,0,-0.11562623083591461,0.03563660755753517,-0.0335904061794281,0.0,0.12556953628499606,162.87042899274496,-15.515819209062197,29.5,58.800000000000004
17.713282,60,1,-2.960031747817993,0.5646653175354004,-0.03956938162446022,0.0,3.0136689607320744,169.19983073664307,-0.7523134561788335,13.8,63.400000000000006
17.713282,60,2,0.24666929244995117,4.0093207359313965,-0.1031198501586914,0.34104230999946594,4.0182250070029655,86.4793743110886,-1.4705450564706488,26.3,42.2
17.713282,60,3,0.7400079369544983,2.976022958755493,-2.596499443054199,0.5115634799003601,4.0182251997089731,76.03621945343924,-40.25425571019175,25.700000000000003,41.300000000000004
17.713282,60,4,-0.5550059676170349,2.863614559173584,3.453495740890503,0.7673451900482178,4.5205036002585244,100.96868028861539,49.81478953385019,18.6,53.5
17.713282,60,5,0.6937574148178101,2.4001102447509766,-2.8194162845611572,0.9378663301467896,3.7670859723693488,73.87793995022551,-48.45493197652897,32.300000000000004,41.5
18.008916,61,0,-0.11562623083591461,0.03561083972454071,-0.03361772373318672,0.0,0.12556953656125361,162.88209067122742,-15.528755665861299,29.3,59.0
18.008916,61,1,-2.960031747817993,0.5647176504135132,-0.0388149619102478,0.0,3.0136689556165748,169.19885332840522,-0.7379692404776198,13.9,63.300000000000004
18.008916,61,2,0.24666929244995117,3.932596445083618,-0.7873832583427429,0.6820846199989319,4.0182250976321008,86.41086533495208,-11.300400510189112,30.5,41.800000000000004
18.008916,61,3,1.4645988941192627,4.50106954574585,0.6032339334487915,0.7673451900482178,4.7716420815857736,71.97567758880466,7.262801988977762,15.3,52.300000000000004
18.008916,61,4,0.5087553858757019,2.940741777420044,-2.8747589588165283,1.0231269598007202,4.1437945551652318,80.1848450733834,-43.927720406896555,31.6,42.300000000000004
18.31581,62,0,-0.11562623083591461,0.035633113235235214,-0.03359411284327507,0.0,0.12556953624937064,162.8720103230128,-15.517574492530287,29.1,59.2
18.31581,62,1,-2.960031747817993,0.5640445947647095,-0.047606196254491806,0.0,3.0136689604028426,169.2114243075735,-0.9051251527011934,13.700000000000001,63.5
18.31581,62,2,-4.582653045654297,2.3368847370147705,0.2092377096414566,0.25578173995018005,5.1483511564454494,152.9810807146364,2.3292390281905124,14.4,46.300000000000004
18.31581,62,3,0.9481351375579834,4.064693450927734,3.0141048431396484,0.25578173995018005,5.1483512986707494,76.86989909186846,35.83482216457286,14.4,46.300000000000004
18.31581,62,4,0.0,4.366703987121582,0.49733397364616394,0.34104230999946594,4.3949339918235637,90.0,6.497550574130096,22.8,41.1
18.31581,62,5,0.8325088620185852,2.877795457839966,-3.3852877616882324,0.596824049949646,4.520503393643228,73.86553006626586,-48.49294001647907,24.3,42.2
18.31581,62,6,0.13104306161403656,4.161065101623535,-0.9464860558509827,0.7673451900482178,4.2693642287660127,88.19619893682203,-12.808461497280714,33.0,41.1
18.31581,62,7,0.7322994470596313,4.045431613922119,-2.422145366668701,0.9378663301467896,4.771642023492439,79.73949161272171,-30.504933223491324,21.400000000000002,44.5
18.31581,62,8,0.585839569568634,4.315438270568848,-1.9499622583389282,1.193648099899292,4.7716420944271229,82.26910833630798,-24.120462197862345,22.5,42.7
18.31581,62,9,1.0252193212509155,2.742394208908081,3.767859935760498,-2.643077850341797,4.7716421857917926,69.50219706704809,52.15149808765018,18.400000000000002,40.800000000000004
18.31581,62,10,-0.7322994470596313,4.650979995727539,-0.775041937828064,-2.643077850341797,4.7716420031487967,98.94779500681912,-9.347777192550252,18.400000000000002,40.800000000000004
18.612435,63,0,-0.11562623083591461,0.03564843535423279,-0.033577851951122284,0.0,0.12556953588421282,162.8650766086014,-15.509874355552723,29.1,59.2
18.612435,63,1,-2.960031747817993,0.5645437836647034,-0.041266653686761856,0.0,3.0136689546915076,169.20210061926622,-0.7845848437129935,13.700000000000001,63.5
18.612435,63,2,-0.40083760023117065,2.9846765995025635,5.793696403503418,0.25578173995018005,6.5296158540411628,97.64897070849798,62.535298731599354,12.100000000000001,48.7
18.612435,63,3,-2.4050257205963135,5.155757904052734,3.204667329788208,0.25578173995018005,6.5296156836787835,115.00781615590563,29.39249150423793,12.100000000000001,48.7
18.612435,63,4,1.1331369876861572,4.407241344451904,2.66579532623291,0.7673451900482178,5.2739207827264449,75.58110043093156,30.36238811410008,15.9,51.300000000000004
18.612435,63,5,0.5704227685928345,3.4464385509490967,-3.063114881515503,0.9378663301467896,4.6460729221310073,80.60212676306573,-41.245836242076855,33.4,41.900000000000006
18.612435,63,6,0.7322994470596313,3.746331214904785,-2.8630943298339844,1.193648099899292,4.7716421904268262,78.93979056953748,-36.87153392722239,28.6,41.5
18.612435,63,7,0.7322994470596313,3.7686614990234375,-2.83363676071167,1.4494298696517944,4.77164219803224,79.00372312340576,-36.43065040244257,27.700000000000003,40.800000000000004
18.904925,64,0,-0.11562623083591461,0.03562923148274422,-0.03359822928905487,0.0,0.12556953613329583,162.8737670135491,-15.519523854630709,29.400000000000002,58.900000000000006
18.904925,64,1,-2.960031747817993,0.5644588470458984,-0.04241275414824486,0.0,3.0136689565732446,169.20368699702973,-0.8063765695566266,13.700000000000001,63.5
18.904925,64,2,0.30833661556243896,4.960443496704102,-0.7261270880699158,0.34104230999946594,5.0227812714191931,86.44312317807253,-8.312190572587193,23.0,41.800000000000004
18.904925,64,3,0.4740675687789917,4.8745646476745605,-1.5872609615325928,0.596824049949646,5.1483509907670442,84.44526419633594,-17.957095305566224,26.900000000000002,41.5
18.904925,64,4,0.9943855404853821,3.7444097995758057,-3.7609951496124268,0.6820846199989319,5.39948996347747,75.12750989722036,-44.150571585074296,21.6,48.2
18.904925,64,5,0.4509423077106476,3.8734350204467773,-2.9624040126800537,0.7673451900482178,4.8972119983568012,83.3595622705634,-37.222828682184684,28.900000000000002,41.0
18.904925,64,6,0.8093836307525635,4.194604873657227,-3.0926406383514404,1.790472149848938,5.273920555509152,79.0785322026889,-35.90213801747771,24.3,40.900000000000006
19.192199,65,0,-0.11562623083591461,0.03568023443222046,-0.033544063568115234,0.0,0.1255695368595432,162.8506882315386,-15.493874998640877,29.400000000000002,58.900000000000006
19.192199,65,1,-2.960031747817993,0.56413334608078,-0.04654266685247421,0.0,3.0136689599371196,169.20976659700975,-0.884902897978947,13.8,63.400000000000006
19.192199,65,2,0.31604504585266113,5.035864353179932,-1.0225971937179565,0.5115634799003601,5.1483511219842208,86.40889266912372,-11.456631874503753,23.3,41.800000000000004
19.192199,65,3,1.5609540939331055,4.903445720672607,2.3343629837036133,0.7673451900482178,5.65062900557404,72.34173974614724,24.400702682436723,23.900000000000002,44.5
19.192199,65,4,3.4687869548797607,4.439479827880859,0.43375319242477417,0.7673451900482178,5.6506288068182071,51.997714640316495,4.402465564689772,23.900000000000002,44.5
19.192199,65,5,0.0,4.8843913078308105,-0.3541247248649597,0.9378663301467896,4.8972117341170636,90.0,-4.146762983305814,27.8,42.300000000000004
19.192199,65,6,0.6320900917053223,3.7268569469451904,-3.495213747024536,0.9378663301467896,5.1483511656077781,80.3740042791905,-42.7577166675362,32.300000000000004,42.400000000000006
19.192199,65,7,1.0406360626220703,3.218724489212036,-4.526201248168945,0.9378663301467896,5.650629035002118,72.0836183229975,-53.22650438631366,16.8,52.0
19.510269,66,0,-0.11562623083591461,0.03562052547931671,-0.03360746055841446,0.0,0.12556953650439365,162.8777070438349,-15.523895352247646,29.200000000000003,59.1
19.510269,66,1,-2.960031747817993,0.5642009377479553,-0.04571555554866791,0.0,3.0136689529981955,169.20850412184535,-0.8691760433751785,13.8,63.400000000000006
19.510269,66,2,0.16187672317028046,5.229182243347168,-0.666100263595581,0.5115634799003601,5.2739207965994117,88.22689445227037,-7.255879873740936,30.400000000000002,40.7
19.510269,66,3,1.0868866443634033,2.3974409103393555,5.282217502593994,0.5115634799003601,5.9017681453082069,65.61270180937689,63.51136838084565,19.700000000000003,52.2
19.510269,66,4,0.33917027711868286,5.29019832611084,-1.5572571754455566,0.6820846199989319,5.5250597025682326,86.33161870421543,-16.37085598686696,25.6,41.300000000000004
19.818842,67,0,-0.11562623083591461,0.03563909977674484,-0.03358776122331619,0.0,0.12556953609140828,162.869301173414,-15.51456673209911,29.200000000000003,59.1
19.818842,67,1,-2.960031747817993,0.5644708275794983,-0.04225325956940651,0.0,3.0136689601253432,169.20346323325666,-0.8033439634789207,13.8,63.400000000000006
19.818842,67,2,0.0,5.521377086639404,0.2016943395137787,0.25578173995018005,5.5250597770031895,90.0,2.0920683455247704,19.0,41.7
19.818842,67,3,0.8864678144454956,4.306866645812988,-3.7456040382385254,0.5115634799003601,5.7761990185703382,78.36942931963608,-40.4252022420998,24.700000000000003,42.0
19.818842,67,4,1.2950139045715332,5.007959842681885,3.0938780307769775,0.5115634799003601,6.0273380582370191,75.50142167783031,30.884395108456626,19.900000000000002,46.6
19.818842,67,5,0.16573092341423035,5.346080303192139,-0.7392221689224243,0.7673451900482178,5.3994898612906992,88.22437341230983,-7.868844930648292,24.3,41.400000000000006
20.107933,68,0,-0.11562623083591461,0.03563198074698448,-0.03359531611204147,0.0,0.12556953680706828,162.8725228281466,-15.518144229205799,29.400000000000002,58.900000000000006
20.107933,68,1,-2.960031747817993,0.564248263835907,-0.04512768238782883,0.0,3.0136689531283918,169.20762017288328,-0.8579981475800291,13.700000000000001,63.5
20.107933,68,2,0.0,5.511012077331543,-0.39373743534088135,0.25578173995018005,5.5250595729352048,90.0,-4.086586155750102,25.900000000000002,41.2
20.107933,68,3,3.39941143989563,4.680351734161377,2.0968017578125,0.42630288004875183,6.1529072888128482,54.008519168440344,19.924541787440344,24.0,45.0
20.107933,68,4,0.0,5.638551235198975,-0.36925360560417175,0.6820846199989319,5.6506290142970421,90.0,-3.7467969666329743,24.200000000000003,40.6
20.418562,69,0,-0.11562623083591461,0.03562304750084877,-0.033604785799980164,0.0,0.12556953611139324,162.87656564860762,-15.52262873834526,29.3,59.0
20.418562,69,1,-2.960031747817993,0.5643494129180908,-0.04384467378258705,0.0,3.0136689538452193,169.2057309442332,-0.833602969867813,13.700000000000001,63.5
20.418562,69,2,0.17343935370445251,5.6357550621032715,-0.3712049722671509,0.17052115499973297,5.6506291208034458,88.23728897796022,-3.7666258087822984,27.3,43.300000000000004
20.418562,69,3,0.0,5.524884223937988,-0.04401193559169769,0.42630288004875183,5.5250595235158686,90.0,-0.45641586606723566,22.0,41.400000000000006
20.418562,69,4,-1.2950139045715332,5.502553462982178,-2.091327667236328,0.596824049949646,6.0273383045718374,103.2434348202845,-20.302322319294035,20.200000000000003,42.6
20.418562,69,5,-0.1772935688495636,5.764080047607422,-0.3292732834815979,-0.25578173995018005,5.776198810636294,91.76176796570455,-3.2679280649013216,25.3,42.300000000000004
20.70891,70,0,-0.11562623083591461,0.03564353659749031,-0.033583056181669235,0.0,0.12556953699443985,162.8672933854244,-15.512338595144069,29.3,59.0
20.70891,70,1,-2.960031747817993,0.5640686750411987,-0.047319669276475906,0.0,3.0136689548378754,169.2109745307042,-0.8996770367524062,13.8,63.400000000000006
20.70891,70,2,0.5434433221817017,4.680361747741699,-3.5538363456726074,0.42630288004875183,5.9017683371995595,83.37696457537348,-37.02508807893708,26.1,41.5
20.70891,70,3,-0.16958513855934143,5.510907173156738,-0.3569738566875458,-0.6820846199989319,5.5250599385643735,91.76258592461195,-3.704457954610189,20.6,40.900000000000006
21.010385,71,0,-0.11562623083591461,0.03561105951666832,-0.03361748903989792,0.0,0.12556953606097127,162.88199119431482,-15.528644584557464,29.3,59.0
21.010385,71,1,-2.960031747817993,0.5644506812095642,-0.042521435767412186,0.0,3.0136689586130903,169.20383951282724,-0.8084430257168563,13.9,63.300000000000004
21.010385,71,2,0.0,5.639410972595215,0.35588473081588745,-0.8526057600975037,5.65062917376952,90.0,3.610960311819954,23.3,40.6
21.010385,71,3,-0.1772935688495636,5.747958660125732,0.542226254940033,-0.5115634799003601,5.7761986703727661,91.76670609615121,5.386429264713656,22.5,41.5
21.010385,71,4,-0.16573092341423035,5.386600971221924,-0.3340005874633789,-0.34104230999946594,5.399490082829173,91.76227790357233,-3.5464551163092417,24.8,41.7
21.010385,71,5,0.9442809224128723,3.7581441402435303,-4.779430389404297,-0.25578173995018005,6.1529073360843807,75.89569261100951,-50.966324167965475,19.400000000000002,48.300000000000004
21.307586,72,0,-0.11562623083591461,0.03568374365568161,-0.033540330827236176,0.0,0.12556953695305664,162.8491005223843,-15.49210756204433,29.200000000000003,59.1
21.307586,72,1,-2.960031747817993,0.5641607046127319,-0.046209562569856644,0.0,3.0136689553420553,169.2092555938801,-0.8785691811833277,13.700000000000001,63.5
21.307586,72,2,0.724591076374054,4.908186435699463,-3.1961758136749268,-0.6820846199989319,5.9017680526657168,81.60213453538015,-32.79006329727323,29.900000000000002,41.7
21.307586,72,3,0.963551938533783,3.6015079021453857,-5.051730155944824,-0.596824049949646,6.2784766524970195,75.02180969757268,-53.5726853894994,15.9,46.1
21.307586,72,4,0.7554247379302979,5.938718795776367,-1.4209933280944824,-0.42630288004875183,6.15290740288472,82.75071886483106,-13.352811152910931,13.700000000000001,50.400000000000006
21.307586,72,5,0.0,5.524928092956543,0.038177430629730225,-0.34104230999946594,5.5250599950181458,90.0,0.3959093759750517,27.400000000000002,41.5
21.621329,73,0,-0.11562623083591461,0.035632673650979996,-0.033594582229852676,0.0,0.12556953708617305,162.8722092555911,-15.51779666410991,29.5,58.800000000000004
21.621329,73,1,-2.960031747817993,0.564305305480957,-0.04440925642848015,0.0,3.013668961239925,169.20655476523802,-0.844337946176719,13.8,63.400000000000006
21.621329,73,2,0.0,5.381316661834717,0.44262921810150146,-0.7673451900482178,5.3994897573434741,90.0,4.702162223637079,28.400000000000002,40.5
21.621329,73,3,0.0,5.397889614105225,0.1314493715763092,-0.5115634799003601,5.3994899039958266,90.0,1.3949907286524914,25.700000000000003,41.5
21.621329,73,4,1.1331369876861572,4.057293891906738,4.484711170196533,-0.42630288004875183,6.1529072346535294,74.39580561088327,46.79231244912986,12.3,54.1
21.621329,73,5,-1.1331369876861572,4.903909683227539,-3.5392005443573,-0.42630288004875183,6.1529074515463247,103.01087268608413,-35.11418796690324,12.3,54.1
21.621329,73,6,-0.16187672317028046,5.271241188049316,0.04527510330080986,-0.34104230999946594,5.2739205123959554,91.75896695884056,0.4918739662106247,27.400000000000002,41.0
21.621329,73,7,0.5318806767463684,5.118143081665039,-2.6241540908813477,-0.34104230999946594,5.776198607335207,84.06708258539089,-27.020205382734197,24.200000000000003,45.2
21.621329,73,8,4.578798770904541,4.866024494171143,-1.1554417610168457,-0.34104230999946594,6.7807549893365247,46.74188027051598,-9.811086234143945,13.4,56.1
21.908484,74,0,-0.11562623083591461,0.03569123521447182,-0.03353235870599747,0.0,0.12556953694603898,162.84571114073688,-15.488332874005716,29.5,58.800000000000004
21.908484,74,1,-2.960031747817993,0.5641888976097107,-0.04586446285247803,0.0,3.0136689614536714,169.20872900641587,-0.8720073887560283,13.9,63.300000000000004
21.908484,74,2,0.34687870740890503,5.052712440490723,-2.505869150161743,-0.6820846199989319,5.6506289952248432,86.07269354516148,-26.32531831074429,22.1,43.1
21.908484,74,3,0.963551938533783,3.8729052543640137,4.846796989440918,-0.6820846199989319,6.2784766069792868,76.02885991277796,50.531144363527,13.9,53.800000000000004
21.908484,74,4,-5.203180313110352,2.120130777359009,-2.80200457572937,-0.6820846199989319,6.278476688357804,157.8306644564431,-26.505730998262145,13.9,53.800000000000004
21.908484,74,5,0.0,5.390610218048096,0.3095392882823944,-0.596824049949646,5.3994900772123762,90.0,3.2864258089868414,27.0,41.6
21.908484,74,6,-0.15802252292633057,5.122455596923828,0.4909127652645111,-0.5115634799003601,5.1483509790327915,91.76695590297984,5.471660423952999,27.5,41.400000000000006
21.908484,74,7,3.145033597946167,3.824212074279785,3.437000274658203,-0.5115634799003601,6.0273381528895547,50.566106803964736,34.76662740777642,13.4,55.7
22.209678,75,0,-0.11562623083591461,0.035592228174209595,-0.03363742679357529,0.0,0.12556953629371395,162.89051455972964,-15.538086778393968,29.400000000000002,58.900000000000006
22.209678,75,1,-2.960031747817993,0.5644928216934204,-0.041958265006542206,0.0,3.0136689582361571,169.20305244391398,-0.7977349891449377,13.700000000000001,63.5
22.209678,75,2,0.49719277024269104,4.789518356323242,-2.442908763885498,-0.9378663301467896,5.3994897874713557,84.07343821269157,-26.899906849691597,24.900000000000002,42.1
22.209678,75,3,0.0,5.020295143127441,-0.15801452100276947,-0.596824049949646,5.0227812925665711,90.0,-1.8027978296043874,31.1,41.900000000000006
22.209678,75,4,0.5087554454803467,4.387176990509033,-3.319657802581787,-0.596824049949646,5.52505945448553,83.38528638044949,-36.929836484123484,17.900000000000002,47.5
22.209678,75,5,0.9442809224128723,1.5793694257736206,-5.871302604675293,-0.596824049949646,6.1529073224913988,59.12543977813836,-72.5984524307157,14.600000000000001,54.5
22.209678,75,6,-5.099116802215576,1.7808984518051147,-2.9471473693847656,-0.596824049949646,6.1529073676718555,160.7479254282467,-28.619100264026958,14.600000000000001,54.5
22.209678,75,7,-0.8864678144454956,5.675157070159912,-0.6092976927757263,-0.42630288004875183,5.7761991512979911,98.87794421834786,-6.055063566171945,19.3,49.0
22.209678,75,8,0.0,4.994865417480469,0.5288212299346924,-0.34104230999946594,5.0227813442326932,90.0,6.043560444610811,23.700000000000003,42.1
22.209678,75,9,-1.0175108909606934,5.271449089050293,-1.3049060106277466,-0.34104230999946594,5.5250596022346405,100.92504400962316,-13.661162550891735,21.900000000000002,44.2
22.209678,75,10,-3.05253267288208,1.2375956773757935,-4.435841083526611,-0.34104230999946594,5.5250597189509554,157.93077161453058,-53.40394126649292,21.900000000000002,44.2
22.209678,75,11,1.449182152748108,3.8272695541381836,4.252381324768066,-0.25578173995018005,5.9017682166544754,69.26100494722516,46.09797936453312,14.0,52.2
22.209678,75,12,2.7172164916992188,4.731531620025635,2.249490737915039,-0.25578173995018005,5.9017679990008221,60.13217868077861,22.405269121526064,14.0,52.2
22.209678,75,13,-4.625049114227295,1.5398805141448975,3.9568874835968018,-0.25578173995018005,6.2784767153110375,161.5851504614451,39.067130033590345,13.9,57.7
22.209678,75,14,4.239628791809082,3.7008607387542725,-2.7836029529571533,-0.25578173995018005,6.2784765588238951,41.118388557390276,-26.31823149332425,13.9,57.7
22.520878,76,0,-0.11562623083591461,0.035636190325021744,-0.03359084948897362,0.0,0.12556953646323724,162.87061780688506,-15.516029113531909,29.3,59.0
22.520878,76,1,-2.960031747817993,0.5643873810768127,-0.04335348680615425,0.0,3.0136689580687919,169.20502179382353,-0.82426355992334,13.8,63.400000000000006
22.520878,76,2,0.8093836307525635,4.519405364990234,-2.5950164794921875,-1.875732660293579,5.2739204813562317,79.8464963153079,-29.47521057727499,16.400000000000002,41.800000000000004
22.520878,76,3,0.4740675687789917,4.740555763244629,-1.9513869285583496,-0.6820846199989319,5.1483511874335344,84.28926335322525,-22.27370029399602,28.700000000000003,42.5
22.520878,76,4,0.0,4.748849868774414,-0.46582844853401184,-0.596824049949646,4.7716424027395821,90.0,-5.602385841486819,30.5,41.300000000000004
22.520878,76,5,0.4740675687789917,4.698870658874512,-2.049729347229004,-0.596824049949646,5.148350796662136,84.2389409733403,-23.461527190020107,29.200000000000003,42.0
22.520878,76,6,-1.0175108909606934,5.374754905700684,-0.7765093445777893,-0.42630288004875183,5.5250597708797518,100.71997070257348,-8.079277629729452,18.1,50.900000000000006
22.520878,76,7,0.4740675687789917,4.713596820831299,-2.015634536743164,-0.34104230999946594,5.14835096267055,84.25681909821702,-23.048532848821523,28.1,41.800000000000004
22.81962,77,0,-0.11562623083591461,0.03566402569413185,-0.03356129676103592,0.0,0.12556953701560833,162.85802204728,-15.502034962290967,29.1,59.2
22.81962,77,1,-2.960031747817993,0.5643665790557861,-0.043623074889183044,0.0,3.0136689526735285,169.2054103232253,-0.8293894952983337,13.700000000000001,63.5
22.81962,77,2,0.0,4.639598846435547,-0.24518415331840515,-0.7673451900482178,4.6460728281942076,90.0,-3.025037774503237,33.800000000000004,41.2
22.81962,77,3,0.8286546468734741,1.048431634902954,-5.231502056121826,-0.7673451900482178,5.3994898999865883,51.67802081796623,-75.67044699750538,11.5,57.1
22.81962,77,4,-2.6516947746276855,1.9168297052383423,-4.29520320892334,-0.7673451900482178,5.3994899668966179,144.13797530333724,-52.70091284871238,11.5,57.1
22.81962,77,5,0.8864678144454956,2.2381861209869385,5.250635147094727,-0.596824049949646,5.7761987280678628,68.39320105940446,65.36920063657,11.5,55.1
22.81962,77,6,-4.964219570159912,1.4011095762252808,-2.5995936393737793,-0.596824049949646,5.7761986699923558,164.23872274843873,-26.747063313837522,11.5,55.1
23.121369,78,0,-0.11562623083591461,0.03565256670117378,-0.033573467284440994,0.0,0.12556953641389812,162.86320713982406,-15.507798022495482,29.400000000000002,58.900000000000006
23.121369,78,1,-2.960031747817993,0.5645096898078918,-0.04173102229833603,0.0,3.0136689626101121,169.20273739485404,-0.7934142402436798,13.8,63.400000000000006
23.121369,78,2,0.27750298380851746,4.47931432723999,-0.5419279336929321,-1.1083874702453613,4.520503360639915,86.45493620022421,-6.885304641646518,25.6,41.5
23.121369,78,3,-0.13875149190425873,4.432548999786377,0.8764758110046387,-0.8526057600975037,4.5205035625789645,91.79293670524818,11.179828028684792,26.3,41.5
23.121369,78,4,-4.582653045654297,2.3420815467834473,0.1395157128572464,-0.8526057600975037,5.1483511479659407,152.92953902417275,1.5528544943996738,17.2,48.800000000000004
23.121369,78,5,0.585839569568634,3.906338930130005,-2.6769156455993652,-0.7673451900482178,4.7716421923669277,81.47083052315543,-34.12533622344093,27.3,42.400000000000006
23.121369,78,6,0.585839569568634,3.5966482162475586,-3.080500602722168,-0.5115634799003601,4.7716423122527472,80.74863107192897,-40.209549376471884,29.0,42.6
23.121369,78,7,0.9481351375579834,5.0096588134765625,-0.7140558958053589,-0.5115634799003601,5.1483509484931087,79.28288155413497,-7.972398806467844,16.2,52.800000000000004
23.410131,79,0,-0.11562623083591461,0.0356617271900177,-0.03356373682618141,0.0,0.1255695364060592,162.85906207677357,-15.503190445755049,29.3,59.0
23.410131,79,1,-2.960031747817993,0.5648176670074463,-0.03733152151107788,0.0,3.0136689578572677,169.1969853608838,-0.7097638664364124,13.700000000000001,63.5
23.410131,79,2,0.0,4.258424758911133,-0.3054383397102356,-0.7673451900482178,4.2693645905066813,90.0,-4.102552115783084,30.6,40.900000000000006
23.410131,79,3,0.5550059676170349,3.5343194007873535,-2.763242244720459,-0.6820846199989319,4.5205036172842687,81.07553385373917,-37.6812928765149,30.8,43.2
23.410131,79,4,-0.9250098466873169,4.89879846572876,0.6119367480278015,-0.596824049949646,5.0227817201110563,100.69291103424248,6.997858171902223,19.700000000000003,51.300000000000004
23.410131,79,5,0.9250098466873169,1.6482008695602417,4.653614044189453,-0.596824049949646,5.0227814002965472,60.69781486719632,67.89585469937288,19.700000000000003,51.300000000000004
23.410131,79,6,0.5704227685928345,4.043002128601074,-2.216921806335449,-0.34104230999946594,4.6460726040611506,81.96920809387315,-28.500106121665425,20.8,42.1
23.773788,80,0,-0.11562623083591461,0.03566383197903633,-0.033561501652002335,0.0,0.12556953675906629,162.85810969923529,-15.50213201336075,29.400000000000002,58.900000000000006
23.773788,80,1,-2.960031747817993,0.5645828247070312,-0.040729597210884094,0.0,3.0136689622673511,169.201371447739,-0.7743733959394387,13.700000000000001,63.5
23.773788,80,2,0.40469181537628174,3.9582695960998535,-1.8664854764938354,-1.1083874702453613,4.3949336394083893,84.16238731519863,-25.1310589749639,25.0,42.2
23.773788,80,3,0.3931291997432709,3.434725046157837,-2.5051116943359375,-0.8526057600975037,4.2693642748649836,83.47049660701175,-35.927746875113726,30.200000000000003,41.800000000000004
23.773788,80,4,0.0,4.140805721282959,0.15735392272472382,-0.6820846199989319,4.1437944300371061,90.0,2.1762382197961907,30.6,42.400000000000006
23.773788,80,5,0.5395891070365906,3.6516239643096924,-2.385356903076172,-0.6820846199989319,4.394933621365233,81.59440764623989,-32.871143896005236,26.8,45.400000000000006
23.773788,80,6,0.6475068926811218,3.2871437072753906,-4.07304048538208,-0.6820846199989319,5.2739205268861653,78.85645251693882,-50.5607359096589,13.0,53.6
23.773788,80,7,-4.37067174911499,1.2353699207305908,-2.6805460453033447,-0.6820846199989319,5.2739205038139509,164.21706063441184,-30.54829135997619,13.0,53.6
23.773788,80,8,2.8559679985046387,2.2017948627471924,3.3133413791656494,-0.596824049949646,4.8972119538563827,37.63025450612255,42.576739830269,11.4,56.5
23.773788,80,9,3.391702890396118,4.075124740600586,1.554347038269043,-0.5115634799003601,5.52505971583585,50.22958232395679,16.339404661197868,11.5,53.5
23.773788,80,10,0.6937574744224548,3.089244842529297,-3.226486921310425,-0.42630288004875183,4.5205033993791117,77.34296699078678,-45.540445578837314,26.1,42.5
23.773788,80,11,0.6937574744224548,3.345806121826172,-2.9596002101898193,-0.25578173995018005,4.5205034500951475,78.28564375957514,-40.89735233044497,26.3,40.7
24.305219,82,0,-0.11562623083591461,0.03564494848251343,-0.033581554889678955,0.0,0.12556953626755882,162.86665447626186,-15.511627771356538,29.5,58.800000000000004
24.305219,82,1,-2.960031747817993,0.5644399523735046,-0.04266328737139702,0.0,3.0136689539521724,169.20403989878196,-0.8111401745899749,13.700000000000001,63.5
24.305219,82,2,0.4779217541217804,3.3893420696258545,-1.8538391590118408,-0.9378663301467896,3.8926557124261887,81.97379650803059,-28.440130481659292,32.5,41.5
24.305219,82,3,0.4779217541217804,3.111910820007324,-2.2891855239868164,-0.7673451900482178,3.8926557153147119,81.26883433990739,-36.02074167091283,29.6,44.0
24.305219,82,4,-4.046917915344238,1.713898777961731,0.021205317229032516,-0.7673451900482178,4.39493382204006,157.04699371374315,0.2764501000083908,13.600000000000001,54.800000000000004
24.305219,82,5,0.6744863390922546,4.28845739364624,-0.6853081583976746,-0.7673451900482178,4.3949341190406468,81.06177091732135,-8.970817437311819,13.600000000000001,54.800000000000004
24.305219,82,6,-4.135564804077148,1.5627859830856323,-1.4285647869110107,-0.5115634799003601,4.6460729253911515,159.29895418193533,-17.907303113067158,16.2,53.0
24.607212,83,0,-0.11562623083591461,0.035669807344675064,-0.03355515003204346,0.0,0.12556953654051364,162.8554060116166,-15.49912448552149,29.3,59.0
24.607212,83,1,-2.960031747817993,0.5647391676902771,-0.03850020840764046,0.0,3.0136689502434377,169.1984514573877,-0.7319846656969979,13.8,63.400000000000006
24.607212,83,2,-0.585839569568634,9.457962036132812,1.1304984092712402,0.596824049949646,9.5432845777314377,93.54445334680535,6.803238685533023,17.2,41.7
24.607212,83,3,0.7862583994865417,3.7311267852783203,-1.9204068183898926,-2.0462539196014404,4.269364321149328,78.1001961042047,-26.7315553044936,15.700000000000001,41.6
24.607212,83,4,0.21583564579486847,3.503506660461426,-0.20184147357940674,-0.8526057600975037,3.5159470881044221,86.4747141423792,-3.291012584876454,30.700000000000003,42.1
24.607212,83,5,0.6937574148178101,2.5916385650634766,-2.644437074661255,-0.8526057600975037,3.7670860415421816,75.01382191710876,-44.586461058018415,28.700000000000003,42.7
24.607212,83,6,0.46250492334365845,3.045623302459717,-2.1682260036468506,-0.6820846199989319,3.7670858906445375,81.36510094810137,-35.13964084118803,31.6,44.400000000000006
24.607212,83,7,-4.1818156242370605,1.350183367729187,-0.06976224482059479,-0.6820846199989319,4.3949338803226761,162.10628151479216,-0.9095131299002708,12.0,52.5
24.607212,83,8,0.13489727675914764,2.1975886821746826,3.8036625385284424,-0.6820846199989319,4.3949336739368352,86.48735050471376,59.9358776112351,12.0,52.5
24.607212,83,9,0.21583564579486847,3.5087807178497314,-0.06129569560289383,-0.5115634799003601,3.51594714326726,86.47999967563754,-0.9989236020539437,35.1,39.6
24.607212,83,10,0.9057388305664062,5.244967460632324,-2.5496714115142822,-0.5115634799003601,5.9017684467438167,80.2023799192464,-25.595708851454447,11.600000000000001,50.0
24.607212,83,11,-3.9120209217071533,1.9793113470077515,-0.30636969208717346,-0.42630288004875183,4.394933843472244,153.16258642739098,-3.9973157743596546,12.0,58.0
24.607212,83,12,0.5395891070365906,2.2348315715789795,3.7456393241882324,-0.42630288004875183,4.3949337315440831,76.42600434291545,58.45866344403178,12.0,58.0
24.930735,84,0,-0.11562623083591461,0.03561899811029434,-0.03360907733440399,0.0,0.12556953596701434,162.87839829443243,-15.524661067656075,29.400000000000002,58.900000000000006
24.930735,84,1,-2.960031747817993,0.5642066597938538,-0.04564497992396355,0.0,3.0136689544869455,169.2083972461278,-0.867834107217905,13.700000000000001,63.5
24.930735,84,2,0.10020940005779266,3.2204203605651855,-0.5270868539810181,-0.6820846199989319,3.2648077698759463,88.2177097980431,-9.29077849157262,37.6,40.7
24.930735,84,3,0.5395891070365906,2.5280985832214355,-2.3831586837768555,-0.6820846199989319,3.5159471217553611,77.95175839726996,-42.67306767061367,33.7,43.400000000000006
24.930735,84,4,-3.8002490997314453,1.7864166498184204,-0.7709047794342041,-0.6820846199989319,4.2693643374292414,154.8227761726588,-10.402766796868212,14.0,53.300000000000004
24.930735,84,5,2.343358278274536,2.4074437618255615,2.2043185234069824,-0.596824049949646,4.0182251852460622,45.77283898915789,33.269658879123,12.9,57.800000000000004
25.201175,85,0,-0.11562623083591461,0.035646528005599976,-0.03357987850904465,0.0,0.12556953634085152,162.8659397123783,-15.51083393834388,29.400000000000002,58.900000000000006
25.201175,85,1,-2.960031747817993,0.5649215579032898,-0.03572528809309006,0.0,3.0136689617281553,169.19504505927694,-0.6792239624513057,13.8,63.400000000000006
25.201175,85,2,-1.5609540939331055,2.367751359939575,9.7677583694458,0.6820846199989319,10.171132078079642,123.39510415914683,73.80978469705077,12.700000000000001,43.7
25.201175,85,3,0.5203180313110352,2.8639976978302,-1.738230586051941,-0.9378663301467896,3.3903774475964403,79.70307072700804,-30.843529748213385,32.300000000000004,41.1
25.201175,85,4,0.18500198423862457,2.955573558807373,-0.5590711832046509,-0.6820846199989319,3.0136690899273191,86.41828511248801,-10.69097301873233,41.0,40.900000000000006
25.201175,85,5,-0.2389608770608902,2.64833664894104,2.8428821563720703,-0.5115634799003601,3.8926556824241056,95.1558677919603,46.91318134715955,15.9,57.300000000000004
25.201175,85,6,1.4337652921676636,3.1984970569610596,-1.69313383102417,-0.5115634799003601,3.8926557137989697,65.85511036818814,-25.78249203722947,15.9,57.300000000000004
25.512574,86,0,-0.11562623083591461,0.03567060828208923,-0.03355429694056511,0.0,0.12556953609737548,162.85504361558023,-15.498720597589443,29.400000000000002,58.900000000000006
25.512574,86,1,-2.960031747817993,0.5648312568664551,-0.03712545335292816,0.0,3.0136689592771204,169.1967315506421,-0.7058458057936972,13.9,63.300000000000004
25.512574,86,2,0.1772935688495636,2.8429386615753174,-0.47684869170188904,-0.596824049949646,2.8880993607929892,86.43149701510725,-9.503516156132731,39.7,41.0
25.512574,86,3,0.5781311392784119,2.165518283843994,-2.197979211807251,-0.596824049949646,3.1392383897058243,75.05229091463703,-44.4400994177203,30.400000000000002,44.6
25.512574,86,4,1.2294923067092896,3.3071515560150146,0.9009667038917542,-0.5115634799003601,3.6415166824046592,69.6064889643436,14.324611630592926,11.8,57.6
25.512574,86,5,0.1772935688495636,2.881026029586792,0.09681805223226547,-0.34104230999946594,2.8880993279231411,86.47855337238907,1.9210922724093817,30.5,40.900000000000006
25.512574,86,6,3.075657606124878,3.1792964935302734,1.7891263961791992,-0.34104230999946594,4.7716421874856536,45.949251974436315,22.021211659965868,14.0,53.300000000000004
25.811747,87,0,-0.11562623083591461,0.035639215260744095,-0.03358764201402664,0.0,0.12556953698164325,162.86924891305924,-15.514510168746101,29.3,59.0
25.811747,87,1,-2.960031747817993,0.5649101734161377,-0.03590383753180504,0.0,3.0136689495810591,169.19525767859668,-0.6826187812504669,13.700000000000001,63.5
25.811747,87,2,0.15416830778121948,2.4595091342926025,-0.4838693141937256,-0.6820846199989319,2.5113905634152522,86.4132470157021,-11.108636409422623,35.7,40.2
25.811747,87,3,1.2950137853622437,2.4168756008148193,-2.200803518295288,-0.596824049949646,3.5159471697158873,61.81663929777024,-38.75187345748588,19.900000000000002,53.7
25.811747,87,4,2.374191999435425,2.5789408683776855,-0.27232426404953003,-0.596824049949646,3.5159471209848916,47.367102036980924,-4.44223803076155,19.900000000000002,53.7
25.811747,87,5,0.0,3.2972254753112793,1.8218785524368286,-0.42630288004875183,3.7670860482435233,90.0,28.92280005649378,14.0,56.900000000000006
25.811747,87,6,0.42396286129951477,2.610907793045044,-0.7968608736991882,-0.25578173995018005,2.7625298665493641,80.77673436859979,-16.765380363867266,25.3,42.6
26.120926,88,0,-0.11562623083591461,0.035694852471351624,-0.03352850675582886,0.0,0.12556953657455072,162.8440746412478,-15.486509100640221,29.400000000000002,58.900000000000006
26.120926,88,1,-2.960031747817993,0.5651938915252686,-0.031121131032705307,0.0,3.0136689612339103,169.1899589832378,-0.5916844809663784,13.8,63.400000000000006
26.120926,88,2,0.33531609177589417,7.924946308135986,-7.51189661026001,0.42630288004875183,10.92455040500422,87.57717674401448,-43.44169655015627,11.3,46.7
26.120926,88,3,-0.3198992609977722,10.411839485168457,-0.3391440212726593,0.5115634799003601,10.422272097257146,91.75983440143236,-1.864751924440185,15.0,43.6
26.120926,88,4,0.9250099062919617,1.6262308359146118,2.3626110553741455,-0.8526057600975037,3.0136690358089977,60.368519990207325,51.62505479056852,24.8,45.5
26.120926,88,5,0.22354406118392944,3.569338083267212,0.6859288215637207,-0.596824049949646,3.641516805975781,86.41630350595902,10.85729484412743,15.100000000000001,51.2
26.120926,88,6,2.235440731048584,1.8170002698898315,-2.2275454998016357,-0.596824049949646,3.6415167439539897,39.10473648243475,-37.71311665368762,15.100000000000001,51.2
26.120926,88,7,0.1464598923921585,2.3563809394836426,-0.3437458872795105,-0.5115634799003601,2.3858212143961905,86.44337954796119,-8.28392919665011,43.5,40.800000000000004
26.120926,88,8,0.7091742753982544,1.3399817943572998,-2.4581778049468994,-0.5115634799003601,2.8880992854867724,62.11033926205224,-58.33591639021458,25.0,51.7
26.120926,88,9,2.304816246032715,2.1786105632781982,-0.7748866081237793,-0.34104230999946594,3.26480798361148,43.387585154114376,-13.72990659965296,17.900000000000002,54.300000000000004
26.120926,88,10,0.7400079369544983,3.645385265350342,-1.5197656154632568,-0.25578173995018005,4.0182251063788659,78.52496657429991,-22.223353583148853,12.100000000000001,56.900000000000006
26.120926,88,11,-4.440047740936279,0.6326899528503418,0.5662434101104736,-0.25578173995018005,4.5205035247994951,171.89016528389772,7.195836342983209,12.700000000000001,54.6
26.120926,88,12,2.91378116607666,0.9310615658760071,3.3283562660217285,-0.25578173995018005,4.5205034848787191,17.72061659530577,47.415484626599465,12.700000000000001,54.6
26.409687,89,0,-0.11562623083591461,0.03562279790639877,-0.033605050295591354,0.0,0.12556953608805588,162.87667860733336,-15.52275399600321,29.5,58.800000000000004
26.409687,89,1,-2.960031747817993,0.5647159218788147,-0.038839664310216904,0.0,3.0136689499740368,169.19888561171925,-0.7384389220953799,13.8,63.400000000000006
26.409687,89,2,0.13875149190425873,2.242326021194458,-0.24791257083415985,-0.596824049949646,2.2602518896373094,86.45914485891782,-6.297076993652477,45.6,40.800000000000004
26.409687,89,3,0.6783405542373657,1.2139184474945068,-2.387012243270874,-0.34104230999946594,2.7625298829543148,60.80343605101309,-59.77639400524497,37.1,44.1
26.409687,89,4,1.2526174783706665,2.8486413955688477,-0.4135328531265259,-0.34104230999946594,3.1392384057734581,66.2637304418688,-7.569591855299972,19.400000000000002,53.7
26.409687,89,5,2.3125245571136475,1.5430048704147339,-1.4581438302993774,-0.34104230999946594,3.1392383291520574,33.71273469215621,-27.67720049700629,19.400000000000002,53.7
26.695549,90,0,-0.11562623083591461,0.03569159284234047,-0.033531978726387024,0.0,0.12556953712684654,162.84554934341537,-15.488152937785761,29.700000000000003,58.6
26.695549,90,1,-2.960031747817993,0.5651853680610657,-0.03127497807145119,0.0,3.0136689553788312,169.19011816400686,-0.5946095739261077,13.9,63.300000000000004
26.695549,90,2,1.3875149488449097,4.097353935241699,1.3120375871658325,0.0,4.5205032500867279,71.29200648635762,16.872414072189777,11.3,69.4
26.695549,90,3,3.05253267288208,0.7932627201080322,-3.238476514816284,0.0,4.5205034674405944,14.567257697890568,-45.75783096151118,11.3,69.4
26.695549,90,4,0.13104306161403656,2.1228513717651367,-0.18220336735248566,-0.596824049949646,2.1346822474731191,86.46762869299698,-4.896373441306904,35.5,41.6
26.695549,90,5,0.6937574148178101,1.213964819908142,2.0861623287200928,-0.596824049949646,2.5113906897096157,60.25286899316109,56.1686666598403,30.8,46.300000000000004
26.695549,90,6,2.2701284885406494,1.3257590532302856,2.8708269596099854,-0.5115634799003601,3.8926556299946995,30.285003929991497,47.51874398825982,12.200000000000001,52.6
26.695549,90,7,1.5416830778121948,2.6429953575134277,-0.7018592953681946,-0.42630288004875183,3.1392383857784285,59.744601479256794,-12.919173456310512,14.9,57.6
26.695549,90,8,0.18500198423862457,1.813158392906189,-0.8454371690750122,-0.25578173995018005,2.0091125152146039,84.17410138795759,-24.885187586012783,33.5,41.300000000000004
27.01138,91,0,-0.11562623083591461,0.03564323112368584,-0.0335833802819252,0.0,0.1255695369642538,162.86743161964708,-15.512492072434803,29.200000000000003,59.1
27.01138,91,1,-2.960031747817993,0.5649458765983582,-0.03533855453133583,0.0,3.0136689607540332,169.19459087870214,-0.6718708852573876,13.100000000000001,64.2
27.01138,91,2,0.6590694785118103,1.0846543312072754,-2.020221471786499,-0.8526057600975037,2.3858211145808355,58.71584173031588,-57.861160362813095,26.700000000000003,41.800000000000004
27.01138,91,3,0.585839569568634,0.9565832018852234,-2.1056787967681885,-0.6820846199989319,2.3858211623171748,58.5154769244562,-61.95520937636361,26.0,46.5
27.01138,91,4,0.11562623083591461,1.8710569143295288,-0.18305973708629608,-0.596824049949646,1.8835430096654977,86.46377351280358,-5.57732572548149,33.4,40.7
27.01138,91,5,0.23125246167182922,1.592953085899353,-0.9781395792961121,-0.34104230999946594,1.8835430102578299,81.73995133253764,-31.2858672181302,33.0,41.5
27.01138,91,6,0.6243817210197449,1.2364879846572876,1.7860523462295532,-0.34104230999946594,2.2602517676616274,63.2078752048455,52.204263616688486,33.6,44.7
