timestamp_s,frame_number,point_index,x,y,z,doppler,range,aoa,snr,noise
0.0,1,0,-0.11562623083591461,0.04113934189081192,-0.026567604392766953,0.0,0.12556953576285887,160.4146485519971,35.300000000000004,53.300000000000004
0.0,1,1,-0.8787593245506287,2.0414156913757324,-0.8674941658973694,0.0,2.385821054342867,113.29021729835686,15.200000000000001,55.1
0.0,1,2,-1.8500198125839233,1.5546598434448242,1.8007389307022095,0.0,3.0136690648310203,139.9580634579199,14.9,62.900000000000006
0.0,1,3,-1.1870959997177124,2.971285820007324,-1.4574458599090576,0.0,3.51594720826244,111.77782814832304,12.700000000000001,70.0
0.0,1,4,-2.482109785079956,1.625742793083191,1.88625967502594,0.0,3.515947123618409,146.77583305897906,12.700000000000001,70.0
0.0,1,5,1.4800158739089966,4.640129566192627,3.5507113933563232,0.0,6.027337785207329,72.30939565091153,11.3,70.5
0.0,1,6,3.7000396251678467,4.094050407409668,-2.4243063926696777,0.0,6.027338007094222,47.89398166488081,11.3,70.5
0.0,1,7,0.7400079369544983,3.280320644378662,-2.199549436569214,-0.25578173995018005,4.018225105765534,77.2874382627262,17.0,43.2
0.288167,2,0,-0.11562623083591461,0.04110857844352722,-0.02661518193781376,0.0,0.12556953606886812,160.4281808505692,35.6,53.0
0.288167,2,1,-0.8787593245506287,2.0229763984680176,-0.9096651673316956,0.0,2.3858210695481565,113.47961122750557,15.5,54.7
0.288167,2,2,-1.8500198125839233,1.4088913202285767,1.9169385433197021,0.0,3.0136690989611217,142.70874348222762,15.4,62.5
0.288167,2,3,1.4800158739089966,4.549651622772217,3.6659274101257324,0.0,6.027337774832902,71.98013141766205,11.3,70.60000000000001
0.288167,2,4,3.7000396251678467,4.102719783782959,-2.409606695175171,0.0,6.027338324458759,47.954265589514684,11.3,70.60000000000001
0.580756,3,0,-0.11562623083591461,0.041110046207904816,-0.026612916961312294,0.0,0.12556953653544312,160.42753515522946,35.6,53.1
0.580756,3,1,-0.8787593245506287,2.0319392681121826,-0.8894648551940918,0.0,2.385821214677746,113.3871899757068,15.4,54.800000000000004
0.580756,3,2,-1.8500198125839233,1.5651823282241821,1.7916004657745361,0.0,3.013669068843137,139.7675954193257,14.8,62.6
0.580756,3,3,0.31219086050987244,3.2934601306915283,-0.7418332099914551,0.25578173995018005,3.390377453512629,84.58504714873985,15.100000000000001,41.800000000000004
0.897214,4,0,-0.11562623083591461,0.04112550988793373,-0.026589011773467064,0.0,0.125569535986848,160.42073272511593,35.2,53.400000000000006
0.897214,4,1,-0.8787593245506287,2.0200881958007812,-0.9160613417625427,0.0,2.385821169151226,113.50954010331444,14.8,55.0
0.897214,4,2,-1.7575188875198364,1.6642249822616577,1.795461893081665,0.0,3.013668999920392,136.56178348701934,15.700000000000001,62.5
0.897214,4,3,1.4800158739089966,4.653522491455078,3.5331408977508545,0.0,6.027337983625989,72.35714753534764,11.3,70.4
0.897214,4,4,3.7000396251678467,4.091803550720215,-2.4280972480773926,0.0,6.027338199538813,47.87833483749584,11.3,70.4
1.170509,5,0,-0.11562623083591461,0.04107920452952385,-0.02666049636900425,0.0,0.12556953598998585,160.44110403925797,35.2,53.400000000000006
1.170509,5,1,-0.8787593245506287,2.032492160797119,-0.8882002830505371,0.0,2.385821048821029,113.38151126678078,14.9,55.1
1.170509,5,2,-1.7575188875198364,1.6858326196670532,1.7751891613006592,0.0,3.0136689964098213,136.19265411737086,15.0,62.6
1.474549,6,0,-0.11562623083591461,0.04111289978027344,-0.026608506217598915,0.0,0.12556953606984067,160.42627983341316,35.2,53.400000000000006
1.474549,6,1,-0.8787593245506287,2.0408830642700195,-0.8687466979026794,0.0,2.3858211285898343,113.29564755082659,14.9,54.900000000000006
1.474549,6,2,-1.8500198125839233,1.5546687841415405,1.8007311820983887,0.0,3.0136690471116188,139.9579011683296,14.9,62.400000000000006
1.474549,6,3,1.4800158739089966,4.790300369262695,3.3453516960144043,0.0,6.027337935175643,72.83089207561454,11.4,70.4
1.474549,6,4,3.7000396251678467,4.129015922546387,-2.3642630577087402,0.0,6.027338178873,48.136263166495894,11.4,70.4
1.474549,6,5,0.28906556963920593,2.6911027431488037,-1.5903536081314087,-0.25578173995018005,3.139238359320688,83.86906503192004,18.2,40.7
1.787776,7,0,-0.11562623083591461,0.04112115874886513,-0.026595745235681534,0.0,0.12556953698573095,160.42264672109536,35.5,53.2
1.787776,7,1,-0.8787593245506287,2.0372495651245117,-0.8772340416908264,0.0,2.3858213061723443,113.33275577103014,15.100000000000001,54.900000000000006
1.787776,7,2,-1.8500198125839233,1.575453758239746,1.7825748920440674,0.0,3.0136690423884827,139.58269932302866,14.4,62.6
1.787776,7,3,-2.570756673812866,2.113868474960327,1.4776378870010376,0.0,3.6415166525069442,140.5703998776189,11.9,70.60000000000001
1.787776,7,4,-1.2294923067092896,2.599848747253418,-2.233781576156616,0.0,3.641516850273967,115.30989625282228,11.9,70.60000000000001
1.787776,7,5,0.558860182762146,3.5218658447265625,-0.7380926012992859,-0.25578173995018005,3.6415167746725032,80.98331405364763,18.5,43.1
2.089775,8,0,-0.11562623083591461,0.04108290746808052,-0.026654791086912155,0.0,0.12556953623884262,160.43947480026827,35.1,53.6
2.089775,8,1,-0.8787593245506287,2.04360294342041,-0.8623288869857788,0.0,2.385821043199044,113.26794281899052,14.700000000000001,55.300000000000004
2.089775,8,2,0.3854207694530487,2.4888622760772705,-1.8739886283874512,0.0,3.139238439196964,81.19720027386586,13.3,64.10000000000001
2.089775,8,3,-1.6380382776260376,2.4303221702575684,1.124803066253662,0.0,3.1392383133599737,123.97998849764949,13.3,64.10000000000001
2.089775,8,4,-2.374191999435425,1.6677454710006714,1.9858806133270264,0.0,3.5159471578245536,144.91396910950675,13.700000000000001,68.8
2.089775,8,5,-1.0791782140731812,2.851987838745117,-1.7502638101577759,0.0,3.51594704954842,110.72639678528158,13.700000000000001,68.8
2.089775,8,6,1.4800158739089966,4.773626327514648,3.3691015243530273,0.0,6.027337752537308,72.77446453422989,11.3,70.60000000000001
2.089775,8,7,3.7000396251678467,4.056454658508301,-2.4867022037506104,0.0,6.027338174889812,47.63092086405855,11.3,70.60000000000001
2.089775,8,8,0.40083760023117065,2.66367244720459,-1.8447625637054443,0.34104230999946594,3.2648078969833825,81.44216763582241,18.3,41.1
2.3763,9,0,-0.11562623083591461,0.04112039506435394,-0.0265969205647707,0.0,0.12556953584009728,160.4229826583005,35.2,53.5
2.3763,9,1,-0.8055294156074524,2.056908369064331,-0.9013282656669617,0.0,2.3858210998786107,111.38637609489635,14.700000000000001,55.300000000000004
2.3763,9,2,-1.8500198125839233,1.443070411682129,1.891342282295227,0.0,3.0136690509780935,142.04471090527502,14.600000000000001,62.900000000000006
2.3763,9,3,-2.570756673812866,2.0848991870880127,1.5182387828826904,0.0,3.641516648063381,140.95773883075472,11.3,71.2
2.3763,9,4,-1.2294923067092896,2.699746608734131,-2.111956834793091,0.0,3.641516820729793,114.4850065936754,11.3,71.2
2.687101,10,0,-0.11562623083591461,0.04110964760184288,-0.02661353535950184,0.0,0.12556953710036273,160.4277105085282,35.0,53.7
2.687101,10,1,-0.8787593245506287,2.0512678623199463,-0.8439341187477112,0.0,2.385821156385741,113.1902016540399,14.5,55.6
2.687101,10,2,-1.8500198125839233,1.4811300039291382,1.8616878986358643,0.0,3.0136690640180457,141.31915783697875,14.700000000000001,62.900000000000006
2.687101,10,3,-2.570756673812866,2.073269844055176,1.5340816974639893,0.0,3.6415167686989935,141.11443701461343,11.3,71.0
2.687101,10,4,-1.2294923067092896,2.562267303466797,-2.2767913341522217,0.0,3.6415166958209864,115.633808482995,11.3,71.0
2.687101,10,5,1.4800158739089966,4.87110710144043,3.2265570163726807,0.0,6.027337850214618,73.0993498003474,11.4,70.3
2.687101,10,6,3.7000396251678467,4.143435955047607,-2.3388991355895996,0.0,6.027338044929559,48.23552076162353,11.4,70.3
2.983304,11,0,-0.11562623083591461,0.0410880409181118,-0.02664688043296337,0.0,0.12556953691328676,160.43721621153622,35.0,53.7
2.983304,11,1,-0.8787593245506287,2.0221307277679443,-0.9115434885025024,0.0,2.385821066655944,113.48836700843005,14.600000000000001,55.300000000000004
2.983304,11,2,-1.8500198125839233,1.5330950021743774,1.8191337585449219,0.0,3.013669063471118,140.35175884237333,14.5,62.7
2.983304,11,3,-2.6825287342071533,1.9214860200881958,1.5403164625167847,0.0,3.6415166812664235,144.38610626054307,12.100000000000001,70.3
2.983304,11,4,-1.2294923067092896,2.6905357837677,-2.12367844581604,0.0,3.6415167550370318,114.55894652000617,12.100000000000001,70.3
3.288065,12,0,-0.11562623083591461,0.041147924959659576,-0.02655431441962719,0.0,0.1255695369112366,160.4108734168798,34.7,53.900000000000006
3.288065,12,1,-1.8500198125839233,1.3035497665405273,1.9900718927383423,0.0,3.0136690991328305,144.83094141778986,14.600000000000001,63.300000000000004
3.288065,12,2,1.4800158739089966,4.649540901184082,3.538378953933716,0.0,6.0273379862462795,72.34297744129151,11.5,70.3
3.288065,12,3,3.7000396251678467,4.131783485412598,-2.359422445297241,0.0,6.027337909352097,48.15534299219784,11.5,70.3
3.588531,13,0,-0.11562623083591461,0.041134823113679886,-0.026574602350592613,0.0,0.12556953619411862,160.41663614000745,35.5,53.2
3.588531,13,1,-0.8055294156074524,2.039973258972168,-0.9390281438827515,0.0,2.3858211147808834,111.54770221441768,14.8,55.1
3.588531,13,2,-1.8500198125839233,1.4263396263122559,1.9039913415908813,0.0,3.013669037136408,142.36827497203217,15.100000000000001,62.800000000000004
3.588531,13,3,-2.374191999435425,1.9471396207809448,1.7128175497055054,0.0,3.5159471428872924,140.64388716743164,12.3,69.9
3.588531,13,4,-1.0791782140731812,2.7855122089385986,-1.8542330265045166,0.0,3.51594709864302,111.17763373752511,12.3,69.9
3.588531,13,5,1.4800158739089966,4.688633441925049,3.486412525177002,0.0,6.027337955969585,72.48115701515364,11.3,70.60000000000001
3.588531,13,6,3.7000396251678467,4.1866374015808105,-2.2606587409973145,0.0,6.027338044557904,48.53060004670828,11.3,70.60000000000001
3.894279,14,0,-0.11562623083591461,0.041122183203697205,-0.02659415826201439,0.0,0.12556953636301965,160.42219607582527,35.4,53.300000000000004
3.894279,14,1,-0.8787593245506287,2.0217630863189697,-0.9123587012290955,0.0,2.3858211012972292,113.49217536183065,14.8,55.1
3.894279,14,2,-0.25437772274017334,2.6468029022216797,0.7491982579231262,0.0,2.7625299380659443,95.48969585238939,16.6,59.300000000000004
3.894279,14,3,-1.8500198125839233,1.5456923246383667,1.808442234992981,0.0,3.0136690904453034,140.1212294101788,15.100000000000001,62.5
3.894279,14,4,1.4800158739089966,4.74411153793335,3.410536766052246,0.0,6.027337911878598,72.67369528676053,11.4,70.5
3.894279,14,5,3.7000396251678467,4.139095783233643,-2.346571922302246,0.0,6.0273382945651885,48.20568643161007,11.4,70.5
4.181849,15,0,-0.11562623083591461,0.04107288643717766,-0.02667022868990898,0.0,0.12556953593915027,160.44388398379712,35.2,53.5
4.181849,15,1,-0.8787593245506287,1.9811488389968872,-0.9974839091300964,0.0,2.3858212048929506,113.9201817551437,15.100000000000001,55.2
4.181849,15,2,-1.8500198125839233,1.5975102186203003,1.7628355026245117,0.0,3.0136690619347624,139.18907029291285,14.600000000000001,62.7
4.181849,15,3,-2.570756673812866,2.120572090148926,1.468001365661621,0.0,3.6415166998184096,140.48137611440504,11.4,70.8
4.181849,15,4,-1.2294923067092896,2.655714988708496,-2.167064905166626,0.0,3.641516680823134,114.84229364137128,11.4,70.8
4.476724,16,0,-0.11562623083591461,0.041142892092466354,-0.026562105864286423,0.0,0.1255695356963547,160.41308702715915,35.6,53.1
4.476724,16,1,-0.8055294156074524,1.980786681175232,-1.058181881904602,0.0,2.3858211188019185,112.13017249543634,15.5,54.800000000000004
4.476724,16,2,-0.25437772274017334,2.6251325607299805,0.8219137191772461,0.0,2.7625298458121668,95.53473277474443,17.900000000000002,59.400000000000006
4.476724,16,3,-1.8500198125839233,1.4239643812179565,1.9057683944702148,0.0,3.013669032805705,142.4144409103823,15.4,62.6
4.476724,16,4,-2.374191999435425,1.9541127681732178,1.7048578262329102,0.0,3.515947179436628,140.54342192364092,11.8,70.5
4.476724,16,5,-1.0791782140731812,2.759570598602295,-1.8926247358322144,0.0,3.515947083942585,111.35885001206368,11.8,70.5
4.795962,17,0,-0.11562623083591461,0.041135355830192566,-0.026573779061436653,0.0,0.1255695364736321,160.41640182163997,35.6,53.1
4.795962,17,1,-0.8787593245506287,1.9790855646133423,-1.0015714168548584,0.0,2.3858212266651995,113.94231736500038,15.4,55.0
4.795962,17,2,-1.2294923067092896,2.701751708984375,-2.109391212463379,0.0,3.641516842810842,114.46896598579006,11.3,71.0
4.795962,17,3,-2.570756673812866,2.0706520080566406,1.5376132726669312,0.0,3.641516743158529,141.14980638804053,11.3,71.0
4.795962,17,4,0.3854207694530487,2.4659154415130615,-1.9040822982788086,-0.08526057749986649,3.139238368272955,81.116585500723,17.7,60.300000000000004
5.081036,18,0,-0.11562623083591461,0.041109759360551834,-0.026613358408212662,0.0,0.12556953618520167,160.42766134401344,35.0,53.7
5.081036,18,1,-0.8055294156074524,2.0032598972320557,-1.0149950981140137,0.0,2.3858212222340858,111.90551764368871,14.600000000000001,55.6
5.081036,18,2,-2.374191999435425,1.9338408708572388,1.7278183698654175,0.0,3.5159471672972353,140.8362920348226,13.0,69.4
5.081036,18,3,-1.1870959997177124,2.764021873474121,-1.820129156112671,0.0,3.5159470949547305,113.24262349225683,13.0,69.4
5.081036,18,4,-1.2294923067092896,2.6560258865356445,-2.166684150695801,0.0,3.6415168612929927,114.8397366833275,11.5,70.9
5.081036,18,5,-2.570756673812866,2.118185520172119,1.4714430570602417,0.0,3.641516777936223,140.51304356058506,11.5,70.9
5.081036,18,6,0.37000396847724915,2.27766489982605,-1.9384377002716064,0.08526057749986649,3.0136690346524113,80.7729709039127,18.3,58.7
5.385275,19,0,-0.11562623083591461,0.04109421744942665,-0.026637354865670204,0.0,0.12556953706747753,160.43449877717504,34.4,54.300000000000004
5.385275,19,1,-0.8055294156074524,2.02559757232666,-0.969649076461792,0.0,2.385821136612665,111.6864765570927,13.9,56.1
5.385275,19,2,-1.8500198125839233,1.501754641532898,1.8450909852981567,0.0,3.0136690353035087,140.93201506346534,14.4,63.300000000000004
5.385275,19,3,-2.482109785079956,1.6941665410995483,1.82505202293396,0.0,3.515947118570786,145.68446964256032,12.4,69.9
5.385275,19,4,-1.0791782140731812,2.8392510414123535,-1.770850658416748,0.0,3.5159471196686596,110.81142530372425,12.4,69.9
5.699444,20,0,-0.11562623083591461,0.041119370609521866,-0.026598509401082993,0.0,0.1255695369068586,160.42343330797104,34.800000000000004,53.900000000000006
5.699444,20,1,-0.8787593245506287,2.0026776790618896,-0.9535232782363892,0.0,2.3858211330349275,113.69149078960493,13.9,55.900000000000006
5.699444,20,2,-1.8500198125839233,1.5124770402908325,1.8363118171691895,0.0,3.0136690585124275,140.73240790370707,14.700000000000001,62.900000000000006
5.699444,20,3,-1.2294923067092896,2.7882962226867676,-1.9935890436172485,0.0,3.641516776363575,113.7949619667796,11.700000000000001,70.7
5.699444,20,4,-2.570756673812866,2.060833215713501,1.550748586654663,0.0,3.641516799076022,141.28278119620006,11.700000000000001,70.7
5.978279,21,0,-0.11562623083591461,0.04112400859594345,-0.026591334491968155,0.0,0.12556953615580166,160.4213931141377,34.4,54.300000000000004
5.978279,21,1,-0.8787593245506287,2.0049524307250977,-0.9487308859825134,0.0,2.3858211362070545,113.667567630142,14.0,56.1
5.978279,21,2,-0.16958513855934143,2.4441123008728027,1.2763725519180298,0.0,2.7625298097554856,93.96911584249231,17.6,60.300000000000004
5.978279,21,3,-1.8500198125839233,1.5029257535934448,1.844137191772461,0.0,3.0136690445113405,140.91015860621854,14.5,63.1
5.978279,21,4,0.40083760023117065,2.603943109512329,-1.9281545877456665,0.17052115499973297,3.2648078984192135,81.24887321175048,33.1,42.6
5.978279,21,5,0.6706321835517883,3.2993338108062744,-1.3875491619110107,-0.25578173995018005,3.641516689164673,78.51042042229858,23.3,41.900000000000006
6.28111,22,0,-0.11562623083591461,0.04113383591175079,-0.026576131582260132,0.0,0.12556953644898375,160.41707036815535,35.2,53.5
6.28111,22,1,-0.8055294156074524,2.016857147216797,-0.9877005219459534,0.0,2.3858211820546544,111.77168604727594,14.9,55.5
6.28111,22,2,-1.8500198125839233,1.5266920328140259,1.8245106935501099,0.0,3.0136690496618206,140.46952509687432,14.3,63.2
6.28111,22,3,-2.374191999435425,1.8309943675994873,1.8364521265029907,0.0,3.515947160766439,142.36032572803438,12.700000000000001,69.9
6.28111,22,4,-1.0791782140731812,2.689815044403076,-1.9905157089233398,0.0,3.5159470101663777,111.86110446358332,12.700000000000001,69.9
6.580804,23,0,-0.11562623083591461,0.04112381860613823,-0.026591628789901733,0.0,0.12556953625689116,160.4214766873279,35.300000000000004,53.400000000000006
6.580804,23,1,-0.8055294156074524,2.0602526664733887,-0.8936573266983032,0.0,2.38582105504188,111.3547897368994,15.100000000000001,55.300000000000004
6.580804,23,2,-1.8500198125839233,1.4738150835037231,1.8674840927124023,0.0,3.0136690335619147,141.45748089311638,14.700000000000001,63.1
6.580804,23,3,-1.0791782140731812,2.8139150142669678,-1.8108397722244263,0.0,3.515947099419595,110.98256090862333,12.3,70.4
6.580804,23,4,-2.374191999435425,1.9036946296691895,1.7609779834747314,0.0,3.5159471485642704,141.27637004328565,12.3,70.4
6.887426,24,0,-0.11562623083591461,0.041129179298877716,-0.026583336293697357,0.0,0.12556953617666686,160.4191186457065,34.9,53.800000000000004
6.887426,24,1,-0.8055294156074524,2.0355141162872314,-0.9486555457115173,0.0,2.385821179682729,111.59056683799506,14.9,55.5
6.887426,24,2,-0.25437772274017334,2.5814709663391113,0.950194776058197,0.0,2.762529726234009,95.6277482485275,17.0,59.900000000000006
6.887426,24,3,-1.8500198125839233,1.4950096607208252,1.8505604267120361,0.0,3.0136690404744653,141.05816043818214,14.700000000000001,63.1
6.887426,24,4,1.4800158739089966,4.770293235778809,3.3738198280334473,0.0,6.027338116811708,72.76314167478611,11.200000000000001,70.5
6.887426,24,5,3.7000396251678467,4.1289286613464355,-2.364414691925049,0.0,6.027337882821181,48.135661349268645,11.200000000000001,70.5
7.180549,25,0,-0.11562623083591461,0.04110341891646385,-0.02662315033376217,0.0,0.12556953626432102,160.43045065824415,34.6,54.0
7.180549,25,1,-0.8787593245506287,1.994621992111206,-0.9702616333961487,0.0,2.3858211330983963,113.77657865845111,14.4,56.0
7.180549,25,2,-1.8500198125839233,1.4425241947174072,1.891758918762207,0.0,3.0136690538303164,142.05522972575542,14.8,63.2
7.498502,26,0,-0.11562623083591461,0.041086819022893906,-0.026648763567209244,0.0,0.12556953672926116,160.4377538089218,34.5,54.1
7.498502,26,1,-0.8787593245506287,2.0251269340515137,-0.9048675894737244,0.0,2.3858211173483963,113.45737304745577,14.100000000000001,56.0
7.498502,26,2,-1.8500198125839233,1.5274975299835205,1.823836326599121,0.0,3.013669019199253,140.45468801435317,14.4,63.2
7.498502,26,3,-2.374191999435425,1.9372791051864624,1.723962426185608,0.0,3.515947159511219,140.78644676904602,13.100000000000001,69.0
7.498502,26,4,-1.0791782140731812,2.7666261196136475,-1.8822959661483765,0.0,3.515947071222361,111.30927128304342,13.100000000000001,69.0
7.778857,27,0,-0.11562623083591461,0.041144222021102905,-0.026560047641396523,0.0,0.1255695360895917,160.41250207759342,35.6,53.1
7.778857,27,1,-0.8787593245506287,2.0072717666625977,-0.9438141584396362,0.0,2.385821255122978,113.64322242495585,14.700000000000001,55.1
7.778857,27,2,-1.7575188875198364,1.776837944984436,1.6840946674346924,0.0,3.01366895521181,134.68682012440541,14.8,62.800000000000004
7.778857,27,3,-1.2294923067092896,2.5985963344573975,-2.2352383136749268,0.0,3.6415167939518116,115.32056752071378,11.5,71.10000000000001
7.778857,27,4,-2.570756673812866,2.078019618988037,1.5276415348052979,0.0,3.641516726820689,141.05035299402985,11.5,71.10000000000001
8.092429,28,0,-0.11562623083591461,0.041084837168455124,-0.026651820167899132,0.0,0.1255695369934154,160.4386257732795,35.0,53.7
8.092429,28,1,-0.3237534463405609,2.5357613563537598,0.6470375061035156,0.0,2.636960273629299,97.27587716199508,17.2,58.2
8.092429,28,2,-1.8500198125839233,1.4676765203475952,1.872312307357788,0.0,3.013669034850397,141.57397149004683,15.3,62.6
8.384638,29,0,-0.11562623083591461,0.0410766676068306,-0.026664407923817635,0.0,0.12556953662783824,160.44222026726658,34.4,54.2
8.384638,29,1,-0.8055294156074524,1.9753087759017944,-1.0683726072311401,0.0,2.3858211222649097,112.18559761649347,14.4,56.0
8.384638,29,2,0.4817759692668915,2.4704463481903076,-1.876060962677002,0.0,3.1392384394197324,78.96492115992179,13.8,64.5
8.384638,29,3,-1.0791782140731812,2.8654985427856445,-1.728055715560913,0.0,3.515947108891084,110.63692493591951,13.4,69.4
8.384638,29,4,-2.374191999435425,1.9398539066314697,1.721064567565918,0.0,3.515947109242034,140.74916526650168,13.4,69.4
8.686633,30,0,-0.11562623083591461,0.04108315706253052,-0.026654409244656563,0.0,0.12556953684602964,160.43936498353273,35.0,53.7
8.686633,30,1,-0.8787593245506287,1.983816385269165,-0.9921680092811584,0.0,2.385821191872524,113.8916203219271,15.0,55.400000000000006
8.686633,30,2,-1.8500198125839233,1.5669581890106201,1.790047526359558,0.0,3.0136690959172125,139.73555567584276,14.3,63.0
8.686633,30,3,-1.2294923067092896,2.6247177124023438,-2.2045068740844727,0.0,3.641516848779038,115.09972587948393,11.700000000000001,70.8
8.686633,30,4,-2.570756673812866,2.041306495666504,1.5763635635375977,0.0,3.6415167402680724,141.5487066366091,11.700000000000001,70.8
8.985623,31,0,-0.11562623083591461,0.04111858829855919,-0.026599714532494545,0.0,0.12556953601171272,160.4237774421443,34.7,53.900000000000006
8.985623,31,1,-0.8055294156074524,2.007434606552124,-1.0067131519317627,0.0,2.385821181326117,111.86426172407612,14.600000000000001,55.800000000000004
8.985623,31,2,-1.8500198125839233,1.5129780769348145,1.835898995399475,0.0,3.0136690411435736,140.72310833986643,14.8,63.0
8.985623,31,3,-1.2294923067092896,2.4873859882354736,-2.3583688735961914,0.0,3.6415167349162165,116.3027690645777,11.5,70.7
8.985623,31,4,-2.570756673812866,2.045409679412842,1.571035623550415,0.0,3.6415166569787343,141.4926637355939,11.5,70.7
9.296156,32,0,-0.11562623083591461,0.041092198342084885,-0.02664046920835972,0.0,0.12556953699662596,160.4353870960617,35.2,53.5
9.296156,32,1,-0.8055294156074524,2.000013828277588,-1.021376371383667,0.0,2.3858211678018373,111.93769885484303,15.100000000000001,55.300000000000004
9.296156,32,2,-0.16958513855934143,2.53570556640625,1.0830554962158203,0.0,2.7625298272791787,93.82617957248709,17.8,59.7
9.296156,32,3,-1.8500198125839233,1.3070417642593384,1.9877800941467285,0.0,3.013669056674471,144.75873712576328,15.3,62.800000000000004
9.586053,33,0,-0.11562623083591461,0.041113585233688354,-0.026607448235154152,0.0,0.1255695363122536,160.42597829688233,35.2,53.5
9.586053,33,1,-0.8055294156074524,2.019526481628418,-0.9822311401367188,0.0,2.385821213348062,111.74559548762062,14.5,55.6
9.586053,33,2,-0.16958513855934143,2.5419745445251465,1.068259358406067,0.0,2.762529956589821,93.81677143301566,17.0,60.2
9.586053,33,3,-1.8500198125839233,1.4593980312347412,1.878772258758545,0.0,3.013669046329669,141.73166834903864,14.5,63.300000000000004
9.878392,34,0,-0.11562623083591461,0.04107391834259033,-0.026668639853596687,0.0,0.1255695360227744,160.44342994149628,35.0,53.7
9.878392,34,1,-0.8055294156074524,2.034374237060547,-0.951097309589386,0.0,2.385821088877524,111.60155028553137,14.3,55.800000000000004
9.878392,34,2,-1.8500198125839233,1.4135810136795044,1.913482904434204,0.0,3.0136690950982303,142.6169287473962,14.4,63.400000000000006
9.878392,34,3,-1.2294923067092896,2.64760684967041,-2.1769638061523438,0.0,3.6415168235196034,114.90915297676621,11.5,71.10000000000001
9.878392,34,4,-2.570756673812866,2.0599563121795654,1.5519130229949951,0.0,3.6415167053005937,141.29468114109372,11.5,71.10000000000001
10.254804,35,0,-0.11562623083591461,0.0410890094935894,-0.02664538286626339,0.0,0.1255695360609979,160.4367900698143,35.300000000000004,53.400000000000006
10.254804,35,1,-0.8055294156074524,2.0063977241516113,-1.0087782144546509,0.0,2.3858212323742873,111.87449475416011,14.8,55.300000000000004
10.254804,35,2,-0.2659403383731842,2.55058217048645,1.3285043239593506,0.0,2.8880992730091717,95.952523013105,16.6,61.400000000000006
10.254804,35,3,-1.5069953203201294,2.3498330116271973,0.7405183911323547,0.0,2.888099299817263,122.6728718827367,16.6,61.400000000000006
10.254804,35,4,0.3854207694530487,2.4536092281341553,-1.9199138879776,0.0,3.1392382437719073,81.0727461083319,12.700000000000001,64.60000000000001
10.254804,35,5,-1.7343934774398804,2.3497655391693115,1.15121591091156,0.0,3.1392382670306467,126.4315324640456,12.700000000000001,64.60000000000001
10.774741,36,0,-0.11562623083591461,0.041089773178100586,-0.026644205674529076,0.0,0.12556953616691657,160.43645407504485,34.5,54.2
10.774741,36,1,-0.8055294156074524,2.0390429496765137,-0.9410464763641357,0.0,2.3858210873222947,111.55663165839218,14.3,56.0
10.774741,36,2,-1.8500198125839233,1.53517746925354,1.817376732826233,0.0,3.0136690856951946,140.3135433980017,14.5,63.300000000000004
11.091464,37,0,-0.11562623083591461,0.041102029383182526,-0.026625297963619232,0.0,0.12556953678495322,160.4310619603362,34.7,53.900000000000006
11.091464,37,1,-0.8787593245506287,2.005929946899414,-0.9466626644134521,0.0,2.3858212637469176,113.6573012485441,14.9,55.5
11.091464,37,2,-1.8500198125839233,1.2855342626571655,2.0017566680908203,0.0,3.0136690935908375,145.20549261926513,15.100000000000001,63.2
11.397821,38,0,-0.11562623083591461,0.041077736765146255,-0.026662761345505714,0.0,0.12556953674213445,160.4417498432999,35.1,53.6
11.397821,38,1,-0.8055294156074524,2.0289340019226074,-0.9626484513282776,0.0,2.3858212138404884,111.65411724179262,15.100000000000001,55.300000000000004
11.397821,38,2,-0.16958513855934143,2.529144287109375,1.098290205001831,0.0,2.7625298765155724,93.8360761110689,18.1,59.7
11.397821,38,3,-1.8500198125839233,1.420932412147522,1.9080301523208618,0.0,3.013669074236586,142.473454432337,14.9,63.0
11.691926,39,0,-0.11562623083591461,0.04111689701676369,-0.026602331548929214,0.0,0.12556953659804004,160.42452143247692,35.300000000000004,53.400000000000006
11.691926,39,1,-0.8787593245506287,2.0316832065582275,-0.890049159526825,0.0,2.3858210554586456,113.38982084208976,14.700000000000001,55.6
11.691926,39,2,-0.2659403383731842,2.576429605484009,1.2776554822921753,0.0,2.8880992550498985,95.89322809826552,17.400000000000002,61.800000000000004
11.691926,39,3,-1.4183485507965088,2.414336919784546,0.7073772549629211,0.0,2.888099367165223,120.43292334215893,17.400000000000002,61.800000000000004
11.99039,40,0,-0.11562623083591461,0.04110795259475708,-0.026616152375936508,0.0,0.12556953687559766,160.42845617401346,35.2,53.400000000000006
11.99039,40,1,-0.8787593245506287,2.0518548488616943,-0.8425057530403137,0.0,2.3858210777818085,113.18426839165275,14.9,55.400000000000006
11.99039,40,2,-0.2659403383731842,2.4726622104644775,1.4684466123580933,0.0,2.888099396485356,96.13869177714108,16.5,61.400000000000006
11.99039,40,3,-1.5069953203201294,2.302208423614502,0.8774504661560059,0.0,2.888099347630848,123.20823000534071,16.5,61.400000000000006
12.286997,41,0,-0.11562623083591461,0.04109819978475571,-0.026631208136677742,0.0,0.1255695366308523,160.43274675256822,35.0,53.6
12.286997,41,1,-0.8787593245506287,2.0226917266845703,-0.9102983474731445,0.0,2.3858212114689614,113.48255793268507,15.0,55.5
12.286997,41,2,-1.8500198125839233,1.4920014142990112,1.8529866933822632,0.0,3.013669061638162,141.1145661806707,14.3,63.0
12.286997,41,3,-2.570756673812866,2.086876630783081,1.5155197381973267,0.0,3.641516720396548,140.93116290823102,11.600000000000001,70.60000000000001
12.286997,41,4,-1.2294923067092896,2.506826877593994,-2.337693691253662,0.0,3.6415167335345524,116.12599270608867,11.600000000000001,70.60000000000001
12.581285,42,0,-0.11562623083591461,0.041093263775110245,-0.026638822630047798,0.0,0.12556953633794363,160.4349183509274,35.300000000000004,53.300000000000004
12.581285,42,1,-1.8500198125839233,1.5707151889801025,1.7867517471313477,0.0,3.0136690790003433,139.66787249726138,14.5,63.0
12.581285,42,2,-2.482109785079956,1.8442362546920776,1.673262596130371,0.0,3.515947107668043,143.38722446319267,11.600000000000001,70.5
12.581285,42,3,-1.0791782140731812,2.8034894466400146,-1.8269386291503906,0.0,3.515947020339474,111.0537647230101,11.600000000000001,70.5
12.900569,43,0,-0.11562623083591461,0.04114110767841339,-0.02656487002968788,0.0,0.1255695357880295,160.4138718821327,34.800000000000004,53.800000000000004
12.900569,43,1,-0.8787593245506287,2.0494930744171143,-0.8482349514961243,0.0,2.3858211050931764,113.20815868194472,14.4,56.0
12.900569,43,2,-1.8500198125839233,1.5131990909576416,1.8357168436050415,0.0,3.013669047145579,140.71900696132934,14.100000000000001,63.5
12.900569,43,3,-2.570756673812866,2.0327951908111572,1.5873240232467651,0.0,3.6415166783243844,141.66523551528246,11.700000000000001,70.60000000000001
12.900569,43,4,-1.2294923067092896,2.6139655113220215,-2.21724534034729,0.0,3.6415167068036496,115.19019211662685,11.700000000000001,70.60000000000001
12.900569,43,5,-0.16958513855934143,2.495626926422119,1.1724586486816406,0.17052115499973297,2.762530028428955,93.88743936432417,32.2,41.0
12.900569,43,6,-1.0406360626220703,3.1551506519317627,0.6758406162261963,0.25578173995018005,3.390377499594403,108.25365902865697,16.900000000000002,49.2
12.900569,43,7,-1.9772087335586548,2.4020028114318848,-1.3474746942520142,0.25578173995018005,3.3903775503381417,129.459505561476,16.900000000000002,49.2
13.179066,44,0,-0.11562623083591461,0.04106171056628227,-0.02668743208050728,0.0,0.12556953596713272,160.44880157319122,35.5,53.2
13.179066,44,1,-0.8787593245506287,2.0219523906707764,-0.9119394421577454,0.0,2.3858212352954955,113.49021423541649,14.8,55.400000000000006
13.179066,44,2,-1.8500198125839233,1.4327939748764038,1.899139165878296,0.0,3.013669101405808,142.24311562125828,14.600000000000001,63.400000000000006
13.179066,44,3,-2.570756673812866,2.02592134475708,1.5960878133773804,0.0,3.6415166454524845,141.7596202534032,11.3,70.8
13.179066,44,4,-1.117720365524292,2.593193531036377,-2.299280881881714,0.0,3.641516727780256,113.31704753499494,11.3,70.8
13.179066,44,5,-0.09250099211931229,2.7940235137939453,1.1256451606750488,0.25578173995018005,3.0136690025494968,91.8961835362941,24.400000000000002,40.7
13.179066,44,6,0.3854207694530487,2.299773693084717,-2.1017396450042725,-0.25578173995018005,3.139238401955637,80.48617111747583,22.900000000000002,41.400000000000006
13.485537,45,0,-0.11562623083591461,0.04107452929019928,-0.026667701080441475,0.0,0.1255695364913299,160.44316112343267,35.0,53.6
13.485537,45,1,-0.8055294156074524,2.06980299949646,-0.8713095784187317,0.0,2.3858211327712007,111.26507615119567,14.9,55.400000000000006
13.485537,45,2,-1.9425207376480103,1.340705394744873,1.8738524913787842,0.0,3.0136690148616276,145.38700992933815,13.9,63.2
13.485537,45,3,-2.570756673812866,1.9704313278198242,1.6641076803207397,0.0,3.641516698480135,142.5305885627039,11.8,70.60000000000001
13.485537,45,4,-1.2294923067092896,2.694481611251831,-2.1186699867248535,0.0,3.6415168540431453,114.52722014903675,11.8,70.60000000000001
13.776618,46,0,-0.11562623083591461,0.04113949462771416,-0.02656736969947815,0.0,0.1255695361474776,160.4145813713964,35.0,53.6
13.776618,46,1,-0.8055294156074524,2.029524564743042,-0.9614025354385376,0.0,2.385821123523716,111.64839907313532,14.4,55.6
13.776618,46,2,-1.8500198125839233,1.5402657985687256,1.8130662441253662,0.0,3.0136690665666115,140.2203449348079,14.3,63.400000000000006
13.776618,46,3,-1.2294923067092896,2.6233859062194824,-2.2060914039611816,0.0,3.641516748257484,115.110898366613,11.5,71.2
13.776618,46,4,-2.570756673812866,2.065650701522827,1.5443257093429565,0.0,3.641516798422433,141.2174765480819,11.5,71.2
14.077876,47,0,-0.11562623083591461,0.0410882867872715,-0.02664649859070778,0.0,0.12556953633576048,160.4371080368858,35.1,53.6
14.077876,47,1,-0.8787593245506287,2.000314712524414,-0.9584705829620361,0.0,2.3858211915459826,113.71638999420976,14.9,55.6
14.077876,47,2,0.3854207694530487,2.344170570373535,-2.0521044731140137,0.17052115499973297,3.1392383791463985,80.6631532901966,35.7,42.7
14.361182,48,0,-0.11562623083591461,0.041082967072725296,-0.02665470354259014,0.0,0.12556953715675712,160.4394485753626,35.2,53.400000000000006
14.361182,48,1,-0.8787593245506287,2.0046792030334473,-0.9493082761764526,0.0,2.3858212130787595,113.67043871084962,15.200000000000001,55.5
14.361182,48,2,-1.8500198125839233,1.5848838090896606,1.774195909500122,0.0,3.0136690462880247,139.41383888781817,13.9,63.6
14.361182,48,3,-2.374191999435425,1.928480863571167,1.733798861503601,0.0,3.5159471815564234,140.91413903500992,12.700000000000001,69.4
14.361182,48,4,-1.0791782140731812,2.745107889175415,-1.913541555404663,0.0,3.515947130604182,111.46116901967034,12.700000000000001,69.4
14.678926,49,0,-0.11562623083591461,0.0411260612308979,-0.026588158681988716,0.0,0.12556953592247758,160.4204902014747,34.9,53.800000000000004
14.678926,49,1,-0.8787593245506287,2.030824899673462,-0.8920064568519592,0.0,2.385821293115641,113.39864346465664,15.0,55.800000000000004
14.678926,49,2,-1.8500198125839233,1.5376006364822388,1.8153270483016968,0.0,3.0136690788073253,140.26912893902647,14.0,63.7
14.678926,49,3,-2.374191999435425,1.873788833618164,1.7927665710449219,0.0,3.5159471300677243,141.71836049498765,12.4,69.4
14.978649,50,0,-0.11562623083591461,0.04111339524388313,-0.02660774253308773,0.0,0.12556953646687977,160.42606187482946,35.6,53.1
14.978649,50,1,-0.8055294156074524,2.023469924926758,-0.97408127784729,0.0,2.385821140057358,111.70716026171782,15.4,55.2
14.978649,50,2,-0.0886467844247818,2.8667807579040527,0.3388632535934448,0.0,2.888099456548151,91.77113952594799,16.7,61.300000000000004
14.978649,50,3,-1.8615823984146118,1.304589867591858,1.7814809083938599,0.0,2.8880993708115814,144.97737460732378,16.7,61.300000000000004
15.290568,51,0,-0.11562623083591461,0.04109983891248703,-0.026628678664565086,0.0,0.1255695366853492,160.43202563095926,35.5,53.1
15.290568,51,1,-0.8787593245506287,2.0237529277801514,-0.9079362750053406,0.0,2.3858210625807597,113.47157673444548,15.5,54.800000000000004
15.290568,51,2,-1.8500198125839233,1.553629755973816,1.8016277551651,0.0,3.013669075028237,139.97676655555833,14.5,62.7
15.290568,51,3,-2.570756673812866,2.1115877628326416,1.4808954000473022,0.0,3.64151670900728,140.60073962277687,11.4,70.7
15.290568,51,4,-1.2294923067092896,2.5322580337524414,-2.310121774673462,0.0,3.6415168124809716,115.8980568172197,11.4,70.7
15.658453,52,0,-0.11562623083591461,0.04113698750734329,-0.026571251451969147,0.0,0.12556953612331018,160.41568412347016,35.2,53.400000000000006
15.658453,52,1,-0.8787593245506287,2.0339176654815674,-0.8849314451217651,0.0,2.385821175823528,113.36688204205973,15.3,55.2
15.658453,52,2,-1.8500198125839233,1.5224106311798096,1.8280847072601318,0.0,3.013669048485703,140.54849410771186,14.0,63.2
15.658453,52,3,-1.2294923067092896,2.774655342102051,-2.012531042098999,0.0,3.6415168261488042,113.8988660431612,11.9,70.7
15.658453,52,4,-2.570756673812866,2.0290348529815674,1.592128038406372,0.0,3.641516717145075,141.71683827740466,11.9,70.7
16.161907,53,0,-0.11562623083591461,0.041161637753248215,-0.026533052325248718,0.0,0.12556953669399368,160.4048424160223,35.2,53.5
16.161907,53,1,-0.8787593245506287,2.0473921298980713,-0.8532938361167908,0.0,2.3858212118279414,113.22944969684399,15.0,55.6
16.161907,53,2,0.5781311392784119,1.3274056911468506,-2.7854220867156982,0.0,3.139238392390109,66.46520709029446,12.3,65.10000000000001
16.161907,53,3,-1.7343934774398804,2.5459134578704834,0.6041699051856995,0.0,3.1392383381776128,124.26449304921016,12.3,65.10000000000001
16.161907,53,4,-1.117720365524292,2.7047526836395264,-2.1669466495513916,0.0,3.641516672646849,112.45252292284552,11.4,70.8
16.161907,53,5,-2.570756673812866,2.090402126312256,1.5106531381607056,0.0,3.641516693560388,140.88383149266855,11.4,70.8
16.161907,53,6,-0.09250099211931229,2.9265096187591553,0.71357262134552,0.34104230999946594,3.0136690044141927,91.81039983229091,33.4,40.1
16.485905,54,0,-0.11562623083591461,0.04115564376115799,-0.02654234506189823,0.0,0.12556953592372805,160.40747856808275,35.300000000000004,53.300000000000004
16.485905,54,1,-0.8787593245506287,2.017064094543457,-0.9227012991905212,0.0,2.38582128406739,113.54095444130455,15.4,55.1
16.485905,54,2,-1.8500198125839233,1.5088105201721191,1.8393256664276123,0.0,3.0136690926368304,140.800536049984,14.5,62.900000000000006
16.485905,54,3,-2.374191999435425,2.079204797744751,1.549839973449707,0.0,3.5159471248086995,138.78966179397605,13.4,69.3
16.485905,54,4,-1.0791782140731812,2.6950905323028564,-1.9833672046661377,0.0,3.5159471076203412,111.82233587829064,13.4,69.3
16.485905,54,5,1.2950139045715332,4.957086086273193,3.174750566482544,0.0,6.027338105593391,75.35898817320191,11.3,70.2
16.485905,54,6,3.7000396251678467,3.971487283706665,-2.620267391204834,0.0,6.027338191429725,47.02649609155005,11.3,70.2
16.485905,54,7,-2.031167507171631,1.8390952348709106,-2.7649331092834473,0.25578173995018005,3.892655626166607,137.84112731068717,14.5,50.300000000000004
16.485905,54,8,-3.7038936614990234,1.0729440450668335,0.5317245125770569,0.25578173995018005,3.892655666355853,163.84475291070513,14.5,50.300000000000004
16.485905,54,9,0.5241722464561462,3.3075995445251465,-2.6481127738952637,0.34104230999946594,4.269364420398557,80.99493145466224,13.600000000000001,53.6
16.485905,54,10,-0.09635519236326218,3.076906442642212,0.6149627566337585,0.42630288004875183,3.1392382470776417,91.79366592682521,26.700000000000003,41.2
16.786991,55,0,-0.11562623083591461,0.041187480092048645,-0.02649291604757309,0.0,0.12556953601235002,160.39347796860733,35.7,53.0
16.786991,55,1,-0.8055294156074524,2.02542781829834,-0.9700035452842712,0.0,2.3858211090544303,111.68812542605409,15.100000000000001,55.0
16.786991,55,2,-1.8500198125839233,1.50055730342865,1.8460649251937866,0.0,3.0136690654179095,140.95437497998273,15.0,62.7
16.786991,55,3,-2.482109785079956,1.7696598768234253,1.7519471645355225,0.0,3.515947088929585,144.51242236136594,13.3,69.0
16.786991,55,4,-1.0791782140731812,2.7132835388183594,-1.9584052562713623,0.0,3.5159471451579245,111.68963659183125,13.3,69.0
16.786991,55,5,1.618767261505127,3.982985019683838,0.9115188717842102,-0.25578173995018005,4.3949338752210405,67.8821609358573,14.0,43.6
17.080552,56,0,-0.11562623083591461,0.041101839393377304,-0.02662559039890766,0.0,0.12556953660394546,160.4311455435563,35.5,53.2
17.080552,56,1,-0.8055294156074524,2.019928216934204,-0.9814047813415527,0.0,2.3858212392834335,111.74167400416371,15.100000000000001,55.2
17.080552,56,2,-1.9425207376480103,1.3588780164718628,1.8607161045074463,0.0,3.0136689767485145,145.02553244328476,14.600000000000001,62.800000000000004
17.080552,56,3,-2.570756673812866,2.12587308883667,1.4603142738342285,0.0,3.6415167230368923,140.41114022865685,11.600000000000001,70.60000000000001
17.080552,56,4,-1.2294923067092896,2.595848798751831,-2.2384285926818848,0.0,3.641516838183569,115.34400755280531,11.600000000000001,70.60000000000001
17.080552,56,5,1.2950139045715332,4.819055557250977,3.380599021911621,0.0,6.027338320009499,74.95838879904522,11.9,69.9
17.080552,56,6,3.7000396251678467,4.011565685272217,-2.558486223220825,0.0,6.0273380716097655,47.31332229454847,11.9,69.9
17.385628,57,0,-0.11562623083591461,0.04113495722413063,-0.026574397459626198,0.0,0.12556953676546495,160.41657715070386,35.4,53.300000000000004
17.385628,57,1,-0.8787593245506287,2.0142133235931396,-0.928907573223114,0.0,2.385821146485221,113.57064080540063,15.100000000000001,55.300000000000004
17.385628,57,2,-1.8500198125839233,1.5920541286468506,1.7677645683288574,0.0,3.013669063539235,139.28601061073576,14.600000000000001,63.0
17.385628,57,3,-1.2294923067092896,2.6995463371276855,-2.112212657928467,0.0,3.6415167267046944,114.48660983120405,11.600000000000001,70.7
17.385628,57,4,-2.570756673812866,2.013559341430664,1.6116552352905273,0.0,3.641516675075846,141.9299814027499,11.600000000000001,70.7
17.385628,57,5,1.2950139045715332,5.062089920043945,3.004495143890381,0.0,6.027338255092791,75.65002344571374,11.8,69.9
17.691284,58,0,-0.11562623083591461,0.04113142192363739,-0.02657986618578434,0.0,0.12556953616715597,160.41813218873472,35.5,53.2
17.691284,58,1,-0.8055294156074524,2.0092151165008545,-1.0031545162200928,0.0,2.3858210341928823,111.84671103235597,15.0,55.400000000000006
17.691284,58,2,-1.8500198125839233,1.4434001445770264,1.8910906314849854,0.0,3.01366903637548,142.0383625033846,14.3,63.300000000000004
17.691284,58,3,-2.374191999435425,2.0487513542175293,1.5898789167404175,0.0,3.515947202602312,139.20824599442207,13.0,69.3
17.691284,58,4,-1.0791782140731812,2.7508254051208496,-1.9053130149841309,0.0,3.5159470576583467,111.4206079896993,13.0,69.3
17.691284,58,5,1.2950139045715332,5.006062984466553,3.096946954727173,0.0,6.027338389195822,75.49615964895081,11.700000000000001,70.0
17.988557,59,0,-0.11562623083591461,0.04110953211784363,-0.026613712310791016,0.0,0.1255695367962699,160.4277613118917,35.300000000000004,53.400000000000006
17.988557,59,1,-0.8055294156074524,2.0403504371643066,-0.9382086396217346,0.0,2.385821241691491,111.54408392918947,15.100000000000001,55.300000000000004
17.988557,59,2,-1.8500198125839233,1.381299614906311,1.9369149208068848,0.0,3.0136690832833186,143.2534936935499,15.0,62.800000000000004
17.988557,59,3,-2.570756673812866,2.055851459503174,1.5573468208312988,0.0,3.6415167471601824,141.35043839583707,11.5,70.7
17.988557,59,4,-1.2294923067092896,2.7634191513061523,-2.0279316902160645,0.0,3.6415166727952144,113.98509696039719,11.5,70.7
17.988557,59,5,1.2950139045715332,4.871608257293701,3.304417610168457,0.0,6.027338033324264,75.11340985222827,11.9,69.9
17.988557,59,6,0.11177203059196472,3.5120930671691895,0.9556949734687805,0.34104230999946594,3.641516659524439,88.17718245333965,21.200000000000003,40.900000000000006
17.988557,59,7,-0.7014657855033875,1.2166283130645752,0.8321682214736938,-0.42630288004875183,1.6324039479286152,119.96626111049267,14.3,41.2
18.294657,60,0,-0.11562623083591461,0.04112423583865166,-0.02659098245203495,0.0,0.12556953602843995,160.42129315416133,35.1,53.6
18.294657,60,1,-0.8055294156074524,2.029618978500366,-0.9612031579017639,0.0,2.3858211056275946,111.64748517140531,15.200000000000001,55.300000000000004
18.294657,60,2,-1.8500198125839233,1.5443109273910522,1.8096219301223755,0.0,3.013669039126941,140.14643350618124,14.700000000000001,62.800000000000004
18.294657,60,3,-1.2294923067092896,2.6966638565063477,-2.115891456604004,0.0,3.641516709198906,114.50970684182404,11.5,70.7
18.294657,60,4,-2.570756673812866,2.0734808444976807,1.5337963104248047,0.0,3.6415166909304357,141.11158773695095,11.5,70.7
18.294657,60,5,1.2950139045715332,4.95351505279541,3.1803195476531982,0.0,6.027338120305627,75.34888730840032,11.5,69.9
18.593642,61,0,-0.11562623083591461,0.0410875603556633,-0.026647616177797318,0.0,0.12556953580092461,160.4374276442266,35.1,53.5
18.593642,61,1,-0.8055294156074524,2.0267961025238037,-0.9671413898468018,0.0,2.385821147649037,111.67484168056652,15.4,55.300000000000004
18.593642,61,2,-1.8500198125839233,1.4738295078277588,1.867472767829895,0.0,3.0136690700345845,141.45720760817522,14.4,63.1
18.593642,61,3,-2.374191999435425,2.0428245067596436,1.5974870920181274,0.0,3.51594718742553,139.29033042560616,13.0,69.2
18.593642,61,4,-1.0791782140731812,2.8066465854644775,-1.8220847845077515,0.0,3.515947046723578,111.03215366535446,13.0,69.2
18.593642,61,5,1.2950139045715332,5.044291019439697,3.03428316116333,0.0,6.02733831835852,75.60149077260338,11.700000000000001,69.8
18.879313,62,0,-0.11562623083591461,0.041132789105176926,-0.026577750220894814,0.0,0.12556953612917207,160.4175308164096,35.5,53.2
18.879313,62,1,-0.8055294156074524,2.012160062789917,-0.9972346425056458,0.0,2.3858211772697824,111.81774110301356,15.5,54.900000000000006
18.879313,62,2,-1.8500198125839233,1.5087954998016357,1.839337944984436,0.0,3.0136690666087227,140.80081541784358,15.3,62.300000000000004
18.879313,62,3,-2.374191999435425,1.9964238405227661,1.6551098823547363,0.0,3.515947173075722,139.94000430024678,13.200000000000001,69.0
18.879313,62,4,-1.0791782140731812,2.7339746952056885,-1.9294143915176392,0.0,3.515946977124456,111.54057115381809,13.200000000000001,69.0
18.879313,62,5,1.2950139045715332,4.995938301086426,3.113253116607666,0.0,6.027338176124124,75.4680096730519,11.5,70.0
18.879313,62,6,-1.1948044300079346,3.7031502723693848,-0.1090354397892952,0.25578173995018005,3.8926556863979225,107.88205743228839,11.8,46.400000000000006
19.201171,63,0,-0.11562623083591461,0.04110785573720932,-0.026616299524903297,0.0,0.12556953635747323,160.4284987836782,35.7,53.0
19.201171,63,1,-0.8055294156074524,2.043712854385376,-0.9308610558509827,0.0,2.3858210695458517,111.51187920607738,15.4,55.0
19.201171,63,2,-1.8500198125839233,1.5079795122146606,1.840006947517395,0.0,3.013669040077975,140.81599552701908,14.700000000000001,62.800000000000004
19.201171,63,3,-2.374191999435425,2.0200753211975098,1.6261588335037231,0.0,3.51594717043311,139.60728477710563,13.100000000000001,69.10000000000001
19.201171,63,4,-1.1870959997177124,2.677640438079834,-1.94497549533844,0.0,3.5159472273703383,113.90946230302268,13.100000000000001,69.10000000000001
19.201171,63,5,1.2950139045715332,5.076373100280762,2.9802989959716797,0.0,6.027338299090032,75.6887386698116,11.700000000000001,69.9
19.201171,63,6,0.0,3.549117088317871,0.8151144981384277,0.25578173995018005,3.641516682876159,90.0,21.5,41.400000000000006
19.49597,64,0,-0.11562623083591461,0.041148796677589417,-0.0265529602766037,0.0,0.12556953621314645,160.41049001462187,35.7,53.0
19.49597,64,1,-0.8055294156074524,2.017526865005493,-0.9863318800926208,0.0,2.3858212146166404,111.76513450793776,15.4,55.0
19.49597,64,2,-1.8500198125839233,1.4977138042449951,1.8483725786209106,0.0,3.013669048813553,141.00753321687307,15.100000000000001,62.6
19.49597,64,3,-2.570756673812866,2.0578157901763916,1.5547502040863037,0.0,3.641516703155305,141.32374555528148,11.4,70.8
19.49597,64,4,-1.2294923067092896,2.695493221282959,-2.117382526397705,0.0,3.6415166896959352,114.51909869415216,11.4,70.8
19.49597,64,5,1.2950139045715332,5.02463960647583,3.0667147636413574,0.0,6.0273380218414045,75.54753222105572,11.3,70.10000000000001
19.799393,65,0,-0.11562623083591461,0.04112593084573746,-0.02658836357295513,0.0,0.12556953660317552,160.4205475549726,35.4,53.300000000000004
19.799393,65,1,-0.8055294156074524,2.006136417388916,-1.0092976093292236,0.0,2.3858211644590224,111.87707503724108,15.3,55.1
19.799393,65,2,-1.8500198125839233,1.4907771348953247,1.8539718389511108,0.0,3.0136690847708434,141.1375475541059,14.4,63.2
19.799393,65,3,-2.374191999435425,2.0044052600860596,1.645435094833374,0.0,3.5159472049723894,139.82735934438054,12.9,69.4
19.799393,65,4,-1.0791782140731812,2.757514476776123,-1.8956190347671509,0.0,3.515946989408632,111.37333966630662,12.9,69.4
19.799393,65,5,1.2950139045715332,4.83980131149292,3.3508312702178955,0.0,6.027338380183434,75.01996038527749,11.8,69.7
20.075934,66,0,-0.11562623083591461,0.04111497476696968,-0.026605302467942238,0.0,0.12556953661943432,160.42536703335588,35.5,53.2
20.075934,66,1,-0.8787593245506287,1.9903227090835571,-0.9790506362915039,0.0,2.38582115532602,113.82222567265828,15.4,55.1
20.075934,66,2,-1.8500198125839233,1.4947690963745117,1.850754737854004,0.0,3.0136690359291896,141.0626678117594,14.9,62.800000000000004
20.075934,66,3,-2.374191999435425,2.0358595848083496,1.606353759765625,0.0,3.515947141347885,139.38705107678743,12.9,69.3
20.075934,66,4,-1.0791782140731812,2.7482752799987793,-1.908989429473877,0.0,3.5159469953663334,111.43868094646537,12.9,69.3
20.075934,66,5,1.2950139045715332,5.124217510223389,2.897264003753662,0.0,6.027338119979689,75.8169458692452,11.600000000000001,69.9
20.3887,67,0,-0.11562623083591461,0.04111413657665253,-0.026606595143675804,0.0,0.1255695360702719,160.4257357574482,35.6,53.1
20.3887,67,1,-0.8787593245506287,2.048642635345459,-0.850287139415741,0.0,2.385821203966397,113.21677260582213,15.5,54.800000000000004
20.3887,67,2,-1.8500198125839233,1.372263789176941,1.9433270692825317,0.0,3.0136690780916116,143.4335923613545,15.100000000000001,62.6
20.3887,67,3,-2.374191999435425,1.9496256113052368,1.7099872827529907,0.0,3.515947124405806,140.60803718677556,13.0,69.2
20.3887,67,4,-1.0791782140731812,2.7624380588531494,-1.888437032699585,0.0,3.515947108988096,111.33867403458895,13.0,69.2
20.3887,67,5,1.2950139045715332,4.951894283294678,3.182842493057251,0.0,6.027338080908605,75.3442983736456,11.4,70.10000000000001
20.695925,68,0,-0.11562623083591461,0.04112311452627182,-0.026592716574668884,0.0,0.12556953603673843,160.42178640049474,35.7,53.0
20.695925,68,1,-0.8055294156074524,2.0666589736938477,-0.8787407279014587,0.0,2.385821078754854,111.29453091989299,15.4,55.0
20.695925,68,2,-1.8500198125839233,1.514228105545044,1.8348681926727295,0.0,3.0136690838673172,140.69991776048454,14.4,63.2
20.695925,68,3,-2.374191999435425,2.0456583499908447,1.5938564538955688,0.0,3.515947117164165,139.2510575625454,13.3,69.2
20.695925,68,4,-1.0791782140731812,2.774458169937134,-1.870732307434082,0.0,3.515946973510655,111.25449234361108,13.3,69.2
20.695925,68,5,1.2950139045715332,5.188049793243408,2.7813451290130615,0.0,6.027337919586993,75.98453160527923,11.9,69.5
20.695925,68,6,3.515037775039673,3.9900145530700684,-2.8377976417541504,0.0,6.027337899040687,48.62128294485561,11.9,69.5
20.983193,69,0,-0.11562623083591461,0.04115042835474014,-0.026550430804491043,0.0,0.12556953606270463,160.40977236914958,35.5,53.2
20.983193,69,1,-0.8055294156074524,2.0510551929473877,-0.9145694375038147,0.0,2.3858210955437067,111.44187325696126,15.100000000000001,55.2
20.983193,69,2,-1.8500198125839233,1.4851406812667847,1.858489990234375,0.0,3.0136690584581434,141.2435432509153,14.5,63.2
20.983193,69,3,-2.374191999435425,2.047976016998291,1.5908771753311157,0.0,3.51594704217411,139.2189725812185,13.3,69.10000000000001
20.983193,69,4,-1.0791782140731812,2.7392842769622803,-1.9218688011169434,0.0,3.5159470497221115,111.5026334336591,13.3,69.10000000000001
20.983193,69,5,1.2950139045715332,5.037387847900391,3.045729637145996,0.0,6.027338248829048,75.5825811430306,11.600000000000001,69.8
21.280639,70,0,-0.11562623083591461,0.04113374277949333,-0.02657627873122692,0.0,0.12556953708431673,160.41711133319583,35.300000000000004,53.400000000000006
21.280639,70,1,-0.8055294156074524,2.0248146057128906,-0.9712831974029541,0.0,2.3858212163685772,111.69408372215939,14.9,55.400000000000006
21.280639,70,2,-1.8500198125839233,1.4960328340530396,1.8497333526611328,0.0,3.013669030179794,141.03899598301263,14.5,63.2
21.280639,70,3,-2.374191999435425,2.0160961151123047,1.6310895681381226,0.0,3.5159471518842706,139.6630341480551,13.100000000000001,69.10000000000001
21.280639,70,4,-1.0791782140731812,2.7157602310180664,-1.9549691677093506,0.0,3.515947055460829,111.6716903632792,13.100000000000001,69.10000000000001
21.280639,70,5,1.2950139045715332,5.053793430328369,3.018429756164551,0.0,6.027338321544875,75.62744113015154,11.4,70.10000000000001
21.59023,71,0,-0.11562623083591461,0.04111839830875397,-0.026600008830428123,0.0,0.12556953614064362,160.42386101780826,35.800000000000004,52.900000000000006
21.59023,71,1,-0.8055294156074524,1.998878836631775,-1.0235956907272339,0.0,2.3858211125351887,111.94897227060196,15.9,54.7
21.59023,71,2,-1.8500198125839233,1.4825729131698608,1.8605389595031738,0.0,3.0136690212508697,141.29193577811643,14.5,63.1
21.59023,71,3,-2.374191999435425,2.073969602584839,1.5568387508392334,0.0,3.5159471638157136,138.86124182767387,13.3,69.4
21.59023,71,4,-1.0791782140731812,2.7571113109588623,-1.8962054252624512,0.0,3.515947015178447,111.37618300558695,13.3,69.4
21.59023,71,5,1.2950139045715332,5.074085712432861,2.9841911792755127,0.0,6.027338038024305,75.6825523595449,11.600000000000001,69.7
21.884364,72,0,-0.11562623083591461,0.041146766394376755,-0.02655610628426075,0.0,0.1255695362060981,160.41138298424542,35.800000000000004,52.900000000000006
21.884364,72,1,-0.8055294156074524,2.041127920150757,-0.9365158677101135,0.0,2.385821199566444,111.53662915480798,15.700000000000001,54.800000000000004
21.884364,72,2,-1.8500198125839233,1.5187668800354004,1.8311131000518799,0.0,3.013669080709945,140.61584327981936,14.700000000000001,62.900000000000006
21.884364,72,3,-2.374191999435425,1.969403624534607,1.6871709823608398,0.0,3.5159471284752946,140.32413105545078,12.8,69.5
21.884364,72,4,-1.0791782140731812,2.7493231296539307,-1.9074801206588745,0.0,3.515947055871157,111.43125122946596,12.8,69.5
21.884364,72,5,1.2950139045715332,5.018401145935059,3.076913356781006,0.0,6.027338291459446,75.53031988634979,11.700000000000001,69.60000000000001
22.178008,73,0,-0.11562623083591461,0.041129957884550095,-0.026582131162285805,0.0,0.12556953607477428,160.41877617007296,35.4,53.2
22.178008,73,1,-0.8787593245506287,2.0432348251342773,-0.8632010817527771,0.0,2.3858211602434376,113.27168883567204,15.3,55.2
22.178008,73,2,-1.8500198125839233,1.5112107992172241,1.837354063987732,0.0,3.013669083206723,140.7559211603241,14.600000000000001,63.0
22.178008,73,3,-2.570756673812866,2.1299057006835938,1.4544264078140259,0.0,3.6415167644135145,140.35780509161268,11.3,70.8
22.178008,73,4,-1.117720365524292,2.653813362121582,-2.2290401458740234,0.0,3.6415167373500976,112.83961889344371,11.3,70.8
22.178008,73,5,1.2950139045715332,5.012857437133789,3.085937023162842,0.0,6.027338385140516,75.51499071513324,11.3,70.10000000000001
22.479302,74,0,-0.11562623083591461,0.04114841669797897,-0.026553548872470856,0.0,0.12556953616141706,160.41065713845853,35.300000000000004,53.400000000000006
22.479302,74,1,-0.8055294156074524,2.026442289352417,-0.9678822755813599,0.0,2.3858210517281675,111.67827512826435,15.5,55.0
22.479302,74,2,-1.8500198125839233,1.5040719509124756,1.8432024717330933,0.0,3.0136690415965885,140.8887802418609,14.600000000000001,63.0
22.479302,74,3,-2.374191999435425,2.045027256011963,1.5946662425994873,0.0,3.515947177262674,139.2597995769662,12.8,69.4
22.479302,74,4,-1.0791782140731812,2.8079512119293213,-1.8200737237930298,0.0,3.515947096636602,111.02323567715199,12.8,69.4
22.479302,74,5,1.2950139045715332,5.016294002532959,3.0803475379943848,0.0,6.027338341897675,75.52449706677169,11.200000000000001,70.10000000000001
22.782043,75,0,-0.11562623083591461,0.04113514721393585,-0.02657410316169262,0.0,0.1255695367216136,160.41649358259775,35.4,53.300000000000004
22.782043,75,1,-0.8055294156074524,2.051011800765991,-0.9146665930747986,0.0,2.3858210374580273,111.44228570684189,15.600000000000001,55.0
22.782043,75,2,-1.8500198125839233,1.5481675863265991,1.8063236474990845,0.0,3.0136690763618654,140.07611365846782,14.700000000000001,62.900000000000006
22.782043,75,3,-2.374191999435425,2.0066990852355957,1.6426366567611694,0.0,3.5159471064002186,139.7950546672266,12.600000000000001,69.5
22.782043,75,4,-1.0791782140731812,2.8001279830932617,-1.8320865631103516,0.0,3.5159470294874495,111.07682105742288,12.600000000000001,69.5
23.067901,76,0,-0.11562623083591461,0.04114057868719101,-0.02656569331884384,0.0,0.12556953664622655,160.4141045545972,35.300000000000004,53.400000000000006
23.067901,76,1,-0.8055294156074524,2.011672019958496,-0.9982186555862427,0.0,2.3858211248233143,111.82253700895244,15.5,55.1
23.067901,76,2,-1.8500198125839233,1.5249251127243042,1.825987696647644,0.0,3.013669022085679,140.5020936042874,14.3,63.300000000000004
23.067901,76,3,-2.374191999435425,2.0428173542022705,1.5974961519241333,0.0,3.5159471480990097,139.29042960809858,12.9,69.4
23.067901,76,4,-1.1870959997177124,2.713167905807495,-1.8951010704040527,0.0,3.51594724998772,113.63088506319362,12.9,69.4
23.067901,76,5,1.2950139045715332,5.088577747344971,2.9594125747680664,0.0,6.0273383256213,75.72165823309578,11.700000000000001,69.9
23.386592,77,0,-0.11562623083591461,0.04111485928297043,-0.026605479419231415,0.0,0.1255695362988405,160.4254178352417,35.4,53.300000000000004
23.386592,77,1,-0.8787593245506287,2.0575761795043945,-0.8284354209899902,0.0,2.3858212279421607,113.12658706569823,15.3,55.300000000000004
23.386592,77,2,-1.8500198125839233,1.5653966665267944,1.7914131879806519,0.0,3.013669066204393,139.76372675855956,14.200000000000001,63.300000000000004
23.386592,77,3,-2.374191999435425,2.014160394668579,1.633479356765747,0.0,3.5159471774494144,139.69018728468353,12.600000000000001,69.5
23.386592,77,4,-1.0791782140731812,2.812408447265625,-1.8131786584854126,0.0,3.515947061542336,110.99282191505768,12.600000000000001,69.5
23.386592,77,5,1.2950139045715332,4.990480422973633,3.1219944953918457,0.0,6.027338176539764,75.45279056579021,11.5,70.0
23.683838,78,0,-0.11562623083591461,0.041132714599370956,-0.026577865704894066,0.0,0.12556953616646396,160.41756358862767,35.300000000000004,53.300000000000004
23.683838,78,1,-0.8787593245506287,2.0398550033569336,-0.8711579442024231,0.0,2.3858211477292226,113.30613562616172,15.100000000000001,55.300000000000004
23.683838,78,2,-1.8500198125839233,1.552027940750122,1.8030078411102295,0.0,3.013669077872866,140.00587078636093,14.5,63.0
23.683838,78,3,-2.374191999435425,2.046449899673462,1.5928400754928589,0.0,3.5159471480886624,139.24009613862398,13.100000000000001,69.3
23.683838,78,4,-1.0791782140731812,2.8081870079040527,-1.8197097778320312,0.0,3.5159470366643464,111.02162462545358,13.100000000000001,69.3
23.980564,79,0,-0.11562623083591461,0.0411270335316658,-0.026586659252643585,0.0,0.12556953688953046,160.42006250953557,35.5,53.2
23.980564,79,1,-0.8055294156074524,2.043423652648926,-0.9314960837364197,0.0,2.3858212040365157,111.51464553119573,15.4,54.900000000000006
23.980564,79,2,-1.8500198125839233,1.530746579170227,1.8211103677749634,0.0,3.013669087377025,140.3949055960724,14.9,62.7
23.980564,79,3,-2.482109785079956,1.787666916847229,1.7335691452026367,0.0,3.515947094593197,144.23778459104062,13.200000000000001,69.10000000000001
23.980564,79,4,-1.0791782140731812,2.751964569091797,-1.9036673307418823,0.0,3.515947086262918,111.41254401621939,13.200000000000001,69.10000000000001
23.980564,79,5,1.2950139045715332,5.125843048095703,2.8943872451782227,0.0,6.027338176325851,75.82126226434853,11.700000000000001,69.9
23.980564,79,6,-7.0532002449035645,2.731001377105713,1.2106374502182007,-0.34104230999946594,7.65974185285195,158.83358086455232,12.700000000000001,41.2
23.980564,79,7,-4.23192024230957,4.927762508392334,-4.059514045715332,-0.34104230999946594,7.6597419384563254,130.65570177674724,12.700000000000001,41.2
24.279129,80,0,-0.11562623083591461,0.04114287346601486,-0.02656213566660881,0.0,0.12556953589757372,160.41309521976027,35.300000000000004,53.400000000000006
24.279129,80,1,-0.8055294156074524,2.0458176136016846,-0.9262260794639587,0.0,2.3858210531829394,111.49176677459558,15.100000000000001,55.300000000000004
24.279129,80,2,-1.8500198125839233,1.6116734743118286,1.7498961687088013,0.0,3.0136690753988162,138.93874308865009,14.4,63.1
24.279129,80,3,-2.374191999435425,2.021637201309204,1.6242165565490723,0.0,3.515947105186399,139.58542775618278,13.5,69.2
24.279129,80,4,-1.0791782140731812,2.7601559162139893,-1.8917710781097412,0.0,3.515947114436416,111.35472865602055,13.5,69.2
24.279129,80,5,1.2950139045715332,5.005365371704102,3.0980734825134277,0.0,6.0273379547144215,75.49422347793575,11.600000000000001,69.8
24.279129,80,6,3.7000396251678467,4.066183567047119,-2.470761299133301,0.0,6.027338004959663,47.69925028636723,11.600000000000001,69.8
24.582852,81,0,-0.11562623083591461,0.0411398746073246,-0.026566781103610992,0.0,0.1255695361074245,160.4144142394134,35.300000000000004,53.400000000000006
24.582852,81,1,-0.8055294156074524,2.028019905090332,-0.9645723104476929,0.0,2.3858210571905603,111.6629737249011,15.3,55.1
24.582852,81,2,-1.8500198125839233,1.4617732763290405,1.8769248723983765,0.0,3.0136690918165607,141.68635206288022,14.5,63.1
24.582852,81,3,-2.374191999435425,1.9314137697219849,1.7305309772491455,0.0,3.515947136018082,140.87152114516581,12.200000000000001,69.2
24.582852,81,4,-1.1870959997177124,2.760573387145996,-1.8253552913665771,0.0,3.515947138124303,113.26857086566592,12.200000000000001,69.2
24.582852,81,5,1.2950139045715332,5.072482109069824,2.9869160652160645,0.0,6.027337997865465,75.67821224197954,11.3,70.2
24.582852,81,6,3.7000396251678467,3.960472822189331,-2.63688588142395,0.0,6.027338164958517,46.94712538522099,11.3,70.2
24.893974,82,0,-0.11562623083591461,0.04114135727286339,-0.02656448818743229,0.0,0.12556953678434046,160.41376210028787,35.300000000000004,53.400000000000006
24.893974,82,1,-0.8055294156074524,2.0239815711975098,-0.9730178713798523,0.0,2.3858212041099396,111.7021829169373,15.200000000000001,55.300000000000004
24.893974,82,2,-1.8500198125839233,1.5363270044326782,1.8164050579071045,0.0,3.0136690770375987,140.2924663306741,14.600000000000001,63.1
24.893974,82,3,-2.374191999435425,1.9872492551803589,1.666114330291748,0.0,3.5159471290111277,140.0699505960398,12.9,69.3
24.893974,82,4,-1.0791782140731812,2.67730450630188,-2.0073113441467285,0.0,3.515947080024766,111.95356777108911,12.9,69.3
24.893974,82,5,1.2950139045715332,5.118503570556641,2.9073472023010254,0.0,6.027338348687776,75.801752829991,11.700000000000001,69.8
24.893974,82,6,3.7000396251678467,3.950223207473755,-2.6522157192230225,0.0,6.027338122087573,46.87305415647918,11.700000000000001,69.8
25.177026,83,0,-0.11562623083591461,0.04111291840672493,-0.026608478277921677,0.0,0.1255695362478689,160.42627163947077,34.9,53.800000000000004
25.177026,83,1,-0.8787593245506287,2.033881664276123,-0.8850144147872925,0.0,2.3858212609381666,113.36725129130411,14.8,55.7
25.177026,83,2,-1.8500198125839233,1.5091533660888672,1.8390443325042725,0.0,3.0136690671416626,140.79415997185092,14.3,63.2
25.177026,83,3,-2.570756673812866,2.06459641456604,1.5457348823547363,0.0,3.641516793524444,141.23175799057105,11.600000000000001,70.9
25.177026,83,4,-1.2294923067092896,2.634258508682251,-2.1930971145629883,0.0,3.64151674123938,115.01995951973356,11.600000000000001,70.9
25.474642,84,0,-0.11562623083591461,0.04112256318330765,-0.026593569666147232,0.0,0.12556953614501237,160.42202892803877,35.5,53.2
25.474642,84,1,-0.8787593245506287,2.022310733795166,-0.9111446142196655,0.0,2.3858212763175124,113.48650277246429,15.5,55.0
25.474642,84,2,-1.8500198125839233,1.4422852993011475,1.8919410705566406,0.0,3.0136690604630534,142.0598312217523,14.600000000000001,63.1
25.474642,84,3,-2.374191999435425,1.9973372220993042,1.6540074348449707,0.0,3.5159471303603222,139.92709446538944,13.0,69.3
25.474642,84,4,-1.0791782140731812,2.722015619277954,-1.9462499618530273,0.0,3.515947036480532,111.62648914858715,13.0,69.3
25.474642,84,5,-1.2294923067092896,2.6617488861083984,-2.15964937210083,0.0,3.641516699861768,114.7927561762656,11.5,70.8
25.474642,84,6,-2.570756673812866,2.032163381576538,1.5881328582763672,0.0,3.641516697876181,141.67390064204093,11.5,70.8
25.474642,84,7,1.2950139045715332,4.996825695037842,3.1118290424346924,0.0,6.027338386797611,75.47048119649993,11.3,70.2
25.786602,85,0,-0.11562623083591461,0.04110317304730415,-0.02662353217601776,0.0,0.1255695367412188,160.4305588239603,35.0,53.7
25.786602,85,1,-0.8055294156074524,2.0232203006744385,-0.9745995998382568,0.0,2.3858211174509583,111.7095894194807,15.100000000000001,55.400000000000006
25.786602,85,2,-1.8500198125839233,1.5255098342895508,1.8254992961883545,0.0,3.013669066412463,140.4913124250177,14.5,63.0
25.786602,85,3,-2.374191999435425,2.029365301132202,1.6145505905151367,0.0,3.5159472102059994,139.47748904555854,13.200000000000001,69.3
25.786602,85,4,-1.0791782140731812,2.6977851390838623,-1.9797003269195557,0.0,3.5159470500559746,111.80258413373842,13.200000000000001,69.3
26.090178,86,0,-0.11562623083591461,0.04112973064184189,-0.02658248506486416,0.0,0.1255695365612791,160.41887612692557,34.5,54.1
26.090178,86,1,-0.8787593245506287,2.0014989376068115,-0.9559952020645142,0.0,2.385821194913031,113.7039053394204,14.9,55.6
26.090178,86,2,-1.8500198125839233,1.4949617385864258,1.8505991697311401,0.0,3.0136690584402244,141.05905829345582,14.4,63.2
26.090178,86,3,-2.570756673812866,2.0514328479766846,1.5631625652313232,0.0,3.6415166910302212,141.41055465846162,11.4,70.8
26.090178,86,4,-1.2294923067092896,2.678274154663086,-2.1391212940216064,0.0,3.641516674454515,114.65802904629614,11.4,70.8
26.090178,86,5,1.2950139045715332,5.081250190734863,2.971975803375244,0.0,6.027338109789811,75.7019114470019,11.3,70.0
26.090178,86,6,3.7000396251678467,4.0661115646362305,-2.4708800315856934,0.0,6.027338103538711,47.6987452457915,11.3,70.0
26.38162,87,0,-0.11562623083591461,0.041125815361738205,-0.026588542386889458,0.0,0.12556953664303858,160.4205983538191,35.2,53.400000000000006
26.38162,87,1,-0.8055294156074524,2.017042398452759,-0.9873218536376953,0.0,2.385821057672917,111.76987344472269,15.200000000000001,55.300000000000004
26.38162,87,2,-1.8500198125839233,1.494296669960022,1.8511362075805664,0.0,3.0136690435119826,141.0715211750512,14.4,63.2
26.38162,87,3,-2.374191999435425,2.0367722511291504,1.605196475982666,0.0,3.5159471810111222,139.37436106544655,13.200000000000001,69.3
26.38162,87,4,-1.0791782140731812,2.7317450046539307,-1.932569980621338,0.0,3.515946973175313,111.55654065060858,13.200000000000001,69.3
26.676267,88,0,-0.11562623083591461,0.041141148656606674,-0.026564810425043106,0.0,0.12556953660432016,160.41385385823745,35.5,53.2
26.676267,88,1,-0.8055294156074524,2.015904426574707,-0.9896432757377625,0.0,2.3858210556756663,111.78101254116422,15.4,55.2
26.676267,88,2,-1.8500198125839233,1.510642647743225,1.8378212451934814,0.0,3.0136691001863882,140.76647648280468,14.3,63.400000000000006
26.676267,88,3,-2.374191999435425,2.1059048175811768,1.5133610963821411,0.0,3.515947178064219,138.4270214066655,13.600000000000001,69.3
26.676267,88,4,-1.0791782140731812,2.857536792755127,-1.7411895990371704,0.0,3.515947007489541,110.68956037447268,13.600000000000001,69.3
26.676267,88,5,1.2950139045715332,4.972621917724609,3.1503615379333496,0.0,6.027338348670876,75.4027740250291,11.5,69.9
26.975291,89,0,-0.11562623083591461,0.0411623939871788,-0.026531876996159554,0.0,0.1255695362459195,160.40450983118822,35.1,53.6
26.975291,89,1,-0.8787593245506287,1.9985036849975586,-0.9622408747673035,0.0,2.3858211229064183,113.73550667565021,15.100000000000001,55.5
26.975291,89,2,-1.8500198125839233,1.5904886722564697,1.7691731452941895,0.0,3.0136690497729406,139.3138768780282,14.100000000000001,63.400000000000006
26.975291,89,3,-2.570756673812866,2.1148109436035156,1.4762887954711914,0.0,3.641516690991868,140.5578701612491,11.600000000000001,70.8
26.975291,89,4,-1.2294923067092896,2.627810478210449,-2.2008190155029297,0.0,3.641516659394715,115.0738165816014,11.600000000000001,70.8
27.287121,90,0,-0.11562623083591461,0.041097741574048996,-0.0266319140791893,0.0,0.1255695363825512,160.43294833999013,34.9,53.800000000000004
27.287121,90,1,-0.8787593245506287,1.9968700408935547,-0.9656266570091248,0.0,2.3858211901627335,113.75277587335151,14.8,55.7
27.287121,90,2,-1.8500198125839233,1.455519199371338,1.8817789554595947,0.0,3.013669106571297,141.8057926700153,14.4,63.400000000000006
27.287121,90,3,-2.374191999435425,2.0287795066833496,1.6152865886688232,0.0,3.515947198189256,139.48565871384235,13.0,69.4
27.287121,90,4,-1.0791782140731812,2.7562334537506104,-1.8974812030792236,0.0,3.515947011168282,111.38237661550787,13.0,69.4
27.287121,90,5,1.2950139045715332,4.8231120109558105,3.3748092651367188,0.0,6.027338389315175,74.97046685913149,11.3,70.0
27.287121,90,6,3.7000396251678467,4.1233720779418945,-2.3740923404693604,0.0,6.027338132379696,48.09731000677477,11.3,70.0
27.577514,91,0,-0.11562623083591461,0.04113297909498215,-0.026577454060316086,0.0,0.12556953567994372,160.41744724731382,35.4,53.300000000000004
27.577514,91,1,-0.8787593245506287,1.982702374458313,-0.9943923354148865,0.0,2.385821194662161,113.90354023071679,15.200000000000001,55.2
27.577514,91,2,-1.8500198125839233,1.6036378145217896,1.7572630643844604,0.0,3.013669030362681,139.08053576660697,14.0,63.400000000000006
27.577514,91,3,-2.374191999435425,2.062202215194702,1.5723927021026611,0.0,3.515947160604497,139.02270749088441,13.200000000000001,69.4
27.577514,91,4,-1.0791782140731812,2.7118430137634277,-1.9603991508483887,0.0,3.515946953478504,111.70008772189844,13.200000000000001,69.4
27.577514,91,5,1.2950139045715332,4.883286476135254,3.287134885787964,0.0,6.027338017599753,75.14743531370073,11.4,70.10000000000001
27.89186,92,0,-0.11562623083591461,0.04114380478858948,-0.026560695841908455,0.0,0.12556953648639524,160.41268559072515,35.0,53.7
27.89186,92,1,-0.8055294156074524,2.013197660446167,-0.9951381683349609,0.0,2.385821123536269,111.8075514844345,14.600000000000001,55.5
27.89186,92,2,-1.8500198125839233,1.4653923511505127,1.874100685119629,0.0,3.013669097251612,141.617414023895,14.600000000000001,63.1
27.89186,92,3,-2.570756673812866,2.0760350227355957,1.5303375720977783,0.0,3.6415167686216,141.07711511381507,11.3,70.8
27.89186,92,4,-1.2294923067092896,2.6380956172943115,-2.1884799003601074,0.0,3.6415167296780293,114.9880127582097,11.3,70.8
27.89186,92,5,1.2950139045715332,4.876604080200195,3.297041177749634,0.0,6.027338458709242,75.12798422951482,11.5,70.0
28.189162,93,0,-0.11562623083591461,0.04112699255347252,-0.02658671699464321,0.0,0.12556953569384113,160.42008053482047,34.800000000000004,53.900000000000006
28.189162,93,1,-0.8055294156074524,2.007437229156494,-1.0067081451416016,0.0,2.38582127534877,111.86423585304192,14.700000000000001,55.7
28.189162,93,2,-1.8500198125839233,1.4334286451339722,1.8986601829528809,0.0,3.0136691055877947,142.23083123458395,14.600000000000001,63.2
28.189162,93,3,-2.374191999435425,2.077713966369629,1.5518381595611572,0.0,3.515947190971553,138.81002977784584,13.3,69.3
28.189162,93,4,-1.0791782140731812,2.7645461559295654,-1.8853493928909302,0.0,3.5159470131487076,111.32386423925648,13.3,69.3
28.479,94,0,-0.11562623083591461,0.041116077452898026,-0.026603596284985542,0.0,0.12556953618504538,160.42488195889808,35.0,53.6
28.479,94,1,-0.8055294156074524,2.023841381072998,-0.9733093976974487,0.0,2.385821191707064,111.70354648405294,14.700000000000001,55.6
28.479,94,2,-1.8500198125839233,1.528484582901001,1.8230092525482178,0.0,3.013669053163521,140.43651536148298,14.3,63.1
28.479,94,3,-2.374191999435425,1.978066325187683,1.6770063638687134,0.0,3.5159471528282173,140.20051100774103,13.0,69.10000000000001
28.479,94,4,-1.0791782140731812,2.810300827026367,-1.8164435625076294,0.0,3.5159470376970514,111.00719269658101,13.0,69.10000000000001
28.479,94,5,1.2950139045715332,4.9165873527526855,3.2371151447296143,0.0,6.027338274107327,75.24363043458885,11.3,70.10000000000001
28.479,94,6,3.7000396251678467,4.041074275970459,-2.5116188526153564,0.0,6.027338035363146,47.52253356035326,11.3,70.10000000000001
28.781156,95,0,-0.11562623083591461,0.04112999886274338,-0.02658207342028618,0.0,0.12556953727354006,160.41875814507995,35.300000000000004,53.300000000000004
28.781156,95,1,-0.8055294156074524,2.044954776763916,-0.9281295537948608,0.0,2.385821063501177,111.50000744329401,15.100000000000001,55.300000000000004
28.781156,95,2,-1.8500198125839233,1.474455714225769,1.866978406906128,0.0,3.013669081372376,141.44534543010482,14.5,63.1
28.781156,95,3,-2.570756673812866,2.1142618656158447,1.4770750999450684,0.0,3.641516711924925,140.56516936955998,11.3,70.8
28.781156,95,4,-1.2294923067092896,2.5929465293884277,-2.2417898178100586,0.0,3.6415168026197104,115.36881171878488,11.3,70.8
29.08634,96,0,-0.11562623083591461,0.041102372109889984,-0.0266247671097517,0.0,0.1255695364092286,160.43091118298187,35.5,53.1
29.08634,96,1,-0.8787593245506287,2.017049551010132,-0.9227327704429626,0.0,2.3858211599707544,113.54110571070835,15.4,54.900000000000006
29.08634,96,2,-1.8500198125839233,1.5423402786254883,1.811301827430725,0.0,3.0136690515180145,140.1824207745565,15.0,62.6
29.08634,96,3,-2.570756673812866,2.047593593597412,1.5681883096694946,0.0,3.641516713552009,141.46287049545697,11.4,70.7
29.08634,96,4,-1.2294923067092896,2.6903064250946045,-2.1239688396453857,0.0,3.6415166654770657,114.56079304298513,11.4,70.7
29.08634,96,5,1.2950139045715332,4.951589584350586,3.183316707611084,0.0,6.027338192422812,75.34343535611723,11.700000000000001,69.7
29.08634,96,6,3.515037775039673,4.1882781982421875,-2.536067008972168,0.0,6.027337778806139,49.99474154282352,11.700000000000001,69.7
29.372628,97,0,-0.11562623083591461,0.041131820529699326,-0.026579249650239944,0.0,0.12556953623143388,160.41795685628512,35.7,52.900000000000006
29.372628,97,1,-0.8055294156074524,2.035926103591919,-0.9477710723876953,0.0,2.385821188679231,111.58659969949181,15.8,54.7
29.372628,97,2,-1.8500198125839233,1.5052491426467896,1.8422412872314453,0.0,3.0136690675606905,140.86683727625822,15.0,62.5
29.372628,97,3,-2.374191999435425,2.0081827640533447,1.6408226490020752,0.0,3.515947188099147,139.77417592551677,13.100000000000001,69.10000000000001
29.372628,97,4,-1.1870959997177124,2.731205463409424,-1.869011402130127,0.0,3.5159470725816826,113.49177917058417,13.100000000000001,69.10000000000001
29.372628,97,5,1.2950139045715332,4.933889389038086,3.210681915283203,0.0,6.027338042405026,75.29313082286001,11.3,70.10000000000001
29.687181,98,0,-0.11562623083591461,0.041131023317575455,-0.026580484583973885,0.0,0.12556953650145414,160.41830752156602,35.0,53.6
29.687181,98,1,-0.8055294156074524,2.0253243446350098,-0.9702197313308716,0.0,2.3858211725617378,111.6891306121272,14.700000000000001,55.5
29.687181,98,2,-1.8500198125839233,1.4692280292510986,1.8710951805114746,0.0,3.0136691064918506,141.54449316935793,14.700000000000001,63.0
29.687181,98,3,-2.570756673812866,2.0710980892181396,1.5370121002197266,0.0,3.641516630105961,141.14377693317172,11.5,70.60000000000001
29.687181,98,4,-1.2294923067092896,2.669511318206787,-2.1500470638275146,0.0,3.6415167701062128,114.72929926950813,11.5,70.60000000000001
29.687181,98,5,1.2950139045715332,4.940298080444336,3.200812578201294,0.0,6.027338326114373,75.31138348653266,11.3,70.10000000000001
29.979078,99,0,-0.11562623083591461,0.04110286757349968,-0.026624005287885666,0.0,0.12556953706076257,160.43069321187053,35.2,53.5
29.979078,99,1,-0.8787593245506287,2.0060150623321533,-0.9464823603630066,0.0,2.385821292399428,113.65640771942734,15.100000000000001,55.400000000000006
29.979078,99,2,-1.8500198125839233,1.5212628841400146,1.8290399312973022,0.0,3.013669049496824,140.56969441907873,14.3,63.2
29.979078,99,3,-2.374191999435425,1.9934076070785522,1.6587413549423218,0.0,3.5159471584109037,139.98267084492414,13.200000000000001,69.0
29.979078,99,4,-1.1870959997177124,2.722325325012207,-1.8819226026535034,0.0,3.515947208097236,113.56006935962631,13.200000000000001,69.0
29.979078,99,5,-2.570756673812866,2.0749731063842773,1.531777024269104,0.0,3.641516733484843,141.09144326703606,11.600000000000001,70.60000000000001
29.979078,99,6,-1.2294923067092896,2.675340175628662,-2.142789602279663,0.0,3.6415166712824436,114.68184887014381,11.600000000000001,70.60000000000001
30.292307,100,0,-0.11562623083591461,0.04111037030816078,-0.0266124177724123,0.0,0.12556953684667202,160.4273925785295,35.300000000000004,53.300000000000004
30.292307,100,1,-0.8055294156074524,2.019683361053467,-0.9819085001945496,0.0,2.3858212047593637,111.74406397070139,15.600000000000001,54.900000000000006
30.292307,100,2,-1.8500198125839233,1.5440797805786133,1.809819221496582,0.0,3.0136690744411947,140.1506526727759,15.100000000000001,62.5
30.292307,100,3,-2.374191999435425,1.9595369100570679,1.6986205577850342,0.0,3.5159471485488973,140.46547386133304,13.100000000000001,69.0
30.292307,100,4,-1.1870959997177124,2.7988638877868652,-1.766082763671875,0.0,3.515947141673505,112.98349810733048,13.100000000000001,69.0
30.292307,100,5,-2.570756673812866,2.0557796955108643,1.5574414730072021,0.0,3.6415167134411144,141.3514139571361,11.5,70.60000000000001
30.292307,100,6,-1.2294923067092896,2.717001438140869,-2.089711904525757,0.0,3.641516715742706,114.34761226722954,11.5,70.60000000000001
30.581332,101,0,-0.11562623083591461,0.04109608381986618,-0.026634471490979195,0.0,0.1255695362508497,160.43367766454935,35.5,53.2
30.581332,101,1,-0.8055294156074524,2.044389247894287,-0.9293745756149292,0.0,2.3858210616293256,111.50541188879663,15.200000000000001,55.2
30.581332,101,2,-1.8500198125839233,1.4767394065856934,1.8651725053787231,0.0,3.0136690356999827,141.40211877899037,14.600000000000001,63.1
30.581332,101,3,-2.374191999435425,1.9692484140396118,1.687352180480957,0.0,3.515947147975144,140.32635001442156,13.3,69.10000000000001
30.581332,101,4,-1.1870959997177124,2.7642853260040283,-1.819728970527649,0.0,3.5159470704611877,113.2406434491363,13.3,69.10000000000001
30.892841,102,0,-0.11562623083591461,0.04117785021662712,-0.02650788240134716,0.0,0.1255695362545663,160.3977126226088,35.300000000000004,53.400000000000006
30.892841,102,1,-0.8055294156074524,2.0279624462127686,-0.9646936058998108,0.0,2.38582125816712,111.66353066169141,15.200000000000001,55.300000000000004
30.892841,102,2,-1.8500198125839233,1.4867479801177979,1.8572044372558594,0.0,3.013669056996846,141.2132852186412,14.700000000000001,62.900000000000006
31.180624,103,0,-0.11562623083591461,0.041164763271808624,-0.02652820199728012,0.0,0.12556953648776742,160.40346785016402,35.300000000000004,53.400000000000006
31.180624,103,1,-0.8055294156074524,2.0229287147521973,-0.9752046465873718,0.0,2.3858211012361052,111.71242757229301,15.5,55.2
31.180624,103,2,-1.8500198125839233,1.458804726600647,1.8792330026626587,0.0,3.0136690620574043,141.74299659022546,14.700000000000001,62.900000000000006
31.180624,103,3,-2.374191999435425,2.058738946914673,1.5769243240356445,0.0,3.5159471021990347,139.0703797168228,13.600000000000001,69.2
31.180624,103,4,-0.9712603688240051,2.7116549015045166,-2.0162999629974365,0.0,3.5159471767484045,109.70650504093449,13.600000000000001,69.2
31.479462,104,0,-0.11562623083591461,0.04109539836645126,-0.026635529473423958,0.0,0.12556953633165638,160.4339792298911,35.5,53.2
31.479462,104,1,-0.8055294156074524,2.0238335132598877,-0.9733256101608276,0.0,2.3858211316437137,111.70362301561168,15.8,54.800000000000004
31.479462,104,2,-1.8500198125839233,1.5825815200805664,1.776249885559082,0.0,3.0136690645461095,139.45498671242572,14.9,62.6
31.479462,104,3,-2.482109785079956,1.8668588399887085,1.6479846239089966,0.0,3.5159471318940687,143.0522297913103,13.4,69.10000000000001
31.479462,104,4,-1.1870959997177124,2.7282638549804688,-1.873302936553955,0.0,3.5159471649955654,113.51435937783994,13.4,69.10000000000001
31.791673,105,0,-0.11562623083591461,0.0411209873855114,-0.026596009731292725,0.0,0.12556953688895495,160.42272210200483,35.1,53.5
31.791673,105,1,-0.8055294156074524,2.059237480163574,-0.895994246006012,0.0,2.3858211014229864,111.3643686050499,15.4,55.1
31.791673,105,2,-1.8500198125839233,1.4587452411651611,1.8792791366577148,0.0,3.0136690360840928,141.7441325681743,15.0,62.7
31.791673,105,3,1.2950139045715332,4.969006061553955,3.1560614109039307,0.0,6.027338208711244,75.39260606491092,11.4,70.2
32.092419,106,0,-0.11562623083591461,0.04113531857728958,-0.02657383866608143,0.0,0.12556953688385666,160.4164182075176,35.1,53.5
32.092419,106,1,-0.8055294156074524,2.0487027168273926,-0.9198269844055176,0.0,2.38582106256638,111.46425576288738,15.4,55.1
32.092419,106,2,-1.8500198125839233,1.486217975616455,1.857628583908081,0.0,3.013669048477432,141.22325992503391,15.0,62.800000000000004
32.092419,106,3,-2.482109785079956,1.8358299732208252,1.682481288909912,0.0,3.5159470933587156,143.5124518589784,13.3,69.10000000000001
32.092419,106,4,-1.0791782140731812,2.6945996284484863,-1.9840339422225952,0.0,3.5159470216793984,111.82593792014232,13.3,69.10000000000001
32.092419,106,5,1.2950139045715332,5.052818775177002,3.0200607776641846,0.0,6.0273381926519125,75.62478363666091,11.5,70.10000000000001
32.380454,107,0,-0.11562623083591461,0.04113774746656418,-0.026570074260234833,0.0,0.12556953599554874,160.41534985527318,35.2,53.400000000000006
32.380454,107,1,-0.8055294156074524,2.038872718811035,-0.9414156079292297,0.0,2.3858212317299774,111.55826635850865,15.3,55.1
32.380454,107,2,-1.8500198125839233,1.566245198249817,1.7906713485717773,0.0,3.0136690605621466,139.74841567552008,14.8,62.800000000000004
32.380454,107,3,-2.374191999435425,1.9816795587539673,1.6727352142333984,0.0,3.515947186847799,140.14907973307547,13.0,69.10000000000001
32.380454,107,4,-1.0791782140731812,2.7560672760009766,-1.8977224826812744,0.0,3.5159469661597007,111.38354944659423,13.0,69.10000000000001
32.380454,107,5,1.2950139045715332,5.205051898956299,2.7493956089019775,0.0,6.027337927983767,76.02851648828825,11.3,70.4
32.380454,107,6,3.515037775039673,3.8876523971557617,-2.9764864444732666,0.0,6.027337992447404,47.88155276509934,11.3,70.4
32.675085,108,0,-0.11562623083591461,0.04109051823616028,-0.02664305828511715,0.0,0.12556953651670688,160.43612627661935,35.4,53.2
32.675085,108,1,-0.8055294156074524,2.026423454284668,-0.967921793460846,0.0,2.385821085861291,111.67845793516607,15.4,54.900000000000006
32.675085,108,2,-1.8500198125839233,1.5101710557937622,1.8382086753845215,0.0,3.0136690360703544,140.77524030035505,15.200000000000001,62.6
32.675085,108,3,-2.482109785079956,1.8415848016738892,1.6761802434921265,0.0,3.515947066669128,143.42667904352098,13.200000000000001,69.2
32.675085,108,4,-1.0791782140731812,2.7768521308898926,-1.8671770095825195,0.0,3.515947007517525,111.23780205701438,13.200000000000001,69.2
32.675085,108,5,1.2950139045715332,5.054957389831543,3.016479969024658,0.0,6.027338270710641,75.63061352067321,11.700000000000001,70.0
32.992227,109,0,-0.11562623083591461,0.04111809656023979,-0.02660047821700573,0.0,0.1255695367652155,160.42399375580572,35.300000000000004,53.400000000000006
32.992227,109,1,-0.8055294156074524,2.0481460094451904,-0.9210658669471741,0.0,2.385821042465317,111.46955904110392,15.4,55.1
32.992227,109,2,-1.8500198125839233,1.400862693786621,1.9228134155273438,0.0,3.0136690303893845,142.8664494702252,15.0,62.900000000000006
32.992227,109,3,-2.374191999435425,2.005354404449463,1.6442779302597046,0.0,3.5159470771852037,139.8139885069013,12.700000000000001,69.2
32.992227,109,4,-1.0791782140731812,2.651883602142334,-2.0407772064208984,0.0,3.515947079136526,112.14375759402162,12.700000000000001,69.2
32.992227,109,5,1.2950139045715332,4.948123931884766,3.1887011528015137,0.0,6.027338259978617,75.33361237556102,11.4,70.0
33.279981,110,0,-0.11562623083591461,0.041108638048172,-0.026615092530846596,0.0,0.12556953663178563,160.42815462933785,35.5,53.1
33.279981,110,1,-0.8055294156074524,2.0385472774505615,-0.942119836807251,0.0,2.38582112253113,111.56139217776453,15.600000000000001,54.900000000000006
33.279981,110,2,-1.8500198125839233,1.4491773843765259,1.8866671323776245,0.0,3.013669070541,141.92731029470116,15.200000000000001,62.7
33.279981,110,3,-2.570756673812866,2.0688390731811523,1.5400516986846924,0.0,3.6415167473589967,141.17432143920956,11.5,70.8
33.279981,110,4,-1.117720365524292,2.744506359100342,-2.1163718700408936,0.0,3.64151669815619,112.15897129884628,11.5,70.8
33.575638,111,0,-0.11562623083591461,0.041111454367637634,-0.02661074325442314,0.0,0.1255695368873175,160.4269156858836,35.2,53.400000000000006
33.575638,111,1,-0.8055294156074524,2.0321455001831055,-0.9558501243591309,0.0,2.385821123546502,111.62305632451147,15.200000000000001,55.2
33.575638,111,2,-1.8500198125839233,1.466842532157898,1.8729658126831055,0.0,3.0136690688561236,141.5898270297084,15.0,62.900000000000006
33.575638,111,3,-2.482109785079956,1.7498716115951538,1.771712303161621,0.0,3.5159471166999285,144.81640680666484,13.200000000000001,69.10000000000001
33.575638,111,4,-1.0791782140731812,2.677618980407715,-2.0068917274475098,0.0,3.5159470171871305,111.95123443628968,13.200000000000001,69.10000000000001
33.878582,112,0,-0.11562623083591461,0.0410875603556633,-0.026647616177797318,0.0,0.12556953580092461,160.4374276442266,35.7,53.0
33.878582,112,1,-0.8055294156074524,1.993462085723877,-1.0341051816940308,0.0,2.3858210857970716,112.00292672973345,15.700000000000001,54.7
33.878582,112,2,-1.8500198125839233,1.4918923377990723,1.853074550628662,0.0,3.0136690834801776,141.1166130904625,15.200000000000001,62.5
33.878582,112,3,-2.374191999435425,1.981236219406128,1.67326021194458,0.0,3.5159471475189568,140.15538614408806,12.9,69.10000000000001
33.878582,112,4,-1.0791782140731812,2.6633293628692627,-2.0258169174194336,0.0,3.515946969986116,112.05773865322838,12.9,69.10000000000001
33.878582,112,5,-2.570756673812866,1.9800702333450317,1.6526269912719727,0.0,3.6415167138450832,142.39550826461422,11.3,70.7
33.878582,112,6,-1.2294923067092896,2.6517333984375,-2.1719353199005127,0.0,3.641516769490093,114.87508359673691,11.3,70.7
33.878582,112,7,1.2950139045715332,5.054192066192627,3.0177621841430664,0.0,6.027338306005565,75.62852777305564,11.4,70.2
34.179106,113,0,-0.11562623083591461,0.041081227362155914,-0.026657378301024437,0.0,0.1255695357831082,160.44021401830554,35.4,53.300000000000004
34.179106,113,1,-0.8055294156074524,1.9997749328613281,-1.0218440294265747,0.0,2.3858211672261085,111.94007079215811,15.5,55.0
34.179106,113,2,-1.8500198125839233,1.4855278730392456,1.8581805229187012,0.0,3.013669063497845,141.23625186655758,14.8,62.7
34.179106,113,3,-2.570756673812866,2.1186723709106445,1.4707417488098145,0.0,3.64151668716562,140.50658118486214,12.0,70.7
34.179106,113,4,-1.2294923067092896,2.6975343227386475,-2.114781618118286,0.0,3.641516723419155,114.50272758081815,12.0,70.7
34.179106,113,5,1.2950139045715332,5.017508029937744,3.078369140625,0.0,6.027338086541658,75.52785243510523,11.4,70.10000000000001
34.487776,114,0,-0.11562623083591461,0.04108802229166031,-0.02664691023528576,0.0,0.1255695371427623,160.4372244065914,35.5,53.2
34.487776,114,1,-0.8055294156074524,2.0185868740081787,-0.9841604232788086,0.0,2.385821105212065,111.7547725947642,15.8,54.800000000000004
34.487776,114,2,-1.8500198125839233,1.52048659324646,1.8296853303909302,0.0,3.0136690587128254,140.58404079247012,14.9,62.6
34.487776,114,3,-1.2294923067092896,2.675292730331421,-2.1428489685058594,0.0,3.6415167481487853,114.68223441431978,11.8,70.8
34.487776,114,4,-2.570756673812866,2.094794750213623,1.5045559406280518,0.0,3.641516648314972,140.8249473206453,11.8,70.8
34.487776,114,5,1.2950139045715332,5.05481481552124,3.0167183876037598,0.0,6.027338024563851,75.63022500575839,11.4,70.3
34.487776,114,6,3.515037775039673,4.075241565704346,-2.7139856815338135,0.0,6.027337941278124,49.22108602074821,11.4,70.3
34.78186,115,0,-0.11562623083591461,0.04110383987426758,-0.026622503995895386,0.0,0.1255695370252718,160.43026546576414,36.0,52.7
34.78186,115,1,-0.8055294156074524,2.0271482467651367,-0.9664029479026794,0.0,2.385821097963307,111.67142545612636,15.600000000000001,54.800000000000004
34.78186,115,2,-1.8500198125839233,1.516221284866333,1.833221435546875,0.0,3.013669046757343,140.66297197916123,14.9,62.7
34.78186,115,3,-2.570756673812866,2.089200735092163,1.5123142004013062,0.0,3.641516693384567,140.89995359200046,11.9,70.8
34.78186,115,4,-1.2294923067092896,2.617341995239258,-2.2132585048675537,0.0,3.6415166705191546,115.16171766423582,11.9,70.8
34.78186,115,5,1.2950139045715332,5.014927864074707,3.082571029663086,0.0,6.027338272224702,75.52071946775958,11.5,70.10000000000001
35.08811,116,0,-0.11562623083591461,0.04110321030020714,-0.026623474434018135,0.0,0.12556953669279058,160.43054243520612,35.5,53.2
35.08811,116,1,-0.8055294156074524,2.0569355487823486,-0.9012663960456848,0.0,2.3858211600819126,111.38611902781683,15.5,55.0
35.08811,116,2,-1.8500198125839233,1.4801251888275146,1.8624868392944336,0.0,3.0136690442216296,141.3381270122873,14.700000000000001,62.900000000000006
35.08811,116,3,-2.570756673812866,2.0958328247070312,1.5031095743179321,0.0,3.641516647975,140.8110460723145,11.8,70.8
35.08811,116,4,-1.2294923067092896,2.6334378719329834,-2.194082498550415,0.0,3.6415167675068423,115.02680184939541,11.8,70.8
35.08811,116,5,1.2950139045715332,4.944184303283691,3.1948063373565674,0.0,6.0273382990408075,75.32243031410776,11.3,70.3
35.376869,117,0,-0.11562623083591461,0.04108073189854622,-0.02665814384818077,0.0,0.1255695362103036,160.44043201516263,35.4,53.300000000000004
35.376869,117,1,-0.8055294156074524,2.064434051513672,-0.8839554786682129,0.0,2.385821217259497,111.3154221310241,15.4,55.1
35.376869,117,2,-1.8500198125839233,1.5374577045440674,1.8154480457305908,0.0,3.0136690440328695,140.27174716507548,14.600000000000001,63.0
35.376869,117,3,-2.570756673812866,1.9999245405197144,1.6285440921783447,0.0,3.641516703778162,142.11880768493663,11.4,70.8
35.376869,117,4,-1.2294923067092896,2.701277732849121,-2.1099979877471924,0.0,3.6415167486283813,114.472755968631,11.4,70.8
35.376869,117,5,1.2950139045715332,5.011123180389404,3.088751792907715,0.0,6.027338067527012,75.51018871085437,11.5,70.10000000000001
35.376869,117,6,0.6243817210197449,2.818925142288208,-1.7772079706192017,0.34104230999946594,3.390377510278257,77.51082887871175,18.900000000000002,41.5
35.689283,118,0,-0.11562623083591461,0.04112636670470238,-0.02658768743276596,0.0,0.12556953618880784,160.42035583058248,35.6,53.1
35.689283,118,1,-0.8055294156074524,2.038879871368408,-0.9413996338844299,0.0,2.3858210410585867,111.55819766887782,15.600000000000001,54.900000000000006
35.689283,118,2,-1.8500198125839233,1.5255844593048096,1.8254369497299194,0.0,3.013669077198868,140.4899367190692,14.700000000000001,62.800000000000004
35.689283,118,3,-2.570756673812866,2.065845012664795,1.5440655946731567,0.0,3.641516724245375,141.21484502033627,11.600000000000001,70.7
35.689283,118,4,-1.117720365524292,2.620393753051758,-2.268233060836792,0.0,3.641516642116781,113.1005126734749,11.600000000000001,70.7
35.689283,118,5,1.2950139045715332,5.046921730041504,3.029905319213867,0.0,6.027338235539733,75.60868421983527,11.9,69.8
35.981691,119,0,-0.11562623083591461,0.041115451604127884,-0.02660456672310829,0.0,0.1255695368648619,160.42515727106976,34.800000000000004,53.800000000000004
35.981691,119,1,-0.8055294156074524,2.038886308670044,-0.941385805606842,0.0,2.385821085934376,111.55813584856651,14.0,56.0
35.981691,119,2,-1.8500198125839233,1.481701374053955,1.861233115196228,0.0,3.0136690226249945,141.30837583759666,14.0,63.800000000000004
35.981691,119,3,-2.570756673812866,2.04201602935791,1.5754443407058716,0.0,3.6415167459137403,141.5390093134088,11.4,70.8
35.981691,119,4,-1.2294923067092896,2.543355941772461,-2.2978975772857666,0.0,3.6415167244573254,115.79974445360588,11.4,70.8
35.981691,119,5,1.2950139045715332,5.0719828605651855,2.9877638816833496,0.0,6.027338066144305,75.67686051084738,11.4,70.0
35.981691,119,6,0.6744863390922546,2.9199225902557373,-3.2147417068481445,0.25578173995018005,4.394933901261402,76.99312421495875,16.3,43.7
36.277367,120,0,-0.11562623083591461,0.04110153391957283,-0.026626063510775566,0.0,0.12556953693448847,160.43127993244488,35.2,53.5
36.277367,120,1,-0.8055294156074524,2.081054449081421,-0.8440837264060974,0.0,2.3858211577220247,111.1603008801228,15.0,55.300000000000004
36.277367,120,2,-1.8500198125839233,1.4212530851364136,1.907791256904602,0.0,3.013669046010937,142.46720850917475,14.8,63.0
36.277367,120,3,-2.570756673812866,2.085867166519165,1.516908884048462,0.0,3.6415167547082947,140.94472713852278,11.5,70.60000000000001
36.277367,120,4,-1.117720365524292,2.5966646671295166,-2.2953600883483887,0.0,3.6415167367745713,113.28920146948552,11.5,70.60000000000001
36.277367,120,5,1.2950139045715332,5.045323371887207,3.0325658321380615,0.0,6.027338091246924,75.6043144887701,11.600000000000001,69.9
36.582342,121,0,-0.11562623083591461,0.041112348437309265,-0.026609359309077263,0.0,0.1255695363302362,160.42652237448516,34.9,53.800000000000004
36.582342,121,1,-0.8055294156074524,2.019507646560669,-0.9822694063186646,0.0,2.385821024409735,111.745779376555,14.4,56.1
36.582342,121,2,-1.8500198125839233,1.431680679321289,1.899978518486023,0.0,3.013669066968579,142.2646739182843,14.0,63.800000000000004
36.582342,121,3,-2.570756673812866,2.12428617477417,1.462621808052063,0.0,3.641516741919437,140.4321512240964,11.4,71.0
36.582342,121,4,-1.117720365524292,2.7422003746032715,-2.119358777999878,0.0,3.6415166263340355,112.1758000127815,11.4,71.0
36.582342,121,5,1.2950139045715332,4.886939525604248,3.2817018032073975,0.0,6.0273381907041985,75.1580475800081,11.3,70.10000000000001
36.893931,122,0,-0.11562623083591461,0.04110874980688095,-0.026614917442202568,0.0,0.12556953610832608,160.42810546455212,34.5,54.2
36.893931,122,1,-0.8055294156074524,2.019308090209961,-0.982680082321167,0.0,2.3858212311040865,111.74772784996145,14.3,56.300000000000004
36.893931,122,2,-1.8500198125839233,1.4593486785888672,1.8788106441497803,0.0,3.0136690775900794,141.73261052733443,13.5,64.0
36.893931,122,3,-2.374191999435425,2.0433859825134277,1.5967687368392944,0.0,3.515947144463765,139.28254552182136,13.100000000000001,69.5
36.893931,122,4,-1.0791782140731812,2.854264736175537,-1.7465482950210571,0.0,3.5159470628475553,110.71126657265307,13.100000000000001,69.5
37.178514,123,0,-0.11562623083591461,0.04109448194503784,-0.026636943221092224,0.0,0.1255695363048496,160.43438241140402,34.800000000000004,53.900000000000006
37.178514,123,1,-0.8055294156074524,2.0367019176483154,-0.946102499961853,0.0,2.38582109161506,111.57913294093606,14.5,55.900000000000006
37.178514,123,2,-1.8500198125839233,1.4701553583145142,1.8703665733337402,0.0,3.0136690599961584,141.52688561882252,14.600000000000001,63.0
37.178514,123,3,-2.570756673812866,2.0566041469573975,1.5563524961471558,0.0,3.6415166600606454,141.34020794639468,11.5,70.8
37.178514,123,4,-1.2294923067092896,2.6182520389556885,-2.21218204498291,0.0,3.6415167817679657,115.1540534069725,11.5,70.8
37.178514,123,5,1.2950139045715332,5.0205183029174805,3.073457717895508,0.0,6.027338333514595,75.53616576174093,11.4,69.9
37.492994,124,0,-0.11562623083591461,0.0411202609539032,-0.026597127318382263,0.0,0.12556953571558488,160.42304165229578,34.5,54.2
37.492994,124,1,-0.8055294156074524,2.051762342453003,-0.9129817485809326,0.0,2.3858210374122812,111.43515381396439,14.200000000000001,56.400000000000006
37.492994,124,2,-1.8500198125839233,1.509848713874817,1.8384734392166138,0.0,3.01366903167011,140.7812317930378,13.600000000000001,64.10000000000001
37.492994,124,3,-2.374191999435425,2.024144172668457,1.6210912466049194,0.0,3.5159471144700034,139.55037475059473,12.8,69.3
37.492994,124,4,-1.0791782140731812,2.805189847946167,-1.8243266344070435,0.0,3.5159470089518345,111.0421199726641,12.8,69.3
37.492994,124,5,1.2950139045715332,4.951971530914307,3.182722330093384,0.0,6.02733809293078,75.34451715102652,11.4,70.0
37.492994,124,6,3.515037775039673,4.121960163116455,-2.642490863800049,0.0,6.027338061826432,49.543822099998394,11.4,70.0
37.793689,125,0,-0.11562623083591461,0.04108311980962753,-0.02665446698665619,0.0,0.12556953691463216,160.43938137408074,34.1,54.6
37.793689,125,1,-0.8055294156074524,2.061295986175537,-0.8912481665611267,0.0,2.3858210487022773,111.34495394196301,13.9,56.6
37.793689,125,2,-1.8500198125839233,1.5082330703735352,1.839799165725708,0.0,3.0136690713690593,140.81127779147866,13.700000000000001,64.0
37.793689,125,3,-2.482109785079956,1.7889351844787598,1.7322603464126587,0.0,3.515947096759197,144.21851243939997,13.200000000000001,69.2
37.793689,125,4,-1.1870959997177124,2.7379558086395264,-1.859108805656433,0.0,3.5159471659679427,113.44011690427767,13.200000000000001,69.2
38.075068,126,0,-0.11562623083591461,0.04108746722340584,-0.026647763326764107,0.0,0.12556953655434863,160.43746861961836,34.1,54.5
38.075068,126,1,-0.8055294156074524,2.051715612411499,-0.9130872488021851,0.0,2.3858212249762385,111.43559772614346,13.700000000000001,56.6
38.075068,126,2,-1.8500198125839233,1.509149432182312,1.8390475511550903,0.0,3.013669061297007,140.7942331261274,13.600000000000001,64.0
38.075068,126,3,-2.570756673812866,2.1015849113464355,1.4950567483901978,0.0,3.6415166752960872,140.73411728146087,11.5,70.8
38.075068,126,4,-1.2294923067092896,2.670234203338623,-2.149149179458618,0.0,3.641516748348747,114.72340526528876,11.5,70.8
38.075068,126,5,1.2950139045715332,5.084702968597412,2.966064929962158,0.0,6.027338256697426,75.71122288079953,11.3,70.10000000000001
38.075068,126,6,3.515037775039673,4.142326354980469,-2.6104493141174316,0.0,6.027338037035736,49.68319277975092,11.3,70.10000000000001
38.379466,127,0,-0.11562623083591461,0.04113425314426422,-0.02657548524439335,0.0,0.12556953633358528,160.4168868450298,34.7,54.0
38.379466,127,1,-0.8055294156074524,2.069744348526001,-0.8714486360549927,0.0,2.385821039589162,111.26562491081786,14.4,56.1
38.379466,127,2,-1.8500198125839233,1.5434315204620361,1.8103721141815186,0.0,3.0136690855359136,140.16248825496072,13.8,63.6
38.379466,127,3,-2.570756673812866,2.0330615043640137,1.5869829654693604,0.0,3.6415167017563137,141.66158370337206,11.4,70.9
38.379466,127,4,-1.2294923067092896,2.6575028896331787,-2.164872169494629,0.0,3.6415167788873917,114.82759590293952,11.4,70.9
38.697797,128,0,-0.11562623083591461,0.041126251220703125,-0.026587864384055138,0.0,0.12556953583291414,160.42040662930808,34.2,54.400000000000006
38.697797,128,1,-0.8055294156074524,2.0725533962249756,-0.8647468686103821,0.0,2.38582110946819,111.23937274541322,14.3,56.1
38.697797,128,2,-1.8500198125839233,1.5510525703430176,1.8038469552993774,0.0,3.0136690629635448,140.0236049689183,14.3,63.2
38.697797,128,3,-2.374191999435425,1.9896724224090576,1.663219928741455,0.0,3.515947173954842,140.03558145650535,12.700000000000001,69.3
38.697797,128,4,-1.0791782140731812,2.704559326171875,-1.970435619354248,0.0,3.515946998538716,111.75307857357488,12.700000000000001,69.3
38.697797,128,5,1.2950139045715332,4.921360015869141,3.2298548221588135,0.0,6.027338350470434,75.25731733312779,11.3,70.10000000000001
38.697797,128,6,3.7000396251678467,4.036380767822266,-2.519155263900757,0.0,6.027338232943011,47.48936840721201,11.3,70.10000000000001
38.993778,129,0,-0.11562623083591461,0.04112609848380089,-0.02658810093998909,0.0,0.12556953589710582,160.42047381476854,34.2,54.5
38.993778,129,1,-0.8055294156074524,2.0649797916412354,-0.8826797008514404,0.0,2.3858211654670916,111.31029421276938,14.200000000000001,56.2
38.993778,129,2,-1.8500198125839233,1.4416630268096924,1.8924152851104736,0.0,3.013669059658491,142.0718198601233,14.100000000000001,63.6
38.993778,129,3,-2.374191999435425,2.0367157459259033,1.605268120765686,0.0,3.5159471582252606,139.375146592292,13.0,69.10000000000001
38.993778,129,4,-1.0791782140731812,2.722248077392578,-1.9459246397018433,0.0,3.51594694442287,111.62481287363644,13.0,69.10000000000001
38.993778,129,5,1.2950139045715332,4.940450668334961,3.2005770206451416,0.0,6.027338308438203,75.31181753372206,11.4,70.10000000000001
38.993778,129,6,3.515037775039673,4.131424903869629,-2.6276683807373047,0.0,6.027338004077475,49.60869071012508,11.4,70.10000000000001
39.297862,130,0,-0.11562623083591461,0.04108033329248428,-0.026658762246370316,0.0,0.12556953709100907,160.44060739652056,33.7,54.900000000000006
39.297862,130,1,-0.8055294156074524,2.0398459434509277,-0.9393048286437988,0.0,2.385821173838401,111.54892381853469,13.600000000000001,56.900000000000006
39.297862,130,2,-1.8500198125839233,1.3808943033218384,1.9372038841247559,0.0,3.0136690715086485,143.2615541687769,14.100000000000001,63.800000000000004
39.297862,130,3,-2.482109785079956,1.7859814167022705,1.7353055477142334,0.0,3.5159470914567685,144.26341132016694,13.100000000000001,69.2
39.297862,130,4,-1.0791782140731812,2.7032699584960938,-1.9722040891647339,0.0,3.515946964269477,111.7624847456955,13.100000000000001,69.2
39.297862,130,5,1.2950139045715332,4.940500259399414,3.200500011444092,0.0,6.02733806496806,75.31195859365698,11.5,70.0
39.297862,130,6,3.515037775039673,4.12139368057251,-2.643373727798462,0.0,6.027337811590952,49.539934119110285,11.5,70.0
39.580924,131,0,-0.11562623083591461,0.04110497981309891,-0.026620738208293915,0.0,0.12556953581784874,160.4297639732204,33.7,54.900000000000006
39.580924,131,1,-0.8055294156074524,2.0702741146087646,-0.8701894879341125,0.0,2.385821094285785,111.26066920799614,13.600000000000001,56.900000000000006
39.580924,131,2,-1.8500198125839233,1.4517921209335327,1.8846558332443237,0.0,3.01366907259898,141.87715943011483,13.8,64.10000000000001
39.580924,131,3,-2.374191999435425,2.0142018795013428,1.6334282159805298,0.0,3.5159471836663387,139.68960513101018,12.9,69.2
39.580924,131,4,-1.0791782140731812,2.7320940494537354,-1.9320765733718872,0.0,3.5159470129913992,111.55403923221243,12.9,69.2
39.895403,132,0,-0.11562623083591461,0.041137367486953735,-0.02657066285610199,0.0,0.12556953605747506,160.4155169891982,33.6,55.0
39.895403,132,1,-0.8055294156074524,2.0590124130249023,-0.8965112566947937,0.0,2.3858210724570257,111.36649335268837,13.5,57.0
39.895403,132,2,-1.8500198125839233,1.4958750009536743,1.8498610258102417,0.0,3.0136690495545344,141.04195158553503,13.5,64.2
39.895403,132,3,-2.374191999435425,1.9973570108413696,1.6539835929870605,0.0,3.515947156145942,139.92681482330107,12.9,69.3
39.895403,132,4,-1.0791782140731812,2.7445054054260254,-1.9144054651260376,0.0,3.5159470734138325,111.46545166711653,12.9,69.3
39.895403,132,5,1.2950139045715332,5.022764205932617,3.0697855949401855,0.0,6.027338125601864,75.54236207860514,11.4,70.0
39.895403,132,6,3.515037775039673,4.116297721862793,-2.6513023376464844,0.0,6.027337851869462,49.50493082073286,11.4,70.0
40.172827,133,0,-0.11562623083591461,0.04108830541372299,-0.02664646878838539,0.0,0.12556953610642188,160.4370998418424,33.6,55.0
40.172827,133,1,-0.8055294156074524,2.062049150466919,-0.8895043134689331,0.0,2.3858210875985786,111.33785892555781,13.8,56.6
40.172827,133,2,-1.8500198125839233,1.4823271036148071,1.8607348203659058,0.0,3.0136690297353916,141.29657177975542,13.9,63.7
40.172827,133,3,-2.374191999435425,2.037536859512329,1.604225754737854,0.0,3.515947152079903,139.36373341113398,13.200000000000001,69.2
40.172827,133,4,-1.1870959997177124,2.7624833583831787,-1.8224635124206543,0.0,3.5159471657000805,113.25419295299686,13.200000000000001,69.2
40.172827,133,5,-2.570756673812866,2.0672101974487305,1.542237401008606,0.0,3.641516727609416,141.19636199547801,11.600000000000001,70.8
40.172827,133,6,-1.2294923067092896,2.6773359775543213,-2.1402955055236816,0.0,3.6415167334407452,114.66564104902879,11.600000000000001,70.8
40.472427,134,0,-0.11562623083591461,0.04106123372912407,-0.026688165962696075,0.0,0.12556953601543003,160.44901139700747,33.7,54.900000000000006
40.472427,134,1,-0.8055294156074524,2.0665230751037598,-0.8790606260299683,0.0,2.3858212094751323,111.29580583855159,13.700000000000001,56.7
40.472427,134,2,-1.8500198125839233,1.5089173316955566,1.8392380475997925,0.0,3.013669095402312,140.79854949816996,13.8,63.800000000000004
40.472427,134,3,-2.570756673812866,2.0581729412078857,1.5542774200439453,0.0,3.641516721138621,141.31889444921174,11.3,70.8
40.472427,134,4,-1.2294923067092896,2.5860438346862793,-2.249748945236206,0.0,3.641516766921123,115.42798791972224,11.3,70.8
40.793912,135,0,-0.11562623083591461,0.04110600799322128,-0.02661915123462677,0.0,0.12556953596677387,160.42931164928922,33.7,54.900000000000006
40.793912,135,1,-0.8055294156074524,2.0699973106384277,-0.8708476424217224,0.0,2.3858210582042148,111.26325829905701,13.5,57.0
40.793912,135,2,-1.8500198125839233,1.4981608390808105,1.8480103015899658,0.0,3.0136690729891047,140.99917075878756,13.5,64.10000000000001
40.793912,135,3,-2.570756673812866,2.0577657222747803,1.5548163652420044,0.0,3.6415166583920495,141.32442566943755,11.8,70.8
40.793912,135,4,-1.117720365524292,2.732801914215088,-2.1314640045166016,0.0,3.6415167060436993,112.24464026042509,11.8,70.8
41.09567,136,0,-0.11562623083591461,0.04110317304730415,-0.02662353217601776,0.0,0.1255695367412188,160.4305588239603,33.300000000000004,55.300000000000004
41.09567,136,1,-0.8055294156074524,2.070918083190918,-0.8686559796333313,0.0,2.3858211495518207,111.2546481620315,13.200000000000001,57.2
41.09567,136,2,-1.8500198125839233,1.4189505577087402,1.9095044136047363,0.0,3.013669042504662,142.51207931029157,13.8,64.0
41.09567,136,3,-2.374191999435425,2.0295908451080322,1.6142668724060059,0.0,3.5159471247555736,139.47434407125746,13.200000000000001,69.10000000000001
41.09567,136,4,-1.0791782140731812,2.7659878730773926,-1.8832335472106934,0.0,3.5159469741566283,111.31374717392728,13.200000000000001,69.10000000000001
41.09567,136,5,-2.570756673812866,2.053969144821167,1.5598284006118774,0.0,3.6415166844580287,141.3760354149515,11.600000000000001,70.7
41.09567,136,6,-1.2294923067092896,2.657949686050415,-2.164323568344116,0.0,3.6415167683703777,114.82392548193218,11.600000000000001,70.7
41.09567,136,7,1.2950139045715332,4.977511882781982,3.142629623413086,0.0,6.027338260478079,75.4165028330597,11.200000000000001,70.2
41.382078,137,0,-0.11562623083591461,0.041112083941698074,-0.026609770953655243,0.0,0.1255695369648046,160.42663872890725,34.4,54.300000000000004
41.382078,137,1,-0.8055294156074524,2.0722455978393555,-0.8654846549034119,0.0,2.385821272653664,111.24224628210195,14.100000000000001,56.300000000000004
41.382078,137,2,-1.8500198125839233,1.5141403675079346,1.8349405527114868,0.0,3.013669058051208,140.70154497881035,14.4,63.300000000000004
41.382078,137,3,-2.570756673812866,2.0919747352600098,1.5084747076034546,0.0,3.6415167324068287,140.8627389716285,11.700000000000001,70.7
41.382078,137,4,-1.2294923067092896,2.6764776706695557,-2.141368865966797,0.0,3.6415168095152306,114.67260887597453,11.700000000000001,70.7
41.686625,138,0,-0.11562623083591461,0.04109097644686699,-0.02664235234260559,0.0,0.12556953667599768,160.43592468124962,34.4,54.300000000000004
41.686625,138,1,-0.8055294156074524,2.063392162322998,-0.8863844275474548,0.0,2.3858210763474053,111.32521853357697,14.200000000000001,56.2
41.686625,138,2,-1.8500198125839233,1.4674569368362427,1.8724844455718994,0.0,3.0136690540486635,141.578145472589,14.4,63.300000000000004
41.686625,138,3,-2.570756673812866,2.1384689807891846,1.4418060779571533,0.0,3.641516747755681,140.24481983961715,11.600000000000001,70.7
41.686625,138,4,-1.117720365524292,2.6814703941345215,-2.1956915855407715,0.0,3.641516693486692,112.62789415676646,11.600000000000001,70.7
41.686625,138,5,1.2950139045715332,5.014723777770996,3.0829031467437744,0.0,6.0273383340059885,75.52015496968266,11.3,70.10000000000001
41.996461,139,0,-0.11562623083591461,0.041125014424324036,-0.026589777320623398,0.0,0.12556953582251312,160.42095066928132,34.0,54.6
41.996461,139,1,-0.8055294156074524,2.067244291305542,-0.8773629665374756,0.0,2.3858211111472034,111.28904148600598,13.9,56.400000000000006
41.996461,139,2,-1.8500198125839233,1.504984736442566,1.8424572944641113,0.0,3.0136690670679434,140.87176464268467,14.200000000000001,63.400000000000006
41.996461,139,3,-2.570756673812866,2.070321798324585,1.5380579233169556,0.0,3.6415167719028014,141.15427032550093,11.5,70.7
41.996461,139,4,-1.117720365524292,2.7057204246520996,-2.165738105773926,0.0,3.6415166311151905,112.44528930457464,11.5,70.7
41.996461,139,5,1.2950139045715332,5.033939838409424,3.0514252185821533,0.0,6.027338315903484,75.5731179075625,11.3,70.0
42.283231,140,0,-0.11562623083591461,0.041110385209321976,-0.02661238983273506,0.0,0.12556953580382668,160.427386023285,34.1,54.5
42.283231,140,1,-0.8055294156074524,2.0634241104125977,-0.8863100409507751,0.0,2.3858210719857156,111.32491801286915,14.200000000000001,56.2
42.283231,140,2,-1.8500198125839233,1.5288499593734741,1.8227028846740723,0.0,3.013669077889693,140.42979082149955,14.200000000000001,63.400000000000006
42.283231,140,3,-2.570756673812866,2.1243269443511963,1.4625625610351562,0.0,3.6415167289731896,140.4316112689506,11.700000000000001,70.8
42.283231,140,4,-1.2294923067092896,2.6924233436584473,-2.1212849617004395,0.0,3.641516810680777,114.54376002064241,11.700000000000001,70.8
42.58701,141,0,-0.11562623083591461,0.04112231731414795,-0.026593951508402824,0.0,0.1255695364944737,160.42213708244924,34.1,54.5
42.58701,141,1,-0.8055294156074524,2.067145586013794,-0.8775956034660339,0.0,2.385821149291813,111.28996700990761,14.0,56.2
42.58701,141,2,-1.8500198125839233,1.4610174894332886,1.8775131702423096,0.0,3.0136690455018997,141.7007652595484,14.200000000000001,63.400000000000006
42.58701,141,3,-2.374191999435425,2.0261518955230713,1.6185811758041382,0.0,3.5159471236897777,139.5223286861378,13.200000000000001,69.0
42.58701,141,4,-1.0791782140731812,2.707979440689087,-1.9657326936721802,0.0,3.5159469978793263,111.72816565453907,13.200000000000001,69.0
42.877849,142,0,-0.11562623083591461,0.0411125011742115,-0.02660912461578846,0.0,0.12556953660398015,160.42645518397995,34.6,54.1
42.877849,142,1,-0.8055294156074524,2.0567378997802734,-0.9017173051834106,0.0,2.3858211429754506,111.3879885359145,14.200000000000001,56.1
42.877849,142,2,-1.8500198125839233,1.4251490831375122,1.9048826694488525,0.0,3.0136690595497266,142.39140754356268,14.4,63.400000000000006
42.877849,142,3,-2.570756673812866,2.04580020904541,1.5705270767211914,0.0,3.6415166716627905,141.4873342686488,11.4,70.7
42.877849,142,4,-1.2294923067092896,2.7012839317321777,-2.109990119934082,0.0,3.641516788140791,114.47270639434046,11.4,70.7
42.877849,142,5,1.2950139045715332,5.022496700286865,3.070223808288574,0.0,6.027338413463115,75.54162431855114,11.5,70.0
42.877849,142,6,3.515037775039673,4.087549209594727,-2.69541335105896,0.0,6.027337906064436,49.30652006856901,11.5,70.0
43.191658,143,0,-0.11562623083591461,0.04112260416150093,-0.026593510061502457,0.0,0.12556953694162823,160.42201090231782,34.0,54.6
43.191658,143,1,-0.8055294156074524,2.063113212585449,-0.8870338201522827,0.0,2.385821193100499,111.327842826152,13.8,56.400000000000006
43.191658,143,2,-1.8500198125839233,1.4881916046142578,1.8560478687286377,0.0,3.0136690677659903,141.18613029561445,13.9,63.7
43.191658,143,3,-2.570756673812866,2.1022181510925293,1.494166374206543,0.0,3.64151674231299,140.72565859232822,11.9,70.60000000000001
43.191658,143,4,-1.2294923067092896,2.6424856185913086,-2.1831772327423096,0.0,3.6415167727587896,114.95155627433823,11.9,70.60000000000001
43.493526,144,0,-0.11562623083591461,0.041126593947410583,-0.026587335392832756,0.0,0.12556953607593832,160.42025587189343,33.9,54.7
43.493526,144,1,-0.8055294156074524,2.0661816596984863,-0.8798626661300659,0.0,2.385821158748657,111.29900943440252,13.4,56.800000000000004
43.493526,144,2,-1.8500198125839233,1.4392986297607422,1.894214153289795,0.0,3.0136690447206673,142.11740776083843,14.100000000000001,63.800000000000004
43.493526,144,3,-2.570756673812866,2.0601308345794678,1.5516815185546875,0.0,3.641516781035434,141.2923124839135,11.8,70.5
43.493526,144,4,-1.117720365524292,2.7266931533813477,-2.139273166656494,0.0,3.6415167238090476,112.2896026195833,11.8,70.5
43.783308,145,0,-0.11562623083591461,0.041121575981378555,-0.02659509889781475,0.0,0.12556953672725343,160.42246318526287,34.5,54.1
43.783308,145,1,-0.8055294156074524,2.05594539642334,-0.9035227298736572,0.0,2.385821124032888,111.39548773921565,14.4,55.800000000000004
43.783308,145,2,-1.8500198125839233,1.4215182065963745,1.9075937271118164,0.0,3.013669050568489,142.46204538339933,14.5,63.400000000000006
43.783308,145,3,-2.570756673812866,2.0675690174102783,1.5417563915252686,0.0,3.641516756588841,141.19150557844375,11.600000000000001,70.7
43.783308,145,4,-1.2294923067092896,2.7115087509155273,-2.096834182739258,0.0,3.641516803263803,114.39119131751059,11.600000000000001,70.7
44.089687,146,0,-0.11562623083591461,0.04111400246620178,-0.02660680189728737,0.0,0.1255695359683731,160.42579475345957,34.2,54.400000000000006
44.089687,146,1,-0.8055294156074524,2.0633022785186768,-0.8865935802459717,0.0,2.385821055419416,111.32606407172544,14.0,56.300000000000004
44.089687,146,2,-1.8500198125839233,1.4456826448440552,1.8893463611602783,0.0,3.0136690742325944,141.99444723296065,14.5,63.300000000000004
44.089687,146,3,-2.570756673812866,2.0684187412261963,1.5406161546707153,0.0,3.6415167308474,141.18000770668627,11.700000000000001,70.7
44.089687,146,4,-1.2294923067092896,2.684561014175415,-2.1312263011932373,0.0,3.6415168155571753,114.60713336972364,11.700000000000001,70.7
44.382844,147,0,-0.11562623083591461,0.0411268025636673,-0.02658701315522194,0.0,0.12556953617397423,160.42016410664877,34.5,54.2
44.382844,147,1,-0.8055294156074524,2.072628974914551,-0.8645660281181335,0.0,2.3858212263370007,111.23866727310482,13.9,56.5
44.382844,147,2,-1.8500198125839233,1.4663773775100708,1.873329997062683,0.0,3.0136690591571664,141.59867343768494,14.100000000000001,63.6
44.382844,147,3,-2.570756673812866,2.0616488456726074,1.5496639013290405,0.0,3.641516723276021,141.27171631491797,11.600000000000001,70.60000000000001
44.382844,147,4,-1.2294923067092896,2.6862423419952393,-2.1291067600250244,0.0,3.64151683337722,114.5935554469739,11.600000000000001,70.60000000000001
44.688122,148,0,-0.11562623083591461,0.041086360812187195,-0.026649469509720802,0.0,0.12556953662118445,160.4379554088656,33.9,54.7
44.688122,148,1,-0.8055294156074524,2.0651724338531494,-0.8822287917137146,0.0,2.385821129482356,111.30848465742571,13.8,56.6
44.688122,148,2,-1.8500198125839233,1.5380659103393555,1.8149328231811523,0.0,3.0136690601592924,140.26060743363226,13.8,63.800000000000004
44.688122,148,3,-2.570756673812866,2.0467529296875,1.569285273551941,0.0,3.641516675909194,141.47433602152532,11.5,70.60000000000001
44.688122,148,4,-1.117720365524292,2.7666003704071045,-2.087406873703003,0.0,3.641516700693137,111.99895419924201,11.5,70.60000000000001
44.688122,148,5,1.2950139045715332,4.937561511993408,3.2050321102142334,0.0,6.027338179101662,75.30359485960179,11.3,70.10000000000001
44.688122,148,6,3.7000396251678467,4.052476406097412,-2.493180274963379,0.0,6.027338229538382,47.60292867400402,11.3,70.10000000000001
44.990476,149,0,-0.11562623083591461,0.04111137613654137,-0.026610860601067543,0.0,0.12556953614268807,160.42695010072234,34.2,54.5
44.990476,149,1,-0.8055294156074524,2.0764055252075195,-0.8554560542106628,0.0,2.3858211595186414,111.20347274629796,14.100000000000001,56.300000000000004
44.990476,149,2,-1.8500198125839233,1.5336576700210571,1.8186594247817993,0.0,3.0136690692767076,140.34142913188654,14.100000000000001,63.5
44.990476,149,3,-2.570756673812866,2.077972412109375,1.5277055501937866,0.0,3.6415166441379814,141.05098934046853,11.600000000000001,70.5
44.990476,149,4,-1.117720365524292,2.717479944229126,-2.1509642601013184,0.0,3.641516622374324,112.35774183658083,11.600000000000001,70.5
44.990476,149,5,1.2950139045715332,5.000892639160156,3.105288505554199,0.0,6.027338127578946,75.48179772161618,11.3,70.0
45.28275,150,0,-0.11562623083591461,0.04113189876079559,-0.026579130440950394,0.0,0.12556953662407774,160.41792244528844,34.2,54.400000000000006
45.28275,150,1,-0.8055294156074524,2.0603702068328857,-0.8933864831924438,0.0,2.385821124259829,111.35368120470955,14.0,56.400000000000006
45.28275,150,2,-1.8500198125839233,1.5504728555679321,1.8043452501296997,0.0,3.013669053574337,140.03414970461478,14.0,63.6
45.28275,150,3,-2.570756673812866,2.059241771697998,1.552860975265503,0.0,3.6415166838505395,141.30438068164028,11.700000000000001,70.5
45.28275,150,4,-1.2294923067092896,2.6963589191436768,-2.1162800788879395,0.0,3.641516734192077,114.51215266389363,11.700000000000001,70.5
45.583793,151,0,-0.11562623083591461,0.04106908664107323,-0.026676081120967865,0.0,0.12556953626905154,160.44555593055176,34.300000000000004,54.300000000000004
45.583793,151,1,-0.8055294156074524,2.080165386199951,-0.8462725281715393,0.0,2.3858212140248742,111.16854411651094,14.3,56.300000000000004
45.583793,151,2,-1.8500198125839233,1.5047435760498047,1.8426542282104492,0.0,3.0136690497395455,140.87625941088962,14.200000000000001,63.5
45.583793,151,3,-2.570756673812866,2.1174192428588867,1.4725451469421387,0.0,3.641516625770825,140.52321743177038,11.8,70.7
45.583793,151,4,-1.117720365524292,2.771084785461426,-2.0814499855041504,0.0,3.641516682081627,111.96674335836215,11.8,70.7
45.892963,152,0,-0.11562623083591461,0.04108219966292381,-0.026655880734324455,0.0,0.12556953597185536,160.43978622167512,33.6,55.1
45.892963,152,1,-0.8055294156074524,2.066148042678833,-0.8799412250518799,0.0,2.3858210186894278,111.29932492196404,13.4,57.0
45.892963,152,2,-1.8500198125839233,1.4077789783477783,1.9177554845809937,0.0,3.0136690358218585,142.7305538392046,14.0,63.900000000000006
45.892963,152,3,-2.482109785079956,1.8899433612823486,1.621458888053894,0.0,3.5159470729369433,142.71340529186807,13.200000000000001,69.0
45.892963,152,4,-1.0791782140731812,2.727489471435547,-1.9385714530944824,0.0,3.5159470578031735,111.58708231630234,13.200000000000001,69.0
45.892963,152,5,1.2950139045715332,4.9450249671936035,3.193504810333252,0.0,6.027338211252403,75.32481781543427,11.5,69.9
45.892963,152,6,3.7000396251678467,4.112325668334961,-2.3931760787963867,0.0,6.02733833249653,48.02089779937672,11.5,69.9
46.189246,153,0,-0.11562623083591461,0.04111335799098015,-0.026607800275087357,0.0,0.1255695365050522,160.4260782626724,34.2,54.5
46.189246,153,1,-0.8055294156074524,2.056943416595459,-0.9012485146522522,0.0,2.3858211885317755,111.38604461476154,14.3,56.2
46.189246,153,2,-1.8500198125839233,1.4976741075515747,1.8484047651290894,0.0,3.013669061979995,141.00827589870275,14.5,63.300000000000004
46.189246,153,3,-2.374191999435425,2.056123971939087,1.580332636833191,0.0,3.5159471954518735,139.1064207432153,13.5,69.0
46.189246,153,4,-1.0791782140731812,2.786703586578369,-1.8524417877197266,0.0,3.5159469669022574,111.16938174900335,13.5,69.0
46.189246,153,5,1.2950139045715332,4.950260639190674,3.185382604598999,0.0,6.027338031555553,75.33967014051109,11.4,70.10000000000001
46.189246,153,6,3.7000396251678467,4.07172155380249,-2.461625099182129,0.0,6.027338365185367,47.738065628825055,11.4,70.10000000000001
46.479921,154,0,-0.11562623083591461,0.04110338166356087,-0.026623209938406944,0.0,0.12556953670745566,160.4304670469797,33.7,54.900000000000006
46.479921,154,1,-0.8055294156074524,2.0823309421539307,-0.8409298062324524,0.0,2.385821185896108,111.14847616392896,13.700000000000001,56.800000000000004
46.479921,154,2,-1.8500198125839233,1.534910798072815,1.8176019191741943,0.0,3.0136690597308946,140.31843473264752,14.100000000000001,63.5
46.479921,154,3,-2.482109785079956,1.841997742652893,1.6757265329360962,0.0,3.515947110283949,143.4205316797725,13.3,69.0
46.479921,154,4,-1.0791782140731812,2.7050015926361084,-1.9698286056518555,0.0,3.515947094246214,111.74985394088733,13.3,69.0
46.479921,154,5,1.2950139045715332,4.968828201293945,3.156341552734375,0.0,6.027338276928322,75.39210555578717,11.5,69.8
46.479921,154,6,3.7000396251678467,4.077643394470215,-2.4518027305603027,0.0,6.027338177824582,47.779507442396806,11.5,69.8
46.479921,154,7,-1.9116870164871216,2.176802158355713,-2.599952459335327,-0.34104230999946594,3.8926556072212883,131.28989060752633,11.600000000000001,44.300000000000004
46.479921,154,8,-0.9558435082435608,3.767723560333252,-0.20830442011356354,-0.34104230999946594,3.8926556964083634,104.23519377491839,11.600000000000001,44.300000000000004
46.800608,155,0,-0.11562623083591461,0.04107750579714775,-0.02666311152279377,0.0,0.12556953554071887,160.4418514677572,33.7,54.900000000000006
46.800608,155,1,-0.8055294156074524,2.0743744373321533,-0.8603693842887878,0.0,2.385821121351607,111.22238707383231,13.9,56.6
46.800608,155,2,-1.8500198125839233,1.5378422737121582,1.815122365951538,0.0,3.0136690875321306,140.26470308254002,14.3,63.300000000000004
46.800608,155,3,-2.374191999435425,2.034130811691284,1.608542561531067,0.0,3.515947238158154,139.41110172306355,13.4,68.9
46.800608,155,4,-1.1870959997177124,2.736806869506836,-1.8607995510101318,0.0,3.515947059124342,113.44889490867364,13.4,68.9
46.800608,155,5,1.2950139045715332,4.9194183349609375,3.2328109741210938,0.0,6.027338099176221,75.25175203621905,11.4,70.10000000000001
46.800608,155,6,3.7000396251678467,4.1123151779174805,-2.393193483352661,0.0,6.027338085681302,48.0208251253114,11.4,70.10000000000001
47.101992,156,0,-0.11562623083591461,0.04107705131173134,-0.02666381746530533,0.0,0.1255695367659288,160.4420514388374,33.800000000000004,54.800000000000004
47.101992,156,1,-0.8055294156074524,2.09049129486084,-0.8204333782196045,0.0,2.3858211209968503,111.07318024629437,14.100000000000001,56.400000000000006
47.101992,156,2,-1.8500198125839233,1.5175671577453613,1.832107424736023,0.0,3.01366902645152,140.63804680319393,14.100000000000001,63.400000000000006
47.101992,156,3,-2.570756673812866,2.0709939002990723,1.5371527671813965,0.0,3.6415167500209003,141.14518511093104,11.3,70.60000000000001
47.101992,156,4,-1.117720365524292,2.658780097961426,-2.223113536834717,0.0,3.6415167475217367,112.80132086308099,11.3,70.60000000000001
47.101992,156,5,1.2950139045715332,4.830561637878418,3.3641371726989746,0.0,6.027338190869274,74.99259877947698,11.4,69.9
47.101992,156,6,3.7000396251678467,4.120026111602783,-2.3798940181732178,0.0,6.027338046421292,48.0741886302603,11.4,69.9
47.394353,157,0,-0.11562623083591461,0.041095759719610214,-0.026634972542524338,0.0,0.125569536459259,160.4338202523692,33.7,54.900000000000006
47.394353,157,1,-0.8055294156074524,2.0845699310302734,-0.8353637456893921,0.0,2.3858210377932068,111.12776585593502,14.0,56.5
47.394353,157,2,-1.8500198125839233,1.4898748397827148,1.8546969890594482,0.0,3.013669070484815,141.1544943634385,14.3,63.300000000000004
47.394353,157,3,-2.570756673812866,2.079049825668335,1.526239275932312,0.0,3.641516769282178,141.0364687029892,11.600000000000001,70.7
47.394353,157,4,-1.117720365524292,2.7314836978912354,-2.133152961730957,0.0,3.6415166573139395,112.25432816320118,11.600000000000001,70.7
47.394353,157,5,1.2950139045715332,4.963111400604248,3.16532301902771,0.0,6.027338185520053,75.37600025603142,11.4,70.10000000000001
47.690235,158,0,-0.11562623083591461,0.041109874844551086,-0.026613183319568634,0.0,0.12556953688477088,160.42761054071298,34.4,54.2
47.690235,158,1,-0.8055294156074524,2.0912837982177734,-0.8184115886688232,0.0,2.385821261654877,111.06589503935959,14.3,56.2
47.690235,158,2,-1.8500198125839233,1.461085557937622,1.877460241317749,0.0,3.0136690714635286,141.69946692777086,14.700000000000001,63.0
47.690235,158,3,-2.570756673812866,2.098353862762451,1.4995882511138916,0.0,3.6415166802037735,140.77730878073274,11.700000000000001,70.7
47.690235,158,4,-1.2294923067092896,2.5724942684173584,-2.2652297019958496,0.0,3.641516675246963,115.54489956712068,11.700000000000001,70.7
47.690235,158,5,1.2950139045715332,4.912509918212891,3.2432992458343506,0.0,6.027338111272944,75.23191759345585,11.8,69.7
47.690235,158,6,3.7000396251678467,4.124039649963379,-2.3729329109191895,0.0,6.0273382899921675,48.10192059200924,11.8,69.7
47.690235,158,7,-0.5010470151901245,2.4660353660583496,2.0800461769104004,0.25578173995018005,3.26480790187739,101.48497196944793,18.900000000000002,41.1
47.690235,158,8,-1.6033504009246826,2.6352784633636475,-1.0693669319152832,0.25578173995018005,3.2648079151287774,121.31707670506961,18.900000000000002,41.1
47.999653,159,0,-0.11562623083591461,0.041139114648103714,-0.026567958295345306,0.0,0.1255695361914395,160.4147485037263,34.300000000000004,54.300000000000004
47.999653,159,1,-1.6033504009246826,0.6472599506378174,-1.0231595039367676,0.0,2.0091125708484188,158.01645757900346,11.9,52.5
47.999653,159,2,-0.8055294156074524,2.1034862995147705,-0.786517858505249,0.0,2.3858211570448673,110.95432575040748,14.100000000000001,56.1
47.999653,159,3,-1.8500198125839233,1.4825853109359741,1.8605291843414307,0.0,3.013669085507293,141.29170197048626,14.8,62.800000000000004
47.999653,159,4,-1.2294923067092896,2.604083776473999,-2.2288429737091064,0.0,3.6415168060308147,115.27387356485903,12.0,70.5
47.999653,159,5,-2.570756673812866,2.05328106880188,1.5607339143753052,0.0,3.641516631149011,141.3853969129164,12.0,70.5
48.293559,160,0,-0.11562623083591461,0.04115426167845726,-0.026544490829110146,0.0,0.12556953653253586,160.4080864189994,34.300000000000004,54.300000000000004
48.293559,160,1,-0.8055294156074524,2.1001083850860596,-0.7954931259155273,0.0,2.3858210708048744,110.98509740588717,14.0,56.300000000000004
48.293559,160,2,-1.8500198125839233,1.5121556520462036,1.8365764617919922,0.0,3.0136690466898863,140.73837437677406,14.3,63.400000000000006
48.293559,160,3,-2.570756673812866,2.0451877117156982,1.5713247060775757,0.0,3.6415167147819143,141.49569322871054,11.9,70.5
48.293559,160,4,-1.2294923067092896,2.659191846847534,-2.162797212600708,0.0,3.641516770994076,114.81372650246223,11.9,70.5
48.293559,160,5,1.2950139045715332,4.909372329711914,3.248047113418579,0.0,6.027338362474879,75.2228921698776,11.4,70.3
48.580607,161,0,-0.11562623083591461,0.04116230085492134,-0.026532022282481194,0.0,0.12556953641464697,160.4045507898374,34.7,53.900000000000006
48.580607,161,1,-0.8055294156074524,2.1045360565185547,-0.7837042212486267,0.0,2.385821024091805,110.94478036624872,14.700000000000001,55.7
48.580607,161,2,-1.8500198125839233,1.4622907638549805,1.8765217065811157,0.0,3.0136690761061904,141.676486646003,14.3,63.0
48.580607,161,3,-2.570756673812866,2.096209764480591,1.5025838613510132,0.0,3.6415166501129286,140.80599968972098,11.9,70.5
48.580607,161,4,-1.2294923067092896,2.667330265045166,-2.152752161026001,0.0,3.641516708994394,114.74709833631537,11.9,70.5
48.580607,161,5,1.2950139045715332,4.782042980194092,3.4327552318573,0.0,6.027338098970462,74.84730201708392,11.5,70.0
48.891328,162,0,-0.11562623083591461,0.04113267734646797,-0.02657792530953884,0.0,0.12556953657941194,160.41757997474173,35.0,53.6
48.891328,162,1,-1.6033504009246826,0.6890599727630615,-0.9954884052276611,0.0,2.00911257005482,156.74377758185048,12.9,51.7
48.891328,162,2,-0.8055294156074524,2.091188669204712,-0.8186543583869934,0.0,2.3858211685130715,111.06676927325314,14.8,55.5
48.891328,162,3,-1.8500198125839233,1.4999953508377075,1.8465214967727661,0.0,3.013669025877216,140.964874153315,15.0,62.900000000000006
48.891328,162,4,-2.482109785079956,1.8345613479614258,1.6838644742965698,0.0,3.515947083279521,143.53138567762065,13.100000000000001,68.8
48.891328,162,5,-1.0791782140731812,2.789930582046509,-1.8475782871246338,0.0,3.515947069769815,111.14706099227966,13.100000000000001,68.8
48.891328,162,6,-2.570756673812866,2.093376636505127,1.506528377532959,0.0,3.6415166305443396,140.84394670517884,11.4,70.5
48.891328,162,7,-1.2294923067092896,2.6462297439575195,-2.1786372661590576,0.0,3.641516652105249,114.92054201078894,11.4,70.5
48.891328,162,8,-0.22354406118392944,3.2684316635131836,1.5899771451950073,0.25578173995018005,3.641516827997452,93.91264583948589,20.200000000000003,41.2
49.191884,163,0,-0.11562623083591461,0.04112321138381958,-0.026592569425702095,0.0,0.12556953659426837,160.42174379437998,35.0,53.6
49.191884,163,1,-1.6033504009246826,0.68730229139328,-0.9967027306556702,0.0,2.009112560608853,156.79681716321588,12.600000000000001,51.900000000000006
49.191884,163,2,-0.8055294156074524,2.088075637817383,-0.8265619874000549,0.0,2.385821080397707,111.09541624074146,14.5,55.800000000000004
49.191884,163,3,-1.8500198125839233,1.5122593641281128,1.8364911079406738,0.0,3.0136690728896203,140.73644888313478,14.700000000000001,63.0
49.191884,163,4,-2.570756673812866,2.0986428260803223,1.4991838932037354,0.0,3.641516707781704,140.77344385651472,12.0,70.4
49.191884,163,5,-1.117720365524292,2.6454427242279053,-2.2389678955078125,0.0,3.6415166153393836,112.90444032696874,12.0,70.4
49.191884,163,6,-0.30833661556243896,4.593651294708252,2.007891893386841,0.25578173995018005,5.02278145467229,93.84006657709988,11.4,44.300000000000004
49.191884,163,7,2.620861291885376,3.0395214557647705,-3.020054340362549,0.25578173995018005,5.0227813818740055,49.230078233334815,11.4,44.300000000000004
49.470431,164,0,-0.11562623083591461,0.04112305864691734,-0.026592804118990898,0.0,0.1255695362765549,160.42181098095583,34.4,54.2
49.470431,164,1,-0.8055294156074524,2.1100738048553467,-0.7686699032783508,0.0,2.3858211419868742,110.89456309106676,14.3,56.1
49.470431,164,2,-1.8500198125839233,1.4693224430084229,1.8710209131240845,0.0,3.0136690272538185,141.54270010623645,14.200000000000001,63.400000000000006
49.470431,164,3,-2.570756673812866,2.0541200637817383,1.5596296787261963,0.0,3.641516695986394,141.3739824401905,11.9,70.5
49.470431,164,4,-1.2294923067092896,2.7229628562927246,-2.0819380283355713,0.0,3.6415167173633805,114.30047950457052,11.9,70.5
49.776045,165,0,-0.11562623083591461,0.04111967235803604,-0.026598038151860237,0.0,0.12556953589816383,160.42330057089706,35.0,53.6
49.776045,165,1,-0.8055294156074524,2.0899715423583984,-0.8217566013336182,0.0,2.385821158241373,111.07796076180531,14.5,55.7
49.776045,165,2,-1.8500198125839233,1.4971582889556885,1.8488225936889648,0.0,3.0136690647907196,141.01792771918002,14.4,62.900000000000006
49.776045,165,3,-2.570756673812866,2.074404239654541,1.532547116279602,0.0,3.6415166468199827,141.09912121370093,11.9,70.5
49.776045,165,4,-1.2294923067092896,2.6839675903320312,-2.1319735050201416,0.0,3.6415167697427853,114.6119290483879,11.9,70.5
49.776045,165,5,1.2950139045715332,4.941547870635986,3.198882579803467,0.0,6.0273382292841955,75.31493786566485,11.3,70.0
49.776045,165,6,3.515037775039673,4.137918472290039,-2.6174304485321045,0.0,6.027337886345676,49.65309613859179,11.3,70.0
50.072916,166,0,-0.11562623083591461,0.041102465242147446,-0.02662462182343006,0.0,0.12556953608874574,160.43087021092347,34.6,54.0
50.072916,166,1,-0.8055294156074524,2.0855398178100586,-0.8329398036003113,0.0,2.3858211767653126,111.11880656065318,14.200000000000001,55.900000000000006
50.072916,166,2,-1.8500198125839233,1.539128303527832,1.814031958580017,0.0,3.0136690575481526,140.24115756581807,14.700000000000001,63.0
50.072916,166,3,-1.117720365524292,2.7870266437530518,-2.0600550174713135,0.0,3.6415165801497995,111.85295804142253,11.9,70.5
50.072916,166,4,-2.570756673812866,2.0956287384033203,1.503394365310669,0.0,3.6415167585531103,140.81377863504326,11.9,70.5
50.391753,167,0,-0.11562623083591461,0.041144244372844696,-0.026560017839074135,0.0,0.12556953710970073,160.4124922465446,34.4,54.2
50.391753,167,1,-0.8055294156074524,2.092505693435669,-0.8152823448181152,0.0,2.3858212460789465,111.0546719997515,14.600000000000001,55.7
50.391753,167,2,-1.8500198125839233,1.5045534372329712,1.8428094387054443,0.0,3.013669022939393,140.87980363901383,14.700000000000001,62.800000000000004
50.391753,167,3,-2.374191999435425,1.9623528718948364,1.695366621017456,0.0,3.515947158828932,140.4250757497006,13.3,68.8
50.391753,167,4,-1.0791782140731812,2.7037971019744873,-1.9714816808700562,0.0,3.515947156084977,111.75863820283429,13.3,68.8
50.391753,167,5,1.2950139045715332,4.8355560302734375,3.356954574584961,0.0,6.02733831394707,75.00740087590573,11.4,70.0
50.391753,167,6,3.7000396251678467,4.064289569854736,-2.473876476287842,0.0,6.027338364101734,47.68596212097876,11.4,70.0
50.67787,168,0,-0.11562623083591461,0.041110407561063766,-0.026612360030412674,0.0,0.1255695368054899,160.42737619041924,34.2,54.400000000000006
50.67787,168,1,-1.6033504009246826,0.5433312058448792,-1.0819389820098877,0.0,2.0091125573702393,161.27989851205695,12.100000000000001,52.2
50.67787,168,2,-0.8055294156074524,2.0788824558258057,-0.8494187593460083,0.0,2.385821060615848,111.18045003007214,14.100000000000001,56.1
50.67787,168,3,-1.8500198125839233,1.5040087699890137,1.8432540893554688,0.0,3.013669080221413,140.8899583268227,14.5,63.0
50.67787,168,4,-2.570756673812866,2.0670864582061768,1.542403221130371,0.0,3.6415167167275357,141.19803688684044,11.700000000000001,70.3
50.67787,168,5,-1.117720365524292,2.4068081378936768,-2.49371600151062,0.0,3.6415166791227387,114.9101293410576,11.700000000000001,70.3
50.989182,169,0,-0.11562623083591461,0.04111025482416153,-0.026612594723701477,0.0,0.12556953654033964,160.4274433816925,34.9,53.800000000000004
50.989182,169,1,-1.6033504009246826,0.647038996219635,-1.023299217224121,0.0,2.0091125550216824,158.02324727191325,12.4,52.0
50.989182,169,2,-0.8055294156074524,2.0574915409088135,-0.8999966382980347,0.0,2.3858212483897385,111.38086171991701,14.3,55.800000000000004
50.989182,169,3,-1.8500198125839233,1.503063440322876,1.8440250158309937,0.0,3.0136690713478798,140.9075898491466,14.600000000000001,62.800000000000004
50.989182,169,4,-2.374191999435425,1.9922068119049072,1.660183310508728,0.0,3.5159471349943834,139.9996717220532,13.5,68.7
50.989182,169,5,-1.0791782140731812,2.658268928527832,-2.0324528217315674,0.0,3.515947068240832,112.09569118230031,13.5,68.7
50.989182,169,6,1.2950139045715332,4.86500883102417,3.3141262531280518,0.0,6.027338115673398,75.09411440872817,11.4,69.9
50.989182,169,7,3.7000396251678467,4.048681735992432,-2.499337673187256,0.0,6.027338204529757,47.57620028022131,11.4,69.9
51.292906,170,0,-0.11562623083591461,0.04108254611492157,-0.026655349880456924,0.0,0.1255695366315192,160.43963378894148,34.4,54.2
51.292906,170,1,-0.8055294156074524,2.055173873901367,-0.9052760601043701,0.0,2.385821040307451,111.40279322396523,14.3,56.0
51.292906,170,2,-1.8500198125839233,1.4821385145187378,1.8608851432800293,0.0,3.013669092593479,141.3001290033171,14.5,63.0
51.292906,170,3,-2.570756673812866,2.0606844425201416,1.5509461164474487,0.0,3.6415167312153547,141.28479983113303,11.9,70.5
51.292906,170,4,-1.2294923067092896,2.538580894470215,-2.3031716346740723,0.0,3.641516698958521,115.84195953851219,11.9,70.5
51.292906,170,5,0.4817759692668915,1.9910733699798584,-2.37872576713562,0.25578173995018005,3.1392383669356723,76.39769943335226,25.900000000000002,40.2
51.578773,171,0,-0.11562623083591461,0.04111959785223007,-0.02659815549850464,0.0,0.12556953635644263,160.42333334546288,34.7,53.900000000000006
51.578773,171,1,-0.8055294156074524,2.040663719177246,-0.9375266432762146,0.0,2.385821087388566,111.54107948227129,14.3,55.800000000000004
51.578773,171,2,-1.8500198125839233,1.5478512048721313,1.806594729423523,0.0,3.0136690554468677,140.0818769243987,14.700000000000001,62.900000000000006
51.578773,171,3,-2.374191999435425,1.9999427795410156,1.6508560180664062,0.0,3.515947150343346,139.8902941114615,13.3,68.9
51.578773,171,4,-1.0791782140731812,2.709658622741699,-1.9634175300598145,0.0,3.5159470796465078,111.71595396221046,13.3,68.9
51.578773,171,5,0.8093836307525635,3.3538765907287598,-2.7224719524383545,0.25578173995018005,4.394933853811918,76.43235494207846,13.4,51.1
51.877451,172,0,-0.11562623083591461,0.041106484830379486,-0.026618417352437973,0.0,0.1255695364918538,160.42910187673365,35.0,53.6
51.877451,172,1,-0.8055294156074524,2.064640760421753,-0.8834724426269531,0.0,2.385821172235051,111.3134795627693,15.0,55.400000000000006
51.877451,172,2,-1.8500198125839233,1.5149199962615967,1.8342969417572021,0.0,3.013669054917297,140.68708837921105,15.100000000000001,62.5
51.877451,172,3,-2.374191999435425,2.0172765254974365,1.629629373550415,0.0,3.5159471164459384,139.6464867715245,13.200000000000001,68.9
51.877451,172,4,-1.0791782140731812,2.732673168182373,-1.9312574863433838,0.0,3.5159470616594093,111.54989021579095,13.200000000000001,68.9
51.877451,172,5,0.5781311392784119,3.037116289138794,-2.1523537635803223,-0.34104230999946594,3.7670861008946863,79.22238707543843,17.3,41.900000000000006
52.174064,173,0,-0.11562623083591461,0.04110518842935562,-0.026620417833328247,0.0,0.12556953618913316,160.429672197145,35.0,53.6
52.174064,173,1,-0.8055294156074524,2.0721933841705322,-0.8656089305877686,0.0,2.385821007855012,111.24273381077359,14.9,55.5
52.174064,173,2,-1.8500198125839233,1.5040231943130493,1.8432422876358032,0.0,3.0136690606159053,140.88968936433358,14.600000000000001,62.900000000000006
52.174064,173,3,-2.570756673812866,2.0880281925201416,1.513932704925537,0.0,3.641516695520628,140.91569566939128,11.600000000000001,70.5
52.174064,173,4,-1.117720365524292,2.6186063289642334,-2.270296573638916,0.0,3.6415167792934717,113.1146252006229,11.600000000000001,70.5
52.174064,173,5,1.2950139045715332,4.956850528717041,3.1751184463500977,0.0,6.02733816252487,75.35832230537928,11.8,69.8
52.493529,174,0,-0.11562623083591461,0.04107842221856117,-0.026661701500415802,0.0,0.1255695359399877,160.44144824889042,35.0,53.6
52.493529,174,1,-0.8055294156074524,2.081766128540039,-0.8423272371292114,0.0,2.3858212480727046,111.15370672487202,14.700000000000001,55.7
52.493529,174,2,-1.8500198125839233,1.4729284048080444,1.8681834936141968,0.0,3.013669019394129,141.47428400025188,14.5,63.1
52.493529,174,3,-1.2294923067092896,2.579562187194824,-2.2571778297424316,0.0,3.6415167396214767,115.48378957166629,11.9,70.4
52.493529,174,4,-2.570756673812866,2.084061622619629,1.519388198852539,0.0,3.6415166101010326,140.96900133904003,11.9,70.4
52.493529,174,5,1.2950139045715332,5.053970813751221,3.0181326866149902,0.0,6.027338294247023,75.62792468011138,11.700000000000001,69.8
52.778216,175,0,-0.11562623083591461,0.04111771285533905,-0.026601068675518036,0.0,0.12556953620386577,160.42416254641464,34.7,53.900000000000006
52.778216,175,1,-0.8055294156074524,2.0875840187072754,-0.8278027176856995,0.0,2.3858210356140988,111.09994705431134,14.8,55.5
52.778216,175,2,-1.8500198125839233,1.4479286670684814,1.8876255750656128,0.0,3.013669033506093,141.95128508989455,15.100000000000001,62.6
52.778216,175,3,-2.482109785079956,1.7773176431655884,1.744178056716919,0.0,3.5159471104426694,144.3953979052682,13.4,68.8
52.778216,175,4,-1.0791782140731812,2.782407283782959,-1.8588886260986328,0.0,3.5159469328784683,111.19916863888152,13.4,68.8
52.778216,175,5,1.2950139045715332,5.0462446212768555,3.0310332775115967,0.0,6.027338427546764,75.60683339784495,11.700000000000001,69.7
52.778216,175,6,3.7000396251678467,3.9348630905151367,-2.6749513149261475,0.0,6.027338160924413,46.76166664221288,11.700000000000001,69.7
53.091947,176,0,-0.11562623083591461,0.04111354798078537,-0.026607507839798927,0.0,0.1255695367449188,160.42599468470826,34.1,54.5
53.091947,176,1,-0.8055294156074524,2.054643154144287,-0.9064801931381226,0.0,2.3858211313576287,111.40782132754119,13.8,56.400000000000006
53.091947,176,2,-1.8500198125839233,1.3971511125564575,1.9255120754241943,0.0,3.0136690745460406,142.93957893722788,14.200000000000001,63.5
53.091947,176,3,-2.374191999435425,2.053206205368042,1.584121584892273,0.0,3.5159471793055452,139.1466814136402,13.4,69.0
53.091947,176,4,-1.0791782140731812,2.697648763656616,-1.9798862934112549,0.0,3.515947127677834,111.80358296246327,13.4,69.0
53.091947,176,5,1.2950139045715332,4.818336009979248,3.381624460220337,0.0,6.027338293812355,74.9562443719051,11.4,69.8
53.379256,177,0,-0.11562623083591461,0.041097741574048996,-0.0266319140791893,0.0,0.1255695363825512,160.43294833999013,34.4,54.2
53.379256,177,1,-0.8055294156074524,2.049321413040161,-0.9184481501579285,0.0,2.3858212208550595,111.45836489767044,13.9,56.400000000000006
53.379256,177,2,-1.8500198125839233,1.508144736289978,1.8398715257644653,0.0,3.0136690402018407,140.81292127485145,13.600000000000001,63.800000000000004
53.379256,177,3,-2.570756673812866,2.0615789890289307,1.5497568845748901,0.0,3.641516745155267,141.27266385985283,11.4,70.7
53.379256,177,4,-1.2294923067092896,2.6233932971954346,-2.206082582473755,0.0,3.6415167286065477,115.11083633824408,11.4,70.7
53.684504,178,0,-0.11562623083591461,0.04110827296972275,-0.026615653187036514,0.0,0.12556953594899542,160.42831523451378,35.6,53.0
53.684504,178,1,-0.8055294156074524,2.065847396850586,-0.8806471228599548,0.0,2.3858211293985856,111.3021468062971,15.3,55.1
53.684504,178,2,-1.8500198125839233,1.5257035493850708,1.8253374099731445,0.0,3.0136690740369496,140.48774141617997,14.700000000000001,62.7
53.684504,178,3,-2.570756673812866,2.0745084285736084,1.5324063301086426,0.0,3.6415167522247334,141.09771486034788,11.4,70.7
53.684504,178,4,-1.2294923067092896,2.574923038482666,-2.2624685764312744,0.0,3.6415167232494063,115.52386934548828,11.4,70.7
53.684504,178,5,1.2950139045715332,4.971698760986328,3.151818037033081,0.0,6.027338261753165,75.40017938086746,11.4,69.8
53.684504,178,6,3.7000396251678467,3.983315944671631,-2.602250099182129,0.0,6.027338112432458,47.11147190504386,11.4,69.8
53.684504,178,7,-0.7014658451080322,1.3978840112686157,0.8027061223983765,-0.596824049949646,1.7579735947247326,116.64774810560553,16.8,40.1
53.684504,178,8,-0.6783405542373657,0.3783373236656189,1.1421942710876465,-0.34104230999946594,1.3812649242295845,150.84986560528534,16.3,44.2
