timestamp_s,frame_number,point_index,x,y,z,doppler,range,aoa,snr,noise
0.0,1,0,-0.11562623083591461,0.04111893102526665,-0.026599185541272163,0.0,0.12556953618390038,160.4236266784208,34.2,54.5
0.0,1,1,-0.8055294156074524,2.138479232788086,-0.6856909394264221,0.0,2.38582127010518,110.640553803369,14.5,56.400000000000006
0.0,1,2,0.5087554454803467,2.0842480659484863,-1.7403017282485962,0.0,2.762530037675783,76.28260229770659,16.1,61.0
0.0,1,3,-1.8500198125839233,1.3863805532455444,1.933281421661377,0.0,3.0136690927690637,143.1525920892922,14.0,63.900000000000006
0.0,1,4,-1.0791782140731812,2.895622968673706,-1.6770883798599243,0.0,3.515947017277435,110.44006896307184,11.8,71.0
0.0,1,5,-2.374191999435425,1.6939080953598022,1.9636119604110718,0.0,3.515947129405968,144.49338828835383,11.8,71.0
0.308577,2,0,-0.11562623083591461,0.0411573126912117,-0.02653975784778595,0.0,0.12556953608221025,160.4067445655473,33.9,54.800000000000004
0.308577,2,1,0.5087554454803467,1.9099891185760498,-1.9299432039260864,0.0,2.7625298743661233,75.08468731758504,16.5,60.7
0.308577,2,2,-1.8500198125839233,1.3531073331832886,1.9567136764526367,0.0,3.013669055102806,143.81820506183217,14.4,63.5
0.597071,3,0,-0.11562623083591461,0.04114600643515587,-0.026557283475995064,0.0,0.12556953614832883,160.41171723597336,34.300000000000004,54.400000000000006
0.597071,3,1,-0.8055294156074524,2.113508939743042,-0.7591735124588013,0.0,2.3858210536001385,110.86352813002694,14.700000000000001,56.1
0.597071,3,2,0.5087554454803467,2.1185340881347656,-1.698397159576416,0.0,2.762529945096007,76.49640959567664,18.400000000000002,60.7
0.905679,4,0,-0.11562623083591461,0.04114110767841339,-0.02656487002968788,0.0,0.1255695357880295,160.4138718821327,34.0,54.7
0.905679,4,1,0.42396286129951477,2.121426582336426,-1.7179569005966187,0.0,2.762529848583074,78.6984417258073,19.400000000000002,60.7
0.905679,4,2,-0.18500198423862457,2.911952495574951,0.7539949417114258,0.0,3.0136690997493125,93.63522617888901,14.200000000000001,63.400000000000006
0.905679,4,3,-1.9425207376480103,1.2145631313323975,1.9579709768295288,0.0,3.013668986848308,147.98427432260283,14.200000000000001,63.400000000000006
1.195339,5,0,-0.11562623083591461,0.04116141051054001,-0.026533406227827072,0.0,0.12556953698484477,160.40494235557597,34.0,54.7
1.195339,5,1,-0.8055294156074524,2.1247575283050537,-0.72709721326828,0.0,2.385821148166891,110.76251572951395,14.700000000000001,56.400000000000006
1.195339,5,2,-1.8500198125839233,1.4056313037872314,1.9193302392959595,0.0,3.013669065543782,142.77270036192306,13.9,63.900000000000006
1.195339,5,3,-2.374191999435425,1.9682104587554932,1.6885628700256348,0.0,3.5159471876248225,140.34119275444309,11.5,70.7
1.195339,5,4,-1.0791782140731812,2.768955707550049,-1.8788671493530273,0.0,3.5159469695975427,111.29294956489296,11.5,70.7
1.487707,6,0,-0.11562623083591461,0.041140977293252945,-0.026565074920654297,0.0,0.12556953641510404,160.41392923091715,34.5,54.2
1.487707,6,1,0.33917027711868286,2.3100011348724365,-1.4766277074813843,0.0,2.7625298381183936,81.64712194952804,18.6,60.900000000000006
1.808195,7,0,-0.11562623083591461,0.04113905876874924,-0.02656804583966732,0.0,0.12556953640687488,160.41477308203935,34.5,54.2
1.808195,7,1,0.40469181537628174,1.8370667695999146,-1.847963571548462,0.0,2.6369602088713746,77.57660355233206,20.1,59.2
1.808195,7,2,-1.7575188875198364,1.292423963546753,2.0791749954223633,0.0,3.0136690268057715,143.67040929224183,14.4,63.900000000000006
1.808195,7,3,-0.37000396847724915,2.91391921043396,0.6740719079971313,0.0,3.013669032720063,97.23658302824347,14.4,63.900000000000006
2.108269,8,0,-0.11562623083591461,0.04111189395189285,-0.02661006525158882,0.0,0.12556953712714605,160.42672230753945,34.4,54.300000000000004
2.108269,8,1,-1.8500198125839233,1.3947772979736328,1.927232265472412,0.0,3.0136690632804406,142.9864243718467,13.9,63.7
2.108269,8,2,-2.374191999435425,1.8897076845169067,1.7759790420532227,0.0,3.5159471470597667,141.4824138349881,11.4,70.7
2.108269,8,3,-1.0791782140731812,2.695014715194702,-1.98347008228302,0.0,3.515947027496002,111.82289211785701,11.4,70.7
2.401135,9,0,-0.11562623083591461,0.04109438881278038,-0.026637088507413864,0.0,0.1255695366455096,160.4344233852479,34.0,54.7
2.401135,9,1,-0.8055294156074524,2.134371519088745,-0.6983716487884521,0.0,2.385821112476286,110.67692024907295,14.8,56.400000000000006
2.401135,9,2,0.42396286129951477,2.1192872524261475,-1.720595121383667,0.0,2.762529735185943,78.68732733721652,17.2,60.900000000000006
2.401135,9,3,-0.09250099211931229,2.83376407623291,1.0214821100234985,0.0,3.013669022037635,91.86961056170645,14.5,64.0
2.401135,9,4,-1.9425207376480103,1.2217003107070923,1.9535256624221802,0.0,3.0136690228219147,147.8331766291198,14.5,64.0
2.703159,10,0,-0.11562623083591461,0.04110395163297653,-0.02662232704460621,0.0,0.12556953609230329,160.4302162996905,34.1,54.5
2.703159,10,1,0.40469181537628174,1.8553977012634277,-1.829558253288269,0.0,2.6369602760491833,77.69558720798345,18.2,59.6
2.703159,10,2,-1.8500198125839233,1.4899951219558716,1.8546003103256226,0.0,3.0136690398026857,141.15223477010986,13.200000000000001,64.0
2.997531,11,0,-0.11562623083591461,0.04109581559896469,-0.026634883135557175,0.0,0.12556953578280486,160.43379566824436,34.0,54.7
2.997531,11,1,-0.8055294156074524,2.124643325805664,-0.7274308204650879,0.0,2.385821137441352,110.76353657076845,13.8,56.5
2.997531,11,2,0.5318806767463684,1.4181345701217651,-2.4590883255004883,0.0,2.888099393352558,69.44111360061552,15.4,62.6
2.997531,11,3,-1.7729356288909912,1.6422419548034668,1.5814101696014404,0.0,2.888099289641314,137.19155330265073,15.4,62.6
3.29436,12,0,-0.11562623083591461,0.04109105095267296,-0.02664223499596119,0.0,0.12556953615943398,160.43589190156234,34.1,54.6
3.29436,12,1,0.5087554454803467,2.0112390518188477,-1.8241866827011108,0.0,2.762529941957402,75.80445182271077,20.6,61.0
3.605828,13,0,-0.11562623083591461,0.0411515086889267,-0.026548756286501884,0.0,0.12556953605494883,160.4092972192751,34.2,54.5
3.605828,13,1,-0.8055294156074524,2.144132137298584,-0.6678040623664856,0.0,2.385821143195495,110.59070704672116,14.600000000000001,56.400000000000006
3.605828,13,2,0.42396286129951477,2.2724390029907227,-1.5125634670257568,0.0,2.7625299585444716,79.43197700143222,17.1,60.900000000000006
3.605828,13,3,-0.09250099211931229,2.8620102405548096,0.9394375085830688,0.0,3.013669172805207,91.85117163360867,14.5,64.0
3.605828,13,4,-1.9425207376480103,1.2052421569824219,1.9637223482131958,0.0,3.0136690153419567,148.18235689759493,14.5,64.0
3.605828,13,5,-2.050438642501831,2.2139148712158203,-1.8044849634170532,-0.25578173995018005,3.515947051201647,132.8046112749391,16.8,50.0
3.605828,13,6,-0.9712603688240051,3.3685379028320312,0.2673771381378174,-0.25578173995018005,3.515947218156571,106.08401290250632,16.8,50.0
3.907382,14,0,-0.11562623083591461,0.041115544736385345,-0.026604419574141502,0.0,0.12556953618281338,160.425116301937,34.2,54.5
3.907382,14,1,0.48563018441200256,1.7785097360610962,-1.8853715658187866,0.0,2.636960276241212,74.72742906637531,19.8,59.2
4.204691,15,0,-0.11562623083591461,0.041107892990112305,-0.026616239920258522,0.0,0.12556953591894612,160.42848239534294,34.1,54.6
4.204691,15,1,-0.8055294156074524,2.1376755237579346,-0.6881920695304871,0.0,2.38582116028157,110.64765957726917,14.200000000000001,56.5
4.204691,15,2,0.0886467844247818,2.3772366046905518,1.6376831531524658,0.0,2.888099416084723,87.86443875405055,16.0,62.5
4.204691,15,3,-1.6842888593673706,1.505885124206543,1.7990548610687256,0.0,2.8880992646082313,138.20081140272532,16.0,62.5
4.204691,15,4,-2.482109785079956,1.8959572315216064,1.6144229173660278,0.0,3.5159471220519483,142.62563355862235,11.3,71.3
4.204691,15,5,-1.1870959997177124,2.8133482933044434,-1.7429168224334717,0.0,3.5159471813305743,112.87737676897794,11.3,71.3
4.507049,16,0,-0.11562623083591461,0.04109625518321991,-0.026634206995368004,0.0,0.1255695362326255,160.4336022733902,34.5,54.2
4.507049,16,1,0.5087554454803467,1.9707012176513672,-1.8679068088531494,0.0,2.762529862122479,75.52459807275879,19.700000000000003,60.800000000000004
4.808311,17,0,-0.11562623083591461,0.041126519441604614,-0.026587452739477158,0.0,0.12556953652010835,160.42028864522044,35.1,53.6
4.808311,17,1,-1.9425207376480103,1.2144749164581299,1.9580256938934326,0.0,3.013668985944775,147.98614500305456,14.5,63.300000000000004
4.808311,17,2,1.2950139045715332,5.127570629119873,2.8913259506225586,0.0,6.027338328183496,75.82584680126517,11.5,70.3
5.105604,18,0,-0.11562623083591461,0.04104918986558914,-0.026706691831350327,0.0,0.12556953704826704,160.45431126858108,34.0,54.7
5.105604,18,1,-0.8055294156074524,2.1231303215026855,-0.7318350672721863,0.0,2.385821151549769,110.77707018068253,13.600000000000001,56.5
5.105604,18,2,-1.8500198125839233,1.3794591426849365,1.9382261037826538,0.0,3.013669069867261,143.29010897684003,14.600000000000001,63.5
5.39279,19,0,-0.11562623083591461,0.04115672782063484,-0.026540668681263924,0.0,0.12556953689597908,160.40700179335252,34.6,54.1
5.39279,19,1,-0.8055294156074524,2.095674514770508,-0.8071019649505615,0.0,2.3858212198516773,111.02561967386062,13.9,56.1
5.39279,19,2,-1.8500198125839233,1.3886176347732544,1.9316751956939697,0.0,3.0136690767593675,143.1082504641203,14.4,63.800000000000004
5.39279,19,3,-2.374191999435425,1.8946278095245361,1.7707293033599854,0.0,3.515947162939833,141.4097997282401,11.700000000000001,70.4
5.39279,19,4,-1.0791782140731812,2.7156224250793457,-1.9551606178283691,0.0,3.5159470722454027,111.67268816891516,11.700000000000001,70.4
5.39279,19,5,1.2950139045715332,5.213598251342773,2.7331554889678955,0.0,6.02733827375844,76.0505240851082,11.3,70.3
5.70139,20,0,-0.11562623083591461,0.041108254343271255,-0.026615682989358902,0.0,0.12556953616805847,160.42832342866396,34.1,54.6
5.70139,20,1,0.48563018441200256,1.4780226945877075,-2.129124641418457,0.0,2.636960276610859,71.81115876316586,17.7,59.6
5.70139,20,2,-1.7575188875198364,1.4278193712234497,1.9886326789855957,0.0,3.0136689812849915,140.9093759537713,14.0,64.3
5.70139,20,3,-0.27750298380851746,2.9372708797454834,0.6145181059837341,0.0,3.0136689648342716,95.3970832628712,14.0,64.3
5.999672,21,0,-0.11562623083591461,0.04110056161880493,-0.026627561077475548,0.0,0.1255695362404277,160.43170768393574,34.2,54.5
5.999672,21,1,-0.8055294156074524,2.072944164276123,-0.8638100624084473,0.0,2.385821236290222,111.23572569061503,13.700000000000001,56.6
5.999672,21,2,0.33917027711868286,2.239919662475586,-1.580915927886963,0.0,2.762529953190047,81.3896402686141,16.400000000000002,61.1
5.999672,21,3,-1.8500198125839233,1.4173184633255005,1.91071617603302,0.0,3.0136690659046588,142.54391764384866,13.8,64.2
6.302493,22,0,-0.11562623083591461,0.041090138256549835,-0.026643646880984306,0.0,0.1255695370636572,160.4362934536498,34.1,54.6
6.302493,22,1,-0.8055294156074524,2.1072094440460205,-0.7764874696731567,0.0,2.3858210475735695,110.92050886626512,13.9,56.6
6.302493,22,2,0.0,2.458035469055176,1.51630437374115,0.0,2.888099257463261,90.0,16.900000000000002,62.7
6.603177,23,0,-0.11562623083591461,0.04113871604204178,-0.026568574830889702,0.0,0.1255695360485677,160.4149238291903,34.5,54.2
6.603177,23,1,-0.2659403383731842,2.5177931785583496,1.3896442651748657,0.08526057749986649,2.8880993641670973,96.0294747636391,21.8,58.2
6.603177,23,2,-0.09250099211931229,2.8084890842437744,1.0890518426895142,0.34104230999946594,3.0136690737247376,91.88642401568377,30.3,41.0
6.905882,24,0,-0.11562623083591461,0.041094787418842316,-0.02663647010922432,0.0,0.12556953591615944,160.4342480173423,34.5,54.2
6.905882,24,1,0.33917027711868286,2.005955934524536,-1.8688702583312988,0.0,2.762529951079312,80.40310379950836,18.1,61.1
6.905882,24,2,-1.9425207376480103,1.1581921577453613,1.9918345212936401,0.0,3.0136689683295494,149.19526925820838,13.700000000000001,64.2
6.905882,24,3,0.0,2.9469611644744873,0.6305721402168274,0.0,3.0136690808611446,90.0,13.700000000000001,64.2
6.905882,24,4,0.28906556963920593,2.9991087913513184,-0.8812519311904907,-1.790472149848938,3.13923834904879,84.49461976040605,22.0,41.0
7.201521,25,0,-0.11562623083591461,0.04109248146414757,-0.0266400296241045,0.0,0.12556953638751195,160.43526253415172,33.5,55.2
7.201521,25,1,0.42396286129951477,2.0590603351593018,-1.7922323942184448,0.0,2.762529805535786,78.3653335983934,17.900000000000002,61.2
7.201521,25,2,0.28906556963920593,2.9767189025878906,-0.9541506171226501,0.42630288004875183,3.1392383994737365,84.45346739086926,21.6,41.2
7.201521,25,3,-3.5612878799438477,1.7891584634780884,-1.1345369815826416,0.42630288004875183,4.143794581521733,153.32546493225104,13.700000000000001,44.2
7.201521,25,4,0.5087553858757019,3.6925456523895264,-1.8103336095809937,0.42630288004875183,4.143794543123112,82.15523306884106,13.700000000000001,44.2
7.201521,25,5,0.0,3.3768534660339355,0.30252182483673096,0.5115634799003601,3.3903773809958015,90.0,22.0,41.400000000000006
7.49744,26,0,-0.11562623083591461,0.04111575335264206,-0.026604095473885536,0.0,0.12556953582401714,160.42502453115526,34.300000000000004,54.400000000000006
7.49744,26,1,-0.8055294156074524,2.1131789684295654,-0.7600914239883423,0.0,2.385821025316558,110.86650545382894,14.4,56.300000000000004
7.49744,26,2,0.25437772274017334,1.8020302057266235,-2.078352689743042,0.0,2.762529781041238,81.96511669383173,15.700000000000001,61.2
7.49744,26,3,-1.8500198125839233,1.3801825046539307,1.9377110004425049,0.0,3.0136690220297493,143.27571388362753,13.4,64.3
7.49744,26,4,-2.482109785079956,1.7885758876800537,1.7326313257217407,0.0,3.5159470988700092,144.2239712397036,11.8,70.7
7.49744,26,5,-1.0791782140731812,2.7941653728485107,-1.8411675691604614,0.0,3.5159470653415816,111.11783748763949,11.8,70.7
7.803426,27,0,-0.11562623083591461,0.04108090326189995,-0.02665787935256958,0.0,0.1255695361212661,160.44035661768672,34.0,54.7
7.803426,27,1,0.40469181537628174,1.794382095336914,-1.889438271522522,0.0,2.6369602862751385,77.29056976929901,18.6,59.6
7.803426,27,2,-0.3545871376991272,2.474876642227173,1.4458117485046387,0.0,2.888099382738992,98.15354515403416,15.4,62.7
7.803426,27,3,-1.3297016620635986,2.5607831478118896,0.12410002201795578,0.0,2.8880993154109027,117.44086036970927,15.4,62.7
8.090585,28,0,-0.11562623083591461,0.04111383110284805,-0.02660706639289856,0.0,0.1255695359046526,160.42587013731475,33.9,54.800000000000004
8.090585,28,1,0.48563018441200256,1.714462399482727,-1.9437956809997559,0.0,2.636960303972248,74.18495652950182,20.700000000000003,59.7
8.090585,28,2,-1.9425207376480103,1.1557329893112183,1.993262529373169,0.0,3.013669037863637,149.2488106977233,13.9,64.2
8.090585,28,3,-0.09250099211931229,2.870699167251587,0.9125407934188843,0.0,3.013669000082056,91.84557245614448,13.9,64.2
8.400295,29,0,-0.11562623083591461,0.04109297692775726,-0.026639264076948166,0.0,0.12556953611711236,160.43504455127234,34.7,54.0
8.400295,29,1,-1.8500198125839233,1.4832905530929565,1.8599669933319092,0.0,3.0136690906819887,141.2784044307857,13.3,63.800000000000004
8.400295,29,2,-1.0791782140731812,2.8097784519195557,-1.8172515630722046,0.0,3.515947071571187,111.01075740999698,11.700000000000001,70.8
8.400295,29,3,-2.374191999435425,1.7432975769042969,1.919898509979248,0.0,3.5159471526807837,143.71128475501186,11.700000000000001,70.8
8.400295,29,4,0.48563018441200256,1.7110389471054077,-1.9468098878860474,0.08526057749986649,2.636960313333233,74.15490112732982,21.6,55.0
8.697667,30,0,-0.11562623083591461,0.04109269380569458,-0.026639705523848534,0.0,0.12556953711759133,160.43516911284553,34.4,54.300000000000004
8.697667,30,1,-1.8500198125839233,1.3589481115341187,1.9526617527008057,0.0,3.013669059013578,143.70053396795961,13.700000000000001,63.7
8.697667,30,2,-2.374191999435425,1.7750781774520874,1.8905539512634277,0.0,3.515947159569888,143.21616302693766,11.600000000000001,71.0
8.697667,30,3,-1.0791782140731812,2.88922381401062,-1.6880888938903809,0.0,3.5159470955707377,110.48158465080711,11.600000000000001,71.0
9.000296,31,0,-0.11562623083591461,0.04111938923597336,-0.026598479598760605,0.0,0.12556953669352044,160.42342511431815,34.4,54.300000000000004
9.000296,31,1,0.48563018441200256,1.551377773284912,-2.0762827396392822,0.0,2.6369603118701828,72.61823371748295,21.1,59.5
9.000296,31,2,-1.7575188875198364,1.4360517263412476,1.9826960563659668,0.0,3.013669001839087,140.7480731095022,13.9,64.10000000000001
9.000296,31,3,-0.46250495314598083,2.942385196685791,0.458976149559021,0.0,3.0136689571391666,98.93306310670528,13.9,64.10000000000001
9.304566,32,0,-0.11562623083591461,0.04112941026687622,-0.026582984253764153,0.0,0.12556953730127823,160.4190170499121,34.0,54.7
9.304566,32,1,0.48563018441200256,1.4785075187683105,-2.1287879943847656,0.0,2.6369602735163027,71.81673060871054,19.400000000000002,59.6
9.304566,32,2,-0.18500198423862457,2.8856277465820312,0.8491929173469543,0.0,3.013669165135508,93.66829915473721,16.8,64.0
9.304566,32,3,-1.6650177240371704,0.8958767652511597,2.346768379211426,0.0,3.0136690305243246,151.71715379282642,16.8,64.0
9.304566,32,4,0.10406360775232315,3.3703293800354004,-0.3531450033187866,0.34104230999946594,3.39037767184679,88.23147497470775,13.9,41.900000000000006
9.304566,32,5,-1.0406360626220703,2.780984401702881,1.6364171504974365,0.34104230999946594,3.3903773754239284,110.51569911320813,13.9,41.900000000000006
9.304566,32,6,0.37000396847724915,2.6642203330993652,-1.3591277599334717,0.6820846199989319,3.013669057446551,82.09339922538342,29.3,40.400000000000006
9.585477,33,0,-0.11562623083591461,0.04108908772468567,-0.02664526365697384,0.0,0.12556953636418658,160.43675565077353,34.0,54.7
9.585477,33,1,-0.8055294156074524,2.114931106567383,-0.7552030682563782,0.0,2.3858212211393934,110.85070523403581,13.8,56.6
9.585477,33,2,-1.7575188875198364,1.46076500415802,1.9645594358444214,0.0,3.013668995481603,140.26827391743396,13.600000000000001,64.2
9.585477,33,3,-0.46250495314598083,2.873438835144043,0.7820737957954407,0.0,3.0136690251367035,99.14382675467961,13.600000000000001,64.2
9.585477,33,4,-1.0791782140731812,3.080401659011841,-1.307051420211792,0.0,3.5159470151938788,109.3072382531196,12.9,70.2
9.585477,33,5,-2.374191999435425,1.2975138425827026,2.245340585708618,0.0,3.515947122427644,151.34306264610834,12.9,70.2
9.900217,34,0,-0.11562623083591461,0.04115970432758331,-0.02653605118393898,0.0,0.12556953663246082,160.4056927253695,34.300000000000004,54.400000000000006
9.900217,34,1,-0.8055294156074524,2.123000383377075,-0.7322115302085876,0.0,2.3858210310495824,110.77823324516646,14.4,56.1
9.900217,34,2,0.42396286129951477,2.0061001777648926,-1.851320743560791,0.0,2.7625298055456495,78.06688083025114,19.200000000000003,60.7
9.900217,34,3,-0.27750298380851746,2.7358713150024414,1.2329643964767456,0.0,3.013669019858532,95.79177706630708,16.8,63.7
9.900217,34,4,-1.5725167989730835,1.7967100143432617,1.8388108015060425,0.0,3.0136690465990474,131.19306824178395,16.8,63.7
10.195411,35,0,-0.11562623083591461,0.041108082979917526,-0.026615947484970093,0.0,0.12556953613088917,160.428398814885,34.9,53.800000000000004
10.195411,35,1,0.40469181537628174,1.7754883766174316,-1.9072034358978271,0.0,2.6369602550733733,77.15978402083395,20.5,58.6
10.195411,35,2,-0.18500198423862457,2.8346469402313232,1.006355881690979,0.0,3.013669054582646,93.73408809037986,16.3,63.7
10.195411,35,3,-1.8500198125839233,1.2422995567321777,2.028871536254883,0.0,3.0136690605033705,146.11839923341,16.3,63.7
10.195411,35,4,0.10406360775232315,3.289527177810669,0.8141505122184753,-0.25578173995018005,3.3903774634336896,88.18806247419387,12.4,47.0
10.195411,35,5,1.3528269529342651,2.2378714084625244,-2.157881021499634,-0.25578173995018005,3.390377517083865,58.846406514893395,12.4,47.0
10.491737,36,0,-0.11562623083591461,0.04114112630486488,-0.026564840227365494,0.0,0.12556953558589962,160.41386368945257,34.7,54.0
10.491737,36,1,0.25437772274017334,1.7237142324447632,-2.143751859664917,0.0,2.762529785681216,81.60514799631171,18.2,60.300000000000004
10.808815,37,0,-0.11562623083591461,0.041139572858810425,-0.026567252352833748,0.0,0.12556953695026804,160.41454696184212,34.5,54.2
10.808815,37,1,0.5087554454803467,2.046781063079834,-1.784216046333313,0.0,2.7625299497890334,76.04123653331656,20.6,60.400000000000006
10.808815,37,2,-0.27750298380851746,2.7949225902557373,1.0925201177597046,0.0,3.0136689266165497,95.67021401464186,18.2,63.400000000000006
10.808815,37,3,-1.5725167989730835,1.3510277271270752,2.1872622966766357,0.0,3.013669085513845,139.3324781726414,18.2,63.400000000000006
11.093749,38,0,-0.11562623083591461,0.04109831526875496,-0.026631031185388565,0.0,0.12556953689986805,160.43269594606178,34.4,54.300000000000004
11.093749,38,1,-1.8500198125839233,1.4526853561401367,1.883967399597168,0.0,3.0136690617322213,141.8600428742267,15.100000000000001,63.300000000000004
11.093749,38,2,-0.09250099211931229,2.8396413326263428,1.0050286054611206,0.0,3.01366916387617,91.86574373303716,15.100000000000001,63.300000000000004
11.093749,38,3,0.33917027711868286,2.1662871837615967,-1.6803970336914062,-0.34104230999946594,2.7625297881198296,81.10158104128612,20.900000000000002,40.1
11.408511,39,0,-0.11562623083591461,0.041093263775110245,-0.026638822630047798,0.0,0.12556953633794363,160.4349183509274,34.7,54.0
11.408511,39,1,0.46250492334365845,1.4410308599472046,-2.0041463375091553,0.0,2.5113907074743795,72.20574824378518,13.700000000000001,57.5
11.408511,39,2,-0.1772935688495636,2.6001973152160645,1.2444512844085693,0.0,2.8880993900623264,93.90065579070887,18.1,62.0
11.408511,39,3,-1.0791782140731812,2.9170355796813965,-1.6395611763000488,0.0,3.5159469622973214,110.30231495983662,11.700000000000001,71.10000000000001
11.408511,39,4,-2.374191999435425,1.6441861391067505,2.005429744720459,0.0,3.515947122927691,145.29644974439086,11.700000000000001,71.10000000000001
11.699841,40,0,-0.11562623083591461,0.04113009199500084,-0.02658192440867424,0.0,0.12556953623433478,160.41871717920176,34.4,54.300000000000004
11.699841,40,1,-0.8055294156074524,2.1267075538635254,-0.7213737368583679,0.0,2.38582118510547,110.74509950027037,14.5,56.2
11.699841,40,2,-0.1772935688495636,2.6379051208496094,1.1623862981796265,0.0,2.888099434291649,93.84506593187608,16.900000000000002,61.900000000000006
11.699841,40,3,-1.0791782140731812,2.928030490875244,-1.6198441982269287,0.0,3.51594701321774,110.23227010994158,11.700000000000001,70.9
11.699841,40,4,-2.374191999435425,1.8421214818954468,1.8252904415130615,0.0,3.515947155479275,142.19232569722323,11.700000000000001,70.9
11.997415,41,0,-0.11562623083591461,0.04110465571284294,-0.026621241122484207,0.0,0.12556953634338627,160.42990655411631,34.300000000000004,54.400000000000006
11.997415,41,1,-0.0886467844247818,2.4651050567626953,1.5021706819534302,0.0,2.888099366536113,92.05950611582497,18.900000000000002,62.300000000000004
12.306624,42,0,-0.11562623083591461,0.04111640155315399,-0.02660309709608555,0.0,0.12556953654889458,160.4247393868932,34.2,54.5
12.306624,42,1,0.5087554454803467,1.8878974914550781,-1.9515589475631714,0.0,2.76252988533376,74.91806127824137,20.700000000000003,60.6
12.306624,42,2,-1.9425207376480103,1.1930863857269287,1.9711313247680664,0.0,3.013668966472832,148.44196487443045,14.4,63.400000000000006
12.599094,43,0,-0.11562623083591461,0.04114409163594246,-0.026560252532362938,0.0,0.12556953670556378,160.41255942540215,34.5,54.2
12.599094,43,1,-0.8055294156074524,2.129143238067627,-0.7141526341438293,0.0,2.3858211484670333,110.7233849098653,13.8,56.2
12.599094,43,2,-1.8500198125839233,1.485139012336731,1.85849130153656,0.0,3.0136690446704053,141.2435746825212,14.0,63.5
12.599094,43,3,-2.050438642501831,2.2959227561950684,-1.698918342590332,-0.25578173995018005,3.5159470223353755,131.76734749550656,15.3,53.5
12.599094,43,4,-0.9712603688240051,3.364799976348877,0.310897558927536,-0.25578173995018005,3.515946938881849,106.10095504710769,15.3,53.5
12.599094,43,5,-0.2659403383731842,2.6090807914733887,1.209583044052124,-0.17052115499973297,2.8880993716400845,95.81998708167474,38.1,41.400000000000006
12.891904,44,0,-0.11562623083591461,0.041114021092653275,-0.02660677209496498,0.0,0.12556953575227056,160.42578655956652,34.7,54.0
12.891904,44,1,0.5087554454803467,1.8622543811798096,-1.976043462753296,0.0,2.762529864131669,74.72003066627596,21.6,60.0
12.891904,44,2,-2.374191999435425,1.8797941207885742,1.786468744277954,0.0,3.5159471214761635,141.62917013471454,11.4,71.2
12.891904,44,3,-1.0791782140731812,2.8088462352752686,-1.8186922073364258,0.0,3.5159471179436803,111.01712177294424,11.4,71.2
12.891904,44,4,-0.24666929244995117,3.9070253372192383,0.9057815074920654,-0.25578173995018005,4.018225088870142,93.61256320279176,14.4,49.6
13.201198,45,0,-0.11562623083591461,0.04112423583865166,-0.02659098245203495,0.0,0.12556953602843995,160.42129315416133,34.0,54.7
13.201198,45,1,-0.25437772274017334,2.565549850463867,0.992379367351532,0.0,2.762529795275822,95.66244628006929,18.3,60.6
13.201198,45,2,-1.0791782140731812,2.9343929290771484,-1.6082895994186401,0.0,3.5159469443588476,110.19194829944506,11.4,71.4
13.201198,45,3,-2.482109785079956,1.7132455110549927,1.8071538209915161,0.0,3.5159471126659434,145.38510271707338,11.4,71.4
13.201198,45,4,-0.09250099211931229,2.9933111667633057,0.33724290132522583,0.25578173995018005,3.0136690178430703,91.77002324035467,33.9,40.6
13.500043,46,0,-0.11562623083591461,0.04114137589931488,-0.0265644583851099,0.0,0.12556953658233821,160.41375390761885,35.1,53.6
13.500043,46,1,-0.8055294156074524,2.1366591453552246,-0.6913415789604187,0.0,2.385821267747961,110.65665231178112,15.5,55.5
13.500043,46,2,-0.0886467844247818,2.679976224899292,1.0728408098220825,-0.08526057749986649,2.8880994133917923,91.89450764891055,24.900000000000002,57.300000000000004
13.80189,47,0,-0.11562623083591461,0.04113370180130005,-0.026576336473226547,0.0,0.12556953588166453,160.41712935782024,34.800000000000004,53.900000000000006
13.80189,47,1,-0.8055294156074524,2.1164045333862305,-0.751063883304596,0.0,2.3858211888469874,110.83743602975879,15.3,56.1
13.80189,47,2,-1.5069953203201294,2.0364794731140137,1.3866628408432007,0.0,2.8880992666556384,126.50145039601405,15.3,62.2
14.099306,48,0,-0.11562623083591461,0.04113837704062462,-0.026569103822112083,0.0,0.12556953691388278,160.4150729380629,34.300000000000004,54.400000000000006
14.099306,48,1,0.3237534463405609,2.143415689468384,-1.5015034675598145,0.0,2.636960328668364,81.41065484239807,16.900000000000002,59.400000000000006
14.099306,48,2,-1.7575188875198364,1.4439111948013306,1.9769796133041382,0.0,3.013668954925499,140.59476582177825,13.600000000000001,64.10000000000001
14.099306,48,3,1.4800158739089966,4.784830093383789,3.353170871734619,0.0,6.027337795795357,72.81241937459663,11.3,70.2
14.099306,48,4,3.7000396251678467,3.941152334213257,-2.6656761169433594,0.0,6.027338061676071,46.807330377840614,11.3,70.2
14.403939,49,0,-0.11562623083591461,0.041123151779174805,-0.026592658832669258,0.0,0.12556953600839657,160.42177001352485,34.1,54.6
14.403939,49,1,-0.08479256927967072,2.56547474861145,1.0211373567581177,-0.25578173995018005,2.762529993852553,91.8930174496622,38.800000000000004,41.1
14.403939,49,2,-0.1772935688495636,2.6518454551696777,1.1302212476730347,-0.08526057749986649,2.8880992705153123,93.82491318262491,21.400000000000002,58.300000000000004
14.702665,50,0,-0.11562623083591461,0.04112425819039345,-0.026590952649712563,0.0,0.12556953703764942,160.42128332203922,33.800000000000004,54.900000000000006
14.702665,50,1,-0.8055294156074524,2.123614549636841,-0.7304289937019348,0.0,2.385821223327219,110.7727369939869,13.8,56.800000000000004
14.702665,50,2,-1.8500198125839233,1.5605860948562622,1.7956054210662842,0.0,3.0136690419776357,139.85066074993233,13.3,63.800000000000004
14.702665,50,3,-2.374191999435425,1.9465655088424683,1.7134699821472168,0.0,3.5159471426797504,140.65217155678667,12.5,69.9
14.702665,50,4,-1.0791782140731812,2.798583745956421,-1.834444522857666,0.0,3.5159470002126234,111.0874291706289,12.5,69.9
14.702665,50,5,0.25437772274017334,2.422691583633423,-1.302854061126709,0.17052115499973297,2.7625298622510956,84.00602151938298,30.1,41.0
15.012144,51,0,-0.11562623083591461,0.04113408178091049,-0.02657574974000454,0.0,0.12556953617626448,160.4169622205486,35.0,53.7
15.012144,51,1,-0.8055294156074524,2.1060283184051514,-0.7796855568885803,0.0,2.3858211343170654,110.93122559560862,14.600000000000001,55.7
15.012144,51,2,-1.8500198125839233,1.5450483560562134,1.8089923858642578,0.0,3.013669056419421,140.1329765473672,14.8,63.2
15.012144,51,3,-2.374191999435425,1.9631562232971191,1.6944363117218018,0.0,3.515947158552695,140.41355940263983,12.700000000000001,69.8
15.012144,51,4,-1.0791782140731812,2.809096097946167,-1.8183062076568604,0.0,3.5159470943161297,111.01541556727219,12.700000000000001,69.8
15.012144,51,5,1.2950139045715332,4.963954925537109,3.1640005111694336,0.0,6.027338446651074,75.37837880830607,11.4,70.2
15.012144,51,6,0.3237534463405609,2.342302083969116,-1.167203426361084,0.25578173995018005,2.636960216820214,82.13042907932146,27.900000000000002,41.6
15.303256,52,0,-0.11562623083591461,0.0411161333322525,-0.02660350874066353,0.0,0.12556953593459816,160.42485737749993,34.4,54.300000000000004
15.303256,52,1,-0.8055294156074524,2.123950481414795,-0.7294517755508423,0.0,2.3858212799296807,110.76973187386926,14.0,56.2
15.303256,52,2,-1.8500198125839233,1.1756762266159058,2.068190813064575,0.0,3.0136690488551623,147.56429224653513,14.700000000000001,63.400000000000006
15.303256,52,3,-1.2294923067092896,2.6047074794769287,-2.228113889694214,0.0,3.6415167020554313,115.26857650825788,11.3,71.2
15.303256,52,4,-2.570756673812866,2.150404214859009,1.4239438772201538,0.0,3.6415167621074525,140.08796062459106,11.3,71.2
15.303256,52,5,0.5087554454803467,1.83009672164917,-2.0058627128601074,0.17052115499973297,2.7625298797912494,74.46440190358692,32.7,40.7
15.303256,52,6,-0.16187672317028046,2.327254056930542,1.229326605796814,-0.17052115499973297,2.636960261878045,93.97891175991657,34.1,41.6
15.603617,53,0,-0.11562623083591461,0.04112558811903,-0.026588892564177513,0.0,0.12556953636629262,160.42069831293318,33.800000000000004,54.900000000000006
15.603617,53,1,-0.8055294156074524,2.1201679706573486,-0.7403732538223267,0.0,2.3858211203243305,110.8036168753764,13.5,56.900000000000006
15.603617,53,2,-1.8500198125839233,1.5819947719573975,1.7767724990844727,0.0,3.0136690725685984,139.46548150241964,13.200000000000001,63.900000000000006
15.603617,53,3,-2.374191999435425,2.0979812145233154,1.5243264436721802,0.0,3.515947089128928,138.5342180893771,12.600000000000001,69.5
15.603617,53,4,-1.0791782140731812,2.7078793048858643,-1.9658706188201904,0.0,3.515946990143596,111.72889429561683,12.600000000000001,69.5
15.603617,53,5,0.7168826460838318,3.039299964904785,-2.324113368988037,0.25578173995018005,3.8926556432383417,76.72816647145015,11.5,49.2
15.603617,53,6,-3.345452308654785,1.1140015125274658,-1.6491566896438599,0.25578173995018005,3.892655688138139,161.58276744386612,11.5,49.2
15.89808,54,0,-0.11562623083591461,0.04114314168691635,-0.02656172402203083,0.0,0.12556953670461804,160.4129772463845,34.300000000000004,54.300000000000004
15.89808,54,1,-0.8055294156074524,2.133087635040283,-0.7022832632064819,0.0,2.3858210913542064,110.68831188966959,14.200000000000001,56.2
15.89808,54,2,-1.8500198125839233,1.4875543117523193,1.8565586805343628,0.0,3.0136690713536325,141.19811537575717,14.0,63.5
15.89808,54,3,-2.374191999435425,1.9864778518676758,1.6670340299606323,0.0,3.515947150227202,140.0808990900779,12.100000000000001,70.10000000000001
15.89808,54,4,-1.0791782140731812,2.801715850830078,-1.8296574354171753,0.0,3.5159470498714915,111.06592384237574,12.100000000000001,70.10000000000001
15.89808,54,5,1.2950139045715332,4.865790843963623,3.3129780292510986,0.0,6.027338133250392,75.09640341587422,11.4,70.2
16.199185,55,0,-0.11562623083591461,0.04115113243460655,-0.026549343019723892,0.0,0.125569536802322,160.40946270218893,34.2,54.5
16.199185,55,1,-0.8055294156074524,2.100245475769043,-0.7951313257217407,0.0,2.385821142299068,110.98384687619019,14.0,56.400000000000006
16.199185,55,2,-1.8500198125839233,1.4379746913909912,1.8952194452285767,0.0,3.0136690703537083,142.14295927187533,13.600000000000001,63.7
16.199185,55,3,-1.2294923067092896,2.6554033756256104,-2.1674468517303467,0.0,3.6415167546802536,114.84485697674353,11.5,70.7
16.199185,55,4,-2.570756673812866,2.067349433898926,1.5420506000518799,0.0,3.6415166635504996,141.1944774334485,11.5,70.7
16.199185,55,5,1.2950139045715332,4.982957363128662,3.13398814201355,0.0,6.027338282365882,75.43176157414345,11.8,69.60000000000001
16.199185,55,6,3.7000396251678467,4.051933288574219,-2.4940624237060547,0.0,6.027338050600001,47.599104808695834,11.8,69.60000000000001
16.49108,56,0,-0.11562623083591461,0.04114866256713867,-0.026553167030215263,0.0,0.12556953598591883,160.4105489994658,34.1,54.5
16.49108,56,1,-0.8055294156074524,2.1434381008148193,-0.6700282096862793,0.0,2.385821102515636,110.59681458691911,14.3,56.400000000000006
16.49108,56,2,-1.8500198125839233,1.2379623651504517,2.0315208435058594,0.0,3.0136690365865846,146.21107845184545,14.0,63.7
16.49108,56,3,0.19271038472652435,2.9973020553588867,0.913159966468811,-0.6820846199989319,3.1392384471080517,86.3212533459574,22.400000000000002,40.6
16.49108,56,4,-0.8671967387199402,2.1742193698883057,-2.091783285140991,-0.6820846199989319,3.1392383413878022,111.74479753958556,22.400000000000002,40.6
16.49108,56,5,0.08479256927967072,2.633610248565674,0.8297458291053772,-0.25578173995018005,2.762529793879691,88.15592352554316,20.8,40.1
16.79072,57,0,-0.11562623083591461,0.041127242147922516,-0.02658633515238762,0.0,0.1255695365956614,160.4199707445112,33.7,55.0
16.79072,57,1,-0.8055294156074524,2.1269445419311523,-0.7206746339797974,0.0,2.385821169308697,110.74298479616313,13.700000000000001,56.800000000000004
16.79072,57,2,0.8864678144454956,0.7223156690597534,-2.6520845890045166,0.0,2.8880993367701655,39.17399051395589,15.0,62.6
16.79072,57,3,-1.59564208984375,2.166868209838867,1.0486780405044556,0.0,2.8880992279226647,126.36725114680809,15.0,62.6
16.79072,57,4,-2.374191999435425,1.9000327587127686,1.7649283409118652,0.0,3.515947124590861,141.33019925158052,12.700000000000001,70.0
16.79072,57,5,-1.0791782140731812,2.9804294109344482,-1.5212818384170532,0.0,3.5159470307714837,109.90472204665933,12.700000000000001,70.0
16.79072,57,6,0.620527446269989,1.7629876136779785,-2.20180344581604,0.34104230999946594,2.888099383948502,70.60920942304551,20.200000000000003,42.2
16.79072,57,7,0.6744863390922546,2.240330934524536,-2.093036651611328,-0.6820846199989319,3.1392382742948985,73.2447645905089,22.400000000000002,40.6
16.79072,57,8,0.8325088620185852,1.3304673433303833,-3.0052361488342285,-0.34104230999946594,3.3903773635493843,57.96468788935813,17.1,40.0
17.086599,58,0,-0.11562623083591461,0.041115012019872665,-0.026605242863297462,0.0,0.12556953618823924,160.42535064565763,34.7,54.0
17.086599,58,1,-0.8055294156074524,2.1182057857513428,-0.7459684014320374,0.0,2.3858210842673047,110.82123644206753,14.3,56.1
17.086599,58,2,0.797821044921875,0.9787602424621582,-2.5974271297454834,0.0,2.8880993276344697,50.81534255647236,16.400000000000002,62.300000000000004
17.086599,58,3,-1.6842888593673706,1.913589358329773,1.3573740720748901,0.0,2.8880992998238755,131.35334899854692,16.400000000000002,62.300000000000004
17.086599,58,4,0.6744863390922546,1.6975915431976318,-2.5530507564544678,-0.25578173995018005,3.1392382888514403,68.33110709168308,14.9,41.900000000000006
17.403673,59,0,-0.11562623083591461,0.04111046344041824,-0.02661227062344551,0.0,0.12556953615165453,160.4273516082601,35.9,52.800000000000004
17.403673,59,1,-0.8055294156074524,2.113434314727783,-0.7593817710876465,0.0,2.3858212247228394,110.86420139884152,15.4,55.0
17.403673,59,2,-1.6842888593673706,1.9329726696014404,1.3296259641647339,0.0,2.8880992898091566,131.06714975981174,16.1,61.5
17.403673,59,3,1.2950139045715332,4.898606300354004,3.264260768890381,0.0,6.027337975111266,75.1918410049671,11.5,69.8
17.403673,59,4,3.7000396251678467,4.089068412780762,-2.4327001571655273,0.0,6.027338033235466,47.8592749178866,11.5,69.8
17.703176,60,0,-0.11562623083591461,0.041111014783382416,-0.026611417531967163,0.0,0.12556953586320366,160.4271090646919,35.2,53.5
17.703176,60,1,-0.8055294156074524,2.1178488731384277,-0.7469813227653503,0.0,2.3858211553724775,110.8244444281244,14.9,55.400000000000006
17.703176,60,2,-0.0886467844247818,2.0704097747802734,2.011631965637207,0.0,2.8880993842089246,92.45168198129858,18.5,61.2
18.000788,61,0,-0.11562623083591461,0.04111562296748161,-0.0266043022274971,0.0,0.12556953693605913,160.42508188788162,35.5,53.1
18.000788,61,1,-0.8055294156074524,2.132453203201294,-0.7042075991630554,0.0,2.385821168061709,110.69394550540792,15.3,55.2
18.000788,61,2,-1.8500198125839233,1.5599278211593628,1.7961773872375488,0.0,3.013669079478296,139.862574051606,13.8,63.2
18.000788,61,3,-2.374191999435425,2.0879833698272705,1.5379928350448608,0.0,3.5159471218304397,138.66998431211894,12.9,69.4
18.000788,61,4,-1.0791782140731812,2.8746793270111084,-1.7127394676208496,0.0,3.5159470039836167,110.576547525833,12.9,69.4
18.299211,62,0,-0.11562623083591461,0.04111522436141968,-0.026604918763041496,0.0,0.12556953704620452,160.42525723584112,35.5,53.1
18.299211,62,1,-0.8055294156074524,2.1031076908111572,-0.7875292301177979,0.0,2.385821008971095,110.95777045814997,15.4,55.1
18.299211,62,2,-1.8500198125839233,1.4062336683273315,1.9188889265060425,0.0,3.013669051033625,142.7608746463223,15.0,63.0
18.299211,62,3,-2.374191999435425,1.902862548828125,1.7618770599365234,0.0,3.515947141844771,141.28859445175524,12.200000000000001,69.9
18.299211,62,4,-1.0791782140731812,2.787067174911499,-1.8518948554992676,0.0,3.5159470432621704,111.16686460330526,12.200000000000001,69.9
18.601103,63,0,-0.11562623083591461,0.04114557057619095,-0.026557959616184235,0.0,0.1255695363308131,160.4119089397965,35.1,53.6
18.601103,63,1,-0.8055294156074524,2.1095504760742188,-0.7701049447059631,0.0,2.385821132519037,110.89929888437685,15.100000000000001,55.400000000000006
18.601103,63,2,-1.9425207376480103,1.3026918172836304,1.9004757404327393,0.0,3.013668997581464,146.15343362014477,14.3,63.5
18.601103,63,3,-1.0175108909606934,2.5343751907348633,-1.2742904424667358,0.0,3.0136692174819166,111.87466718297445,14.3,63.5
18.601103,63,4,-2.374191999435425,2.152462959289551,1.446374773979187,0.0,3.515947159457897,137.80427654223018,12.5,69.9
18.601103,63,5,-1.0791782140731812,2.7912096977233887,-1.8456453084945679,0.0,3.5159470700173063,111.13822592090118,12.5,69.9
18.902888,64,0,-0.11562623083591461,0.041157882660627365,-0.026538874953985214,0.0,0.12556953629861603,160.4064938921077,35.4,53.2
18.902888,64,1,-0.8055294156074524,2.1063544750213623,-0.778803825378418,0.0,2.3858210771714337,110.92826522475026,15.3,55.0
18.902888,64,2,-1.8500198125839233,1.6708972454071045,1.6934374570846558,0.0,3.013669081488452,137.91234546161218,15.600000000000001,62.900000000000006
18.902888,64,3,1.2950139045715332,4.885891437530518,3.2832624912261963,0.0,6.027338445670733,75.15500435570333,11.4,70.2
19.198601,65,0,-0.11562623083591461,0.04114851355552673,-0.026553399860858917,0.0,0.12556953639048063,160.41061453823193,35.300000000000004,53.300000000000004
19.198601,65,1,-0.8055294156074524,2.1314361095428467,-0.7072800993919373,0.0,2.3858211725667746,110.70298319801738,14.8,55.400000000000006
19.198601,65,2,-1.8500198125839233,1.699174165725708,1.6650630235671997,0.0,3.0136690304135016,137.43368510516848,13.100000000000001,63.400000000000006
19.198601,65,3,-2.570756673812866,2.0162084102630615,1.6083401441574097,0.0,3.6415167511460345,141.893407476179,11.3,70.9
19.198601,65,4,-1.2294923067092896,2.672802686691284,-2.145954132080078,0.0,3.6415168091377854,114.70248455933915,11.3,70.9
19.499715,66,0,-0.11562623083591461,0.041131917387247086,-0.026579100638628006,0.0,0.1255695364171973,160.41791425219614,35.7,52.900000000000006
19.499715,66,1,-0.8055294156074524,2.118368625640869,-0.7455059885978699,0.0,2.3858211275248102,110.819773125561,15.4,55.1
19.499715,66,2,0.620527446269989,1.7742421627044678,-2.192744493484497,0.0,2.888099371074196,70.72311116708458,18.2,61.300000000000004
19.499715,66,3,-2.374191999435425,1.9091911315917969,1.7550173997879028,0.0,3.515947169780888,141.1957238783896,11.8,70.9
19.499715,66,4,-1.0791782140731812,2.930161476135254,-1.6159864664077759,0.0,3.5159471204172568,110.2187478645533,11.8,70.9
19.499715,66,5,1.2950139045715332,4.849892616271973,3.3362083435058594,0.0,6.027338178141419,75.04973277199925,11.600000000000001,69.9
19.799821,67,0,-0.11562623083591461,0.041126690804958344,-0.026587188243865967,0.0,0.12556953664245807,160.42021326658826,35.300000000000004,53.300000000000004
19.799821,67,1,-0.8055294156074524,2.1164705753326416,-0.7508777379989624,0.0,2.3858211821258117,110.83684165525784,15.0,55.400000000000006
19.799821,67,2,-1.59564208984375,2.2508976459503174,0.8535242080688477,0.0,2.888099282432161,125.33250157022479,16.8,61.7
19.799821,67,3,0.8864678144454956,1.7004088163375854,-2.15960693359375,0.0,2.8880992774405385,62.465784539058454,16.8,61.7
20.104905,68,0,-0.11562623083591461,0.04111817106604576,-0.026600362733006477,0.0,0.1255695366984538,160.4239609809712,35.1,53.6
20.104905,68,1,-0.8055294156074524,2.133445978164673,-0.7011941075325012,0.0,2.3858211495403845,110.68513117715595,14.700000000000001,55.900000000000006
20.402739,69,0,-0.11562623083591461,0.04113774746656418,-0.026570074260234833,0.0,0.12556953599554874,160.41534985527318,35.7,52.900000000000006
20.402739,69,1,-0.8055294156074524,2.1371567249298096,-0.6898015737533569,0.0,2.3858211830466676,110.65224888083424,15.700000000000001,55.0
20.402739,69,2,-0.2659403383731842,2.0435502529144287,2.0234365463256836,0.0,2.888099263662362,97.41459905650689,18.2,60.900000000000006
20.402739,69,3,0.7091742753982544,1.6751620769500732,-2.2432167530059814,0.0,2.888099295021731,67.0547922296503,18.2,60.900000000000006
20.402739,69,4,-2.374191999435425,2.1496596336364746,1.4505380392074585,0.0,3.5159472114719104,137.84143020605035,11.9,70.7
20.402739,69,5,-1.0791782140731812,2.7373030185699463,-1.924689769744873,0.0,3.515947118908772,111.51677491084529,11.9,70.7
20.402739,69,6,1.2950139045715332,4.894150733947754,3.270937442779541,0.0,6.027338067025286,75.17895299450298,11.4,70.10000000000001
20.699878,70,0,-0.11562623083591461,0.04113098606467247,-0.02658054232597351,0.0,0.1255695365218625,160.41832390783142,35.800000000000004,52.900000000000006
20.699878,70,1,-0.8055294156074524,2.136591911315918,-0.6915486454963684,0.0,2.3858210670537203,110.65724745070878,15.700000000000001,55.0
20.699878,70,2,-0.3545871376991272,1.9190587997436523,2.1289901733398438,0.0,2.8880993530820276,100.46855199623077,17.7,61.400000000000006
20.699878,70,3,-1.3297016620635986,2.5582985877990723,0.16768893599510193,0.0,2.8880993323784057,117.46361326593217,17.7,61.400000000000006
20.699878,70,4,-2.374191999435425,2.0455377101898193,1.5940113067626953,0.0,3.515947129875406,139.25272850664038,12.100000000000001,70.3
20.699878,70,5,-1.0791782140731812,2.7767629623413086,-1.867309808731079,0.0,3.515947111169899,111.23842327662068,12.100000000000001,70.3
20.699878,70,6,1.2950139045715332,4.922799587249756,3.2276601791381836,0.0,6.027338303202692,75.26144081992395,11.600000000000001,69.8
20.699878,70,7,0.0,2.4645097255706787,1.2481037378311157,0.25578173995018005,2.762529841978266,90.0,20.3,41.1
20.699878,70,8,-1.0175108909606934,2.1698970794677734,-1.3739686012268066,0.25578173995018005,2.7625299031618726,115.12287957015896,20.3,41.1
21.005161,71,0,-0.11562623083591461,0.04114507511258125,-0.02655872516334057,0.0,0.1255695358980116,160.41212686008146,35.2,53.5
21.005161,71,1,-0.8055294156074524,2.123809576034546,-0.7298617362976074,0.0,2.385821223138121,110.77099225954049,15.5,55.1
21.005161,71,2,-1.3297016620635986,2.537006378173828,0.36960822343826294,0.0,2.8880993943807702,117.66003670804223,18.2,60.900000000000006
21.005161,71,3,-0.3545871376991272,2.034226417541504,2.0192346572875977,0.0,2.8880993329933724,99.88791259667688,18.2,60.900000000000006
21.005161,71,4,-0.08479256927967072,2.3568875789642334,1.4385626316070557,0.25578173995018005,2.7625298703791694,92.06041306154499,23.1,41.7
21.005161,71,5,-1.0175108909606934,2.183903217315674,-1.351595163345337,0.25578173995018005,2.7625298480566474,114.98146655750195,23.1,41.7
21.293906,72,0,-0.11562623083591461,0.041130587458610535,-0.026581158861517906,0.0,0.12556953646658042,160.41849924108013,35.4,53.300000000000004
21.293906,72,1,-0.8055294156074524,2.136026382446289,-0.6932936310768127,0.0,2.3858211175205772,110.66225466936564,15.5,55.2
21.293906,72,2,-0.25437772274017334,1.6843585968017578,2.1748101711273193,0.0,2.7625298530306064,98.58810853587312,18.7,59.6
21.293906,72,3,-2.374191999435425,2.0851852893829346,1.5417842864990234,0.0,3.515947116686694,138.70808266213223,11.4,71.0
21.293906,72,4,-1.0791782140731812,2.7471256256103516,-1.9106436967849731,0.0,3.5159471208593844,111.44683815321719,11.4,71.0
21.293906,72,5,1.2950139045715332,4.956665515899658,3.175407648086548,0.0,6.027338366233389,75.35779927453737,11.5,70.10000000000001
21.587082,73,0,-0.11562623083591461,0.041100867092609406,-0.02662709169089794,0.0,0.1255695366918268,160.43157329433387,35.4,53.300000000000004
21.587082,73,1,-0.8055294156074524,2.1305437088012695,-0.709963321685791,0.0,2.38582104372073,110.71091911252624,15.4,55.300000000000004
21.587082,73,2,-0.3545871376991272,2.1695523262023926,1.8730798959732056,0.0,2.8880993111475353,99.28223524669129,17.1,61.400000000000006
21.587082,73,3,-2.482109785079956,1.8750807046890259,1.638623595237732,0.0,3.5159470873658765,142.93120505752964,12.0,70.4
21.587082,73,4,-1.0791782140731812,2.750995397567749,-1.9050676822662354,0.0,3.515947122637706,111.41940427087304,12.0,70.4
21.890478,74,0,-0.11562623083591461,0.04109920933842659,-0.026629650965332985,0.0,0.12556953681566035,160.43230260645043,35.0,53.7
21.890478,74,1,-0.8055294156074524,2.1310274600982666,-0.7085100412368774,0.0,2.385821064882116,110.70661650172109,15.100000000000001,55.6
21.890478,74,2,-1.59564208984375,2.0889012813568115,1.1964681148529053,0.0,2.888099408260513,127.37500397157211,15.700000000000001,61.5
21.890478,74,3,0.797821044921875,2.1941447257995605,-1.7000964879989624,0.0,2.888099299882306,70.01804122102084,15.700000000000001,61.5
21.890478,74,4,-2.374191999435425,1.8997902870178223,1.7651894092559814,0.0,3.5159471604931607,141.3337664266538,12.8,69.9
21.890478,74,5,-1.0791782140731812,2.9501733779907227,-1.5791560411453247,0.0,3.515946868230683,110.09260175538626,12.8,69.9
21.890478,74,6,1.2950139045715332,4.891464710235596,3.2749531269073486,0.0,6.0273382191440055,75.17117289833197,11.3,70.2
22.202122,75,0,-0.11562623083591461,0.04109776020050049,-0.026631884276866913,0.0,0.1255695361580765,160.43294014536963,35.5,53.2
22.202122,75,1,-0.8055294156074524,2.114363431930542,-0.7567905783653259,0.0,2.3858211041896054,110.85582183764272,15.600000000000001,54.900000000000006
22.202122,75,2,-1.4183485507965088,2.500454902648926,0.27772456407546997,0.0,2.8880994209373254,119.5634767720271,17.8,60.7
22.202122,75,3,-0.2659403383731842,2.1380059719085693,1.9233627319335938,0.0,2.888099374689487,97.0904367764373,17.8,60.7
22.202122,75,4,-2.374191999435425,1.825795292854309,1.8416211605072021,0.0,3.5159471839633807,142.4390841815312,12.5,69.9
22.202122,75,5,-1.0791782140731812,2.81561541557312,-1.808194875717163,0.0,3.5159471689308672,110.97099122565581,12.5,69.9
22.497353,76,0,-0.11562623083591461,0.041130758821964264,-0.026580896228551865,0.0,0.12556953700202866,160.4184238641227,35.6,53.1
22.497353,76,1,-0.8055294156074524,2.1236233711242676,-0.7304032444953918,0.0,2.385821192244607,110.77265806963125,15.5,55.2
22.497353,76,2,-1.8500198125839233,1.6692531108856201,1.6950581073760986,0.0,3.013669066526021,137.94040136085857,14.200000000000001,63.400000000000006
22.497353,76,3,-2.374191999435425,1.936776041984558,1.7245275974273682,0.0,3.515947172708538,140.79373543416907,12.5,70.0
22.497353,76,4,-1.0791782140731812,2.9697256088256836,-1.5420726537704468,0.0,3.5159470813639797,109.97080251356404,12.5,70.0
22.497353,76,5,1.2950139045715332,4.879141807556152,3.2932839393615723,0.0,6.027338126945659,75.13537689536197,11.700000000000001,70.10000000000001
22.497353,76,6,3.7000396251678467,4.150980472564697,-2.3254833221435547,0.0,6.027338118356517,48.287299070941174,11.700000000000001,70.10000000000001
22.801979,77,0,-0.11562623083591461,0.04110044986009598,-0.026627738028764725,0.0,0.1255695371837891,160.43175685091924,36.0,52.7
22.801979,77,1,-0.8055294156074524,2.1150856018066406,-0.7547699213027954,0.0,2.3858211115844523,110.84931314226816,15.600000000000001,54.800000000000004
22.801979,77,2,-1.9425207376480103,1.073375940322876,2.0387933254241943,0.0,3.013669017866898,151.0763390121933,14.200000000000001,63.1
22.801979,77,3,-1.0791782140731812,3.1262824535369873,-1.1931538581848145,0.0,3.5159470596589952,109.04443676042138,13.0,70.10000000000001
22.801979,77,4,-2.374191999435425,1.6196180582046509,2.0253231525421143,0.0,3.5159471237305193,145.699109292742,13.0,70.10000000000001
23.095307,78,0,-0.11562623083591461,0.041124749928712845,-0.026590188965201378,0.0,0.12556953636620824,160.4210670156562,34.5,54.2
23.095307,78,1,-0.8055294156074524,2.13273024559021,-0.7033681273460388,0.0,2.3858211715110658,110.69148506891163,14.4,56.2
23.095307,78,2,-1.8500198125839233,1.6028878688812256,1.7579472064971924,0.0,3.0136690607946544,139.09380001684386,13.8,64.3
23.095307,78,3,-2.482109785079956,1.6959275007247925,1.823415756225586,0.0,3.5159471117973364,145.6567485483758,12.9,69.7
23.095307,78,4,-1.0791782140731812,2.992382287979126,-1.4976335763931274,0.0,3.515947056524236,109.83142453799243,12.9,69.7
23.095307,78,5,1.2950139045715332,4.9235429763793945,3.2265260219573975,0.0,6.027338270219841,75.26356928966611,11.5,70.0
23.095307,78,6,3.515037775039673,4.192440986633301,-2.5291800498962402,0.0,6.027338028611951,50.02276706626546,11.5,70.0
23.408283,79,0,-0.11562623083591461,0.04110321030020714,-0.026623474434018135,0.0,0.12556953669279058,160.43054243520612,34.9,53.800000000000004
23.408283,79,1,-0.8055294156074524,2.098702907562256,-0.7991943955421448,0.0,2.385821287415536,110.99792626764123,14.3,55.800000000000004
23.408283,79,2,-0.1772935688495636,2.0978245735168457,1.977072834968567,0.0,2.8880993655996665,94.83076216368758,15.100000000000001,62.0
23.408283,79,3,-1.8615823984146118,1.4183802604675293,1.692284345626831,0.0,2.888099356986298,142.69543312030387,15.100000000000001,62.0
23.408283,79,4,-2.374191999435425,2.0534722805023193,1.5837767124176025,0.0,3.5159472026426797,139.14300795858085,12.5,69.7
23.408283,79,5,-1.0791782140731812,2.6755259037017822,-2.009681224822998,0.0,3.5159469712320015,111.9667735256625,12.5,69.7
23.408283,79,6,-0.33917027711868286,1.469563364982605,2.3145017623901367,0.17052115499973297,2.7625298855735134,102.99610745001827,37.6,41.0
23.408283,79,7,-1.3566811084747314,2.370053291320801,-0.41693514585494995,0.17052115499973297,2.7625298459278,119.78796182526575,37.6,41.0
23.408283,79,8,-0.3545871376991272,1.4462571144104004,2.474616289138794,0.17052115499973297,2.888099281132041,103.7757985151442,37.300000000000004,41.300000000000004
23.408283,79,9,-1.4183485507965088,2.4857888221740723,-0.3876323103904724,0.17052115499973297,2.8880992863907524,119.70834081119476,37.300000000000004,41.300000000000004
23.408283,79,10,-2.0812721252441406,2.676002025604248,-0.0444830022752285,0.25578173995018005,3.3903774476963062,127.87414606640705,17.1,49.300000000000004
23.408283,79,11,-0.9365724921226501,3.2469749450683594,0.2732142210006714,0.25578173995018005,3.3903776098628766,106.08992207053664,17.1,49.300000000000004
23.685914,80,0,-0.11562623083591461,0.0410941019654274,-0.026637529954314232,0.0,0.12556953641601193,160.4345495848179,35.2,53.5
23.685914,80,1,-0.8055294156074524,2.129286050796509,-0.7137265801429749,0.0,2.385821107444576,110.72211305578179,14.600000000000001,56.1
23.685914,80,2,-0.25437772274017334,2.1275079250335693,1.7437238693237305,0.0,2.762529806057564,96.81826170514182,15.3,61.1
23.685914,80,3,-1.8500198125839233,1.1809097528457642,2.065207004547119,0.0,3.0136690466854157,147.44898335023524,13.100000000000001,64.5
23.685914,80,4,-2.374191999435425,2.0596022605895996,1.5757968425750732,0.0,3.515947213920957,139.05848967716398,12.0,70.3
23.685914,80,5,-1.0791782140731812,2.743497133255005,-1.9158501625061035,0.0,3.5159470961724204,111.47262243287017,12.0,70.3
23.999732,81,0,-0.11562623083591461,0.04113738611340523,-0.026570633053779602,0.0,0.12556953585341551,160.41550879635065,34.7,54.0
23.999732,81,1,-0.8055294156074524,2.122387647628784,-0.7339861989021301,0.0,2.385821180724768,110.78371946534807,14.4,56.0
23.999732,81,2,0.7091742753982544,1.8596210479736328,-2.0928447246551514,0.0,2.8880993120857337,69.12544040279484,17.3,62.0
23.999732,81,3,-2.374191999435425,2.104213237762451,1.5157121419906616,0.0,3.5159471408904652,138.4498766120049,11.5,70.8
23.999732,81,4,-1.0791782140731812,2.7224514484405518,-1.9456404447555542,0.0,3.5159471337201347,111.62334655085041,11.5,70.8
23.999732,81,5,1.2950139045715332,4.878505229949951,3.294227361679077,0.0,6.0273384011616375,75.13352315314577,11.3,70.10000000000001
23.999732,81,6,3.7000396251678467,4.13981819152832,-2.345296621322632,0.0,6.027338063250508,48.21065467711486,11.3,70.10000000000001
24.284669,82,0,-0.11562623083591461,0.04110187664628029,-0.026625532656908035,0.0,0.12556953655417516,160.43112915468276,35.0,53.7
24.284669,82,1,-0.8055294156074524,2.131150007247925,-0.7081416249275208,0.0,2.3858211487361545,110.70552680657882,15.200000000000001,55.5
24.284669,82,2,1.2950139045715332,4.981236934661865,3.1367220878601074,0.0,6.027338373506387,75.42694415079275,11.600000000000001,69.9
24.284669,82,3,-0.3545871376991272,1.6567118167877197,2.3389508724212646,0.08526057749986649,2.8880992478974683,102.08078484982912,24.5,57.2
24.284669,82,4,-1.3297016620635986,2.4448673725128174,-0.7717738747596741,0.08526057749986649,2.888099356503163,118.5406534623572,24.5,57.2
24.597516,83,0,-0.11562623083591461,0.04113056883215904,-0.026581188663840294,0.0,0.12556953667414664,160.41850743423194,35.1,53.6
24.597516,83,1,-0.8055294156074524,2.129883050918579,-0.7119429111480713,0.0,2.385821065950485,110.71679793913826,14.8,55.800000000000004
24.597516,83,2,0.7091742753982544,1.9187862873077393,-2.0387370586395264,0.0,2.8880993340806347,69.71592754141409,15.9,62.0
24.899186,84,0,-0.11562623083591461,0.0411248654127121,-0.02659001015126705,0.0,0.12556953632302056,160.42101621651412,34.6,54.0
24.899186,84,1,-0.8055294156074524,2.123811721801758,-0.7298551797866821,0.0,2.385821127522531,110.77097306475375,14.8,55.800000000000004
24.899186,84,2,0.5318806767463684,1.8169013261795044,-2.1810755729675293,0.0,2.888099398975848,73.6831070507508,17.400000000000002,61.900000000000006
24.899186,84,3,-2.374191999435425,2.0324909687042236,1.6106140613555908,0.0,3.5159472184155103,139.43393117422156,12.0,70.8
24.899186,84,4,-1.0791782140731812,2.976245164871216,-1.5294517278671265,0.0,3.5159470256284027,109.93050369425325,12.0,70.8
24.899186,84,5,1.2950139045715332,4.948173522949219,3.1886239051818848,0.0,6.027338105245686,75.33375302636587,11.8,69.7
24.899186,84,6,3.7000396251678467,4.077974319458008,-2.4512524604797363,0.0,6.027338251913458,47.781821351522396,11.8,69.7
25.197355,85,0,-0.11562623083591461,0.04111681878566742,-0.026602448895573616,0.0,0.1255695358421589,160.42455584629292,34.5,54.2
25.197355,85,1,-0.8055294156074524,2.1335601806640625,-0.700846791267395,0.0,2.3858212231334424,110.6841176934864,14.200000000000001,56.5
25.197355,85,2,-1.9425207376480103,1.306962013244629,1.8975416421890259,0.0,3.013668993784561,146.0666423875006,12.5,65.0
25.197355,85,3,1.2950139045715332,4.9878997802734375,3.1261160373687744,0.0,6.027338277397384,75.44558366622917,11.4,70.0
25.197355,85,4,3.7000396251678467,4.048398494720459,-2.4997963905334473,0.0,6.0273381848035665,47.574204127786075,11.4,70.0
25.48041,86,0,-0.11562623083591461,0.04114260897040367,-0.02656254731118679,0.0,0.1255695363130357,160.41321155478627,34.4,54.300000000000004
25.48041,86,1,-0.8055294156074524,2.124992847442627,-0.7264087796211243,0.0,2.385821023505715,110.76041254493006,14.0,56.5
25.48041,86,2,-1.9425207376480103,0.4565291404724121,2.2584054470062256,0.0,3.0136689989712604,166.77442109978182,13.8,64.10000000000001
25.48041,86,3,-2.374191999435425,2.3071656227111816,1.184096097946167,0.0,3.5159471597245022,135.8202889900239,13.200000000000001,69.5
25.48041,86,4,-1.0791782140731812,2.8746039867401123,-1.712866187095642,0.0,3.515947137430808,110.57704162559118,13.200000000000001,69.5
25.48041,86,5,1.2950139045715332,4.982802867889404,3.1342337131500244,0.0,6.027338251826147,75.43132909474157,11.3,70.10000000000001
25.48041,86,6,3.7000396251678467,4.0392889976501465,-2.5144894123077393,0.0,6.027338205124835,47.5099234086037,11.3,70.10000000000001
25.80593,87,0,-0.11562623083591461,0.04112277179956436,-0.026593245565891266,0.0,0.12556953582588037,160.4219371607741,35.1,53.6
25.80593,87,1,-0.8055294156074524,2.1173925399780273,-0.7482737898826599,0.0,2.385821131683774,110.82854739771724,15.0,55.5
25.80593,87,2,-1.59564208984375,2.1704604625701904,1.0412229299545288,0.0,2.8880992864381287,126.32194717297105,17.1,61.300000000000004
25.80593,87,3,0.5318806767463684,1.3460170030593872,-2.4992916584014893,0.0,2.888099309334154,68.43847027692621,17.1,61.300000000000004
25.80593,87,4,1.2950139045715332,4.902201175689697,3.258859872817993,0.0,6.027338139728878,75.20222344993766,11.4,69.9
25.80593,87,5,3.7000396251678467,4.079394340515137,-2.448888063430786,0.0,6.027338065883888,47.791748151020826,11.4,69.9
26.080941,88,0,-0.11562623083591461,0.041092824190855026,-0.026639500632882118,0.0,0.12556953631860737,160.43511174893922,34.9,53.800000000000004
26.080941,88,1,-0.8055294156074524,2.121022939682007,-0.7379200458526611,0.0,2.3858210209773447,110.79594853648678,14.600000000000001,55.900000000000006
26.080941,88,2,-0.1772935688495636,2.0773143768310547,1.9986120462417603,0.0,2.8880993994540916,94.87822925638537,16.5,62.0
26.080941,88,3,-2.482109785079956,1.7569199800491333,1.7647229433059692,0.0,3.5159470798230164,144.70786853969054,11.700000000000001,70.60000000000001
26.080941,88,4,-1.1870959997177124,2.6948256492614746,-1.9210939407348633,0.0,3.5159471158695674,113.77394183537639,11.700000000000001,70.60000000000001
26.382068,89,0,-0.11562623083591461,0.04108930006623268,-0.026644939556717873,0.0,0.1255695370750178,160.43666222773697,34.5,54.2
26.382068,89,1,-0.8055294156074524,2.129612684249878,-0.7127518057823181,0.0,2.385821234077023,110.71920470173009,14.700000000000001,55.900000000000006
26.382068,89,2,-0.1772935688495636,2.4539613723754883,1.5125336647033691,0.0,2.8880992908013754,94.13232012697478,16.3,61.7
26.382068,89,3,0.4432339072227478,1.8547359704971313,-2.1690127849578857,0.0,2.8880994231637254,76.55985666600982,16.3,61.7
26.382068,89,4,-1.9425207376480103,1.3834799528121948,1.8424975872039795,0.0,3.0136690188005533,144.54120392838985,14.5,63.5
26.382068,89,5,1.2950139045715332,4.969686031341553,3.1549906730651855,0.0,6.027338252518542,75.39451923018387,11.5,69.9
26.382068,89,6,3.7000396251678467,4.054853439331055,-2.489312171936035,0.0,6.027338113264927,47.61965780430575,11.5,69.9
26.698748,90,0,-0.11562623083591461,0.04115873575210571,-0.02653755247592926,0.0,0.12556953642283059,160.40611870260136,34.7,53.900000000000006
26.698748,90,1,-0.8055294156074524,2.121882677078247,-0.7354443073272705,0.0,2.3858210460706646,110.78824287557316,14.3,56.1
26.698748,90,2,-0.2659403383731842,1.927848219871521,2.1339621543884277,0.0,2.8880992882513468,97.8541952289555,15.9,62.5
26.698748,90,3,0.5318806767463684,1.030676007270813,-2.644981622695923,0.0,2.888099352629517,62.70398940549407,15.9,62.5
27.000132,91,0,-0.11562623083591461,0.0411134697496891,-0.02660762518644333,0.0,0.1255695359959615,160.4260290991536,34.1,54.5
27.000132,91,1,-0.8055294156074524,2.1296308040618896,-0.7126972079277039,0.0,2.385821097904476,110.71904338523028,14.3,56.300000000000004
27.000132,91,2,-0.2659403383731842,2.0502543449401855,2.0166432857513428,0.0,2.8880992511487764,97.39062265658087,18.8,62.300000000000004
27.000132,91,3,1.2950139045715332,4.977527141571045,3.1426053047180176,0.0,6.027338181930051,75.4165456332911,11.600000000000001,69.8
27.282858,92,0,-0.11562623083591461,0.04116057604551315,-0.02653469890356064,0.0,0.12556953660669973,160.4053093477886,33.4,55.300000000000004
27.282858,92,1,-0.8055294156074524,2.1183688640594482,-0.7455056309700012,0.0,2.385821227467259,110.8197709832212,13.200000000000001,57.1
27.282858,92,2,0.7091742753982544,1.7393029928207397,2.1938583850860596,0.0,2.8880993174636904,67.81757042243872,14.9,62.900000000000006
27.282858,92,3,-0.2659403383731842,2.0692217350006104,1.9971767663955688,0.0,2.8880993557014687,97.323615814681,14.9,62.900000000000006
27.282858,92,4,-2.374191999435425,1.8907146453857422,1.7749069929122925,0.0,3.5159471489128316,141.467540572345,12.200000000000001,70.4
27.282858,92,5,-1.0791782140731812,2.9702372550964355,-1.5410869121551514,0.0,3.515947075840148,109.96763426326855,12.200000000000001,70.4
27.282858,92,6,1.2950139045715332,4.93782377243042,3.2046282291412354,0.0,6.027338277185169,75.30434163660853,11.4,70.0
27.593853,93,0,-0.11562623083591461,0.04111221432685852,-0.026609566062688828,0.0,0.12556953623479847,160.42658137107253,33.2,55.5
27.593853,93,1,-0.8055294156074524,2.115142345428467,-0.7546108365058899,0.0,2.385821094593146,110.84880189389865,13.0,57.400000000000006
27.593853,93,2,-0.27750298380851746,2.277344226837158,1.9541996717453003,0.0,3.0136690247239497,96.94745588236235,13.0,64.5
27.593853,93,3,-2.482109785079956,1.4032511711120605,2.0571584701538086,0.0,3.515947070952945,150.51852087244814,12.600000000000001,70.10000000000001
27.593853,93,4,-1.0791782140731812,3.0401742458343506,-1.3980695009231567,0.0,3.5159470121399963,109.54346238309107,12.600000000000001,70.10000000000001
27.593853,93,5,1.2950139045715332,4.9378342628479,3.2046122550964355,0.0,6.027338378248109,75.30437150614499,11.5,69.9
27.894761,94,0,-0.11562623083591461,0.04112214595079422,-0.026594216004014015,0.0,0.12556953639233837,160.42221246288182,34.5,54.2
27.894761,94,1,-0.8055294156074524,2.1261003017425537,-0.7231614589691162,0.0,2.385821164340907,110.75052004523481,13.9,56.5
27.894761,94,2,-0.2659403383731842,2.2074031829833984,1.8433024883270264,0.0,2.8880992260121343,96.86968906801533,16.3,63.1
27.894761,94,3,1.2950139045715332,4.976100444793701,3.144864320755005,0.0,6.027338404774326,75.41254274855545,11.4,70.0
28.190922,95,0,-0.11562623083591461,0.041107721626758575,-0.026616506278514862,0.0,0.125569536278261,160.4285577817127,34.9,53.7
28.190922,95,1,-0.8055294156074524,2.1361546516418457,-0.6928982138633728,0.0,2.3858210892510425,110.66111876446931,15.3,55.400000000000006
28.190922,95,2,-1.9425207376480103,1.2808705568313599,1.915250539779663,0.0,3.013668998028207,146.59970957685437,14.200000000000001,63.2
28.190922,95,3,-2.374191999435425,1.813044786453247,1.854175090789795,0.0,3.515947143398749,142.63294277044088,12.9,69.8
28.190922,95,4,-1.0791782140731812,2.961899757385254,-1.5570509433746338,0.0,3.515947017631643,110.01938272395756,12.9,69.8
28.190922,95,5,1.2950139045715332,4.942782878875732,3.1969738006591797,0.0,6.027338142400995,75.3184485529613,11.4,70.10000000000001
28.190922,95,6,3.7000396251678467,4.02829647064209,-2.532062292098999,0.0,6.027338146667182,47.43214498227536,11.4,70.10000000000001
28.486339,96,0,-0.11562623083591461,0.04112185910344124,-0.026594657450914383,0.0,0.12556953594871234,160.422338643329,34.9,53.800000000000004
28.486339,96,1,-0.8055294156074524,2.1277644634246826,-0.7182499766349792,0.0,2.385821091397668,110.73567160906315,14.9,55.800000000000004
28.486339,96,2,-1.7575188875198364,1.8529644012451172,1.5999534130096436,0.0,3.013668965907146,133.4857008602741,15.200000000000001,63.400000000000006
28.792138,97,0,-0.11562623083591461,0.04107162728905678,-0.02667216956615448,0.0,0.12556953633289047,160.44443801721528,34.800000000000004,53.900000000000006
28.792138,97,1,-0.8055294156074524,2.134657859802246,-0.6974955797195435,0.0,2.3858210120528094,110.67438124233199,15.0,55.800000000000004
28.792138,97,2,-1.8500198125839233,1.6334196329116821,1.7296150922775269,0.0,3.0136690879339403,138.55806930987106,14.600000000000001,63.800000000000004
29.086443,98,0,-0.11562623083591461,0.041124943643808365,-0.02658989280462265,0.0,0.125569537095539,160.42098180421024,35.1,53.5
29.086443,98,1,-0.8055294156074524,2.137451410293579,-0.688887894153595,0.0,2.3858211796960536,110.6496418495873,15.3,55.400000000000006
29.086443,98,2,-1.8500198125839233,1.8092637062072754,1.5447306632995605,0.0,3.013669074017557,135.63811845192444,14.600000000000001,63.2
29.086443,98,3,-2.482109785079956,1.1514419317245483,2.207984685897827,0.0,3.515947081581654,155.11358172390004,12.4,69.8
29.086443,98,4,1.2950139045715332,4.9504194259643555,3.185136079788208,0.0,6.027338164792769,75.34012012048497,11.200000000000001,70.2
29.086443,98,5,3.7000396251678467,4.0017218589782715,-2.5738558769226074,0.0,6.027338147109865,47.24316041807797,11.200000000000001,70.2
29.398548,99,0,-0.11562623083591461,0.04111025482416153,-0.026612594723701477,0.0,0.12556953654033964,160.4274433816925,34.2,54.5
29.398548,99,1,-0.8055294156074524,2.1278719902038574,-0.7179310321807861,0.0,2.385820993509609,110.73471290303378,13.8,56.800000000000004
29.398548,99,2,-2.482109785079956,1.476257562637329,2.0054123401641846,0.0,3.515947102917842,149.25754616683037,12.700000000000001,69.7
29.398548,99,3,-1.1870959997177124,2.920929193496704,-1.5559109449386597,0.0,3.5159469755027613,112.11733622190108,12.700000000000001,69.7
29.398548,99,4,1.2950139045715332,4.960178852081299,3.1699161529541016,0.0,6.027338025565473,75.36772522935178,11.3,70.2
29.398548,99,5,3.7000396251678467,4.02085542678833,-2.5438618659973145,0.0,6.02733811762877,47.37936450767231,11.3,70.2
29.681736,100,0,-0.11562623083591461,0.04110324755311012,-0.02662341482937336,0.0,0.12556953624947956,160.43052604645524,34.4,54.2
29.681736,100,1,-0.8055294156074524,2.1331400871276855,-0.702124297618866,0.0,2.385821200347331,110.68784625788336,14.600000000000001,56.0
29.681736,100,2,-1.9425207376480103,1.2727603912353516,1.9206496477127075,0.0,3.013669009521298,146.76675375111233,13.200000000000001,64.0
29.681736,100,3,-2.374191999435425,1.8124630451202393,1.8547437191009521,0.0,3.5159471275396252,142.64181155486258,12.700000000000001,69.4
29.681736,100,4,-1.0791782140731812,2.829749345779419,-1.785994529724121,0.0,3.5159470186386077,110.8752922839641,12.700000000000001,69.4
29.681736,100,5,1.2950139045715332,4.896055698394775,3.2680857181549072,0.0,6.027338274564125,75.1844659087294,11.5,69.7
29.681736,100,6,3.7000396251678467,4.033588409423828,-2.5236237049102783,0.0,6.027338159456091,47.4696172185741,11.5,69.7
30.001128,101,0,-0.11562623083591461,0.04112056642770767,-0.026596657931804657,0.0,0.12556953632866993,160.42290727714717,34.9,53.800000000000004
30.001128,101,1,-0.8055294156074524,2.1165292263031006,-0.7507123351097107,0.0,2.3858211616317684,110.8363138263662,14.600000000000001,55.900000000000006
30.001128,101,2,0.7091742753982544,1.1647230386734009,2.545900583267212,0.0,2.888099321280965,58.66368301340246,15.600000000000001,62.1
30.001128,101,3,1.2950139045715332,4.95804500579834,3.173253059387207,0.0,6.027338241003713,75.36169821003375,11.600000000000001,69.9
30.298064,102,0,-0.11562623083591461,0.04109135642647743,-0.026641765609383583,0.0,0.12556953653284444,160.43575750498394,33.800000000000004,54.900000000000006
30.298064,102,1,-0.8055294156074524,2.1066653728485107,-0.7779628038406372,0.0,2.3858211912730227,110.92544409524346,13.8,56.6
30.298064,102,2,0.8864678144454956,2.4616987705230713,-1.2228378057479858,0.0,2.888099430769156,70.19584376044956,15.200000000000001,62.6
30.298064,102,3,-1.5069953203201294,2.411215305328369,0.5060864686965942,0.0,2.8880993157982533,122.00513978835916,15.200000000000001,62.6
30.298064,102,4,-2.482109785079956,1.6169017553329468,1.893843650817871,0.0,3.5159471050247033,146.9188804838263,12.200000000000001,70.10000000000001
30.298064,102,5,-1.0791782140731812,2.9070327281951904,-1.657232403755188,0.0,3.515947118570521,110.36644444661032,12.200000000000001,70.10000000000001
30.298064,102,6,1.2950139045715332,4.897878646850586,3.265352725982666,0.0,6.027338108766669,75.18973771803728,11.4,69.9
30.298064,102,7,3.7000396251678467,4.109050273895264,-2.3987951278686523,0.0,6.027338172584756,47.99819701541656,11.4,69.9
30.601894,103,0,-0.11562623083591461,0.04110570624470711,-0.026619622483849525,0.0,0.1255695370875398,160.42944439626666,35.4,53.2
30.601894,103,1,-0.8055294156074524,2.126497983932495,-0.7219913005828857,0.0,2.3858211905327726,110.74696988888059,15.9,54.800000000000004
30.601894,103,2,-0.46250495314598083,2.5682499408721924,1.5074423551559448,0.0,3.0136690336851335,100.20872687759403,15.200000000000001,62.7
30.601894,103,3,-2.374191999435425,2.0365090370178223,1.6055303812026978,0.0,3.5159471715319213,139.37802038591633,12.4,70.3
30.601894,103,4,-1.0791782140731812,2.9522600173950195,-1.575251817703247,0.0,3.515946973038246,110.07953533333907,12.4,70.3
30.89881,104,0,-0.11562623083591461,0.04112366959452629,-0.026591863483190536,0.0,0.12556953715670302,160.42154223498872,34.4,54.300000000000004
30.89881,104,1,-0.8055294156074524,2.137251853942871,-0.6895068883895874,0.0,2.3858212162121064,110.65140722184435,14.600000000000001,55.900000000000006
30.89881,104,2,-1.7575188875198364,1.0850086212158203,2.1945579051971436,0.0,3.013668984371856,148.31078982564705,14.9,63.400000000000006
30.89881,104,3,-0.46250495314598083,2.647336006164551,1.3637820482254028,0.0,3.013668899577675,99.90988912451405,14.9,63.400000000000006
30.89881,104,4,-2.374191999435425,1.7497090101242065,1.9140572547912598,0.0,3.5159471618487195,143.61088774693508,12.600000000000001,69.9
30.89881,104,5,-1.0791782140731812,2.922592878341675,-1.6296342611312866,0.0,3.5159468959750475,110.26685332869114,12.600000000000001,69.9
31.197728,105,0,-0.11562623083591461,0.041068438440561295,-0.026677079498767853,0.0,0.12556953636869878,160.44584114845873,34.9,53.800000000000004
31.197728,105,1,-0.8055294156074524,2.131802558898926,-0.7061750292778015,0.0,2.385821234190105,110.69972613203343,14.5,56.0
31.197728,105,2,-1.6650177240371704,2.1988346576690674,1.2145134210586548,0.0,3.0136689803387764,127.13400113686036,15.100000000000001,63.900000000000006
31.197728,105,3,-0.46250495314598083,1.6733745336532593,2.463352918624878,0.0,3.0136689870092788,105.45029735374148,15.100000000000001,63.900000000000006
31.495612,106,0,-0.11562623083591461,0.04111054167151451,-0.02661215327680111,0.0,0.12556953689439768,160.42731719324988,34.7,54.0
31.495612,106,1,-0.8055294156074524,2.134333610534668,-0.6984872221946716,0.0,2.385821032692114,110.67725643205048,15.0,55.7
31.495612,106,2,-0.37000396847724915,2.4615190029144287,1.6988886594772339,0.0,3.0136690952555005,98.54843265025389,16.1,63.0
31.495612,106,3,-2.374191999435425,1.7031627893447876,1.9555902481079102,0.0,3.5159471491600462,144.34565825391144,12.3,70.10000000000001
31.495612,106,4,-1.0791782140731812,2.9095358848571777,-1.6528337001800537,0.0,3.5159470876924055,110.35036004179157,12.3,70.10000000000001
31.495612,106,5,1.2950139045715332,4.967289924621582,3.158761978149414,0.0,6.027338338179058,75.3877753553132,11.700000000000001,69.9
31.798415,107,0,-0.11562623083591461,0.04112790524959564,-0.026585306972265244,0.0,0.12556953609195784,160.41967906352093,34.300000000000004,54.400000000000006
31.798415,107,1,-0.8055294156074524,2.1319336891174316,-0.7057783603668213,0.0,2.3858210302042404,110.69856086174732,14.600000000000001,56.0
31.798415,107,2,-1.7575188875198364,1.7853891849517822,1.6750264167785645,0.0,3.0136689729692923,134.5492918680116,15.200000000000001,63.6
31.798415,107,3,-2.482109785079956,1.4205036163330078,2.045283555984497,0.0,3.5159471460170457,150.21762977938795,12.3,69.8
31.798415,107,4,-1.0791782140731812,2.8597803115844727,-1.7375024557113647,0.0,3.515947074666993,110.6747024228331,12.3,69.8
31.798415,107,5,1.2950139045715332,4.957672595977783,3.173835039138794,0.0,6.0273383377414484,75.36064584585381,11.600000000000001,69.9
32.094696,108,0,-0.11562623083591461,0.04111955687403679,-0.026598216965794563,0.0,0.12556953595755954,160.42335137147978,34.6,54.1
32.094696,108,1,-0.8055294156074524,2.114009141921997,-0.7577796578407288,0.0,2.3858210958443373,110.8590163645512,14.3,56.1
32.094696,108,2,-1.9425207376480103,1.0745389461517334,2.0381805896759033,0.0,3.0136690062316167,151.05006612659147,13.4,63.800000000000004
32.094696,108,3,-2.374191999435425,1.5571863651275635,2.0737085342407227,0.0,3.51594711434987,146.73991021596532,12.4,69.8
32.094696,108,4,1.2950139045715332,4.994997501373291,3.114762544631958,0.0,6.027338281629892,75.46538850801798,11.4,70.10000000000001
32.094696,108,5,3.7000396251678467,4.050893783569336,-2.4957504272460938,0.0,6.027338041679093,47.591784525952626,11.4,70.10000000000001
32.403462,109,0,-0.11562623083591461,0.041087523102760315,-0.026647673919796944,0.0,0.12556953586509706,160.43744403438083,34.800000000000004,53.800000000000004
32.403462,109,1,-0.8055294156074524,2.130899429321289,-0.7088953852653503,0.0,2.3858211761448485,110.70775507467692,14.8,55.800000000000004
32.403462,109,2,-1.4183485507965088,2.4366331100463867,0.6262785792350769,0.0,2.888099441385215,120.2034111893016,16.5,61.800000000000004
32.403462,109,3,-0.2659403383731842,2.200146198272705,1.8519585132598877,0.0,2.88809935635595,96.89213052423091,16.5,61.800000000000004
32.403462,109,4,-2.374191999435425,1.9940483570098877,1.6579710245132446,0.0,3.5159471580788173,139.97360256174971,12.3,70.10000000000001
32.403462,109,5,-1.0791782140731812,2.86033296585083,-1.7365925312042236,0.0,3.515947086162913,110.67104554073434,12.3,70.10000000000001
32.403462,109,6,1.2950139045715332,5.07058572769165,2.9901344776153564,0.0,6.027338121354064,75.67307640122544,11.3,70.0
32.403462,109,7,3.7000396251678467,4.007580280303955,-2.5647244453430176,0.0,6.027338086704063,47.28493873384708,11.3,70.0
32.685917,110,0,-0.11562623083591461,0.04110071435570717,-0.026627326384186745,0.0,0.12556953646581503,160.4316404891068,33.6,55.0
32.685917,110,1,-0.8055294156074524,2.1263067722320557,-0.7225539684295654,0.0,2.3858211094594037,110.74867671359387,14.0,56.6
32.685917,110,2,-0.46250495314598083,2.5781164169311523,1.490505337715149,0.0,3.0136690682110134,100.17047502674338,15.0,63.6
32.685917,110,3,-2.374191999435425,2.225987434387207,1.3304420709609985,0.0,3.515947071901952,136.8452671542796,12.3,70.5
32.685917,110,4,-1.0791782140731812,2.9033100605010986,-1.663745403289795,0.0,3.5159470547926337,110.39041007498952,12.3,70.5
32.685917,110,5,1.2950139045715332,4.693891525268555,3.5523409843444824,0.0,6.027338146568109,74.57616809781342,11.4,70.0
32.996342,111,0,-0.11562623083591461,0.04109600558876991,-0.026634590700268745,0.0,0.12556953593305686,160.4337120822759,34.0,54.6
32.996342,111,1,-0.8055294156074524,2.12422251701355,-0.72865891456604,0.0,2.3858211909053084,110.76729895400474,14.3,56.300000000000004
32.996342,111,2,-1.4183485507965088,2.4941580295562744,0.3295169174671173,0.0,2.888099424681156,119.62551636832107,16.3,62.1
32.996342,111,3,-0.3545871376991272,1.1529134511947632,2.624152421951294,0.0,2.888099270766211,107.09567093939073,16.3,62.1
32.996342,111,4,-2.374191999435425,1.7110906839370728,1.9486572742462158,0.0,3.5159471200961074,144.21954056462727,12.100000000000001,70.9
32.996342,111,5,-1.0791782140731812,3.1135687828063965,-1.2259471416473389,0.0,3.515946896230085,109.11656726391517,12.100000000000001,70.9
33.290963,112,0,-0.11562623083591461,0.04107968509197235,-0.026659760624170303,0.0,0.1255695369949013,160.44089259692652,33.800000000000004,54.900000000000006
33.290963,112,1,-0.8055294156074524,2.1291568279266357,-0.7141123414039612,0.0,2.3858212157370353,110.72326387558859,13.600000000000001,56.800000000000004
33.290963,112,2,-1.3297016620635986,2.544266939163208,0.31578049063682556,0.0,2.888099389924185,117.59276687702427,14.9,62.400000000000006
33.290963,112,3,-1.950229287147522,1.2758663892745972,1.7058395147323608,0.0,2.88809933446737,146.80674548111014,14.9,62.400000000000006
33.290963,112,4,-2.374191999435425,1.5646979808807373,2.0680465698242188,0.0,3.515947103771209,146.6133435667523,11.3,71.0
33.290963,112,5,-1.0791782140731812,2.9385886192321777,-1.6006104946136475,0.0,3.515946906066473,110.16544237234858,11.3,71.0
33.608718,113,0,-0.11562623083591461,0.04111763834953308,-0.026601186022162437,0.0,0.12556953666613926,160.42419532133115,33.5,55.2
33.608718,113,1,-0.8055294156074524,2.1294093132019043,-0.7133587598800659,0.0,2.385821112920563,110.72101543193368,13.600000000000001,56.900000000000006
33.608718,113,2,-1.0791782140731812,2.6703736782073975,-2.0165224075317383,0.0,3.515947072848322,112.00511309482333,11.600000000000001,70.60000000000001
33.608718,113,3,-2.374191999435425,2.15336275100708,1.4450347423553467,0.0,3.51594712619828,137.79236047340308,11.600000000000001,70.60000000000001
33.608718,113,4,1.2950139045715332,4.958807945251465,3.172060966491699,0.0,6.0273383865569485,75.36385367967826,11.4,69.9
33.916937,114,0,-0.11562623083591461,0.0411515086889267,-0.026548756286501884,0.0,0.12556953605494883,160.4092972192751,33.800000000000004,54.800000000000004
33.916937,114,1,-0.8055294156074524,2.107321262359619,-0.7761841416358948,0.0,2.3858211089536603,110.91949484617996,13.700000000000001,56.6
33.916937,114,2,-1.59564208984375,2.0535144805908203,1.2562335729599,0.0,2.8880994080378732,127.8482739043856,16.6,62.6
33.916937,114,3,1.2950139045715332,4.855906963348389,3.327448844909668,0.0,6.027338489351636,75.06742196741683,11.3,70.0
33.916937,114,4,3.7000396251678467,4.153592109680176,-2.3208155632019043,0.0,6.027338178649826,48.305198410690764,11.3,70.0
34.197166,115,0,-0.11562623083591461,0.04110979661345482,-0.026613300666213036,0.0,0.12556953614340577,160.4276449558485,33.800000000000004,54.800000000000004
34.197166,115,1,-0.8055294156074524,2.1158275604248047,-0.752687394618988,0.0,2.3858210785556375,110.84263013841569,13.600000000000001,56.900000000000006
34.197166,115,2,-1.59564208984375,2.1789326667785645,1.0233749151229858,0.0,2.8880992819047364,126.21548397912018,16.1,63.0
34.197166,115,3,0.7091742753982544,0.9567593932151794,2.6311216354370117,0.0,2.8880993317157313,53.453221697556025,16.1,63.0
34.197166,115,4,-2.374191999435425,1.9319628477096558,1.7299180030822754,0.0,3.5159471543954908,140.86354825083805,12.700000000000001,70.0
34.197166,115,5,-1.0791782140731812,2.944840908050537,-1.5890781879425049,0.0,3.5159469675825212,110.12606756910823,12.700000000000001,70.0
34.197166,115,6,1.2950139045715332,4.961949348449707,3.167144298553467,0.0,6.027338165183186,75.3727222880152,11.5,69.9
34.49134,116,0,-0.11562623083591461,0.04112066328525543,-0.02659650892019272,0.0,0.12556953648509442,160.42286467043957,33.9,54.7
34.49134,116,1,-0.8055294156074524,2.118191719055176,-0.746008574962616,0.0,2.3858211567509744,110.8213628578412,13.600000000000001,56.900000000000006
34.49134,116,2,-1.7575188875198364,1.4440343379974365,1.976889729499817,0.0,3.0136689950800033,140.59236912822988,14.200000000000001,64.3
34.49134,116,3,-2.374191999435425,1.732374906539917,1.9297600984573364,0.0,3.515947170335532,143.88292019864858,12.200000000000001,70.4
34.49134,116,4,-1.0791782140731812,3.023650884628296,-1.4334551095962524,0.0,3.5159470759770066,109.64210796697917,12.200000000000001,70.4
34.79758,117,0,-0.11562623083591461,0.04111168161034584,-0.026610389351844788,0.0,0.1255695362880959,160.42681571905453,34.2,54.400000000000006
34.79758,117,1,-0.8055294156074524,2.128390073776245,-0.716394305229187,0.0,2.3858211890506262,110.73009487068637,14.100000000000001,56.5
34.79758,117,2,-1.59564208984375,1.8138504028320312,1.5827162265777588,0.0,2.8880993086470195,131.33805114500038,15.100000000000001,62.900000000000006
34.79758,117,3,-2.482109785079956,1.3003424406051636,2.1237053871154785,0.0,3.5159471013216286,152.35058867277175,12.0,70.3
34.79758,117,4,-1.1870959997177124,2.8662447929382324,-1.654487133026123,0.0,3.5159470699856,112.4975861985981,12.0,70.3
34.79758,117,5,1.2950139045715332,4.891745090484619,3.274534225463867,0.0,6.027338171784311,75.17198539592665,11.4,69.8
35.089593,118,0,-0.11562623083591461,0.041120871901512146,-0.0265961866825819,0.0,0.12556953654973618,160.42277290222276,34.300000000000004,54.300000000000004
35.089593,118,1,-0.8055294156074524,2.1354026794433594,-0.6952118873596191,0.0,2.3858209930983687,110.66777965689107,14.100000000000001,56.5
35.089593,118,2,-1.8500198125839233,1.6399790048599243,1.723396897315979,0.0,3.0136690775552557,138.44411389745656,14.100000000000001,64.60000000000001
35.089593,118,3,1.2950139045715332,4.813152313232422,3.388998508453369,0.0,6.027338309213063,74.94077801633422,11.5,70.0
35.403217,119,0,-0.11562623083591461,0.04108374938368797,-0.02665349841117859,0.0,0.12556953730223183,160.43910437426638,34.300000000000004,54.400000000000006
35.403217,119,1,-0.8055294156074524,2.134004831314087,-0.699491560459137,0.0,2.3858211799366495,110.68017257074376,14.100000000000001,56.5
35.403217,119,2,-0.3545871376991272,2.0529837608337402,2.0001606941223145,0.0,2.888099230078594,99.79932974976631,16.400000000000002,63.0
35.403217,119,3,1.2950139045715332,4.807219505310059,3.3974084854125977,0.0,6.027338119105366,74.92303840516313,11.3,70.0
35.403217,119,4,3.7000396251678467,4.134932994842529,-2.353898763656616,0.0,6.027338010199343,48.177038742281724,11.3,70.0
35.700953,120,0,-0.11562623083591461,0.04111446067690849,-0.02660609595477581,0.0,0.12556953641719,160.4255931839324,34.300000000000004,54.400000000000006
35.700953,120,1,-0.8055294156074524,2.1396946907043457,-0.6818881630897522,0.0,2.38582113239848,110.62981654556341,13.8,56.7
35.700953,120,2,-1.7575188875198364,1.9668992757797241,1.4576128721237183,0.0,3.0136689741961575,131.78231671770232,13.600000000000001,64.5
35.700953,120,3,-2.482109785079956,1.7770203351974487,1.7444809675216675,0.0,3.5159471132171842,144.39993493474643,12.200000000000001,70.10000000000001
35.700953,120,4,-1.0791782140731812,2.808558225631714,-1.8191367387771606,0.0,3.5159470130908606,111.01908879622584,12.200000000000001,70.10000000000001
35.700953,120,5,1.2950139045715332,4.961795806884766,3.1673851013183594,0.0,6.027338303289966,75.37228906367528,11.5,69.9
35.997077,121,0,-0.11562623083591461,0.04113959148526192,-0.02656722255051136,0.0,0.12556953674734508,160.41453876909327,33.9,54.7
35.997077,121,1,-0.8055294156074524,2.119061231613159,-0.7435347437858582,0.0,2.385821044829529,110.8135514050624,13.8,56.6
35.997077,121,2,-1.9425207376480103,1.259576678276062,1.9293212890625,0.0,3.013669003238298,147.03966471951247,13.0,64.60000000000001
35.997077,121,3,-2.374191999435425,1.9590654373168945,1.6991642713546753,0.0,3.5159471353990916,140.4722422627004,12.100000000000001,70.8
35.997077,121,4,-1.0791782140731812,2.9066569805145264,-1.6578915119171143,0.0,3.515947196047008,110.36886097088222,12.100000000000001,70.8
35.997077,121,5,1.2950139045715332,5.059680938720703,3.008549690246582,0.0,6.027338007227571,75.6434735710064,11.3,70.10000000000001
35.997077,121,6,3.515037775039673,4.1468329429626465,-2.6032841205596924,0.0,6.027337905672317,49.71392489793161,11.3,70.10000000000001
35.997077,121,7,0.620527446269989,1.3574894666671753,-2.472506046295166,-0.34104230999946594,2.88809939452451,65.43419607111673,18.6,39.900000000000006
36.300865,122,0,-0.11562623083591461,0.041101668030023575,-0.026625856757164,0.0,0.12556953699135587,160.43122093241743,34.5,54.2
36.300865,122,1,-0.8055294156074524,2.130549907684326,-0.7099448442459106,0.0,2.3858210809727383,110.71086396722329,14.3,56.2
36.300865,122,2,0.7091742753982544,1.2091107368469238,2.5251219272613525,0.0,2.8880993186490724,59.60729005099567,16.7,62.6
36.300865,122,3,-1.5069953203201294,2.2655115127563477,0.9682665467262268,0.0,2.8880992738144333,123.6314487235802,16.7,62.6
36.300865,122,4,-2.374191999435425,0.8810515403747559,2.439025402069092,0.0,3.515947152463786,159.64034567134414,11.5,71.0
36.600655,123,0,-0.11562623083591461,0.04111533612012863,-0.02660474367439747,0.0,0.12556953654279274,160.42520807282332,34.4,54.300000000000004
36.600655,123,1,-0.8055294156074524,2.134167432785034,-0.6989951729774475,0.0,2.3858211421678113,110.67873026317508,14.200000000000001,56.400000000000006
36.600655,123,2,-1.9425207376480103,1.3441529273986816,1.8713810443878174,0.0,3.0136690132994124,145.31819024700428,13.0,64.3
36.600655,123,3,-2.374191999435425,1.7667579650878906,1.898331642150879,0.0,3.5159471527564143,143.34517437714644,12.0,70.2
36.600655,123,4,-1.0791782140731812,2.851081609725952,-1.7517393827438354,0.0,3.515946931923669,110.73242464945176,12.0,70.2
36.600655,123,5,1.2950139045715332,4.981718063354492,3.135957956314087,0.0,6.027338399289994,75.42829168761021,11.4,70.10000000000001
36.896225,124,0,-0.11562623083591461,0.04117046669125557,-0.026519350707530975,0.0,0.12556953669917326,160.40095961469854,35.1,53.6
36.896225,124,1,-0.8055294156074524,2.1334891319274902,-0.701062798500061,0.0,2.385821150652818,110.68474820034828,14.8,55.7
36.896225,124,2,-1.8500198125839233,1.8026609420776367,1.5524307489395142,0.0,3.013669027829398,135.74282740585903,13.4,63.800000000000004
36.896225,124,3,-2.374191999435425,2.0477569103240967,1.5911592245101929,0.0,3.5159470547360563,139.22200449253518,12.600000000000001,70.10000000000001
36.896225,124,4,-1.0791782140731812,2.9102602005004883,-1.6515579223632812,0.0,3.5159470450034145,110.34571038137828,12.600000000000001,70.10000000000001
37.212467,125,0,-0.11562623083591461,0.041125815361738205,-0.026588542386889458,0.0,0.12556953664303858,160.4205983538191,35.4,53.300000000000004
37.212467,125,1,-0.8055294156074524,2.134305953979492,-0.6985719799995422,0.0,2.3858211072588142,110.67750170421405,15.3,55.300000000000004
37.212467,125,2,-0.27750298380851746,2.3613641262054443,1.8517969846725464,0.0,3.013668945819193,96.70254777506482,16.1,63.6
37.49909,126,0,-0.11562623083591461,0.041078176349401474,-0.026662083342671394,0.0,0.1255695365830594,160.44155642936408,35.0,53.6
37.49909,126,1,-0.8055294156074524,2.1157071590423584,-0.7530257701873779,0.0,2.385821081472428,110.8437143450333,14.9,55.5
37.49909,126,2,-1.8615823984146118,1.3303426504135132,1.7623329162597656,0.0,2.888099357939231,144.44926201713727,15.8,61.800000000000004
37.49909,126,3,0.5318806767463684,1.026787281036377,-2.646493673324585,0.0,2.888099364243084,62.615629319036444,15.8,61.800000000000004
37.785379,127,0,-0.11562623083591461,0.04115541651844978,-0.026542698964476585,0.0,0.12556953625161688,160.40757851091,35.4,53.300000000000004
37.785379,127,1,-0.8055294156074524,2.1162445545196533,-0.7515142560005188,0.0,2.385821102034891,110.83887596656571,15.200000000000001,55.300000000000004
37.785379,127,2,0.620527446269989,0.9121783971786499,-2.669081211090088,0.0,2.8880994185186726,55.773727315973176,14.700000000000001,61.800000000000004
37.785379,127,3,-1.7729356288909912,0.7509613037109375,2.1526434421539307,0.0,2.888099273382175,157.04397017215854,14.700000000000001,61.800000000000004
37.785379,127,4,1.2950139045715332,4.967541217803955,3.1583666801452637,0.0,6.027338288985166,75.38848290932746,11.600000000000001,69.9
37.785379,127,5,3.515037775039673,4.185514450073242,-2.540626287460327,0.0,6.027338028040423,49.976116844150894,11.600000000000001,69.9
38.103996,128,0,-0.11562623083591461,0.04112260416150093,-0.026593510061502457,0.0,0.12556953694162823,160.42201090231782,34.7,53.900000000000006
38.103996,128,1,-0.8055294156074524,2.1219608783721924,-0.7352192997932434,0.0,2.3858212480274874,110.78754224319913,14.200000000000001,56.2
38.103996,128,2,-1.8500198125839233,1.5065033435821533,1.8412158489227295,0.0,3.013669098209276,140.84347388855326,13.8,64.10000000000001
38.103996,128,3,-2.374191999435425,1.9748823642730713,1.6807546615600586,0.0,3.5159471320336775,140.24589580972292,12.200000000000001,70.10000000000001
38.103996,128,4,-1.0791782140731812,2.8109591007232666,-1.8154247999191284,0.0,3.515947082626606,111.00270224883916,12.200000000000001,70.10000000000001
38.400097,129,0,-0.11562623083591461,0.04110231623053551,-0.026624856516718864,0.0,0.12556953707556232,160.43093576622692,35.2,53.5
38.400097,129,1,-0.8055294156074524,2.1218855381011963,-0.7354363799095154,0.0,2.3858211469232766,110.78821724188595,14.700000000000001,55.6
38.400097,129,2,-1.8500198125839233,1.427844762802124,1.9028629064559937,0.0,3.0136690618547783,142.33905036714415,14.200000000000001,63.7
38.400097,129,3,-2.374191999435425,1.8833134174346924,1.782758355140686,0.0,3.5159471599124816,141.5770035848857,12.200000000000001,70.10000000000001
38.400097,129,4,-1.0791782140731812,2.877664089202881,-1.7077198028564453,0.0,3.5159469781391874,110.55699097959659,12.200000000000001,70.10000000000001
38.700921,130,0,-0.11562623083591461,0.04112106189131737,-0.026595892384648323,0.0,0.12556953643350588,160.42268932768772,34.7,54.0
38.700921,130,1,-0.8055294156074524,2.1232614517211914,-0.7314545512199402,0.0,2.3858211568083703,110.77589657204096,14.4,56.1
38.700921,130,2,-1.59564208984375,1.2514110803604126,2.0564568042755127,0.0,2.8880993678855305,141.8940441169239,16.8,62.2
38.700921,130,3,-0.2659403383731842,1.7616344690322876,2.2731118202209473,0.0,2.8880993080718156,98.5846787759201,16.8,62.2
38.700921,130,4,-2.374191999435425,2.0085928440093994,1.6403205394744873,0.0,3.515947146276636,139.76840743530767,11.700000000000001,70.7
38.700921,130,5,-1.0791782140731812,2.870115280151367,-1.7203768491744995,0.0,3.515947076146642,110.60652067043213,11.700000000000001,70.7
39.000751,131,0,-0.11562623083591461,0.041118912398815155,-0.02659921534359455,0.0,0.12556953639747406,160.42363487209417,35.300000000000004,53.400000000000006
39.000751,131,1,-0.8055294156074524,2.1321861743927,-0.7050157785415649,0.0,2.38582119398601,110.69631754002835,15.5,55.1
39.000751,131,2,-1.9425207376480103,1.3927063941955566,1.8355333805084229,0.0,3.0136689777721837,144.3610542788184,14.100000000000001,63.1
39.000751,131,3,-2.374191999435425,2.001613140106201,1.6488301753997803,0.0,3.5159470644675324,139.86672321110925,12.600000000000001,69.8
39.000751,131,4,-1.0791782140731812,2.825100898742676,-1.793338656425476,0.0,3.515947133054874,110.90667408129264,12.600000000000001,69.8
39.000751,131,5,1.2950139045715332,4.788924217224121,3.4231488704681396,0.0,6.027338082498489,74.86807595103278,11.3,70.10000000000001
39.296384,132,0,-0.11562623083591461,0.041124504059553146,-0.02659057080745697,0.0,0.12556953670110754,160.4211751687751,35.5,53.2
39.296384,132,1,-0.8055294156074524,2.1282780170440674,-0.7167269587516785,0.0,2.3858211355093957,110.73109354211464,15.5,55.0
39.296384,132,2,-1.7575188875198364,1.8263828754425049,1.6302311420440674,0.0,3.0136689639356375,133.89920799971662,15.200000000000001,63.0
39.296384,132,3,1.2950139045715332,4.915976047515869,3.2380430698394775,0.0,6.027338088652305,75.24187555654106,11.4,69.9
39.296384,132,4,3.515037775039673,4.250922679901123,-2.42960262298584,0.0,6.02733797758789,50.41305617639487,11.4,69.9
39.591503,133,0,-0.11562623083591461,0.04109539836645126,-0.026635529473423958,0.0,0.12556953633165638,160.4339792298911,35.1,53.5
39.591503,133,1,-0.8055294156074524,2.1322028636932373,-0.7049651741981506,0.0,2.3858211559508717,110.69616927263242,15.200000000000001,55.5
39.591503,133,2,0.5318806767463684,1.33895742893219,-2.5030808448791504,0.0,2.8880993346472343,68.33529486343625,16.7,61.6
39.591503,133,3,-0.3545871376991272,2.1076183319091797,1.9425063133239746,0.0,2.8880993487975433,99.55004655874104,16.7,61.6
39.591503,133,4,-2.374191999435425,2.0008585453033447,1.6497458219528198,0.0,3.515947076613552,139.87736947434786,11.600000000000001,70.8
39.591503,133,5,-1.0791782140731812,2.825643301010132,-1.7924838066101074,0.0,3.5159470814039673,110.90300766430558,11.600000000000001,70.8
39.591503,133,6,1.2950139045715332,4.797460556030273,3.41117525100708,0.0,6.027338168112283,74.89376932686189,11.5,70.0
39.591503,133,7,3.7000396251678467,4.145217418670654,-2.335740327835083,0.0,6.027338015653176,48.24775647571966,11.5,70.0
39.879086,134,0,-0.11562623083591461,0.04108603671193123,-0.026649968698620796,0.0,0.12556953651922045,160.4380980042522,35.0,53.6
39.879086,134,1,-0.8055294156074524,2.1310644149780273,-0.7083988785743713,0.0,2.385821064405282,110.70628788560671,14.9,55.7
39.879086,134,2,-1.7575188875198364,1.5579807758331299,1.8883918523788452,0.0,3.013668947642619,138.44410179258222,14.3,63.800000000000004
39.879086,134,3,1.2950139045715332,4.821861743927002,3.3765950202941895,0.0,6.027338187098503,74.96674621926441,11.3,69.9
39.879086,134,4,3.515037775039673,4.218235969543457,-2.485919713973999,0.0,6.027337893218751,50.19570242285722,11.3,69.9
40.194678,135,0,-0.11562623083591461,0.04112623259425163,-0.026587894186377525,0.0,0.125569536042715,160.4204148226539,34.2,54.5
40.194678,135,1,-0.8055294156074524,2.111562967300415,-0.7645697593688965,0.0,2.385821183832692,110.88109832733717,13.9,56.6
40.194678,135,2,-1.8500198125839233,0.9329113960266113,2.188447952270508,0.0,3.0136690959006023,153.23951388056614,13.0,64.3
40.194678,135,3,-2.374191999435425,1.8210341930389404,1.8463290929794312,0.0,3.515947141522809,142.511354312348,12.3,69.9
40.194678,135,4,-1.0791782140731812,2.8079917430877686,-1.8200112581253052,0.0,3.515947130814416,111.02295873540986,12.3,69.9
40.194678,135,5,1.2950139045715332,4.887104511260986,3.281456470489502,0.0,6.027338391424403,75.1585265205883,11.4,69.9
40.194678,135,6,3.515037775039673,4.185267925262451,-2.541032075881958,0.0,6.0273379013331825,49.974454830561534,11.4,69.9
40.497835,136,0,-0.11562623083591461,0.04112689942121506,-0.02658686414361,0.0,0.12556953634665427,160.42012150139215,33.4,55.2
40.497835,136,1,-0.8055294156074524,2.1414365768432617,-0.676397979259491,0.0,2.3858211329429944,110.61444747769173,13.600000000000001,57.0
40.497835,136,2,-0.3545871376991272,1.6357944011688232,2.3536274433135986,0.0,2.88809928898503,102.23064333662586,14.4,63.400000000000006
40.497835,136,3,-2.374191999435425,2.1711931228637695,1.4181034564971924,0.0,3.5159471896323176,137.55715520867378,12.100000000000001,70.2
40.497835,136,4,-1.0791782140731812,2.7682738304138184,-1.8798716068267822,0.0,3.515946938740356,111.2977245106681,12.100000000000001,70.2
40.79698,137,0,-0.11562623083591461,0.04113999009132385,-0.026566604152321815,0.0,0.12556953650555774,160.4143634444677,33.2,55.400000000000006
40.79698,137,1,-0.8055294156074524,2.1221542358398438,-0.7346603274345398,0.0,2.385821040398483,110.78581008069234,13.100000000000001,57.400000000000006
40.79698,137,2,-1.9425207376480103,1.4250621795654297,1.810528039932251,0.0,3.0136689956266367,143.73567239194918,12.4,64.8
40.79698,137,3,-2.482109785079956,1.7618412971496582,1.7598097324371338,0.0,3.515947103685167,144.6322569995265,12.100000000000001,70.0
40.79698,137,4,-1.1870959997177124,2.784780502319336,-1.7882070541381836,0.0,3.5159470739920544,113.08757777380336,12.100000000000001,70.0
40.79698,137,5,1.2950139045715332,4.68265438079834,3.567141056060791,0.0,6.027338415658937,74.54092333935155,11.200000000000001,70.0
40.79698,137,6,3.7000396251678467,4.1049699783325195,-2.405771017074585,0.0,6.027338213292795,47.969889730951785,11.200000000000001,70.0
41.094539,138,0,-0.11562623083591461,0.04107869043946266,-0.026661289855837822,0.0,0.12556953628296322,160.44133023399377,33.4,55.2
41.094539,138,1,-0.8055294156074524,2.121366262435913,-0.7369330525398254,0.0,2.385821196723649,110.79287074599456,13.200000000000001,57.300000000000004
41.094539,138,2,-0.3545871376991272,1.836891531944275,2.2002761363983154,0.0,2.888099308326177,100.92579076208492,13.9,63.900000000000006
41.094539,138,3,-1.4183485507965088,2.494825601577759,0.32442355155944824,0.0,2.88809938101874,119.6189279341046,13.9,63.900000000000006
41.094539,138,4,-1.8500198125839233,1.7455791234970093,1.616348147392273,0.0,3.0136690456850226,136.6637919618015,12.700000000000001,65.10000000000001
41.094539,138,5,-2.374191999435425,1.944350004196167,1.7159836292266846,0.0,3.515947156140831,140.68415953431483,11.600000000000001,70.8
41.094539,138,6,-1.0791782140731812,2.9112355709075928,-1.6498377323150635,0.0,3.5159469151308795,110.33945231778054,11.600000000000001,70.8
41.094539,138,7,1.2950139045715332,4.980084419250488,3.1385512351989746,0.0,6.0273381929226515,75.42371521398425,11.5,69.8
41.403844,139,0,-0.11562623083591461,0.04109467193484306,-0.026636648923158646,0.0,0.12556953605316934,160.43429882482707,33.4,55.2
41.403844,139,1,-0.8055294156074524,2.1137092113494873,-0.7586158514022827,0.0,2.385821091270543,110.86172147960879,13.5,57.0
41.403844,139,2,-1.8500198125839233,1.5424301624298096,1.8112252950668335,0.0,3.0136690565515387,140.180778528401,13.8,64.60000000000001
41.403844,139,3,1.2950139045715332,4.889801502227783,3.2774360179901123,0.0,6.027338267945609,75.16635139451289,11.5,69.9
41.403844,139,4,3.7000396251678467,4.075222492218018,-2.455824613571167,0.0,6.027338228564399,47.76257363011299,11.5,69.9
41.706089,140,0,-0.11562623083591461,0.0411088652908802,-0.02661474235355854,0.0,0.12556953680479294,160.42805466097167,34.0,54.7
41.706089,140,1,-0.8055294156074524,2.1263132095336914,-0.7225348353385925,0.0,2.3858210521168846,110.74861924754732,14.200000000000001,56.400000000000006
41.706089,140,2,-0.3545871376991272,1.7650713920593262,2.2582976818084717,0.0,2.88809928446884,101.35901674725761,16.8,62.800000000000004
41.706089,140,3,0.620527446269989,0.8474500775337219,-2.690333127975464,0.0,2.888099424356528,53.78733345768659,16.8,62.800000000000004
41.706089,140,4,-2.374191999435425,2.1371371746063232,1.46892511844635,0.0,3.5159470924446663,138.00792965769196,11.9,70.9
41.706089,140,5,-1.0791782140731812,2.8764078617095947,-1.7098352909088135,0.0,3.515947173475758,110.56521760798934,11.9,70.9
42.003343,141,0,-0.11562623083591461,0.04110579937696457,-0.026619475334882736,0.0,0.1255695363806202,160.42940342495402,34.0,54.7
42.003343,141,1,-0.8055294156074524,2.1433801651000977,-0.6702134609222412,0.0,2.3858210860738853,110.59732457954,13.9,56.7
42.003343,141,2,0.620527446269989,0.9600865840911865,-2.6522250175476074,0.0,2.8880993930665966,57.12442527458984,16.7,63.1
42.003343,141,3,1.2950139045715332,4.972160816192627,3.1510891914367676,0.0,6.027338325289577,75.40147815593993,11.600000000000001,69.9
42.295216,142,0,-0.11562623083591461,0.04114052280783653,-0.026565780863165855,0.0,0.1255695368594313,160.4141291327137,35.0,53.6
42.295216,142,1,-0.8055294156074524,2.125276565551758,-0.7255786061286926,0.0,2.3858211234633697,110.75787733195288,15.4,55.2
42.295216,142,2,-1.8500198125839233,1.2069169282913208,2.050117015838623,0.0,3.01366911876209,146.88035270069562,14.100000000000001,63.300000000000004
42.295216,142,3,1.2950139045715332,4.941641807556152,3.198737382888794,0.0,6.0273381862900886,75.31520495247317,11.5,70.0
42.295216,142,4,3.7000396251678467,4.073556423187256,-2.4585869312286377,0.0,6.027338123841288,47.750913343811796,11.5,70.0
42.579727,143,0,-0.11562623083591461,0.041084472090005875,-0.02665238082408905,0.0,0.12556953654380887,160.43878639932137,34.7,54.0
42.579727,143,1,-0.8055294156074524,2.1192212104797363,-0.7430790066719055,0.0,2.3858211560199956,110.81211481058459,14.8,55.800000000000004
42.579727,143,2,0.620527446269989,1.0106501579284668,-2.6333723068237305,0.0,2.8880993334096603,58.45055879067613,16.400000000000002,61.900000000000006
42.894827,144,0,-0.11562623083591461,0.04112568125128746,-0.026588747277855873,0.0,0.1255695361045361,160.42065734606814,34.6,54.0
42.894827,144,1,-0.8055294156074524,2.122986316680908,-0.7322530746459961,0.0,2.385821264376644,110.77835916236539,14.9,55.800000000000004
42.894827,144,2,-0.18500198423862457,2.4245986938476562,1.7802519798278809,0.0,3.0136691377888645,94.36333390086526,15.3,63.7
42.894827,144,3,-2.374191999435425,2.0302305221557617,1.6134624481201172,0.0,3.515947197380785,139.4654260507574,12.0,70.3
42.894827,144,4,-1.0791782140731812,2.8241240978240967,-1.794876217842102,0.0,3.51594698125784,110.91327995452272,12.0,70.3
43.198965,145,0,-0.11562623083591461,0.04111672565340996,-0.026602596044540405,0.0,0.12556953652095315,160.42459681514066,34.300000000000004,54.300000000000004
43.198965,145,1,-0.8055294156074524,2.1247010231018066,-0.7272621989250183,0.0,2.3858211129428795,110.7630208101674,14.3,56.2
43.198965,145,2,-1.6650177240371704,2.0729610919952393,1.418713927268982,0.0,3.0136690126341,128.7716888271783,15.3,64.0
43.493882,146,0,-0.11562623083591461,0.041102275252342224,-0.02662491612136364,0.0,0.12556953630044657,160.43095379394472,33.9,54.800000000000004
43.493882,146,1,-0.8055294156074524,2.134291172027588,-0.6986174583435059,0.0,2.3858212002382153,110.67763280023831,14.100000000000001,56.5
43.493882,146,2,0.620527446269989,1.0574233531951904,-2.6149415969848633,0.0,2.888099377635517,59.59432276913598,14.5,62.6
43.493882,146,3,-1.59564208984375,2.2121434211730957,0.9494556188583374,0.0,2.8880994039163554,125.80330415581479,14.5,62.6
43.493882,146,4,1.2950139045715332,4.922488212585449,3.2281346321105957,0.0,6.027338087340722,75.26054911416178,11.600000000000001,69.7
43.794918,147,0,-0.11562623083591461,0.04110065847635269,-0.02662741392850876,0.0,0.12556953673972893,160.4316650725743,34.2,54.400000000000006
43.794918,147,1,-0.8055294156074524,2.1194679737091064,-0.7423749566078186,0.0,2.38582118089054,110.80989927264154,14.3,56.2
43.794918,147,2,-1.59564208984375,2.176506757736206,1.02852463722229,0.0,2.888099422583223,126.24591330447855,15.8,62.1
43.794918,147,3,-2.374191999435425,2.3029885292053223,1.1921995878219604,0.0,3.5159470520810356,135.8721799780266,12.4,70.7
43.794918,147,4,-1.0791782140731812,2.834202527999878,-1.7789195775985718,0.0,3.51594716271655,110.8453130274928,12.4,70.7
43.794918,147,5,1.2950139045715332,4.811666011810303,3.391108512878418,0.0,6.0273383651791566,74.93633767539298,11.5,69.8
44.095017,148,0,-0.11562623083591461,0.04109520837664604,-0.026635825634002686,0.0,0.12556953697471837,160.4340628161366,33.800000000000004,54.800000000000004
44.095017,148,1,-0.8055294156074524,2.125638008117676,-0.724518895149231,0.0,2.3858210767766357,110.75464845559968,13.9,56.7
44.095017,148,2,-1.8500198125839233,1.5648784637451172,1.7918658256530762,0.0,3.0136690346469224,139.7730807243328,13.4,64.3
44.095017,148,3,-2.374191999435425,1.9835461378097534,1.6705212593078613,0.0,3.5159471282717965,140.12254073528194,11.8,70.60000000000001
44.095017,148,4,-1.0791782140731812,2.7543091773986816,-1.900273323059082,0.0,3.515947008241562,111.39596507755658,11.8,70.60000000000001
44.095017,148,5,1.2950139045715332,4.945418357849121,3.1928956508636475,0.0,6.027338250379573,75.32593479140252,11.4,69.9
44.095017,148,6,3.7000396251678467,4.10065221786499,-2.4131226539611816,0.0,6.027337951596371,47.93990118885361,11.4,69.9
44.391819,149,0,-0.11562623083591461,0.041114043444395065,-0.026606744155287743,0.0,0.1255695371505874,160.42577672689598,34.1,54.5
44.391819,149,1,-0.8055294156074524,2.135524034500122,-0.6948397755622864,0.0,2.3858212118765336,110.6667044283804,14.5,56.2
44.391819,149,2,-1.6650177240371704,2.2219736576080322,1.1716439723968506,0.0,3.0136689523761246,126.84575402099884,16.5,63.800000000000004
44.391819,149,3,-0.46250495314598083,1.6630579233169556,2.470329523086548,0.0,3.0136689334803983,105.54152230290434,16.5,63.800000000000004
44.391819,149,4,1.2950139045715332,4.803696155548096,3.402388334274292,0.0,6.027338064607539,74.912483948598,11.3,70.0
44.391819,149,5,3.515037775039673,4.226083755493164,-2.4725546836853027,0.0,6.027337814675165,50.248068503835015,11.3,70.0
44.689081,150,0,-0.11562623083591461,0.04114146903157234,-0.026564311236143112,0.0,0.12556953596651824,160.41371294428646,35.300000000000004,53.400000000000006
44.689081,150,1,-0.8055294156074524,2.128039598464966,-0.717434287071228,0.0,2.3858210595745057,110.73321868103322,15.4,55.300000000000004
44.689081,150,2,-1.7729356288909912,0.643706202507019,2.1871120929718018,0.0,2.8880993276825846,160.04537456740005,15.5,61.800000000000004
44.689081,150,3,0.620527446269989,0.8192235827445984,-2.6990621089935303,0.0,2.8880993504905357,52.85760075520002,15.5,61.800000000000004
44.689081,150,4,1.2950139045715332,4.795480251312256,3.413958787918091,0.0,6.027338256590767,74.88781643728069,11.600000000000001,69.7
44.979363,151,0,-0.11562623083591461,0.04113354906439781,-0.0265765730291605,0.0,0.1255695359150767,160.41719654054677,34.6,54.1
44.979363,151,1,-0.8055294156074524,2.122802734375,-0.7327848076820374,0.0,2.385821171598672,110.78000262226915,14.9,55.7
44.979363,151,2,-1.59564208984375,2.1728439331054688,1.0362401008605957,0.0,2.8880993721036936,126.29194153146061,16.3,61.900000000000006
44.979363,151,3,-1.8500198125839233,1.8679938316345215,1.473168969154358,0.0,3.013669038507213,134.72301677493755,14.600000000000001,63.6
44.979363,151,4,-2.482109785079956,1.744706392288208,1.776798963546753,0.0,3.515947089667564,144.89613088321744,11.8,70.4
44.979363,151,5,-1.0791782140731812,2.806915760040283,-1.8216699361801147,0.0,3.515946964627761,111.03031308703429,11.8,70.4
44.979363,151,6,1.2950139045715332,4.898614883422852,3.2642481327056885,0.0,6.0273381074067895,75.1918658108953,11.4,69.9
45.300764,152,0,-0.11562623083591461,0.04113186150789261,-0.02657919004559517,0.0,0.12556953703786813,160.4179388314755,35.4,53.2
45.300764,152,1,-0.8055294156074524,2.1258420944213867,-0.7239198684692383,0.0,2.385821080003132,110.7528257146949,15.700000000000001,54.900000000000006
45.300764,152,2,0.6783405542373657,0.7274607419967651,-2.577251672744751,0.0,2.7625298592658067,47.00116115670582,18.6,59.400000000000006
45.300764,152,3,-1.8500198125839233,1.8316322565078735,1.5181406736373901,0.0,3.0136690486822486,135.28615430774133,14.9,63.0
45.300764,152,4,-2.374191999435425,1.929846167564392,1.7322789430618286,0.0,3.5159471294690365,140.8942934699908,11.3,71.2
45.300764,152,5,-1.0791782140731812,2.936645269393921,-1.604173183441162,0.0,3.5159469077981864,110.17771102915596,11.3,71.2
45.300764,152,6,1.2950139045715332,4.91954231262207,3.2326223850250244,0.0,6.027338140744834,75.2521075070421,11.600000000000001,69.8
45.599352,153,0,-0.11562623083591461,0.04112783074378967,-0.026585424318909645,0.0,0.12556953653345423,160.41971183661323,35.5,53.1
45.599352,153,1,-0.8055294156074524,2.129409074783325,-0.7133596539497375,0.0,2.3858211674519425,110.72101755488991,15.8,54.800000000000004
45.599352,153,2,-1.8500198125839233,1.7966716289520264,1.5593585968017578,0.0,3.013669106364156,135.83813171218299,14.700000000000001,63.1
45.599352,153,3,-1.0791782140731812,2.852531909942627,-1.7493771314620972,0.0,3.5159471359867838,110.7227794561088,12.600000000000001,70.10000000000001
45.599352,153,4,-2.374191999435425,2.1347908973693848,1.4723329544067383,0.0,3.515947120521928,138.03922319696107,12.600000000000001,70.10000000000001
45.599352,153,5,1.2950139045715332,4.975488185882568,3.1458327770233154,0.0,6.027338348050891,75.41082427374289,11.700000000000001,69.9
45.885967,154,0,-0.11562623083591461,0.041109245270490646,-0.026614151895046234,0.0,0.1255695360552159,160.4278875010298,35.300000000000004,53.300000000000004
45.885967,154,1,-0.8055294156074524,2.1327321529388428,-0.7033622860908508,0.0,2.3858211544629624,110.69146813152877,15.700000000000001,55.0
45.885967,154,2,-1.5069953203201294,2.344794988632202,0.7563192844390869,0.0,2.888099252829776,122.72877860930835,17.2,61.5
45.885967,154,3,-2.374191999435425,2.0787439346313477,1.5504581928253174,0.0,3.5159471844225627,138.79595682805842,11.9,70.5
45.885967,154,4,-1.0791782140731812,2.7608120441436768,-1.8908134698867798,0.0,3.5159471467478363,111.35011051025862,11.9,70.5
45.885967,154,5,1.2950139045715332,4.896646976470947,3.2671995162963867,0.0,6.027338160788974,75.18617623578702,11.5,69.9
46.180784,155,0,-0.11562623083591461,0.04114430025219917,-0.02655993029475212,0.0,0.12556953690216993,160.41246766892777,35.2,53.400000000000006
46.180784,155,1,-0.8055294156074524,2.1341392993927,-0.6990810036659241,0.0,2.385821124541361,110.67897979822915,15.100000000000001,55.5
46.180784,155,2,-1.7575188875198364,2.1081573963165283,1.2445886135101318,0.0,3.013669036989981,129.81713458318723,15.100000000000001,64.0
46.180784,155,3,-2.374191999435425,2.095799207687378,1.52732515335083,0.0,3.5159471118298065,138.56380038755984,12.100000000000001,70.3
46.180784,155,4,-1.0791782140731812,2.7613306045532227,-1.8900560140609741,0.0,3.515947107346825,111.34646197816429,12.100000000000001,70.3
46.180784,155,5,1.2950139045715332,4.922377586364746,3.2283034324645996,0.0,6.027338149452239,75.26023228058682,11.3,70.10000000000001
46.487193,156,0,-0.11562623083591461,0.041138432919979095,-0.02656901627779007,0.0,0.12556953669740645,160.4150483596583,35.5,53.1
46.487193,156,1,-0.8055294156074524,2.1297056674957275,-0.7124733924865723,0.0,2.38582107555735,110.71837691883283,15.200000000000001,55.400000000000006
46.487193,156,2,-1.8500198125839233,1.3980969190597534,1.9248254299163818,0.0,3.013669065722083,142.92093026084314,13.700000000000001,64.0
46.487193,156,3,-2.374191999435425,2.1037065982818604,1.5164153575897217,0.0,3.5159471893889105,138.45672504569086,12.0,70.2
46.487193,156,4,-1.0791782140731812,2.7587201595306396,-1.8938639163970947,0.0,3.5159469663466028,111.36484085230543,12.0,70.2
46.487193,156,5,1.2950139045715332,4.973572731018066,3.148859739303589,0.0,6.027338084226501,75.40544545832913,11.600000000000001,69.9
46.792977,157,0,-0.11562623083591461,0.04112302139401436,-0.026592863723635674,0.0,0.12556953669945842,160.42182736793404,35.5,53.1
46.792977,157,1,-0.8055294156074524,2.1301262378692627,-0.7112154364585876,0.0,2.385821205732928,110.71463358283572,15.5,55.1
46.792977,157,2,-1.7575188875198364,1.843544363975525,1.6107985973358154,0.0,3.0136689571208573,133.6315265518487,14.600000000000001,63.800000000000004
46.792977,157,3,1.2950139045715332,4.9057297706604,3.2535457611083984,0.0,6.0273381865798585,75.21240063560569,11.700000000000001,69.8
46.792977,157,4,3.7000396251678467,4.103297710418701,-2.4086215496063232,0.0,6.0273379776952565,47.958279303448165,11.700000000000001,69.8
47.091253,158,0,-0.11562623083591461,0.04113294184207916,-0.02657751366496086,0.0,0.12556953609261787,160.41746363340417,34.9,53.7
47.091253,158,1,-0.8055294156074524,2.135754346847534,-0.6941313147544861,0.0,2.3858211482862273,110.66466411204009,15.100000000000001,55.6
47.091253,158,2,-1.8500198125839233,1.6702625751495361,1.694063425064087,0.0,3.0136690702593874,137.92317268532324,13.8,63.800000000000004
47.091253,158,3,1.2950139045715332,4.862133026123047,3.3183438777923584,0.0,6.027338107990301,75.0856908111483,11.4,69.9
47.091253,158,4,3.7000396251678467,4.092637062072754,-2.4266915321350098,0.0,6.027337981381124,47.884140408728,11.4,69.9
47.399017,159,0,-0.11562623083591461,0.041120413690805435,-0.02659689076244831,0.0,0.1255695356272882,160.42297446469345,34.6,54.0
47.399017,159,1,-0.8055294156074524,2.13818359375,-0.6866117715835571,0.0,2.3858211259161193,110.64316707129545,14.700000000000001,56.0
47.399017,159,2,-1.7575188875198364,1.992506742477417,1.422408103942871,0.0,3.0136689554377543,131.41436286343745,14.8,64.0
47.399017,159,3,1.2950139045715332,4.892130374908447,3.273959159851074,0.0,6.027338483817565,75.17310174724958,11.600000000000001,69.8
47.399017,159,4,3.7000396251678467,4.135744094848633,-2.352473735809326,0.0,6.027338145778802,48.18262312446281,11.600000000000001,69.8
47.693225,160,0,-0.11562623083591461,0.04113784432411194,-0.026569927111268044,0.0,0.1255695365908992,160.41530725256345,34.2,54.400000000000006
47.693225,160,1,-0.8055294156074524,2.13154935836792,-0.7069388628005981,0.0,2.3858212133991468,110.70197651802191,14.5,56.2
47.693225,160,2,-1.8615823984146118,1.455514669418335,1.6604535579681396,0.0,2.888099374527843,141.97922932055394,14.3,62.6
47.693225,160,3,0.7091742753982544,2.6902475357055664,-0.7750858068466187,0.0,2.8880993688291934,75.23225122701045,14.3,62.6
47.693225,160,4,1.2950139045715332,4.827884197235107,3.36797833442688,0.0,6.027338126910995,74.98465176918566,11.5,69.9
47.693225,160,5,3.515037775039673,4.227400779724121,-2.4703028202056885,0.0,6.027338047254704,50.256845377653434,11.5,69.9
47.693225,160,6,-1.7806439399719238,2.4494621753692627,-2.8285112380981445,-0.25578173995018005,4.143794591141186,126.01539089849392,17.1,48.300000000000004
47.996137,161,0,-0.11562623083591461,0.041102562099695206,-0.026624474674463272,0.0,0.12556953659295972,160.43082760000482,34.9,53.7
47.996137,161,1,-0.8055294156074524,2.124349355697632,-0.7282888889312744,0.0,2.385821143799882,110.76616477267582,14.9,55.6
47.996137,161,2,-1.8500198125839233,1.4590988159179688,1.879004716873169,0.0,3.0136690905933734,141.73738096458735,13.700000000000001,63.5
47.996137,161,3,1.2950139045715332,4.91358757019043,3.241666316986084,0.0,6.02733808025115,75.23501502442187,11.600000000000001,69.7
47.996137,161,4,3.7000396251678467,4.092588901519775,-2.4267733097076416,0.0,6.027338205324506,47.88380499638131,11.600000000000001,69.7
47.996137,161,5,-0.2659403383731842,1.9154326915740967,2.145113229751587,-0.17052115499973297,2.8880992759910655,97.90446338713807,35.7,41.0
47.996137,161,6,-1.3297016620635986,2.486004114151001,-0.6267333030700684,-0.17052115499973297,2.888099305572355,118.14121650372694,35.7,41.0
48.293155,162,0,-0.11562623083591461,0.041124045848846436,-0.02659127488732338,0.0,0.12556953573391688,160.4213767272478,34.7,53.900000000000006
48.293155,162,1,-0.8055294156074524,2.134478807449341,-0.6980436444282532,0.0,2.3858211056963015,110.6759688444694,14.5,56.2
48.293155,162,2,-2.374191999435425,2.0022671222686768,1.6480361223220825,0.0,3.515947146869485,139.85749914690132,12.100000000000001,70.3
48.293155,162,3,-1.0791782140731812,2.7949514389038086,-1.839974045753479,0.0,3.5159470491756664,111.11242147133605,12.100000000000001,70.3
48.293155,162,4,1.2950139045715332,4.870643615722656,3.305839776992798,0.0,6.027338291116674,75.11059247462741,11.4,70.0
48.293155,162,5,-0.24666929244995117,3.9685733318328857,0.5794079899787903,-0.34104230999946594,4.018225186425494,93.55668146083082,14.9,46.6
48.293155,162,6,-0.33917027711868286,1.7781637907028198,2.0867841243743896,-0.25578173995018005,2.7625298053031706,100.79898622283399,32.4,40.400000000000006
48.293155,162,7,-1.3566811084747314,2.326768636703491,-0.6141131520271301,-0.25578173995018005,2.762529797546435,120.24540130734655,32.4,40.400000000000006
48.593375,163,0,-0.11562623083591461,0.04113767296075821,-0.026570191606879234,0.0,0.1255695364169701,160.41538262660367,33.4,55.2
48.593375,163,1,-0.8055294156074524,2.140178918838501,-0.6803669929504395,0.0,2.3858211771098943,110.62554188857524,13.700000000000001,57.0
48.593375,163,2,-1.8500198125839233,1.5256284475326538,1.8254001140594482,0.0,3.013669033467709,140.4891258252677,13.200000000000001,64.4
48.593375,163,3,-2.374191999435425,1.968597650527954,1.6881113052368164,0.0,3.515947118304783,140.33565517404287,12.5,69.7
48.593375,163,4,-1.0791782140731812,2.7002711296081543,-1.9763082265853882,0.0,3.5159470982360586,111.78439170967027,12.5,69.7
48.593375,163,5,1.2950139045715332,4.8749871253967285,3.299431085586548,0.0,6.027338216356561,75.12327012078231,11.600000000000001,69.8
48.593375,163,6,3.7000396251678467,4.071961879730225,-2.4612269401550293,0.0,6.0273381213213195,47.739748746629445,11.600000000000001,69.8
48.593375,163,7,-0.24281509220600128,2.074979066848755,1.6090563535690308,-0.25578173995018005,2.6369603041806307,96.67442527005366,33.4,40.6
48.593375,163,8,-1.2140754461288452,2.1500351428985596,-0.925704836845398,-0.25578173995018005,2.636960323848417,119.45241904006267,33.4,40.6
48.895059,164,0,-0.11562623083591461,0.041137441992759705,-0.026570545509457588,0.0,0.12556953563543205,160.415484217813,33.5,55.1
48.895059,164,1,-0.8055294156074524,2.1367344856262207,-0.6911085844039917,0.0,2.385821237417029,110.65598545747588,13.8,56.900000000000006
48.895059,164,2,-1.8500198125839233,1.5555671453475952,1.7999552488327026,0.0,3.0136690840963807,139.94159824873776,12.9,64.4
48.895059,164,3,-2.374191999435425,2.005619525909424,1.6439547538757324,0.0,3.515947179023448,139.8102546151356,11.600000000000001,70.60000000000001
48.895059,164,4,-1.0791782140731812,2.7494635581970215,-1.9072775840759277,0.0,3.515946993101875,111.43025590192661,11.600000000000001,70.60000000000001
48.895059,164,5,1.2950139045715332,4.974229335784912,3.147822618484497,0.0,6.027338196539117,75.40728971630136,11.4,70.10000000000001
48.895059,164,6,3.7000396251678467,4.0799946784973145,-2.447887897491455,0.0,6.027338132464759,47.795943733623865,11.4,70.10000000000001
48.895059,164,7,-0.16187672317028046,2.3780126571655273,1.1280121803283691,-0.25578173995018005,2.6369603239550194,93.89424617524256,28.900000000000002,41.1
48.895059,164,8,-0.23125246167182922,3.7016353607177734,0.6598146557807922,-0.25578173995018005,3.7670860654793388,93.57479642438827,14.5,48.1
49.186445,165,0,-0.11562623083591461,0.04114460200071335,-0.026559460908174515,0.0,0.12556953649213717,160.4123349499267,35.300000000000004,53.300000000000004
49.186445,165,1,-1.8500198125839233,1.462280035018921,1.8765300512313843,0.0,3.0136690662616648,141.67669115399875,14.3,63.400000000000006
49.186445,165,2,-0.24281509220600128,2.231818914413452,1.3833237886428833,0.08526057749986649,2.6369602841078112,96.20918404046208,20.200000000000003,54.300000000000004
49.491752,166,0,-0.11562623083591461,0.04112279415130615,-0.026593215763568878,0.0,0.1255695368342921,160.42192732857333,35.4,53.2
49.491752,166,1,-1.8500198125839233,1.4898717403411865,1.8546994924545288,0.0,3.0136690788690483,141.1545525907334,13.700000000000001,63.800000000000004
49.491752,166,2,1.2950139045715332,4.884984493255615,3.284611701965332,0.0,6.027338429611285,75.15236997123564,11.4,69.9
49.491752,166,3,-0.25437772274017334,1.7312812805175781,2.1376454830169678,0.42630288004875183,2.7625298386008263,98.35867946830709,21.0,41.300000000000004
49.491752,166,4,-1.2718884944915771,2.3945953845977783,-0.5289468765258789,0.42630288004875183,2.7625300354102063,117.97498999190678,21.0,41.300000000000004
