timestamp_s,frame_number,point_index,x,y,z,doppler,range,aoa,snr,noise
0.0,1,0,-0.11562623083591461,0.041163112968206406,-0.026530759409070015,0.0,0.12556953580138572,160.40419363111815,35.1,53.6
0.0,1,1,0.3468787372112274,1.388106107711792,-1.7497354745864868,0.0,2.2602516797079115,75.9694980420478,28.1,53.6
0.381504,2,0,-0.11562623083591461,0.04116068780422211,-0.02653452381491661,0.0,0.12556953624156308,160.40526019694877,34.800000000000004,53.900000000000006
0.381504,2,1,0.45865076780319214,0.9164295196533203,-1.87260901927948,0.0,2.134682208288936,63.41314536774505,16.900000000000002,52.1
0.381504,2,2,0.292919784784317,1.8504905700683594,-1.4771678447723389,0.0,2.3858210728928038,81.00510855992792,17.3,55.900000000000006
0.381504,2,3,-1.8500198125839233,1.7235076427459717,1.6398625373840332,0.0,3.013669033432907,137.0275728726647,13.3,64.5
0.381504,2,4,-2.374191999435425,2.0584115982055664,1.577351689338684,0.0,3.515947142616051,139.07488926589667,11.5,70.9
0.381504,2,5,-1.0791782140731812,2.588012456893921,-2.1211905479431152,0.0,3.5159470182941472,112.63570297922661,11.5,70.9
0.90172,3,0,-0.11562623083591461,0.04109736159443855,-0.026632502675056458,0.0,0.12556953685540587,160.4331155104297,35.0,53.6
0.90172,3,1,0.45865076780319214,0.8238694071769714,-1.9151362180709839,0.0,2.13468219195641,60.89517177479675,19.0,51.800000000000004
0.90172,3,2,-0.16187672317028046,2.5523955821990967,0.6423645615577698,0.0,2.6369602787071176,93.62892322076294,19.200000000000003,58.900000000000006
0.90172,3,3,-1.8500198125839233,1.6680930852890015,1.696199655532837,0.0,3.013669046124964,137.96021123978812,12.5,65.0
1.195385,4,0,-0.11562623083591461,0.04111504927277565,-0.026605185121297836,0.0,0.1255695361517335,160.42533425796267,34.800000000000004,53.900000000000006
1.195385,4,1,0.48563018441200256,1.462281584739685,-1.6536729335784912,0.0,2.260251817902362,71.62844467426999,24.700000000000003,53.900000000000006
1.195385,4,2,-0.08093836158514023,1.9331530332565308,1.7916271686553955,0.0,2.6369602916671235,92.39749234446771,17.3,59.2
1.504282,5,0,-0.11562623083591461,0.0411752387881279,-0.026511941105127335,0.0,0.12556953678237928,160.39886101401515,35.0,53.6
1.504282,5,1,0.48563018441200256,1.2518906593322754,-1.818150520324707,0.0,2.260251803116732,68.79785978543929,24.400000000000002,53.6
1.796663,6,0,-0.11562623083591461,0.04112144187092781,-0.026595303788781166,0.0,0.1255695362039769,160.4225221788777,34.800000000000004,53.800000000000004
1.796663,6,1,0.3468787372112274,0.9580745100975037,-2.017549514770508,0.0,2.260251682839444,70.09679554966468,22.700000000000003,53.800000000000004
1.796663,6,2,-1.8500198125839233,1.548918604850769,1.8056796789169312,0.0,3.0136690684710987,140.06243684368442,12.100000000000001,65.60000000000001
1.796663,6,3,1.2950139045715332,5.248295783996582,2.6659209728240967,0.0,6.027338076024381,76.13917948190813,11.4,70.3
2.100326,7,0,-0.11562623083591461,0.04113864153623581,-0.026568692177534103,0.0,0.12556953646801314,160.41495660034744,35.2,53.5
2.100326,7,1,0.45865076780319214,1.0937671661376953,-1.7748749256134033,0.0,2.134682211032482,67.25017240825514,19.5,51.7
2.100326,7,2,-0.16187672317028046,2.365168333053589,1.1547011137008667,0.0,2.6369603673862567,93.9153287368059,20.0,58.6
2.100326,7,3,-1.8500198125839233,1.5459944009780884,1.8081839084625244,0.0,3.013669033193835,140.11572038448267,13.3,64.60000000000001
2.406173,8,0,-0.11562623083591461,0.04112760350108147,-0.026585778221488,0.0,0.12556953703308985,160.4198117946271,35.0,53.7
2.406173,8,1,0.43937966227531433,1.8523876667022705,-1.4379664659500122,0.0,2.3858210562757254,76.65624957387485,21.5,55.7
2.406173,8,2,-1.8500198125839233,1.6726901531219482,1.6916664838790894,0.0,3.0136690508388644,137.8817791215573,12.200000000000001,65.8
2.701533,9,0,-0.11562623083591461,0.04111337661743164,-0.026607772335410118,0.0,0.12556953668330548,160.4260700687505,35.300000000000004,53.400000000000006
2.701533,9,1,0.4162544310092926,1.4948629140853882,-1.643427848815918,0.0,2.260251750913257,74.43978823796145,27.8,53.400000000000006
2.999654,10,0,-0.11562623083591461,0.04108504578471184,-0.026651497930288315,0.0,0.1255695368565969,160.43853398711354,35.2,53.5
2.999654,10,1,0.4162544310092926,0.8185612559318542,-2.065291166305542,0.0,2.2602517299334846,63.045772020348615,20.0,53.5
2.999654,10,2,-1.8500198125839233,1.5633418560028076,1.7932066917419434,0.0,3.0136690768880783,139.80083289135908,13.9,64.3
3.301168,11,0,-0.11562623083591461,0.041126251220703125,-0.026587864384055138,0.0,0.12556953583291414,160.42040662930808,35.5,53.2
3.301168,11,1,-0.16187672317028046,2.466566562652588,0.9183709621429443,0.0,2.6369603534386914,93.75484352813781,23.400000000000002,57.5
3.301168,11,2,-1.8500198125839233,1.607553482055664,1.7536817789077759,0.0,3.013669073786219,139.011365941985,13.600000000000001,64.4
3.595946,12,0,-0.11562623083591461,0.04112879931926727,-0.026583924889564514,0.0,0.12556953632668547,160.41928578745362,35.0,53.6
3.595946,12,1,0.43937966227531433,1.696594476699829,-1.618843674659729,0.0,2.3858210639055373,75.48067704865282,23.700000000000003,55.300000000000004
3.595946,12,2,-0.16187672317028046,2.309748649597168,1.2619097232818604,0.0,2.6369601907373554,94.00896966632183,21.400000000000002,57.900000000000006
3.595946,12,3,-1.8500198125839233,1.5937823057174683,1.7662066221237183,0.0,3.013669055653726,139.25527486247523,11.700000000000001,66.0
3.907735,13,0,-0.11562623083591461,0.041101325303316116,-0.026626383885741234,0.0,0.12556953658367975,160.43137171035124,34.6,54.1
3.907735,13,1,0.43937966227531433,1.7629610300064087,-1.5463041067123413,0.0,2.3858211314719044,76.00538196078433,26.6,56.0
3.907735,13,2,-0.16187672317028046,2.3213698863983154,1.2404018640518188,0.0,2.636960183113219,93.98896492272915,24.6,58.900000000000006
4.197801,14,0,-0.11562623083591461,0.04111487790942192,-0.026605449616909027,0.0,0.1255695360831789,160.42540964138698,35.6,53.1
4.197801,14,1,0.43937966227531433,1.774160385131836,-1.533441424369812,0.0,2.3858210665860153,76.09028214323283,24.8,54.800000000000004
4.197801,14,2,-0.08093836158514023,2.064919948577881,1.6380215883255005,0.0,2.6369603971677997,92.24466509680389,18.400000000000002,57.5
4.197801,14,3,-1.0521987676620483,2.108595848083496,-1.1833261251449585,0.0,2.6369602605414957,116.51940158004354,18.400000000000002,57.5
4.197801,14,4,-1.8500198125839233,1.6680468320846558,1.6962451934814453,0.0,3.013669075626854,137.9610013667889,11.600000000000001,65.8
4.514967,15,0,-0.11562623083591461,0.04114902392029762,-0.026552608236670494,0.0,0.12556953623822753,160.4103900681795,35.4,53.300000000000004
4.514967,15,1,0.4162544310092926,1.549116611480713,-1.5923906564712524,0.0,2.260251762551531,74.95963661725659,28.1,53.300000000000004
4.514967,15,2,-0.08093836158514023,2.3303608894348145,1.2314327955245972,0.0,2.6369602999053723,91.98920396805418,20.1,58.1
4.82303,16,0,-0.11562623083591461,0.0410817451775074,-0.026656584814190865,0.0,0.12556953674401294,160.43998618763362,35.5,53.2
4.82303,16,1,0.48563018441200256,1.4878545999526978,-1.6307023763656616,0.0,2.2602518060820245,71.92351076708717,25.1,53.2
4.82303,16,2,-0.08093836158514023,2.2604851722717285,1.3554391860961914,0.0,2.6369602992160384,92.05064217754064,24.200000000000003,57.2
4.82303,16,3,-1.8500198125839233,1.5725367069244385,1.7851487398147583,0.0,3.0136690304079563,139.63510623620604,12.4,65.2
5.109423,17,0,-0.11562623083591461,0.041075389832258224,-0.02666637673974037,0.0,0.12556953673410587,160.4427824848752,35.5,53.1
5.109423,17,1,0.4162544310092926,1.593394160270691,-1.5480843782424927,0.0,2.260251743385691,75.3593857205936,23.1,53.1
5.109423,17,2,-0.16187672317028046,2.4889180660247803,0.855944812297821,0.0,2.636960131399114,93.72121866790306,19.700000000000003,57.900000000000006
5.109423,17,3,-1.8500198125839233,1.5970276594161987,1.7632726430892944,0.0,3.0136690371971078,139.197632701151,12.100000000000001,65.3
5.403095,18,0,-0.11562623083591461,0.041115257889032364,-0.02660486102104187,0.0,0.12556953579013821,160.42524248693263,35.7,53.0
5.403095,18,1,0.4162544310092926,1.5442153215408325,-1.5971440076828003,0.0,2.2602516877315684,74.91407172054205,26.8,53.0
5.403095,18,2,-0.16187672317028046,2.174792528152466,1.4824413061141968,0.0,2.636960151402692,94.2568572169518,19.1,57.7
5.687489,19,0,-0.11562623083591461,0.04110119119286537,-0.0266265906393528,0.0,0.1255695365280463,160.4314307104891,35.300000000000004,53.300000000000004
5.687489,19,1,0.43937966227531433,1.927205204963684,-1.336026906967163,0.0,2.3858210925801897,77.1567706720898,24.3,54.900000000000006
5.687489,19,2,-0.24281509220600128,2.559634208679199,0.5855533480644226,0.0,2.636960214844595,95.41904444931266,20.3,57.5
5.687489,19,3,-1.8500198125839233,1.567588448524475,1.789495587348938,0.0,3.0136690773941566,139.72419194470518,12.600000000000001,65.5
6.00621,20,0,-0.11562623083591461,0.04108906909823418,-0.026645293459296227,0.0,0.12556953659312312,160.4367638457819,35.4,53.300000000000004
6.00621,20,1,0.0,1.2951505184173584,2.1516664028167725,0.0,2.511390685330982,90.0,21.5,56.2
6.00621,20,2,-1.8500198125839233,1.7691941261291504,1.5904653072357178,0.0,3.013669035644649,136.2793388681342,11.9,65.3
6.304187,21,0,-0.11562623083591461,0.041103094816207886,-0.026623651385307312,0.0,0.12556953640862406,160.430593240355,35.5,53.2
6.304187,21,1,0.4162544310092926,1.5069419145584106,-1.6323590278625488,0.0,2.2602516853289156,74.55853777972317,25.0,53.2
6.304187,21,2,-1.8500198125839233,1.5335338115692139,1.8187638521194458,0.0,3.0136690607887626,140.34370271631184,13.200000000000001,64.5
6.304187,21,3,0.46250492334365845,0.8564481139183044,-2.315095901489258,0.25578173995018005,2.5113906922348233,61.62976543246033,16.2,40.5
6.671885,22,0,-0.11562623083591461,0.04109440743923187,-0.026637060567736626,0.0,0.12556953681443234,160.43441519047747,35.5,53.1
6.671885,22,1,0.48563018441200256,1.1837197542190552,-1.8632522821426392,0.0,2.26025180001039,67.69373001194063,21.900000000000002,53.1
6.671885,22,2,-0.24281509220600128,2.3691322803497314,1.1321719884872437,0.0,2.6369604362434576,95.85187719976763,23.200000000000003,57.1
6.671885,22,3,-1.8500198125839233,1.6922168731689453,1.6721333265304565,0.0,3.0136690452809427,137.55078050773895,14.200000000000001,63.6
7.199939,23,0,-0.11562623083591461,0.041099246591329575,-0.02662958949804306,0.0,0.1255695359732185,160.43228621734164,35.2,53.5
7.199939,23,1,0.43937966227531433,1.6803125143051147,-1.635737657546997,0.0,2.385821099258887,75.34601557291495,26.3,55.1
7.199939,23,2,-0.16187672317028046,2.445266008377075,0.9736682176589966,0.0,2.6369603188724606,93.78745693698859,21.200000000000003,57.900000000000006
7.502227,24,0,-0.11562623083591461,0.04108775407075882,-0.02664732187986374,0.0,0.1255695367327141,160.43734241547853,35.5,53.1
7.502227,24,1,0.4162544310092926,1.473032832145691,-1.6630226373672485,0.0,2.260251704636,74.22059586413073,23.5,53.1
7.502227,24,2,-1.8500198125839233,1.5985060930252075,1.7619324922561646,0.0,3.0136690501214276,139.17140673370238,12.9,65.10000000000001
7.798711,25,0,-0.11562623083591461,0.04112781211733818,-0.026585454121232033,0.0,0.1255695367424417,160.4197200298884,35.7,52.900000000000006
7.798711,25,1,0.3468787372112274,1.2203636169433594,-1.8705949783325195,0.0,2.2602517091800136,74.13261750985335,24.6,52.900000000000006
7.798711,25,2,-1.8500198125839233,1.5300548076629639,1.821691632270813,0.0,3.0136690967143527,140.40762553434635,12.5,65.5
8.097046,26,0,-0.11562623083591461,0.041112083941698074,-0.026609770953655243,0.0,0.1255695369648046,160.42663872890725,34.9,53.7
8.097046,26,1,0.4162544310092926,1.4951380491256714,-1.6431775093078613,0.0,2.260251725886605,74.44251293281293,27.0,53.7
8.404071,27,0,-0.11562623083591461,0.04113626480102539,-0.026572369039058685,0.0,0.1255695358574213,160.41600200725847,34.5,54.1
8.404071,27,1,0.3468787372112274,1.24120032787323,-1.8568345308303833,0.0,2.2602516645555113,74.38589588649229,23.0,54.1
8.404071,27,2,-1.8500198125839233,1.6670349836349487,1.697239637374878,0.0,3.013669081085751,137.97829133058096,12.4,65.3
8.715666,28,0,-0.11562623083591461,0.04114331305027008,-0.02656145766377449,0.0,0.1255695365098447,160.412901874596,35.2,53.5
8.715666,28,1,0.4162544310092926,1.3010190725326538,-1.8007830381393433,0.0,2.2602517401561624,72.25819161295884,27.1,53.5
9.01989,29,0,-0.11562623083591461,0.04110783711075783,-0.026616327464580536,0.0,0.12556953618193623,160.42850697784706,34.7,54.0
9.01989,29,1,0.327607661485672,1.4556554555892944,-1.5266330242156982,0.0,2.1346821720989184,77.31642519971824,21.900000000000002,52.2
9.01989,29,2,-0.16187672317028046,1.9159183502197266,1.8046085834503174,0.0,2.636960245751837,94.82947364444108,18.2,58.800000000000004
9.01989,29,3,-1.1331369876861572,2.1595327854156494,-1.0029842853546143,0.0,2.636960136372152,117.68662331870101,18.2,58.800000000000004
9.01989,29,4,-1.8500198125839233,1.6117159128189087,1.7498570680618286,0.0,3.0136690676371023,138.9379958608573,12.100000000000001,65.5
9.316393,30,0,-0.11562623083591461,0.04109547287225723,-0.026635413989424706,0.0,0.12556953621919084,160.43394645099494,34.800000000000004,53.900000000000006
9.316393,30,1,0.43937966227531433,1.6402419805526733,-1.6759158372879028,0.0,2.3858210611990454,75.00397138781481,23.900000000000002,55.7
9.316393,30,2,-1.8500198125839233,1.5316561460494995,1.820345401763916,0.0,3.0136690658410545,140.3781880574105,11.700000000000001,66.3
9.598264,31,0,-0.11562623083591461,0.04111779108643532,-0.026600949466228485,0.0,0.12556953656700653,160.42412813276664,34.800000000000004,53.900000000000006
9.598264,31,1,0.43937966227531433,1.723130226135254,-1.590569019317627,0.0,2.3858210471565418,75.69502715769262,23.400000000000002,56.2
9.598264,31,2,-1.8500198125839233,1.704742670059204,1.6593613624572754,0.0,3.0136690278279903,137.34027945168592,11.4,66.3
9.901423,32,0,-0.11562623083591461,0.04112490266561508,-0.026589952409267426,0.0,0.12556953629644266,160.42099982970092,35.0,53.6
9.901423,32,1,-0.23125246167182922,2.0707578659057617,1.401987075805664,0.0,2.5113907702637563,96.37211998372462,21.5,57.1
9.901423,32,2,-1.0791782140731812,1.9957191944122314,-1.0768297910690308,0.0,2.511390674429082,118.40215192403555,21.5,57.1
9.901423,32,3,-1.8500198125839233,1.6583209037780762,1.7057548761367798,0.0,3.0136690635046164,138.1275830705314,12.9,64.7
10.222494,33,0,-0.11562623083591461,0.04108233377337456,-0.02665567398071289,0.0,0.1255695359589786,160.43972721542144,34.4,54.300000000000004
10.222494,33,1,0.3468787372112274,1.4207597970962524,-1.723326563835144,0.0,2.2602516906296266,76.27964311949675,24.0,54.300000000000004
10.222494,33,2,-0.16187672317028046,2.4867608547210693,0.8621922135353088,0.0,2.6369601883908538,93.7244376628337,21.400000000000002,58.800000000000004
10.222494,33,3,-1.8500198125839233,1.460559368133545,1.8778696060180664,0.0,3.0136690647783744,141.7095046278667,11.8,66.60000000000001
10.503739,34,0,-0.11562623083591461,0.04114581644535065,-0.026557577773928642,0.0,0.12556953613632954,160.41180079912218,34.7,54.0
10.503739,34,1,0.327607661485672,1.4860669374465942,-1.4970457553863525,0.0,2.134682111265353,77.56783637154925,20.700000000000003,52.0
10.503739,34,2,-0.15416830778121948,1.857245922088623,1.6834348440170288,0.0,2.511390681731853,94.74519196966196,18.1,57.0
10.503739,34,3,0.46250492334365845,1.6412298679351807,-1.8437833786010742,0.0,2.5113907363700387,74.26195839956257,18.1,57.0
10.503739,34,4,-1.8500198125839233,1.5526864528656006,1.8024407625198364,0.0,3.013669064489083,139.99390292604804,12.600000000000001,64.8
10.816608,35,0,-0.11562623083591461,0.04113660752773285,-0.026571838185191154,0.0,0.12556953579889876,160.41585125808902,35.300000000000004,53.400000000000006
10.816608,35,1,0.4162544310092926,1.219064712524414,-1.8572429418563843,0.0,2.2602517270721108,71.14732817335701,23.200000000000003,53.400000000000006
10.816608,35,2,-1.8500198125839233,1.6016039848327637,1.7591170072555542,0.0,3.013669072144614,139.11652036673726,11.9,65.7
10.816608,35,3,-0.16187672317028046,2.5847649574279785,0.4963323473930359,0.17052115499973297,2.6369603253975376,93.58359688009703,28.1,43.1
11.103925,36,0,-0.11562623083591461,0.04112530127167702,-0.02658933587372303,0.0,0.12556953629050346,160.42082449100843,35.5,53.2
11.103925,36,1,0.43937966227531433,1.7667738199234009,-1.5419461727142334,0.0,2.3858210783577145,76.03439980500416,23.0,55.1
11.103925,36,2,-1.8500198125839233,1.662780523300171,1.7014079093933105,0.0,3.0136690677255125,138.05109243012265,13.100000000000001,65.2
11.401794,37,0,-0.11562623083591461,0.04113626480102539,-0.026572369039058685,0.0,0.1255695358574213,160.41600200725847,35.2,53.400000000000006
11.401794,37,1,-0.16187672317028046,2.490841865539551,0.8503304123878479,0.0,2.636960197435787,93.71835265407218,21.3,58.1
11.401794,37,2,-1.8500198125839233,1.4405804872512817,1.8932394981384277,0.0,3.013669066854163,142.09268527715236,13.5,64.8
11.401794,37,3,0.48563018441200256,1.1509511470794678,-1.8836700916290283,-0.08526057749986649,2.2602518074482965,67.12326388474509,27.1,49.2
11.69211,38,0,-0.11562623083591461,0.04115653783082962,-0.026540962979197502,0.0,0.12556953682881788,160.40708535160627,35.300000000000004,53.300000000000004
11.69211,38,1,-0.08093836158514023,2.3071188926696777,1.2744455337524414,0.0,2.6369603754685036,92.00922693580252,18.3,58.300000000000004
11.69211,38,2,-1.8500198125839233,1.6084401607513428,1.7528685331344604,0.0,3.0136690515257003,138.99572298142613,12.8,65.0
11.69211,38,3,0.4162544310092926,1.3131122589111328,-1.7919838428497314,-0.08526057749986649,2.260251678214632,72.4114703599821,27.3,48.7
12.00202,39,0,-0.11562623083591461,0.041109781712293625,-0.026613328605890274,0.0,0.12556953718652364,160.42765151111405,34.7,53.900000000000006
12.00202,39,1,-1.8500198125839233,1.5598124265670776,1.796277642250061,0.0,3.01366910610199,139.8646628695937,12.4,65.8
12.00202,39,2,0.6475068926811218,3.0806515216827393,-1.5659518241882324,-0.25578173995018005,3.515947111347694,78.13006652355769,14.700000000000001,47.900000000000006
12.00202,39,3,0.48563018441200256,1.3553088903427124,-1.742423415184021,-0.08526057749986649,2.2602518050065963,70.28653600107612,27.1,49.800000000000004
12.284694,40,0,-0.11562623083591461,0.04111345112323761,-0.026607654988765717,0.0,0.1255695362123483,160.42603729307132,34.9,53.7
12.284694,40,1,0.4162544310092926,1.4813261032104492,-1.6556397676467896,0.0,2.260251715097467,74.30457260662729,26.8,53.7
12.284694,40,2,-0.08093836158514023,2.502457618713379,0.8274745941162109,0.0,2.6369602491771675,91.85250308354593,15.700000000000001,58.7
12.284694,40,3,-1.0521987676620483,1.1822153329849243,-2.1092188358306885,0.0,2.6369602647057753,131.66981606774993,15.700000000000001,58.7
12.284694,40,4,-1.8500198125839233,1.542807936668396,1.810903549194336,0.0,3.013669076206724,140.17387716095797,11.3,67.4
12.284694,40,5,0.5395891070365906,3.0910212993621826,-1.586289405822754,0.34104230999946594,3.5159469786344513,80.09784986524434,14.700000000000001,44.0
12.284694,40,6,0.33917027711868286,2.5107803344726562,-1.1011433601379395,-0.7673451900482178,2.762529830505231,82.30673534555103,24.900000000000002,41.5
12.613153,41,0,-0.11562623083591461,0.041071683168411255,-0.026672082021832466,0.0,0.12556953601485485,160.44441342985272,35.4,53.2
12.613153,41,1,-0.16187672317028046,2.4938745498657227,0.84139484167099,0.0,2.6369602999595685,93.71384360141528,22.400000000000002,58.2
12.613153,41,2,-1.8500198125839233,1.6121689081192017,1.7494397163391113,0.0,3.013669062183833,138.93002089169104,12.9,64.60000000000001
12.613153,41,3,0.30833661556243896,2.071420192718506,-1.3860845565795898,-0.25578173995018005,2.511390746436506,81.53353069394508,26.3,39.6
12.906,42,0,-0.11562623083591461,0.04117932915687561,-0.026505589485168457,0.0,0.12556953723370484,160.39706225700093,34.7,53.900000000000006
12.906,42,1,0.3931291997432709,1.3442554473876953,-1.6109918355941772,0.0,2.134682170692718,73.69837451714112,19.0,51.900000000000006
12.906,42,2,-0.24281509220600128,2.541991949081421,0.6579341888427734,0.0,2.6369603021369072,95.45642818956212,21.3,58.400000000000006
12.906,42,3,-1.8500198125839233,1.555820345878601,1.7997363805770874,0.0,3.0136690752595214,139.93700472622547,13.5,64.3
13.196611,43,0,-0.11562623083591461,0.04113411903381348,-0.026575691998004913,0.0,0.12556953615897834,160.41694583456024,35.1,53.6
13.196611,43,1,0.4162544310092926,1.4800337553024292,-1.6567951440811157,0.0,2.260251715544144,74.29154379306877,27.1,53.6
13.496552,44,0,-0.11562623083591461,0.04113100469112396,-0.026580514386296272,0.0,0.12556953670879564,160.4183157146983,35.300000000000004,53.400000000000006
13.496552,44,1,0.4162544310092926,1.369144320487976,-1.749546766281128,0.0,2.260251713651403,73.08940437952967,26.200000000000003,53.400000000000006
13.496552,44,2,-1.8500198125839233,1.6337584257125854,1.729295015335083,0.0,3.013669051273329,138.55217366528987,11.3,66.4
13.496552,44,3,0.40469181537628174,2.382908582687378,-1.0542916059494019,1.0231269598007202,2.6369602896617703,80.36136436905045,23.700000000000003,40.300000000000004
13.496552,44,4,-3.0178449153900146,1.5966434478759766,-1.2664856910705566,1.278908610343933,3.6415167497455116,152.11814113731157,13.600000000000001,42.5
13.496552,44,5,0.558860182762146,3.1899635791778564,-1.6650679111480713,1.278908610343933,3.641516646823565,80.06300978104892,13.600000000000001,42.5
13.808794,45,0,-0.11562623083591461,0.04111389070749283,-0.026606976985931396,0.0,0.1255695364758418,160.4258439168354,35.2,53.5
13.808794,45,1,0.3661497235298157,1.4997541904449463,-1.819014549255371,0.0,2.3858210708686554,76.28020224184039,23.700000000000003,55.2
13.808794,45,2,-0.16958513855934143,2.6025428771972656,0.9108144640922546,0.0,2.7625299156516068,93.72819814935313,16.900000000000002,60.7
13.808794,45,3,-1.8500198125839233,1.6056212186813354,1.7554510831832886,0.0,3.0136690777658672,139.04548104135472,11.9,66.3
13.808794,45,4,-0.16187672317028046,2.5214831829071045,0.7546373605728149,-0.25578173995018005,2.636960193321089,93.67329133010499,28.6,40.7
14.097289,46,0,-0.11562623083591461,0.04110690578818321,-0.02661776915192604,0.0,0.12556953689260786,160.42891668735325,35.1,53.6
14.097289,46,1,-0.16187672317028046,2.170473098754883,1.4887584447860718,0.0,2.6369602296668817,94.26529749845517,23.200000000000003,58.1
14.097289,46,2,-1.8500198125839233,1.7037317752838135,1.660399317741394,0.0,3.013669053400004,137.35721531282113,11.600000000000001,66.0
14.389581,47,0,-0.11562623083591461,0.0411234013736248,-0.026592275127768517,0.0,0.12556953649005556,160.42166022091266,35.4,53.300000000000004
14.389581,47,1,0.4162544310092926,1.1198010444641113,-1.9187276363372803,0.0,2.2602517277865823,69.60880355907004,22.700000000000003,53.300000000000004
14.389581,47,2,-0.16187672317028046,2.4121413230895996,1.0530569553375244,0.0,2.6369601413835455,93.83931361403627,22.8,58.2
14.389581,47,3,-1.8500198125839233,1.6692456007003784,1.6950654983520508,0.0,3.0136690638014834,137.9405295733469,12.100000000000001,65.5
14.389581,47,4,1.2950139045715332,4.928438663482666,3.2190425395965576,0.0,6.0273380147853555,75.27757160576907,11.4,70.10000000000001
14.701935,48,0,-0.11562623083591461,0.04110214114189148,-0.026625121012330055,0.0,0.1255695358464361,160.4310127937766,34.800000000000004,53.900000000000006
14.701935,48,1,0.48563018441200256,1.3931118249893188,-1.712349534034729,0.0,2.2602517912051434,70.78176046074037,23.3,53.900000000000006
14.701935,48,2,-1.8500198125839233,1.7397470474243164,1.6226238012313843,0.0,3.0136690422634778,136.75949527162197,11.3,66.4
14.998332,49,0,-0.11562623083591461,0.04109618067741394,-0.026634324342012405,0.0,0.12556953673859905,160.43363505214637,34.6,54.0
14.998332,49,1,0.43937966227531433,1.912527322769165,-1.3569550514221191,0.0,2.385821087076683,77.06150894703543,20.3,55.800000000000004
14.998332,49,2,-0.16187672317028046,2.5996830463409424,0.4111001491546631,0.0,2.6369602476282905,93.56308580423149,18.8,58.7
14.998332,49,3,-1.7575188875198364,1.8108866214752197,1.6474275588989258,0.0,3.013668952895552,134.14316969732474,12.4,65.7
15.302266,50,0,-0.11562623083591461,0.04111023619771004,-0.026612622663378716,0.0,0.12556953636362245,160.42745157575405,34.5,54.2
15.302266,50,1,0.4162544310092926,1.5481336116790771,-1.5933462381362915,0.0,2.2602516818992626,74.95051971757347,23.6,54.2
15.302266,50,2,-0.15416830778121948,2.353350877761841,0.8631659150123596,0.0,2.5113907736204006,93.74809799247029,18.1,57.300000000000004
15.302266,50,3,-1.8500198125839233,1.6746212244033813,1.6897549629211426,0.0,3.0136690904762533,137.84889025427023,11.4,66.60000000000001
15.600911,51,0,-0.11562623083591461,0.041125889867544174,-0.026588423177599907,0.0,0.12556953580303112,160.42056558036606,34.6,54.1
15.600911,51,1,0.3931291997432709,0.9531680345535278,-1.8691678047180176,0.0,2.1346822133469403,67.58655537901653,19.200000000000003,52.300000000000004
15.600911,51,2,-0.23125246167182922,2.3897693157196045,0.7366195917129517,0.0,2.511390751412369,95.52717111014431,18.2,57.400000000000006
15.600911,51,3,0.5395891070365906,1.7392592430114746,-1.7294230461120605,0.0,2.5113906886935995,72.76397963320927,18.2,57.400000000000006
15.600911,51,4,-1.8500198125839233,1.6530293226242065,1.710883378982544,0.0,3.0136690569615014,138.21858146083474,12.4,65.4
15.902339,52,0,-0.11562623083591461,0.041119083762168884,-0.02659894898533821,0.0,0.12556953609010865,160.42355949033055,34.5,54.2
15.902339,52,1,-0.08093836158514023,2.37960147857666,1.1333600282669067,0.0,2.636960213748679,91.94807384207118,26.700000000000003,59.0
15.902339,52,2,-1.7575188875198364,1.6920346021652222,1.769278645515442,0.0,3.013668969941845,136.08753860016657,12.3,65.9
16.198308,53,0,-0.11562623083591461,0.0411376915872097,-0.026570161804556847,0.0,0.1255695362130677,160.41537443376978,35.4,53.300000000000004
16.198308,53,1,0.3468787372112274,1.2222099304199219,-1.8693891763687134,0.0,2.26025172604089,74.15538299755806,25.200000000000003,53.300000000000004
16.198308,53,2,-0.16187672317028046,2.408691644668579,1.0609239339828491,0.0,2.6369602018798495,93.84479571955902,26.700000000000003,58.800000000000004
16.198308,53,3,-1.7575188875198364,1.8390262126922607,1.6159549951553345,0.0,3.0136689594787414,133.70174671952455,11.3,66.60000000000001
16.508894,54,0,-0.11562623083591461,0.041166868060827255,-0.02652493678033352,0.0,0.1255695367294889,160.40254220223795,34.9,53.800000000000004
16.508894,54,1,0.4162544310092926,1.4871915578842163,-1.650373101234436,0.0,2.2602517236925452,74.36344135377732,28.700000000000003,53.800000000000004
16.508894,54,2,-0.16187672317028046,2.403329372406006,1.073015809059143,-0.08526057749986649,2.636960195426666,93.85334835465534,22.400000000000002,54.400000000000006
16.797477,55,0,-0.11562623083591461,0.04114312306046486,-0.02656175196170807,0.0,0.12556953651170363,160.41298543897443,35.300000000000004,53.400000000000006
16.797477,55,1,0.5126096606254578,1.605725884437561,-1.6884957551956177,0.0,2.385821073641725,72.29491060833998,21.5,55.400000000000006
16.797477,55,2,-1.7575188875198364,1.774794101715088,1.686248540878296,0.0,3.0136690072212327,134.71979012751274,12.4,65.5
16.797477,55,3,-0.23125246167182922,2.0251588821411133,1.467084288597107,-0.42630288004875183,2.5113905528198526,96.51437633407228,33.1,41.1
16.797477,55,4,-1.1562622785568237,2.0093421936035156,-0.9657555818557739,-0.42630288004875183,2.5113905215426753,119.91798156740745,33.1,41.1
16.797477,55,5,-1.002094030380249,2.9633047580718994,0.93466717004776,-0.42630288004875183,3.2648078433041627,108.68387747627328,16.400000000000002,53.900000000000006
17.109451,56,0,-0.11562623083591461,0.04117203876376152,-0.026516908779740334,0.0,0.1255695364509958,160.40026826635048,35.2,53.5
17.109451,56,1,0.5126096606254578,1.594569444656372,-1.69903564453125,0.0,2.385821137341607,72.17884828709647,22.3,55.5
17.109451,56,2,-1.8500198125839233,1.5642415285110474,1.7924219369888306,0.0,3.0136690705302107,139.784581444015,12.200000000000001,65.5
17.109451,56,3,-0.25437769293785095,8.280242919921875,0.23878173530101776,0.25578173995018005,8.287589971800855,91.75963263474642,12.100000000000001,43.6
17.109451,56,4,-0.22354406118392944,3.4846067428588867,1.0335314273834229,-0.42630288004875183,3.6415166223782967,93.67060187265605,14.600000000000001,46.5
17.109451,56,5,-0.21968983113765717,2.1123569011688232,1.0871189832687378,-0.25578173995018005,2.3858212388198954,95.93754257862271,36.2,41.1
17.109451,56,6,-0.08093836158514023,2.3335156440734863,1.2254443168640137,-0.17052115499973297,2.6369603814327767,91.9865168555246,33.1,40.400000000000006
17.109451,56,7,-1.0521987676620483,2.000762939453125,-1.3577128648757935,-0.17052115499973297,2.636960145699566,117.73982686351442,33.1,40.400000000000006
17.384167,57,0,-0.11562623083591461,0.04112115874886513,-0.026595745235681534,0.0,0.12556953698573095,160.42264672109536,35.2,53.5
17.384167,57,1,0.43937966227531433,1.729982852935791,-1.5831130743026733,0.0,2.385821067285032,75.74937810349535,24.900000000000002,55.5
17.384167,57,2,-1.9425207376480103,1.3378041982650757,1.875924825668335,0.0,3.0136689998483583,145.4450121999347,11.700000000000001,65.60000000000001
17.384167,57,3,-2.3125245571136475,2.9522032737731934,0.3572996258735657,-0.34104230999946594,3.767086011704567,128.07236482792462,14.700000000000001,43.0
17.384167,57,4,-1.0406360626220703,3.6100411415100098,0.2749829888343811,-0.34104230999946594,3.767085889964914,106.08023762119605,14.700000000000001,43.0
17.700399,58,0,-0.11562623083591461,0.04115096107125282,-0.026549607515335083,0.0,0.1255695365669011,160.4095380707575,34.6,54.1
17.700399,58,1,0.5126096606254578,1.4672142267227173,-1.810153603553772,0.0,2.385821099689328,70.74180305525563,24.400000000000002,56.1
18.037393,59,0,-0.11562623083591461,0.04114120453596115,-0.026564722880721092,0.0,0.12556953639207047,160.413829280205,35.2,53.5
18.037393,59,1,0.4162544310092926,1.4638891220092773,-1.6710771322250366,0.0,2.2602517325991403,74.12698685624527,26.6,53.5
18.037393,59,2,1.2950139045715332,4.956902027130127,3.1750383377075195,0.0,6.027338315169715,75.35846788478115,11.3,70.2
18.037393,59,3,3.7000396251678467,4.103292942047119,-2.408629894256592,0.0,6.0273380661426685,47.95824618954782,11.3,70.2
18.319644,60,0,-0.11562623083591461,0.041138794273138046,-0.0265684574842453,0.0,0.12556953684974687,160.41488941948967,35.300000000000004,53.400000000000006
18.319644,60,1,0.48563018441200256,1.3527147769927979,-1.7444380521774292,0.0,2.2602517695582707,70.25165264267598,20.0,53.400000000000006
18.319644,60,2,-0.15416830778121948,2.2165749073028564,1.1705173254013062,0.0,2.511390649794137,93.97865683354865,16.7,56.800000000000004
18.319644,60,3,-1.9425207376480103,1.190090298652649,1.9729417562484741,0.0,3.0136690111371776,148.5061747553935,11.4,65.3
18.613552,61,0,-0.11562623083591461,0.04115742817521095,-0.026539580896496773,0.0,0.12556953653446187,160.4066937754409,35.0,53.7
18.613552,61,1,0.3468787372112274,1.4151158332824707,-1.727964162826538,0.0,2.260251717828971,76.22700158171752,22.200000000000003,53.7
18.613552,61,2,-1.8500198125839233,1.5069869756698608,1.8408199548721313,0.0,3.013669052508434,140.83446888159713,12.200000000000001,65.4
18.613552,61,3,1.4800158739089966,4.6503119468688965,3.537365436553955,0.0,6.027337921664983,72.34572323846383,11.5,69.9
18.613552,61,4,3.7000396251678467,4.058592319488525,-2.4832119941711426,0.0,6.027338272539454,47.64594972052323,11.5,69.9
18.897634,62,0,-0.11562623083591461,0.041140180081129074,-0.026566309854388237,0.0,0.12556953648758645,160.41427987865904,35.0,53.7
18.897634,62,1,-0.07708415389060974,2.0779314041137695,1.4083120822906494,0.0,2.5113908115044694,92.12450342284416,22.6,56.800000000000004
18.897634,62,2,-1.002094030380249,1.989943504333496,-1.1588854789733887,0.0,2.511390680387698,116.72887170025342,22.6,56.800000000000004
18.897634,62,3,-1.8500198125839233,1.5720880031585693,1.7855439186096191,0.0,3.013669039876799,139.64317476054538,12.5,65.10000000000001
19.212273,63,0,-0.11562623083591461,0.04114828631281853,-0.02655375376343727,0.0,0.1255695367624296,160.41071448495302,35.1,53.5
19.212273,63,1,-1.8500198125839233,1.2613356113433838,2.017091989517212,0.0,3.0136690139380846,145.71400113394887,13.5,63.800000000000004
19.212273,63,2,-2.374191999435425,2.083747148513794,1.5437273979187012,0.0,3.51594711396622,138.7276815578514,12.0,70.5
19.212273,63,3,-1.0791782140731812,2.6103310585021973,-2.0936641693115234,0.0,3.515947028407893,112.46146389754875,12.0,70.5
19.212273,63,4,-0.07322994619607925,2.0971267223358154,1.1352708339691162,-0.08526057749986649,2.385821238277456,91.99990905874164,24.0,51.5
19.512446,64,0,-0.11562623083591461,0.04114629328250885,-0.026556842029094696,0.0,0.12556953677850666,160.41159107216788,35.2,53.5
19.512446,64,1,-0.1464598923921585,2.039182186126709,1.2298082113265991,0.0,2.3858211846117796,94.10809242506278,23.0,55.5
19.512446,64,2,-1.0252193212509155,1.7951229810714722,-1.1910505294799805,0.0,2.385821145352614,119.73127930701422,23.0,55.5
19.512446,64,3,-1.8500198125839233,1.5185966491699219,1.831254243850708,0.0,3.0136690587130497,140.61899292007348,12.600000000000001,65.7
19.512446,64,4,1.2950139045715332,4.819499969482422,3.379965305328369,0.0,6.0273382544949445,74.95971295803619,11.5,70.0
19.512446,64,5,3.515037775039673,4.249375820159912,-2.432307004928589,0.0,6.02733795196024,50.40281487998474,11.5,70.0
19.512446,64,6,0.43937966227531433,1.6185375452041626,-1.6968865394592285,0.17052115499973297,2.3858210747360333,74.81210774352326,34.9,40.6
19.792192,65,0,-0.11562623083591461,0.041126251220703125,-0.026587864384055138,0.0,0.12556953583291414,160.42040662930808,35.4,53.300000000000004
19.792192,65,1,-0.1464598923921585,1.8156442642211914,1.5408204793930054,0.0,2.3858211047762414,94.6118083631345,24.0,55.400000000000006
19.792192,65,2,-1.8500198125839233,1.3389241695404053,1.966446042060852,0.0,3.0136690719236756,144.1054229066894,11.5,65.9
19.792192,65,3,-0.08093836158514023,2.476802110671997,0.9013659358024597,-0.08526057749986649,2.6369604214000617,91.87167832418237,21.900000000000002,54.1
20.100754,66,0,-0.11562623083591461,0.041119176894426346,-0.02659880369901657,0.0,0.1255695358118925,160.42351852201034,35.2,53.5
20.100754,66,1,-0.21968983113765717,1.6455820798873901,1.7134580612182617,0.0,2.3858211439891392,97.60418382125445,17.0,55.300000000000004
20.100754,66,2,-1.8500198125839233,1.2007168531417847,2.0537543296813965,0.0,3.013669045375893,147.01525245764697,13.8,63.800000000000004
20.100754,66,3,-2.482109785079956,1.8137472867965698,1.7062636613845825,0.0,3.5159470826099053,143.84335203498011,11.3,70.9
20.100754,66,4,-1.0791782140731812,2.762977123260498,-1.887648105621338,0.0,3.5159470377192634,111.33488513547987,11.3,70.9
20.100754,66,5,1.2950139045715332,4.861299514770508,3.3195650577545166,0.0,6.0273382315916475,75.08324761109773,12.0,69.3
20.100754,66,6,3.7000396251678467,4.063793182373047,-2.4746909141540527,0.0,6.027338000934616,47.68247837741824,12.0,69.3
20.399497,67,0,-0.11562623083591461,0.04114215448498726,-0.02656325325369835,0.0,0.12556953673724724,160.41341145480095,35.5,53.2
20.399497,67,1,-0.9519892930984497,2.037095069885254,-0.7975608110427856,0.0,2.385821281076208,115.04794852180811,17.1,55.2
20.399497,67,2,-1.8307485580444336,0.7426543235778809,1.3375226259231567,0.0,2.385821137882526,157.91976518418113,17.1,55.2
20.399497,67,3,-1.8500198125839233,1.558350682258606,1.7975457906723022,0.0,3.0136690305029563,139.89113378806076,14.0,63.400000000000006
20.399497,67,4,-2.374191999435425,1.9986860752105713,1.6523772478103638,0.0,3.515947133633435,139.90803857512756,12.200000000000001,70.2
20.399497,67,5,-1.0791782140731812,2.758213996887207,-1.8946012258529663,0.0,3.5159470808529307,111.36840798967926,12.200000000000001,70.2
20.399497,67,6,1.2950139045715332,4.817884922027588,3.3822672367095947,0.0,6.027338367426665,74.95489971466517,11.9,69.9
20.399497,67,7,3.7000396251678467,4.147153854370117,-2.3323006629943848,0.0,6.027338110827464,48.26104995456608,11.9,69.9
20.399497,67,8,-0.07708415389060974,2.3035545349121094,0.9973854422569275,-0.17052115499973297,2.511390686954386,91.9165811723733,28.200000000000003,41.1
20.690923,68,0,-0.11562623083591461,0.04111457243561745,-0.026605920866131783,0.0,0.1255695359114571,160.4255440207096,35.2,53.5
20.690923,68,1,-1.8500198125839233,1.412406086921692,1.9143502712249756,0.0,3.0136690631629808,142.63991037143936,13.200000000000001,63.900000000000006
20.690923,68,2,1.2950139045715332,4.837869167327881,3.3536195755004883,0.0,6.027337998685278,75.01424675770006,11.5,69.8
20.690923,68,3,3.7000396251678467,4.136716365814209,-2.3507637977600098,0.0,6.027338214491236,48.189315557407035,11.5,69.8
20.690923,68,4,0.6937574148178101,1.1472232341766357,2.123596668243408,0.08526057749986649,2.511390712140167,58.83749362623772,24.700000000000003,52.2
20.690923,68,5,-0.07708415389060974,2.07820200920105,1.4079124927520752,-0.08526057749986649,2.511390679499244,92.12422704223899,24.700000000000003,52.400000000000006
20.690923,68,6,-1.002094030380249,2.000185012817383,-1.1411179304122925,-0.08526057749986649,2.5113905833883026,116.61090012287846,24.700000000000003,52.400000000000006
21.01139,69,0,-0.11562623083591461,0.04111417382955551,-0.026606537401676178,0.0,0.12556953603288462,160.42571936967494,35.2,53.5
21.01139,69,1,0.728445291519165,0.8140244483947754,-2.4000606536865234,0.0,2.6369602740077527,48.175623120949545,16.5,58.1
21.01139,69,2,-1.7729356288909912,1.5762168169021606,1.647227168083191,0.0,2.8880992956177325,138.36151390799768,16.1,61.2
21.01139,69,3,0.5318806767463684,1.3458622694015503,-2.499375104904175,0.0,2.88809941267776,68.43621888281727,16.1,61.2
21.01139,69,4,0.6783405542373657,1.5639461278915405,-2.173820972442627,-0.596824049949646,2.762529822228424,66.55186111662375,19.900000000000002,41.0
21.298377,70,0,-0.11562623083591461,0.04112473130226135,-0.026590216904878616,0.0,0.12556953618235556,160.42107520906922,35.2,53.5
21.298377,70,1,-1.8500198125839233,1.4439350366592407,1.890682339668274,0.0,3.013669093742489,142.0280664717698,14.5,63.300000000000004
21.298377,70,2,1.2950139045715332,4.861439228057861,3.3193602561950684,0.0,6.027338126531546,75.08365719519904,11.8,70.3
21.298377,70,3,3.7000396251678467,4.079076766967773,-2.4494173526763916,0.0,6.0273382073864665,47.789528450473234,11.8,70.3
21.298377,70,4,-1.2333464622497559,2.175349712371826,-0.2319345921278,0.17052115499973297,2.511390754559247,119.55170543625586,33.300000000000004,41.5
21.298377,70,5,-0.30833661556243896,1.3973959684371948,2.0638062953948975,0.17052115499973297,2.511390727468077,102.44298335171074,33.300000000000004,41.5
21.298377,70,6,-0.0886467844247818,2.489252805709839,1.461807131767273,-0.25578173995018005,2.888099353140196,92.03954420994226,27.3,39.800000000000004
21.298377,70,7,-1.1524081230163574,2.2918636798858643,-1.326813817024231,-0.25578173995018005,2.888099464045598,116.69442854533847,27.3,39.800000000000004
21.608943,71,0,-0.11562623083591461,0.041115012019872665,-0.026605242863297462,0.0,0.12556953618823924,160.42535064565763,35.300000000000004,53.400000000000006
21.608943,71,1,-1.6842888593673706,1.8507709503173828,1.4418513774871826,0.0,2.888099282761836,132.30367261395313,15.700000000000001,61.400000000000006
21.608943,71,2,0.5318806767463684,1.7391023635864258,-2.243600606918335,0.0,2.888099334976619,72.99446461400362,15.700000000000001,61.400000000000006
21.608943,71,3,1.2950139045715332,4.86973237991333,3.3071815967559814,0.0,6.02733810059892,75.10793011890881,11.700000000000001,70.3
21.608943,71,4,3.7000396251678467,4.122470855712891,-2.375656843185425,0.0,6.02733810405457,48.09108440473453,11.700000000000001,70.3
21.608943,71,5,-0.30833661556243896,1.606770634651184,1.9053345918655396,0.08526057749986649,2.5113906999575533,100.86290756438987,24.400000000000002,52.6
21.608943,71,6,-1.2333464622497559,2.129568099975586,-0.500878632068634,0.08526057749986649,2.511390688929256,120.07742045261101,24.400000000000002,52.6
21.90504,72,0,-0.11562623083591461,0.041155699640512466,-0.026542257517576218,0.0,0.12556953573359114,160.40745399199668,35.300000000000004,53.400000000000006
21.90504,72,1,-1.2950137853622437,2.2968478202819824,0.03143654391169548,0.0,2.636960157094804,119.41526886904896,21.700000000000003,58.2
21.90504,72,2,-0.3237534463405609,0.599706768989563,2.547370195388794,0.0,2.63696026044088,118.3625210782864,21.700000000000003,58.2
21.90504,72,3,-1.8500198125839233,1.839849591255188,1.508171558380127,0.0,3.013669071895864,135.15792138405882,14.4,63.400000000000006
21.90504,72,4,1.2950139045715332,4.837609767913818,3.353994131088257,0.0,6.027338211103079,75.01347935213555,11.600000000000001,70.5
21.90504,72,5,3.7000396251678467,4.064218997955322,-2.4739913940429688,0.0,6.027337945474093,47.685466862084155,11.600000000000001,70.5
22.198133,73,0,-0.11562623083591461,0.041165541857481,-0.02652699500322342,0.0,0.1255695367421624,160.40312544110617,35.2,53.5
22.198133,73,1,0.5665684938430786,1.1705642938613892,-2.2939789295196533,0.0,2.6369603624929523,64.17240812562312,15.5,58.300000000000004
22.198133,73,2,-1.9425207376480103,1.634572982788086,1.6238796710968018,0.0,3.0136689994846426,139.9203941392572,14.4,63.400000000000006
22.198133,73,3,-2.374191999435425,2.1053004264831543,1.5142016410827637,0.0,3.515947119310964,138.4351855752205,11.600000000000001,70.8
22.198133,73,4,-1.0791782140731812,2.6785025596618652,-2.0057125091552734,0.0,3.5159471340205455,111.94468097818144,11.600000000000001,70.8
22.198133,73,5,1.2950139045715332,4.864552974700928,3.3147952556610107,0.0,6.027338072786194,75.09277976797712,11.3,70.2
22.198133,73,6,3.515037775039673,4.18187141418457,-2.5466184616088867,0.0,6.027338108463563,49.95154464178029,11.3,70.2
22.496175,74,0,-0.11562623083591461,0.04115841165184975,-0.026538051664829254,0.0,0.12556953568914905,160.40626124164012,35.2,53.5
22.496175,74,1,-0.24281509220600128,1.1954896450042725,-2.337820529937744,0.0,2.6369602747318446,101.48112870699984,19.6,58.1
22.496175,74,2,-1.2950137853622437,2.2456555366516113,-0.48324885964393616,0.0,2.636960172986966,119.97098121139959,19.6,58.1
22.496175,74,3,-1.8500198125839233,1.6199694871902466,1.7422189712524414,0.0,3.013669091020512,138.79299500844127,13.700000000000001,63.5
22.496175,74,4,1.2950139045715332,4.915337562561035,3.2390124797821045,0.0,6.027338235999477,75.2400422177002,11.5,70.10000000000001
22.785923,75,0,-0.11562623083591461,0.04121140390634537,-0.02645568735897541,0.0,0.12556953636486837,160.38295864431075,35.4,53.300000000000004
22.785923,75,1,0.585839569568634,0.5718488693237305,-2.240964889526367,0.0,2.3858211933648996,44.30761245552188,17.8,55.2
22.785923,75,2,-0.8787593245506287,2.1286089420318604,-0.6236573457717896,0.0,2.3858211298246537,112.43243476089773,17.8,55.2
22.785923,75,3,-1.8500198125839233,1.4047679901123047,1.9199621677398682,0.0,3.0136690492735916,142.78965554147783,15.200000000000001,63.300000000000004
22.785923,75,4,1.2950139045715332,4.866890907287598,3.311361789703369,0.0,6.027338137086702,75.09962221613142,11.600000000000001,70.0
22.785923,75,5,3.7000396251678467,4.033031463623047,-2.5245132446289062,0.0,6.027337980957467,47.46567599717597,11.600000000000001,70.0
23.090425,76,0,-0.11562623083591461,0.04113554581999779,-0.026573484763503075,0.0,0.12556953643183316,160.4163182537158,35.1,53.6
23.090425,76,1,-1.8500198125839233,1.442204475402832,1.8920027017593384,0.0,3.0136690726238755,142.06138814577182,14.100000000000001,63.900000000000006
23.090425,76,2,1.2950139045715332,4.876461982727051,3.297250747680664,0.0,6.027338133462942,75.12757007218075,11.600000000000001,70.0
23.090425,76,3,3.7000396251678467,4.072145938873291,-2.460922956466675,0.0,6.027338348969563,47.741037727552516,11.600000000000001,70.0
23.391863,77,0,-0.11562623083591461,0.04115485027432442,-0.02654357999563217,0.0,0.12556953690050304,160.40782754931465,35.1,53.6
23.391863,77,1,0.6166732311248779,0.6964609622955322,2.3327536582946777,0.0,2.5113907255293464,48.477090774042296,21.700000000000003,56.800000000000004
23.391863,77,2,-1.7575188875198364,1.9251428842544556,1.5123335123062134,0.0,3.0136689295987664,132.39386244307002,14.3,63.900000000000006
23.391863,77,3,1.2950139045715332,4.741648197174072,3.488340377807617,0.0,6.0273383205392355,74.72422126684359,11.3,70.10000000000001
23.391863,77,4,3.7000396251678467,4.140920162200928,-2.343350887298584,0.0,6.027338251544991,48.2182314446905,11.3,70.10000000000001
23.696982,78,0,-0.11562623083591461,0.04114192724227905,-0.026563605293631554,0.0,0.12556953675444155,160.4135114049944,35.1,53.6
23.696982,78,1,-1.7575188875198364,1.7226265668869019,1.7395073175430298,0.0,3.0136689660145595,135.57443453213313,14.9,63.1
23.696982,78,2,1.2950139045715332,4.9221320152282715,3.228677749633789,0.0,6.027338102292673,75.25952891707533,11.700000000000001,69.8
23.696982,78,3,-1.375952124595642,2.233821392059326,-0.26524901390075684,0.08526057749986649,2.6369602386415405,121.63154732846921,23.3,53.900000000000006
23.696982,78,4,-0.40469181537628174,1.3567732572555542,2.224623680114746,0.08526057749986649,2.6369603059514706,106.60853727693298,23.3,53.900000000000006
23.998432,79,0,-0.11562623083591461,0.04109833389520645,-0.026631003245711327,0.0,0.125569537070721,160.43268775146697,35.2,53.5
23.998432,79,1,-1.8500198125839233,1.4616032838821411,1.8770571947097778,0.0,3.013669055921677,141.68959339615134,15.100000000000001,63.0
24.306076,80,0,-0.11562623083591461,0.04113113880157471,-0.026580307632684708,0.0,0.1255695368721362,160.4182567241644,35.300000000000004,53.400000000000006
24.306076,80,1,-0.40469181537628174,1.5528457164764404,2.092475652694702,0.0,2.6369603034046416,104.60711086383317,24.6,57.6
24.306076,80,2,-1.375952124595642,2.206418752670288,-0.438213974237442,0.0,2.636960266771448,121.94821437555683,24.6,57.6
24.306076,80,3,-1.9425207376480103,1.1681170463562012,1.9860303401947021,0.0,3.0136689868587743,148.9797884233151,15.4,62.800000000000004
24.306076,80,4,1.2950139045715332,4.966375350952148,3.1601994037628174,0.0,6.027338169633553,75.38519966859786,11.5,69.9
24.306076,80,5,3.7000396251678467,4.076115608215332,-2.4543418884277344,0.0,6.0273382006189005,47.76882211310532,11.5,69.9
24.600743,81,0,-0.11562623083591461,0.041109319776296616,-0.026614036411046982,0.0,0.12556953597062687,160.4278547246113,35.7,53.0
24.600743,81,1,-1.5416830778121948,0.8297774791717529,-0.9855028986930847,0.0,2.0091125754137282,151.70960459007884,12.9,52.0
24.600743,81,2,-1.9425207376480103,1.5481855869293213,1.7064393758773804,0.0,3.01366898834511,141.44521665329756,14.5,62.800000000000004
24.600743,81,3,1.2950139045715332,4.973346710205078,3.149217128753662,0.0,6.027338304506952,75.40481051020292,11.4,70.10000000000001
24.600743,81,4,3.7000396251678467,4.062961101531982,-2.4760570526123047,0.0,6.027338108001353,47.67663762893477,11.4,70.10000000000001
24.911132,82,0,-0.11562623083591461,0.041141338646411896,-0.026564516127109528,0.0,0.12556953659230577,160.41377029295768,35.4,53.2
24.911132,82,1,-1.6033504009246826,0.7560300827026367,-0.9456316828727722,0.0,2.009112558755603,154.75464989455256,12.700000000000001,52.1
24.911132,82,2,-1.2140754461288452,2.339501142501831,-0.07946520298719406,0.0,2.6369602771270793,117.42688834716388,20.3,57.7
24.911132,82,3,0.728445291519165,2.109893321990967,-1.4040217399597168,0.0,2.6369602612094916,70.95265410342837,20.3,57.7
25.200762,83,0,-0.11562623083591461,0.04115712642669678,-0.02654005028307438,0.0,0.12556953683936017,160.40682648514127,35.0,53.7
25.200762,83,1,-0.46250492334365845,1.2677522897720337,2.1180124282836914,0.0,2.5113907140673146,110.04312174797002,17.1,57.0
25.200762,83,2,-1.7575188875198364,2.110982656478882,1.239790678024292,0.0,3.0136690829053436,129.7793983743354,14.8,63.7
25.200762,83,3,-2.374191999435425,2.068023681640625,1.5647281408309937,0.0,3.5159470634123666,138.94272942803735,11.3,70.8
25.200762,83,4,-1.0791782140731812,2.7307372093200684,-1.933993935585022,0.0,3.5159470796607533,111.5637660876124,11.3,70.8
25.499522,84,0,-0.11562623083591461,0.04111761972308159,-0.026601213961839676,0.0,0.12556953648578836,160.42420351506235,35.5,53.2
25.499522,84,1,0.6166732311248779,0.8370180130004883,2.286087989807129,0.0,2.5113907153634383,53.61905927480795,19.200000000000003,56.6
25.499522,84,2,-1.8500198125839233,1.8279566764831543,1.52256441116333,0.0,3.0136690767556966,135.34369698188095,15.100000000000001,63.400000000000006
25.499522,84,3,1.2950139045715332,4.929854393005371,3.216874599456787,0.0,6.0273383460610725,75.28161593131432,11.600000000000001,69.8
25.499522,84,4,3.7000396251678467,4.0681962966918945,-2.4674458503723145,0.0,6.027337999544195,47.7133640512283,11.600000000000001,69.8
25.799303,85,0,-0.11562623083591461,0.04114910215139389,-0.026552489027380943,0.0,0.12556953666688128,160.41035566041657,35.800000000000004,52.900000000000006
25.799303,85,1,0.6166732311248779,0.998650848865509,-2.2202463150024414,0.0,2.5113906687745176,58.30440684421157,21.400000000000002,56.300000000000004
25.799303,85,2,-1.8500198125839233,1.3957523107528687,1.9265263080596924,0.0,3.013669098552649,142.96717623732465,13.9,63.7
25.799303,85,3,1.2950139045715332,4.863443851470947,3.3164222240448,0.0,6.02733800923612,75.0895315386893,11.5,69.9
25.799303,85,4,3.7000396251678467,4.079237461090088,-2.4491498470306396,0.0,6.027338257057018,47.79065165598007,11.5,69.9
26.115929,86,0,-0.11562623083591461,0.04115372896194458,-0.026545314118266106,0.0,0.12556953598078965,160.40832071316603,35.4,53.300000000000004
26.115929,86,1,0.6166732311248779,0.8220371007919312,-2.291517496109009,0.0,2.511390711147531,53.12361667829018,21.6,56.300000000000004
26.115929,86,2,-1.8615823984146118,1.2386654615402222,1.827932357788086,0.0,2.8880993501520096,146.36087711274678,14.9,60.900000000000006
26.115929,86,3,0.620527446269989,2.679853916168213,-0.8800265789031982,0.0,2.8880993928797754,76.96277000513516,14.9,60.900000000000006
26.115929,86,4,1.2950139045715332,4.832847595214844,3.3608524799346924,0.0,6.027338242001247,74.99937731245643,11.4,69.9
26.115929,86,5,3.515037775039673,4.1730451583862305,-2.5610554218292236,0.0,6.0273378308808505,49.89190759588565,11.4,69.9
26.406672,87,0,-0.11562623083591461,0.04116726666688919,-0.026524318382143974,0.0,0.12556953678253463,160.40236690374147,35.6,53.1
26.406672,87,1,0.6475068926811218,1.894107699394226,-1.7165809869766235,0.0,2.6369602647411448,71.12683952401092,19.3,58.300000000000004
26.406672,87,2,-1.1331369876861572,2.377307415008545,-0.13405001163482666,0.0,2.6369602545234474,115.4846738661224,19.3,58.300000000000004
26.406672,87,3,-1.8500198125839233,1.9126845598220825,1.414660930633545,0.0,3.0136690397248027,134.04587411283387,16.2,63.5
26.406672,87,4,-0.7400079369544983,1.9489881992340088,-2.1762430667877197,0.0,3.013668965439087,110.7911817244804,16.2,63.5
26.406672,87,5,1.2950139045715332,4.963789939880371,3.164259195327759,0.0,6.027338370749352,75.37791364507424,11.4,69.9
26.406672,87,6,3.515037775039673,4.1709303855896,-2.56449818611145,0.0,6.027337869072828,49.8775966205728,11.4,69.9
26.695437,88,0,-0.11562623083591461,0.0411544144153595,-0.026544256135821342,0.0,0.12556953697850226,160.40801924387463,35.1,53.6
26.695437,88,1,0.6783405542373657,2.2790775299072266,-1.4061404466629028,0.0,2.7625298641991964,73.42498371359967,18.5,59.800000000000004
26.695437,88,2,-0.25437772274017334,1.5509977340698242,2.2718427181243896,0.0,2.7625298790802284,99.314105934467,18.5,59.800000000000004
26.695437,88,3,-1.8500198125839233,1.0997968912124634,2.1095199584960938,0.0,3.0136690203416525,149.26942942158794,12.700000000000001,63.300000000000004
26.695437,88,4,1.2950139045715332,4.928723335266113,3.218606948852539,0.0,6.027338170356146,75.27838500443825,11.4,69.9
26.695437,88,5,3.515037775039673,4.138294219970703,-2.6168363094329834,0.0,6.027337876821377,49.65566316349199,11.4,69.9
26.695437,88,6,-0.3854207694530487,1.4332305192947388,2.025928020477295,-0.17052115499973297,2.5113906974261684,105.05175099184825,27.1,44.0
26.695437,88,7,-1.310430645942688,2.1132516860961914,-0.35216662287712097,-0.17052115499973297,2.511390550448664,121.8031154520379,27.1,44.0
26.998851,89,0,-0.11562623083591461,0.041130948811769485,-0.026580601930618286,0.0,0.12556953693659384,160.41834029410018,34.800000000000004,53.900000000000006
26.998851,89,1,-1.5416830778121948,0.709057092666626,-1.0756322145462036,0.0,2.0091125737605897,155.3011624928542,12.5,52.5
26.998851,89,2,0.6166732311248779,0.7828733921051025,-2.3051912784576416,0.0,2.511390740671257,51.77232142289423,22.400000000000002,56.7
26.998851,89,3,-1.8500198125839233,1.9003748893737793,1.431154489517212,0.0,3.0136690594656756,134.23075829243857,15.9,63.300000000000004
26.998851,89,4,1.2950139045715332,4.888180255889893,3.279853105545044,0.0,6.027338021138258,75.1616485832627,11.5,69.8
26.998851,89,5,3.515037775039673,4.153609275817871,-2.592458486557007,0.0,6.027337851874371,49.76006216035857,11.5,69.8
27.301163,90,0,-0.11562623083591461,0.041166145354509354,-0.026526056230068207,0.0,0.1255695362728936,160.40286003413075,33.7,55.0
27.301163,90,1,0.7091742753982544,2.593555212020874,-1.0543533563613892,0.0,2.888099338796678,74.70703241428238,15.4,62.6
27.301163,90,2,1.2950139045715332,4.87883996963501,3.2937307357788086,0.0,6.027337938273892,75.13449798628858,11.3,70.10000000000001
27.593229,91,0,-0.11562623083591461,0.041153520345687866,-0.026545638218522072,0.0,0.12556953612477756,160.40841246491362,34.1,54.6
27.593229,91,1,-1.310430645942688,2.1326701641082764,-0.20389360189437866,0.0,2.511390672037478,121.56886897489937,18.400000000000002,57.7
27.593229,91,2,-0.30833661556243896,1.258097529411316,-2.1515581607818604,0.0,2.5113907265167597,103.77071377411262,18.400000000000002,57.7
27.593229,91,3,-1.8500198125839233,1.5537389516830444,1.801533579826355,0.0,3.0136690721066475,139.97478342424503,13.9,63.7
27.593229,91,4,1.2950139045715332,4.869840621948242,3.3070228099823,0.0,6.02733843101199,75.10824641813412,11.4,69.9
27.901588,92,0,-0.11562623083591461,0.04111815243959427,-0.026600390672683716,0.0,0.12556953651784067,160.42396917467858,35.9,52.7
27.901588,92,1,0.7708415389060974,0.9377418160438538,-2.198528289794922,0.0,2.5113906571238434,50.579147510763256,20.8,56.400000000000006
27.901588,92,2,-1.310430645942688,2.1392107009887695,-0.11675480008125305,0.0,2.5113905678712434,121.49066522976503,20.8,56.400000000000006
27.901588,92,3,-1.8500198125839233,1.5147981643676758,1.834397554397583,0.0,3.0136690550398146,140.6893471055029,14.600000000000001,63.400000000000006
27.901588,92,4,1.2950139045715332,4.905381202697754,3.2540717124938965,0.0,6.02733842312401,75.21139590396163,11.5,69.9
28.196923,93,0,-0.11562623083591461,0.04115257039666176,-0.026547109708189964,0.0,0.12556953588124425,160.40883026437243,35.1,53.6
28.196923,93,1,0.6783405542373657,2.315105438232422,-1.3459986448287964,0.0,2.762529900206937,73.66908134817618,17.400000000000002,59.6
28.196923,93,2,-1.8500198125839233,1.5541536808013916,1.801175832748413,0.0,3.0136690845178253,139.96725247265132,14.100000000000001,63.800000000000004
28.196923,93,3,1.2950139045715332,4.9366583824157715,3.2064225673675537,0.0,6.027337942925835,75.30102266314655,11.3,70.10000000000001
28.508151,94,0,-0.11562623083591461,0.04108040779829025,-0.026658643037080765,0.0,0.125569536157352,160.44057461492935,35.6,53.1
28.508151,94,1,-1.2333464622497559,2.158660888671875,0.3551371693611145,0.0,2.5113905983115137,119.74139873402076,19.900000000000002,56.1
28.508151,94,2,0.6166732311248779,1.392604947090149,1.9968597888946533,0.0,2.511390736056489,66.11528244167881,19.900000000000002,56.1
28.508151,94,3,-1.8500198125839233,1.8033356666564941,1.5516470670700073,0.0,3.013669101665847,135.73211024035632,16.1,63.1
28.508151,94,4,1.2950139045715332,4.957535743713379,3.174048662185669,0.0,6.027338266030206,75.36025908840989,11.3,70.10000000000001
28.796725,95,0,-0.11562623083591461,0.04112693667411804,-0.026586806401610374,0.0,0.12556953632212647,160.420105114761,35.6,53.1
28.796725,95,1,-1.8500198125839233,1.7287391424179077,1.634346604347229,0.0,3.013669051608384,136.94095558672223,14.0,63.400000000000006
28.796725,95,2,1.2950139045715332,4.988100528717041,3.125795841217041,0.0,6.0273383461185075,75.44614454223259,11.5,69.9
28.796725,95,3,3.7000396251678467,4.032730579376221,-2.524994373321533,0.0,6.027338196828985,47.463546546887855,11.5,69.9
29.118357,96,0,-0.11562623083591461,0.04117830470204353,-0.026507176458835602,0.0,0.12556953627084239,160.39751276158526,35.0,53.7
29.118357,96,1,0.6166732311248779,0.9174208045005798,-2.2550246715545654,0.0,2.5113906657141705,56.09173846682121,21.6,56.7
29.118357,96,2,-1.8500198125839233,1.7654750347137451,1.5945926904678345,0.0,3.0136690683689875,136.33956111569972,13.600000000000001,64.0
29.118357,96,3,1.2950139045715332,4.968927383422852,3.1561853885650635,0.0,6.027338265084736,75.39238466420892,11.4,69.9
29.118357,96,4,3.7000396251678467,4.014994144439697,-2.553102731704712,0.0,6.027338116145081,47.3377149851613,11.4,69.9
29.399876,97,0,-0.11562623083591461,0.04114902392029762,-0.026552608236670494,0.0,0.12556953623822753,160.4103900681795,35.1,53.6
29.399876,97,1,-1.8500198125839233,1.6766812801361084,1.6877108812332153,0.0,3.013669099411034,137.81384223845458,14.8,64.0
29.399876,97,2,1.2950139045715332,4.913928031921387,3.2411508560180664,0.0,6.027338433123118,75.23599332925636,11.600000000000001,69.7
29.399876,97,3,3.7000396251678467,4.01578950881958,-2.551851511001587,0.0,6.027338114056545,47.343370599439226,11.600000000000001,69.7
29.693409,98,0,-0.11562623083591461,0.041163019835948944,-0.026530906558036804,0.0,0.12556953636183507,160.40423458960638,35.7,53.0
29.693409,98,1,0.6166732311248779,0.5632035732269287,-2.3684592247009277,0.0,2.511390697990358,42.40524515061838,20.700000000000003,55.800000000000004
29.693409,98,2,-1.8500198125839233,1.7739914655685425,1.5851126909255981,0.0,3.0136690710488554,136.20183525132805,15.8,63.0
30.003613,99,0,-0.11562623083591461,0.041132789105176926,-0.026577750220894814,0.0,0.12556953612917207,160.4175308164096,35.5,53.2
30.003613,99,1,0.585839569568634,0.7934481501579285,-2.172412157058716,0.0,2.385821147613103,53.55982818138658,20.400000000000002,55.1
30.003613,99,2,-1.8500198125839233,1.8454805612564087,1.501275897026062,0.0,3.0136690475099837,135.07037742825221,15.600000000000001,63.7
30.312209,100,0,-0.11562623083591461,0.04114268347620964,-0.02656242996454239,0.0,0.12556953590168676,160.41317878433938,35.2,53.5
30.312209,100,1,-1.6033504009246826,0.6828041672706604,-0.9997895956039429,0.0,2.0091125589337735,156.93274377415526,12.8,52.1
30.312209,100,2,0.6937574148178101,0.9808101058006287,-2.2054014205932617,0.0,2.511390698439832,54.72704584306129,19.0,56.6
30.312209,100,3,-1.8500198125839233,1.8531609773635864,1.491784930229187,0.0,3.013669058313324,134.95139976909738,15.9,63.400000000000006
30.312209,100,4,1.2950139045715332,4.943932056427002,3.1951968669891357,0.0,6.027338401850134,75.32171378008947,11.4,70.0
30.312209,100,5,3.7000396251678467,4.034674644470215,-2.5218863487243652,0.0,6.027338008642404,47.477302249754985,11.4,70.0
30.591678,101,0,-0.11562623083591461,0.04115401580929756,-0.026544872671365738,0.0,0.12556953667068754,160.40819455468386,35.4,53.300000000000004
30.591678,101,1,0.6166732311248779,1.0219557285308838,-2.209616184234619,0.0,2.5113906638941392,58.89218541228933,20.700000000000003,56.6
30.591678,101,2,-1.8500198125839233,1.5754648447036743,1.7825651168823242,0.0,3.0136690561134816,139.5825003023308,15.100000000000001,63.800000000000004
30.591678,101,3,1.2950139045715332,4.967022895812988,3.1591813564300537,0.0,6.027338077740396,75.3870234217951,11.3,70.0
30.591678,101,4,3.7000396251678467,4.040219306945801,-2.5129940509796143,0.0,6.027338083788627,47.51649532033921,11.3,70.0
30.912842,102,0,-0.11562623083591461,0.04113991558551788,-0.026566723361611366,0.0,0.12556953731648507,160.41439621539675,35.1,53.6
30.912842,102,1,0.6166732311248779,0.8073520660400391,-2.2967324256896973,0.0,2.5113906641021817,52.62661451586536,22.400000000000002,56.800000000000004
30.912842,102,2,0.620527446269989,2.0822365283966064,-1.9027230739593506,0.0,2.888099438721047,73.4054136959824,16.2,61.5
30.912842,102,3,-1.8615823984146118,1.279072880744934,1.799889326095581,0.0,2.8880993830782637,145.50746869071654,16.2,61.5
30.912842,102,4,1.2950139045715332,4.915342330932617,3.2390050888061523,0.0,6.027338152833625,75.24005591120181,11.4,69.9
30.912842,102,5,3.7000396251678467,4.062799453735352,-2.4763224124908447,0.0,6.02733816204873,47.67550279886193,11.4,69.9
31.177191,103,0,-0.11562623083591461,0.041170939803123474,-0.02651861496269703,0.0,0.125569536437515,160.4007515542627,35.300000000000004,53.400000000000006
31.177191,103,1,0.6166732311248779,0.8364304900169373,-2.2863030433654785,0.0,2.5113907391559405,53.59984514559289,23.5,56.6
31.177191,103,2,1.2950139045715332,4.887276649475098,3.2812001705169678,0.0,6.0273384358719,75.15902619228041,11.9,69.4
31.177191,103,3,3.7000396251678467,4.0602312088012695,-2.4805314540863037,0.0,6.027338300730062,47.657466101775036,11.9,69.4
31.510544,104,0,-0.11562623083591461,0.04112566262483597,-0.02658877521753311,0.0,0.12556953592022446,160.42066553943948,34.1,54.5
31.510544,104,1,0.6166732311248779,1.0116593837738037,-2.2143492698669434,0.0,2.5113907047139947,58.63493252001185,22.5,57.6
31.510544,104,2,-1.9425207376480103,0.768363893032074,2.1721949577331543,0.0,3.0136689968723034,158.41873040218846,12.700000000000001,64.4
31.510544,104,3,1.2950139045715332,4.916910648345947,3.236624240875244,0.0,6.027338368921445,75.24455835645384,11.4,69.8
31.510544,104,4,3.7000396251678467,4.0393853187561035,-2.514334201812744,0.0,6.027338007744372,47.51060391870756,11.4,69.8
31.800376,105,0,-0.11562623083591461,0.04112514853477478,-0.026589570567011833,0.0,0.1255695359642043,160.42089167681746,34.6,54.0
31.800376,105,1,-0.3237534463405609,1.6116241216659546,2.0618948936462402,0.0,2.6369602113034225,101.35876045162532,21.8,58.300000000000004
31.800376,105,2,-1.2950137853622437,2.2485783100128174,-0.46946194767951965,0.0,2.6369603032388245,119.93874106797304,21.8,58.300000000000004
31.800376,105,3,-1.8500198125839233,1.4821906089782715,1.860843539237976,0.0,3.0136690239341397,141.29914634676703,13.8,63.900000000000006
32.088013,106,0,-0.11562623083591461,0.041112177073955536,-0.026609625667333603,0.0,0.12556953666887566,160.42659775902112,34.2,54.5
32.088013,106,1,0.6166732311248779,0.7433905005455017,-2.318225145339966,0.0,2.511390677448213,50.32288674192148,21.1,57.7
32.088013,106,2,-1.0791782140731812,2.2440240383148193,0.32682400941848755,0.0,2.511390737300213,115.68346223315594,21.1,57.7
32.088013,106,3,-1.7729356288909912,1.241141438484192,1.9124289751052856,0.0,2.888099271032067,145.0061037669628,14.8,62.5
32.088013,106,4,0.5318806767463684,2.072777509689331,-1.9395396709442139,0.0,2.888099339381606,75.6082502642031,14.8,62.5
32.39617,107,0,-0.11562623083591461,0.041122183203697205,-0.02659415826201439,0.0,0.12556953636301965,160.42219607582527,34.5,54.2
32.39617,107,1,-1.2950137853622437,2.293926954269409,-0.1199924498796463,0.0,2.6369603265559562,119.44647087220078,22.700000000000003,58.800000000000004
32.39617,107,2,-0.40469181537628174,1.030766487121582,2.393178701400757,0.0,2.636960241119257,111.43559279249355,22.700000000000003,58.800000000000004
32.39617,107,3,-1.8500198125839233,1.7855817079544067,1.572045087814331,0.0,3.0136690430197537,136.0154151585427,13.4,63.800000000000004
32.698972,108,0,-0.11562623083591461,0.04113945737481117,-0.026567427441477776,0.0,0.12556953615934202,160.41459775690356,35.0,53.7
32.698972,108,1,-1.5416830778121948,0.7423357963562012,-1.0529407262802124,0.0,2.0091125702717054,154.28872043077413,13.0,51.7
32.698972,108,2,0.5087554454803467,2.2084314823150635,-1.5797371864318848,0.0,2.7625298719800195,77.02712532742,16.0,60.2
32.698972,108,3,-0.33917027711868286,2.482908248901367,1.1626269817352295,0.0,2.762529881829695,97.77857450818134,16.0,60.2
32.99483,109,0,-0.11562623083591461,0.04114822670817375,-0.026553843170404434,0.0,0.12556953613701816,160.41074070050695,35.1,53.6
32.99483,109,1,0.6937574148178101,1.446518898010254,1.9321922063827515,0.0,2.511390649684301,64.37739994960788,18.2,57.1
32.99483,109,2,-1.9425207376480103,1.5818371772766113,1.6752926111221313,0.0,3.013669027031239,140.8433192399125,14.5,63.6
33.308103,110,0,-0.11562623083591461,0.041076287627220154,-0.026664994657039642,0.0,0.1255695369212385,160.44238745693312,35.300000000000004,53.400000000000006
33.308103,110,1,-1.5416830778121948,0.6945438981056213,-1.0850601196289062,0.0,2.00911259067712,155.74795136984383,13.4,51.5
33.308103,110,2,-1.8500198125839233,1.6294771432876587,1.7333297729492188,0.0,3.0136690543658164,138.62675501512726,14.600000000000001,63.0
33.308103,110,3,1.2950139045715332,4.934452533721924,3.2098171710968018,0.0,6.027338475019982,75.29473649900372,11.200000000000001,70.10000000000001
33.308103,110,4,3.7000396251678467,4.079669952392578,-2.4484293460845947,0.0,6.027338252581758,47.79367440412146,11.200000000000001,70.10000000000001
33.593362,111,0,-0.11562623083591461,0.041137974709272385,-0.026569722220301628,0.0,0.12556953595265427,160.4152499027975,34.800000000000004,53.900000000000006
33.593362,111,1,-1.5416830778121948,0.7430588006973267,-1.0524306297302246,0.0,2.0091125712862854,154.26691170353652,12.700000000000001,52.300000000000004
33.593362,111,2,-0.3237534463405609,1.9415788650512695,1.7547121047973633,0.0,2.63696024883834,99.46682908917504,17.1,58.7
33.593362,111,3,0.6475068926811218,1.330723762512207,-2.182537078857422,0.0,2.6369601833876244,64.05325638892515,17.1,58.7
33.593362,111,4,-1.8500198125839233,1.793363332748413,1.563162088394165,0.0,3.0136690370364754,135.89090700133573,15.100000000000001,63.6
33.593362,111,5,1.2950139045715332,4.7955756187438965,3.4138243198394775,0.0,6.027337970850149,74.88810322131134,11.700000000000001,69.9
33.593362,111,6,3.7000396251678467,4.128458499908447,-2.365236282348633,0.0,6.027338175730387,48.13241852840006,11.700000000000001,69.9
33.936082,112,0,-0.11562623083591461,0.0411597415804863,-0.026535993441939354,0.0,0.12556953664103118,160.40567634167485,35.2,53.5
33.936082,112,1,-1.5416830778121948,0.8207259178161621,-0.993053674697876,0.0,2.0091125765916202,151.97107840868142,13.4,51.6
33.936082,112,2,-1.2333464622497559,2.1873722076416016,0.03664455562829971,0.0,2.5113907490002583,119.41641085276514,18.2,57.1
33.936082,112,3,0.7708415389060974,1.1340458393096924,-2.1040024757385254,0.0,2.5113906628942835,55.79499645823201,18.2,57.1
33.936082,112,4,-1.8500198125839233,1.627153754234314,1.735511064529419,0.0,3.01366907638777,138.6673009477957,15.4,63.5
33.936082,112,5,1.2950139045715332,4.794867515563965,3.4148192405700684,0.0,6.027338214387151,74.88597359626966,11.200000000000001,70.10000000000001
33.936082,112,6,3.515037775039673,4.228724479675293,-2.468035936355591,0.0,6.027337942085507,50.26566348225224,11.200000000000001,70.10000000000001
34.199048,113,0,-0.11562623083591461,0.04113522171974182,-0.026573985815048218,0.0,0.1255695362950382,160.4164608108151,34.4,54.2
34.199048,113,1,-0.40469181537628174,1.1255805492401123,2.3500750064849854,0.0,2.6369602906311704,109.77556708621293,20.700000000000003,59.0
34.199048,113,2,-1.375952124595642,2.24945068359375,-0.01692967489361763,0.0,2.6369602274193773,121.45344235270761,20.700000000000003,59.0
34.199048,113,3,-1.7575188875198364,1.6959248781204224,1.7655500173568726,0.0,3.013668975850796,136.02179241523737,12.700000000000001,63.800000000000004
34.199048,113,4,1.2950139045715332,4.841154098510742,3.3488757610321045,0.0,6.027337959778705,75.02395823751328,11.5,70.10000000000001
34.199048,113,5,3.515037775039673,4.274049758911133,-2.388684034347534,0.0,6.027337995960653,50.56564715899748,11.5,70.10000000000001
34.509533,114,0,-0.11562623083591461,0.041177112609148026,-0.026509027928113937,0.0,0.12556953620142186,160.39803698827768,34.800000000000004,53.900000000000006
34.509533,114,1,-0.40469181537628174,1.1993184089660645,-2.3133134841918945,0.0,2.636960255229776,108.64618706294557,18.8,58.300000000000004
34.509533,114,2,-1.375952124595642,2.2417240142822266,0.1870514154434204,0.0,2.6369601888174703,121.54126684086033,18.8,58.300000000000004
34.509533,114,3,-1.8500198125839233,1.2599904537200928,2.017932653427124,0.0,3.0136690999819895,145.74245063125963,12.4,63.0
34.509533,114,4,1.2950139045715332,4.926422595977783,3.222127676010132,0.0,6.027338331942595,75.27180853726463,11.3,70.10000000000001
34.509533,114,5,3.515037775039673,4.185776710510254,-2.540194272994995,0.0,6.027338067070941,49.977884817682096,11.3,70.10000000000001
34.799107,115,0,-0.11562623083591461,0.0411636084318161,-0.02652999386191368,0.0,0.12556953647585575,160.4039757323111,35.5,53.1
34.799107,115,1,0.6166732311248779,1.07745361328125,2.1830921173095703,0.0,2.511390721376903,60.215630155966835,19.700000000000003,56.2
34.799107,115,2,-1.1562622785568237,2.2292864322662354,-0.020541241392493248,0.0,2.5113905304626924,117.4143804620781,19.700000000000003,56.2
34.799107,115,3,-1.8500198125839233,1.6770530939102173,1.687341332435608,0.0,3.0136690526486913,137.80752065519636,15.0,62.7
34.799107,115,4,-2.482109785079956,1.6175751686096191,1.8932684659957886,0.0,3.515947083735213,146.90796828206547,11.3,71.10000000000001
34.799107,115,5,-1.0791782140731812,2.7581968307495117,-1.894626259803772,0.0,3.51594710415627,111.36852898645378,11.3,71.10000000000001
34.799107,115,6,1.2950139045715332,4.95262336730957,3.181708574295044,0.0,6.027338441069739,75.3463629996135,11.4,70.2
34.799107,115,7,3.515037775039673,4.185259819030762,-2.5410454273223877,0.0,6.027337901301475,49.9744001782617,11.4,70.2
35.104582,116,0,-0.11562623083591461,0.04114217311143875,-0.02656322345137596,0.0,0.12556953653565636,160.41340326216763,34.7,53.900000000000006
35.104582,116,1,-1.2950137853622437,2.2853715419769287,0.23146340250968933,0.0,2.6369601999001833,119.53821126972558,21.5,58.6
35.104582,116,2,-0.3237534463405609,1.3909164667129517,-2.21677565574646,0.0,2.6369602233065215,103.10301064346497,21.5,58.6
35.104582,116,3,-1.8500198125839233,1.5880557298660278,1.7713574171066284,0.0,3.013669093854208,139.35723132583155,14.3,63.5
35.39629,117,0,-0.11562623083591461,0.041148874908685684,-0.026552842929959297,0.0,0.125569537035198,160.41045560681624,34.9,53.800000000000004
35.39629,117,1,-1.375952124595642,2.2423276901245117,0.17967060208320618,0.0,2.636960228052621,121.53438937536049,21.200000000000003,58.6
35.39629,117,2,-0.40469181537628174,1.176741600036621,-2.3248791694641113,0.0,2.6369602597114414,108.97854550890774,21.200000000000003,58.6
35.39629,117,3,-1.8500198125839233,1.6978029012680054,1.6664613485336304,0.0,3.0136690967429782,137.45672960816702,14.4,63.7
35.702153,118,0,-0.11562623083591461,0.04114754498004913,-0.026554901152849197,0.0,0.12556953647458832,160.41104054151242,35.0,53.7
35.702153,118,1,-1.6033504009246826,0.5305272936820984,-1.088274598121643,0.0,2.0091125698685515,161.69130817885824,13.0,51.900000000000006
35.702153,118,2,-1.8500198125839233,1.5672454833984375,1.7897958755493164,0.0,3.013669024348759,139.73037521507925,15.5,63.400000000000006
35.981988,119,0,-0.11562623083591461,0.041124749928712845,-0.026590188965201378,0.0,0.12556953636620824,160.4210670156562,35.4,53.300000000000004
35.981988,119,1,-1.6033504009246826,0.694443941116333,-0.9917400479316711,0.0,2.009112544923763,156.58157418380216,13.600000000000001,51.400000000000006
35.981988,119,2,-1.7729356288909912,1.5925531387329102,1.6314384937286377,0.0,2.8880993408639366,138.067986990912,16.1,61.300000000000004
35.981988,119,3,0.797821044921875,2.6648404598236084,-0.7766751050949097,0.0,2.8880992564154235,73.33293507946188,16.1,61.300000000000004
35.981988,119,4,1.2950139045715332,4.913458824157715,3.241861581802368,0.0,6.0273381475816565,75.23464504418227,11.8,69.8
35.981988,119,5,3.7000396251678467,4.062303066253662,-2.4771361351013184,0.0,6.027337958147927,47.67201765814423,11.8,69.8
36.294013,120,0,-0.11562623083591461,0.04117202013731003,-0.02651693858206272,0.0,0.12556953663716436,160.40027645764684,34.9,53.800000000000004
36.294013,120,1,-1.375952124595642,2.248739242553711,-0.05904699116945267,0.0,2.6369601774290152,121.46151053267634,22.0,58.1
36.294013,120,2,-0.48563018441200256,1.1804345846176147,2.307443857192993,0.0,2.6369603028242716,112.36224090692225,22.0,58.1
36.294013,120,3,-1.8500198125839233,1.753646969795227,1.6075915098190308,0.0,3.0136691032804626,136.5318956177154,15.9,63.0
36.294013,120,4,1.2950139045715332,4.756934642791748,3.467465877532959,0.0,6.027338369519441,74.77102714461188,11.700000000000001,70.0
36.294013,120,5,3.7000396251678467,4.125824451446533,-2.3698277473449707,0.0,6.027338067841594,48.11424326063776,11.700000000000001,70.0
36.594864,121,0,-0.11562623083591461,0.04116462916135788,-0.026528408750891685,0.0,0.12556953620272202,160.40352682986176,35.2,53.5
36.594864,121,1,-1.310430645942688,2.142350196838379,-0.013809303753077984,0.0,2.5113907582432002,121.45325034023725,19.700000000000003,56.900000000000006
36.594864,121,2,-0.3854207694530487,1.0348021984100342,2.2555971145629883,0.0,2.511390671039633,110.42826914203613,19.700000000000003,56.900000000000006
36.594864,121,3,-1.8500198125839233,1.3909016847610474,1.930031180381775,0.0,3.0136690529767933,143.06303095518567,14.0,63.1
36.594864,121,4,1.2950139045715332,4.931481838226318,3.214379072189331,0.0,6.0273382975836345,75.2862623829337,11.3,70.2
36.594864,121,5,3.7000396251678467,4.06234884262085,-2.4770612716674805,0.0,6.027338043494001,47.67233907389228,11.3,70.2
36.896512,122,0,-0.11562623083591461,0.041159458458423615,-0.02653643488883972,0.0,0.12556953712792185,160.4058008578379,34.9,53.800000000000004
36.896512,122,1,-1.8500198125839233,1.6457586288452148,1.7178784608840942,0.0,3.013669055775873,138.34403686490063,15.4,63.300000000000004
37.209573,123,0,-0.11562623083591461,0.041119616478681564,-0.02659812569618225,0.0,0.1255695361432222,160.42332515182017,35.7,53.0
37.209573,123,1,-0.8787593245506287,1.9097765684127808,-1.1281304359436035,0.0,2.3858211945251635,114.70892001266537,17.0,55.0
37.209573,123,2,-1.8500198125839233,1.4593945741653442,1.8787750005722046,0.0,3.013669081507024,141.73173434623908,15.200000000000001,63.0
37.209573,123,3,-2.374191999435425,1.9961142539978027,1.6554832458496094,0.0,3.515947175724508,139.94438114038016,12.200000000000001,70.10000000000001
37.209573,123,4,-1.0791782140731812,2.7083797454833984,-1.9651812314987183,0.0,3.5159470610505097,111.72525328955423,12.200000000000001,70.10000000000001
37.509836,124,0,-0.11562623083591461,0.04111972823739052,-0.026597950607538223,0.0,0.1255695356531914,160.42327598998142,35.300000000000004,53.400000000000006
37.509836,124,1,-1.5416830778121948,0.7926887273788452,-1.015574336051941,0.0,2.009112580960389,152.7890866191797,12.8,51.900000000000006
37.509836,124,2,0.585839569568634,0.8108330368995667,2.1659834384918213,0.0,2.3858211313551965,54.15129910583696,17.6,55.2
37.509836,124,3,-0.8787593245506287,2.1872620582580566,-0.36852285265922546,0.0,2.3858211070639896,111.888399190148,17.6,55.2
37.509836,124,4,-1.8500198125839233,1.5538934469223022,1.8014003038406372,0.0,3.013669060467368,139.9719777934841,14.700000000000001,63.0
37.509836,124,5,-2.374191999435425,2.01210618019104,1.6360089778900146,0.0,3.5159471421343764,139.71902648408508,11.700000000000001,70.4
37.509836,124,6,-1.0791782140731812,2.662949562072754,-2.0263164043426514,0.0,3.5159471211014797,112.06058280443688,11.700000000000001,70.4
37.509836,124,7,1.2950139045715332,4.970525741577148,3.153667449951172,0.0,6.027338180788946,75.39688116529857,11.600000000000001,69.9
37.509836,124,8,3.7000396251678467,4.059910297393799,-2.4810564517974854,0.0,6.027338215804913,47.65521147559959,11.600000000000001,69.9
37.81057,125,0,-0.11562623083591461,0.04112950339913368,-0.026582835242152214,0.0,0.12556953626055553,160.4189760839022,35.5,53.2
37.81057,125,1,-1.5416830778121948,0.7856354117393494,-1.021040439605713,0.0,2.00911256327304,152.99679446291557,13.200000000000001,51.6
37.81057,125,2,-1.1331369876861572,2.3480300903320312,-0.3953664302825928,0.0,2.6369602484985446,115.76151458503661,19.5,58.0
37.81057,125,3,-0.16187672317028046,1.0117831230163574,2.4297428131103516,0.0,2.6369602384917536,99.08980336794441,19.5,58.0
37.81057,125,4,-1.8500198125839233,1.503922700881958,1.8433243036270142,0.0,3.0136690736580807,140.8915632531068,15.0,62.800000000000004
38.121948,126,0,-0.11562623083591461,0.04112549126148224,-0.02658904157578945,0.0,0.12556953619703118,160.42074091849491,35.800000000000004,52.900000000000006
38.121948,126,1,-1.6033504009246826,0.6647215485572815,-1.0119022130966187,0.0,2.009112573782655,157.48194326544424,13.5,51.300000000000004
38.121948,126,2,-0.24281509220600128,1.8759528398513794,1.8372265100479126,0.0,2.6369602718987437,97.375109849112,18.400000000000002,57.800000000000004
38.121948,126,3,-1.2140754461288452,2.230050802230835,-0.7116551399230957,0.0,2.63696014524344,118.56458181728237,18.400000000000002,57.800000000000004
38.121948,126,4,-1.8500198125839233,1.818968653678894,1.5332908630371094,0.0,3.0136690496291307,135.48489056222928,15.5,63.0
38.388281,127,0,-0.11562623083591461,0.04113776609301567,-0.026570046320557594,0.0,0.125569536185814,160.41534166244261,35.0,53.6
38.388281,127,1,-1.5416830778121948,0.7992166876792908,-1.0104451179504395,0.0,2.009112580884261,152.59753694119553,12.9,51.7
38.388281,127,2,0.728445291519165,1.6796891689300537,-1.8977805376052856,0.0,2.636960222656152,66.55465311511561,15.5,58.5
38.388281,127,3,-0.6475068926811218,2.0044000148773193,1.5864031314849854,0.0,2.636960274879985,107.90267456451552,15.5,58.5
38.388281,127,4,-1.8500198125839233,1.708842396736145,1.6551390886306763,0.0,3.0136690340097356,137.27168982680385,13.8,63.300000000000004
38.388281,127,5,-2.482109785079956,1.8717963695526123,1.6423742771148682,0.0,3.515947084412476,142.9795038024245,11.5,70.8
38.388281,127,6,-1.0791782140731812,2.6678342819213867,-2.019880771636963,0.0,3.51594705664831,112.02405648680426,11.5,70.8
38.699162,128,0,-0.11562623083591461,0.04115934297442436,-0.0265366118401289,0.0,0.12556953666936968,160.40585164738079,35.300000000000004,53.400000000000006
38.699162,128,1,-1.5416830778121948,0.8666432499885559,-0.9532450437545776,0.0,2.0091125773848204,150.65787459192057,12.9,51.800000000000004
38.699162,128,2,-1.1562622785568237,2.174757242202759,0.4904802143573761,0.0,2.5113905231968254,117.99842547530598,14.5,56.7
38.699162,128,3,-1.8500198125839233,1.7699909210205078,1.5895785093307495,0.0,3.0136690270788278,136.26645230622984,16.1,62.800000000000004
38.699162,128,4,-2.374191999435425,2.180257797241211,1.4041271209716797,0.0,3.515947195914992,137.43825343531591,12.0,70.0
38.699162,128,5,-1.0791782140731812,2.55766224861145,-2.157689094543457,0.0,3.5159471020500472,112.87679252062668,12.0,70.0
39.013006,129,0,-0.11562623083591461,0.04113565757870674,-0.026573309674859047,0.0,0.12556953599033796,160.41626909615385,35.1,53.6
39.013006,129,1,-1.5416830778121948,0.8224488496780396,-0.9916272163391113,0.0,2.0091125799550573,151.92120938924174,12.9,51.900000000000006
39.013006,129,2,-0.3237534463405609,1.9295856952667236,1.7678918838500977,0.0,2.6369601745908873,99.52459453507092,18.2,58.2
39.013006,129,3,-1.2140754461288452,2.2191057205200195,-0.745083749294281,0.0,2.6369602160821564,118.68312298927113,18.2,58.2
39.013006,129,4,-1.8500198125839233,1.4914071559906006,1.8534650802612305,0.0,3.013669095245992,141.12571935340208,15.0,63.0
39.013006,129,5,1.2950139045715332,4.797004699707031,3.411816358566284,0.0,6.027338215715578,74.8923994071026,11.3,70.2
39.013006,129,6,3.7000396251678467,4.085300445556641,-2.4390227794647217,0.0,6.027338141918481,47.832994715050816,11.3,70.2
39.303433,130,0,-0.11562623083591461,0.04115234687924385,-0.02654746174812317,0.0,0.12556953705520255,160.4089285704426,35.800000000000004,52.800000000000004
39.303433,130,1,-1.5416830778121948,0.8091520667076111,-1.0025066137313843,0.0,2.009112562810966,152.30727362986673,13.8,50.900000000000006
39.303433,130,2,-0.8787593245506287,2.0693652629852295,-0.7985311150550842,0.0,2.3858211340848086,113.008583303692,17.6,54.6
39.303433,130,3,-1.8500198125839233,1.4803836345672607,1.8622814416885376,0.0,3.013669056234471,141.33324704236708,14.9,62.7
39.303433,130,4,-2.374191999435425,2.032623291015625,1.6104470491409302,0.0,3.5159472111294705,139.43208844080243,12.200000000000001,69.9
39.303433,130,5,-1.0791782140731812,2.7125933170318604,-1.95936119556427,0.0,3.5159471577398795,111.6946430129372,12.200000000000001,69.9
39.303433,130,6,1.2950139045715332,4.739501953125,3.491255760192871,0.0,6.027338264921689,74.71762714422775,11.5,70.0
39.303433,130,7,3.7000396251678467,4.124345302581787,-2.372401237487793,0.0,6.027338138380348,48.10403130540471,11.5,70.0
39.609078,131,0,-0.11562623083591461,0.04113047197461128,-0.026581337675452232,0.0,0.12556953649190122,160.41855003863472,35.300000000000004,53.300000000000004
39.609078,131,1,-1.5416830778121948,0.8022493720054626,-1.0080389976501465,0.0,2.0091125872083806,152.50877405103878,13.0,51.5
39.609078,131,2,-0.8787593245506287,1.7182830572128296,-1.4026504755020142,0.0,2.3858212363074003,117.08597872021087,15.600000000000001,55.2
39.609078,131,3,-1.8500198125839233,1.4912700653076172,1.853575348854065,0.0,3.013669074154478,141.128292799011,14.3,62.900000000000006
39.609078,131,4,-2.482109785079956,1.8050705194473267,1.715440273284912,0.0,3.515947083870194,143.9741399525012,12.100000000000001,70.0
39.609078,131,5,-1.0791782140731812,2.734978675842285,-1.9279911518096924,0.0,3.515947078170925,111.5333877964655,12.100000000000001,70.0
39.609078,131,6,1.2950139045715332,4.879759311676025,3.2923688888549805,0.0,6.027338123352851,75.13717466301868,11.5,69.9
39.609078,131,7,3.7000396251678467,4.025992393493652,-2.53572416305542,0.0,6.027338136473188,47.415813110331015,11.5,69.9
39.908335,132,0,-0.11562623083591461,0.041165560483932495,-0.02652696706354618,0.0,0.12556953694613587,160.40311724951977,35.4,53.2
39.908335,132,1,-1.5416830778121948,0.7794733047485352,-1.0257524251937866,0.0,2.009112585949085,153.17888824107857,12.8,51.900000000000006
39.908335,132,2,0.48563018441200256,1.7081115245819092,-1.9493788480758667,0.0,2.636960285963208,74.1291120813469,19.400000000000002,57.800000000000004
39.908335,132,3,-1.8500198125839233,1.6877226829528809,1.6766693592071533,0.0,3.013669076327202,137.62665394105002,14.8,62.800000000000004
39.908335,132,4,1.2950139045715332,4.974542140960693,3.1473281383514404,0.0,6.027338130193639,75.4081681567005,11.4,70.2
39.908335,132,5,3.7000396251678467,4.054879665374756,-2.4892690181732178,0.0,6.027337934222618,47.6198423187749,11.4,70.2
40.205913,133,0,-0.11562623083591461,0.04116823151707649,-0.026522820815443993,0.0,0.12556953678170502,160.4019425846628,35.2,53.5
40.205913,133,1,-1.5416830778121948,0.767212986946106,-1.03495454788208,0.0,2.009112589162949,153.5429328217954,12.600000000000001,51.900000000000006
40.205913,133,2,0.6166732311248779,1.3495310544967651,-2.026218891143799,0.0,2.511390637846919,65.44179303698074,18.6,56.6
40.205913,133,3,-1.8500198125839233,1.6413472890853882,1.7220938205718994,0.0,3.0136690855488646,138.4203933271936,14.8,62.900000000000006
40.205913,133,4,1.2950139045715332,4.92343282699585,3.226693630218506,0.0,6.027338019247521,75.263253948188,12.3,69.3
40.205913,133,5,3.7000396251678467,4.0542826652526855,-2.4902422428131104,0.0,6.027338350007531,47.615641775864496,12.3,69.3
40.505757,134,0,-0.11562623083591461,0.04110903665423393,-0.0266144759953022,0.0,0.12556953645078045,160.4279792750726,35.0,53.7
40.505757,134,1,-1.5416830778121948,0.8175126314163208,-0.9957006573677063,0.0,2.009112593664228,152.06420823705258,12.200000000000001,52.2
40.505757,134,2,0.6475068926811218,0.647296667098999,-2.4729135036468506,0.0,2.636960247676475,44.99069740084935,20.400000000000002,57.900000000000006
40.505757,134,3,-1.8500198125839233,1.7097715139389038,1.654179334640503,0.0,3.0136690607931196,137.2561664728029,15.0,62.7
40.505757,134,4,1.2950139045715332,4.8682146072387695,3.309415578842163,0.0,6.027338214224397,75.10349357932058,11.4,70.10000000000001
40.505757,134,5,3.7000396251678467,4.108163833618164,-2.400312900543213,0.0,6.0273381630844876,47.99204992468152,11.4,70.10000000000001
40.795256,135,0,-0.11562623083591461,0.04112185910344124,-0.026594657450914383,0.0,0.12556953594871234,160.422338643329,34.9,53.800000000000004
40.795256,135,1,-1.5416830778121948,0.8316787481307983,-0.983898937702179,0.0,2.0091125832357855,151.65484473944824,12.9,51.900000000000006
40.795256,135,2,-0.48563018441200256,1.2403937578201294,2.275773763656616,0.0,2.6369602905237266,111.38098509089652,18.3,58.400000000000006
40.795256,135,3,-1.45689058303833,2.1745359897613525,-0.3200342059135437,0.0,2.636960150375402,123.82120267971752,18.3,58.400000000000006
40.795256,135,4,-1.8500198125839233,1.602321982383728,1.7584630250930786,0.0,3.0136690682294027,139.10381234614536,14.4,63.2
40.795256,135,5,1.2950139045715332,4.779150485992432,3.436781406402588,0.0,6.0273382861914975,74.8385531584166,11.3,70.0
40.795256,135,6,3.7000396251678467,4.123092174530029,-2.3745787143707275,0.0,6.027338249860009,48.095376608171144,11.3,70.0
41.115106,136,0,-0.11562623083591461,0.04114295169711113,-0.02656201831996441,0.0,0.12556953670736049,160.41306081084116,35.0,53.6
41.115106,136,1,-1.5416830778121948,0.8178213834762573,-0.995447039604187,0.0,2.00911257433232,152.05525277289627,13.200000000000001,51.7
41.115106,136,2,-1.2140754461288452,2.3290276527404785,-0.2349684089422226,0.0,2.636960210037993,117.53212840624633,15.5,58.300000000000004
41.115106,136,3,-0.16187672317028046,2.1233303546905518,-1.555256724357605,0.0,2.636960247579436,94.35963561014307,15.5,58.300000000000004
41.115106,136,4,-1.7575188875198364,1.5925953388214111,1.8592923879623413,0.0,3.0136689826786474,137.81835188664763,14.100000000000001,62.900000000000006
41.115106,136,5,-2.482109785079956,1.7520946264266968,1.7695139646530151,0.0,3.5159471321743454,144.78214309811992,11.8,70.3
41.115106,136,6,-1.0791782140731812,2.7214059829711914,-1.9471023082733154,0.0,3.5159470332706735,111.63088646259423,11.8,70.3
41.115106,136,7,1.2950139045715332,4.913761138916016,3.241403579711914,0.0,6.027338277376178,75.23551378390235,11.600000000000001,69.7
41.115106,136,8,3.7000396251678467,4.058727741241455,-2.482990026473999,0.0,6.0273380174754205,47.646901513939135,11.600000000000001,69.7
41.396626,137,0,-0.11562623083591461,0.04115409031510353,-0.026544757187366486,0.0,0.12556953667637766,160.4081617862793,35.1,53.5
41.396626,137,1,0.6937574148178101,1.13284432888031,2.1313018798828125,0.0,2.511390715775421,58.51656681715034,17.2,56.6
41.396626,137,2,-1.8500198125839233,1.548683762550354,1.805881142616272,0.0,3.013669093413746,140.0667129746597,13.9,63.1
41.70966,138,0,-0.11562623083591461,0.04115941748023033,-0.026536494493484497,0.0,0.12556953629218687,160.4058188799301,35.6,53.1
41.70966,138,1,-1.5416830778121948,0.8348846435546875,-0.9811800718307495,0.0,2.0091125936128402,151.5626371342883,13.5,51.400000000000006
41.70966,138,2,0.6166732311248779,0.6974502205848694,2.332458019256592,0.0,2.511390669683684,48.51745095008551,19.3,56.2
41.70966,138,3,-1.8500198125839233,1.7709176540374756,1.5885460376739502,0.0,3.0136690525245564,136.25147122848293,15.100000000000001,62.900000000000006
41.70966,138,4,1.2950139045715332,4.928428649902344,3.219058036804199,0.0,6.027338103551646,75.27754299215528,11.4,70.10000000000001
41.70966,138,5,3.7000396251678467,4.087173938751221,-2.4358816146850586,0.0,6.027337992362804,47.84606497835492,11.4,70.10000000000001
42.010427,139,0,-0.11562623083591461,0.041179362684488297,-0.02650552988052368,0.0,0.1255695356472587,160.39704751325718,35.800000000000004,52.900000000000006
42.010427,139,1,-1.5416830778121948,0.8594943284988403,-0.9596958756446838,0.0,2.0091125869058635,150.86016282873493,13.4,51.5
42.010427,139,2,-0.8787593245506287,2.2109577655792236,0.17773805558681488,0.0,2.3858212439458937,111.67566381623247,17.400000000000002,54.800000000000004
42.010427,139,3,-1.8307485580444336,0.4364054501056671,1.4663057327270508,0.0,2.3858211377829472,166.59231137788095,17.400000000000002,54.800000000000004
42.010427,139,4,-1.8500198125839233,1.8164724111557007,1.5362473726272583,0.0,3.0136690789380003,135.5242260892395,14.8,63.0
42.010427,139,5,-2.482109785079956,1.8965399265289307,1.6137382984161377,0.0,3.515947094864062,142.61714008807212,11.3,70.7
42.010427,139,6,-1.0791782140731812,2.6757686138153076,-2.0093581676483154,0.0,3.515947032920756,111.96497056383042,11.3,70.7
42.010427,139,7,1.2950139045715332,4.962856769561768,3.165722370147705,0.0,6.027338256068949,75.37528210450456,11.3,70.0
42.010427,139,8,3.7000396251678467,4.043918609619141,-2.5070364475250244,0.0,6.0273379445867405,47.542611737430896,11.3,70.0
42.293979,140,0,-0.11562623083591461,0.04111839830875397,-0.026600008830428123,0.0,0.12556953614064362,160.42386101780826,35.5,53.1
42.293979,140,1,-1.5416830778121948,0.877788245677948,-0.9429922699928284,0.0,2.0091125747277276,150.344107526355,13.100000000000001,51.800000000000004
42.293979,140,2,-1.8500198125839233,1.8737621307373047,1.465825080871582,0.0,3.013669025830547,134.63469499182938,14.9,63.1
42.293979,140,3,0.6166732311248779,0.5887266993522644,-2.3622443675994873,0.08526057749986649,2.511390740759333,43.67186692173701,23.8,52.300000000000004
42.608847,141,0,-0.11562623083591461,0.04116914048790932,-0.026521408930420876,0.0,0.12556953658227793,160.40154284209518,35.4,53.300000000000004
42.608847,141,1,-1.5416830778121948,0.8221095204353333,-0.9919085502624512,0.0,2.0091125772556033,151.93102737079147,13.100000000000001,51.800000000000004
42.608847,141,2,0.728445291519165,0.864615261554718,-2.38230299949646,0.0,2.636960309648138,49.88559348093755,18.3,58.2
42.608847,141,3,-1.8500198125839233,1.44227933883667,1.8919456005096436,0.0,3.0136690517500413,142.059946036905,14.600000000000001,63.0
42.608847,141,4,1.2950139045715332,4.96545934677124,3.1616389751434326,0.0,6.027338429739738,75.38261906269028,12.0,69.7
42.608847,141,5,3.7000396251678467,4.047530174255371,-2.50120210647583,0.0,6.027338194987823,47.56808366143137,12.0,69.7
42.895889,142,0,-0.11562623083591461,0.04112499952316284,-0.026589805260300636,0.0,0.1255695368585911,160.4209572240022,35.2,53.400000000000006
42.895889,142,1,-1.5416830778121948,0.8586052060127258,-0.960491418838501,0.0,2.0091125846669304,150.88537763806028,13.0,51.800000000000004
42.895889,142,2,0.728445291519165,2.1817209720611572,-1.289581537246704,0.0,2.636960273473132,71.53657581334868,17.2,58.0
42.895889,142,3,-0.6475068926811218,0.8401079773902893,-2.414231300354004,0.0,2.636960250241431,127.62296761231364,17.2,58.0
42.895889,142,4,-1.9425207376480103,1.0099797248840332,2.0709309577941895,0.0,3.0136690085043774,152.52861132016892,15.3,62.6
42.895889,142,5,-2.482109785079956,1.812498688697815,1.7075899839401245,0.0,3.5159471035517016,143.86214578101632,11.600000000000001,70.8
42.895889,142,6,-1.0791782140731812,2.681241512298584,-2.002049446105957,0.0,3.515947048756074,111.92438993643458,11.600000000000001,70.8
42.895889,142,7,1.2950139045715332,4.825379848480225,3.371565580368042,0.0,6.027338231580765,74.97721107306438,11.600000000000001,70.10000000000001
43.191496,143,0,-0.11562623083591461,0.04114701226353645,-0.026555724442005157,0.0,0.1255695360195917,160.4112748442776,35.4,53.2
43.191496,143,1,-1.2333464622497559,2.1828532218933105,-0.1452285349369049,0.0,2.5113906529319396,119.46713255254467,20.0,56.400000000000006
43.191496,143,2,-0.30833661556243896,1.1867568492889404,2.191716194152832,0.0,2.511390683175855,104.56425937665882,20.0,56.400000000000006
43.191496,143,3,-1.8500198125839233,1.9326399564743042,1.3872745037078857,0.0,3.0136690357356786,133.74875529971894,15.200000000000001,63.0
43.191496,143,4,-0.7400079369544983,2.345745086669922,-1.741283655166626,0.0,3.0136689476686347,107.50882744949295,15.200000000000001,63.0
43.191496,143,5,1.2950139045715332,4.850702285766602,3.3350307941436768,0.0,6.027338058883171,75.05211652989212,11.5,70.10000000000001
43.191496,143,6,3.7000396251678467,4.115445613861084,-2.3878061771392822,0.0,6.027338066513705,48.04250263736846,11.5,70.10000000000001
43.492636,144,0,-0.11562623083591461,0.0411493293941021,-0.02655213698744774,0.0,0.12556953669383636,160.41025571414096,36.0,52.7
43.492636,144,1,-1.5416830778121948,0.7992451786994934,-1.0104225873947144,0.0,2.0091125835065333,152.59670237992634,13.5,51.1
43.492636,144,2,-1.8307485580444336,0.7660941481590271,1.3242363929748535,0.0,2.3858211481802925,157.2926639582635,17.5,54.7
43.492636,144,3,0.585839569568634,1.064919352531433,2.0530176162719727,0.0,2.3858211503361653,61.18367442523985,17.5,54.7
43.492636,144,4,-1.8500198125839233,1.5251719951629639,1.8257815837860107,0.0,3.0136690782955227,140.49754114280884,14.100000000000001,62.800000000000004
43.492636,144,5,-2.374191999435425,1.9798046350479126,1.674953818321228,0.0,3.5159471464527505,140.1757580496063,11.9,70.3
43.492636,144,6,-1.0791782140731812,2.7269086837768555,-1.9393885135650635,0.0,3.5159471545994414,111.59125698108338,11.9,70.3
43.492636,144,7,1.2950139045715332,4.894295692443848,3.270720958709717,0.0,6.027338295454389,75.17937264135274,12.100000000000001,69.5
43.492636,144,8,3.7000396251678467,4.07957124710083,-2.4485931396484375,0.0,6.02733798218728,47.792984568645736,12.100000000000001,69.5
43.492636,144,9,0.797821044921875,2.2272772789001465,-1.6564527750015259,0.25578173995018005,2.8880994256838406,70.29224053401312,20.5,41.300000000000004
43.793582,145,0,-0.11562623083591461,0.041145890951156616,-0.02655746042728424,0.0,0.12556953573152785,160.41176802924957,35.300000000000004,53.400000000000006
43.793582,145,1,-1.5416830778121948,0.8046253323554993,-1.0061434507369995,0.0,2.0091125606450317,152.4393324714395,12.700000000000001,51.900000000000006
43.793582,145,2,-1.8500198125839233,1.7647372484207153,1.5954091548919678,0.0,3.013669065181125,136.35152227265675,15.3,63.1
43.793582,145,3,1.2950139045715332,4.928307056427002,3.2192440032958984,0.0,6.027338003482001,75.27719553245146,11.700000000000001,70.0
43.793582,145,4,3.7000396251678467,4.078508377075195,-2.4503636360168457,0.0,6.027338198442034,47.78555517968082,11.700000000000001,70.0
43.793582,145,5,0.6744863390922546,2.9535653591156006,-0.822396457195282,0.25578173995018005,3.139238137669248,77.1363242574899,12.600000000000001,41.400000000000006
44.090628,146,0,-0.11562623083591461,0.041143711656332016,-0.026560841128230095,0.0,0.12556953670225388,160.41272655353487,35.7,53.0
44.090628,146,1,-1.5416830778121948,0.7692302465438843,-1.0334560871124268,0.0,2.0091125823607237,153.48287506317538,13.100000000000001,51.7
44.090628,146,2,-1.2333464622497559,2.1712052822113037,0.2679690420627594,0.0,2.511390706550912,119.59860734118526,18.3,56.2
44.090628,146,3,0.8479257225990295,2.3620810508728027,0.09315583109855652,0.0,2.5113906368395007,70.25318076689993,18.3,56.2
44.090628,146,4,-1.8500198125839233,1.5724893808364868,1.785190463066101,0.0,3.013669051043716,139.63595715576932,14.4,62.5
44.090628,146,5,1.2950139045715332,4.888381004333496,3.2795538902282715,0.0,6.027338017356714,75.16223106006791,11.5,70.10000000000001
44.410509,147,0,-0.11562623083591461,0.04113873839378357,-0.026568545028567314,0.0,0.12556953706567284,160.41491399784576,35.7,52.900000000000006
44.410509,147,1,-1.5416830778121948,0.8366711139678955,-0.9796571135520935,0.0,2.0091125716330533,151.51132448148218,13.0,51.7
44.410509,147,2,-1.8500198125839233,1.5596383810043335,1.7964286804199219,0.0,3.013669057857902,139.8678136024496,15.100000000000001,62.7
44.410509,147,3,1.2950139045715332,4.7211079597473145,3.516089677810669,0.0,6.027338384646227,74.66088470458595,11.600000000000001,70.10000000000001
44.410509,147,4,3.7000396251678467,4.138016223907471,-2.348475217819214,0.0,6.027338330129201,48.19826014115453,11.600000000000001,70.10000000000001
44.410509,147,5,-0.21968983113765717,1.7191964387893677,1.639586091041565,-0.6820846199989319,2.385821151509118,97.28215184890088,20.700000000000003,40.5
44.410509,147,6,-1.0252193212509155,2.019620180130005,-0.749801516532898,-0.6820846199989319,2.3858211674074767,116.91370555305386,20.700000000000003,40.5
44.410509,147,7,-1.9425207376480103,2.202901840209961,0.6753058433532715,-0.25578173995018005,3.013669078691301,131.4058754964755,26.8,42.2
44.410509,147,8,-0.9250099062919617,2.8407392501831055,0.3959275484085083,-0.25578173995018005,3.013669098932049,108.03643846160165,26.8,42.2
44.698741,148,0,-0.11562623083591461,0.041132599115371704,-0.026578044518828392,0.0,0.1255695361851389,160.4176143855921,35.300000000000004,53.400000000000006
44.698741,148,1,0.76313316822052,2.275404930114746,-1.368112564086914,0.0,2.7625299666141636,71.45939926163197,15.600000000000001,59.2
44.698741,148,2,-1.8500198125839233,1.708327293395996,1.6556707620620728,0.0,3.0136690463058398,137.28029933626922,14.4,62.800000000000004
44.698741,148,3,-2.374191999435425,1.9897536039352417,1.6631227731704712,0.0,3.5159471573382186,140.03443061117707,11.600000000000001,70.7
44.698741,148,4,-1.0791782140731812,2.748293399810791,-1.9089633226394653,0.0,3.5159469842926305,111.43855242728507,11.600000000000001,70.7
44.698741,148,5,1.2950139045715332,4.781072616577148,3.4341070652008057,0.0,6.027338360609893,74.84436808055868,11.700000000000001,70.10000000000001
44.698741,148,6,-1.171679139137268,2.0597496032714844,-0.2770233750343323,0.17052115499973297,2.3858211130723737,119.633185378879,30.5,40.900000000000006
44.698741,148,7,-0.292919784784317,1.0999772548675537,2.096757173538208,0.17052115499973297,2.385821159753594,104.91159943804081,30.5,40.900000000000006
44.698741,148,8,-0.25437772274017334,2.047919988632202,1.8365421295166016,1.193648099899292,2.7625298729887375,97.08059849137067,19.900000000000002,40.900000000000006
44.698741,148,9,-1.2718884944915771,2.298382043838501,-0.8551673889160156,1.193648099899292,2.762529931950916,118.95945237556413,19.900000000000002,40.900000000000006
44.998143,149,0,-0.11562623083591461,0.04114490747451782,-0.02655898779630661,0.0,0.12556953651730665,160.41220059264225,35.800000000000004,52.900000000000006
44.998143,149,1,-0.33917027711868286,2.105160713195801,1.7563694715499878,0.0,2.7625299683182805,99.15248483652071,17.0,59.1
44.998143,149,2,-1.8500198125839233,1.4391496181488037,1.8943274021148682,0.0,3.0136690655701015,142.12028274370655,15.5,62.6
44.998143,149,3,1.2950139045715332,4.879547595977783,3.2926828861236572,0.0,6.0273382469393395,75.13655833342212,11.4,69.9
44.998143,149,4,3.515037775039673,4.179779529571533,-2.5500497817993164,0.0,6.027337834022233,49.937423580279464,11.4,69.9
44.998143,149,5,-1.9425207376480103,2.1987831592559814,0.6885978579521179,0.42630288004875183,3.0136690607292183,131.45907231744363,17.7,46.300000000000004
44.998143,149,6,-0.9250099062919617,2.799402952194214,0.6244199872016907,0.42630288004875183,3.0136689492890394,108.28516361928942,17.7,46.300000000000004
44.998143,149,7,-1.0252193212509155,2.069636106491089,-0.5980588793754578,0.5115634799003601,2.3858211779506044,116.3520721082689,25.5,41.300000000000004
44.998143,149,8,-0.1464598923921585,1.6234376430511475,1.7421659231185913,0.5115634799003601,2.3858211132921596,95.15503523837843,25.5,41.300000000000004
44.998143,149,9,-1.2718884944915771,2.4052698612213135,-0.47806739807128906,-0.34104230999946594,2.7625299789899658,117.86954705968594,20.200000000000003,39.900000000000006
44.998143,149,10,-0.33917027711868286,1.5973806381225586,2.22820782661438,-0.34104230999946594,2.762529909071606,101.98752620735856,20.200000000000003,39.900000000000006
45.304795,150,0,-0.11562623083591461,0.041172873228788376,-0.026515616104006767,0.0,0.1255695370884561,160.39990129712913,35.1,53.6
45.304795,150,1,-0.48563018441200256,1.7953035831451416,1.8693870306015015,0.0,2.636960276880734,105.13628992887394,17.6,58.1
45.304795,150,2,0.8903220295906067,2.459463119506836,0.3345562815666199,0.0,2.6369603823577474,70.0998185554681,17.6,58.1
45.304795,150,3,-1.8500198125839233,1.3346543312072754,1.969346523284912,0.0,3.0136690627103975,144.19230051943805,14.100000000000001,62.800000000000004
45.304795,150,4,-2.374191999435425,2.1483469009399414,1.4524815082550049,0.0,3.515947182308654,137.858843422489,11.4,70.9
45.304795,150,5,-1.0791782140731812,2.609215259552002,-2.0950546264648438,0.0,3.515947066763228,112.47011440493986,11.4,70.9
45.304795,150,6,1.2950139045715332,4.825690269470215,3.3711209297180176,0.0,6.027338045329463,74.9781337591756,11.8,69.7
45.601679,151,0,-0.11562623083591461,0.041165389120578766,-0.02652723155915737,0.0,0.12556953664389317,160.4031926121462,35.300000000000004,53.400000000000006
45.601679,151,1,0.6937574148178101,1.143436074256897,2.125638246536255,0.0,2.5113907226205243,58.75353893687645,18.8,56.5
45.601679,151,2,-1.8500198125839233,1.7597007751464844,1.600962519645691,0.0,3.0136690452527253,136.43330211114096,15.600000000000001,63.2
45.911922,152,0,-0.11562623083591461,0.04116809740662575,-0.026523025706410408,0.0,0.1255695360906639,160.40200156324255,35.5,53.2
45.911922,152,1,-1.5416830778121948,0.8339669108390808,-0.9819601774215698,0.0,2.0091125679833777,151.58901647198437,12.600000000000001,52.0
45.911922,152,2,-1.2140754461288452,2.3408405780792236,0.006772003136575222,0.0,2.6369603070394727,117.4134828883921,19.1,58.0
45.911922,152,3,-0.3237534463405609,1.3637340068817139,2.2336008548736572,0.0,2.6369602792676603,103.35491371556947,19.1,58.0
45.911922,152,4,-1.8500198125839233,1.7122844457626343,1.6515779495239258,0.0,3.0136690351641735,137.21422023399583,14.5,62.7
45.911922,152,5,1.2950139045715332,4.8727545738220215,3.302727222442627,0.0,6.0273381567322595,75.11675648356793,11.600000000000001,70.10000000000001
45.911922,152,6,3.7000396251678467,4.045473098754883,-2.5045275688171387,0.0,6.027338066138877,47.55357839495462,11.600000000000001,70.10000000000001
46.193166,153,0,-0.11562623083591461,0.04113330319523811,-0.026576954871416092,0.0,0.12556953619134253,160.4173046884682,35.6,53.0
46.193166,153,1,-1.5416830778121948,0.8259978294372559,-0.9886729717254639,0.0,2.009112583124201,151.81863255247035,12.700000000000001,51.800000000000004
46.193166,153,2,-0.48563018441200256,1.7201685905456543,1.938747763633728,0.0,2.63696028542461,105.76519349772995,17.1,57.5
46.193166,153,3,-1.375952124595642,2.243197441101074,-0.16846325993537903,0.0,2.6369601587604095,121.52448533861724,17.1,57.5
46.193166,153,4,-1.6650177240371704,1.5329488515853882,1.9899710416793823,0.0,3.013669017934353,137.3648438367224,12.9,62.2
46.193166,153,5,-2.374191999435425,2.0897374153137207,1.5356087684631348,0.0,3.51594715616235,138.64612412288417,11.5,70.60000000000001
46.193166,153,6,-1.0791782140731812,2.6702067852020264,-2.0167431831359863,0.0,3.515946950708243,112.00635713266827,11.5,70.60000000000001
46.193166,153,7,1.2950139045715332,4.900913238525391,3.260796546936035,0.0,6.027338194020393,75.19850536462627,12.200000000000001,69.60000000000001
46.573943,154,0,-0.11562623083591461,0.04117533192038536,-0.026511792093515396,0.0,0.1255695358599525,160.3988200582623,36.0,52.6
46.573943,154,1,-1.5416830778121948,0.788346529006958,-1.0189486742019653,0.0,2.0091125809341155,152.91686558696466,13.3,51.2
46.573943,154,2,0.5395891070365906,1.5913052558898926,1.8664604425430298,0.0,2.5113907313345853,71.26892903903209,16.8,56.2
46.573943,154,3,-1.8500198125839233,1.6195050477981567,1.7426506280899048,0.0,3.013669045927058,138.8011373842967,14.4,62.6
47.117348,155,0,-0.11562623083591461,0.0411304347217083,-0.02658139541745186,0.0,0.12556953651286545,160.4185664249495,35.2,53.400000000000006
47.117348,155,1,-1.5416830778121948,0.7962520718574524,-1.0127829313278198,0.0,2.00911257532741,152.684445582876,12.4,52.0
47.117348,155,2,-1.1562622785568237,2.227705717086792,-0.08641696721315384,0.0,2.511390672710424,117.4309945262426,21.3,56.300000000000004
47.117348,155,3,-0.30833661556243896,1.5296765565872192,1.9677655696868896,0.0,2.5113906851611523,101.3963905274258,21.3,56.300000000000004
47.117348,155,4,-1.8500198125839233,1.3881404399871826,1.9320181608200073,0.0,3.01366908631641,143.11770471555855,14.100000000000001,62.900000000000006
47.398321,156,0,-0.11562623083591461,0.041115470230579376,-0.026604536920785904,0.0,0.1255695366495048,160.42514907724154,35.1,53.5
47.398321,156,1,-1.5416830778121948,0.7874159216880798,-1.0196679830551147,0.0,2.0091125756930737,152.94428882289907,12.5,52.0
47.398321,156,2,0.585839569568634,0.7395592927932739,2.1913435459136963,0.0,2.385821134336533,51.615605623358846,18.900000000000002,55.300000000000004
47.398321,156,3,-0.8787593245506287,2.2001335620880127,-0.28166842460632324,0.0,2.38582118838168,111.77235109374608,18.900000000000002,55.300000000000004
47.398321,156,4,-1.8500198125839233,1.3862476348876953,1.933376669883728,0.0,3.013669052805148,143.1552283100005,14.200000000000001,63.0
47.691637,157,0,-0.11562623083591461,0.041159000247716904,-0.02653714083135128,0.0,0.1255695361232761,160.4060023778258,35.5,53.2
47.691637,157,1,-1.2333464622497559,2.1831820011138916,-0.14020022749900818,0.0,2.5113907003336653,119.46343692068287,20.6,56.5
47.691637,157,2,-0.30833661556243896,1.1281495094299316,2.2224514484405518,0.0,2.5113906953715905,105.28628842418594,20.6,56.5
47.691637,157,3,-1.8500198125839233,1.430590271949768,1.9007996320724487,0.0,3.0136690386366456,142.285801176675,15.100000000000001,63.300000000000004
47.691637,157,4,1.2950139045715332,4.71397066116333,3.5256524085998535,0.0,6.027338161544298,74.63875641619042,11.4,70.0
47.691637,157,5,3.515037775039673,4.231014251708984,-2.464108467102051,0.0,6.027337944380124,50.280909572284166,11.4,70.0
47.691637,157,6,-0.9365724921226501,3.156705379486084,0.8079001903533936,0.34104230999946594,3.3903775016139814,106.52525588198853,18.7,43.400000000000006
47.691637,157,7,-1.9772087335586548,2.4239041805267334,-1.3076673746109009,0.34104230999946594,3.3903775328209926,129.20455249706296,18.7,43.400000000000006
