timestamp_s,frame_number,point_index,x,y,z,doppler,range,aoa,snr,noise
0.0,1,0,-0.11562623083591461,0.04109804704785347,-0.026631442829966545,0.0,0.12556953641577867,160.4328139483195,35.0,53.7
0.0,1,1,-0.8055294156074524,2.113151788711548,-0.7601670622825623,0.0,2.3858210503143353,110.866750732009,15.100000000000001,55.5
0.0,1,2,-1.8500198125839233,1.4454185962677002,1.8895483016967773,0.0,3.013669027918414,141.999524835133,15.200000000000001,62.5
0.0,1,3,-2.570756673812866,2.0957984924316406,1.5031577348709106,0.0,3.6415167681523006,140.81150574089853,11.700000000000001,70.8
0.0,1,4,-1.2294923067092896,2.713557004928589,-2.0941827297210693,0.0,3.641516752222394,114.37492332918029,11.700000000000001,70.8
0.0,1,5,1.4800158739089966,4.954188346862793,3.0974786281585693,0.0,6.027337970871784,73.36699304254974,12.0,69.10000000000001
0.0,1,6,3.7000396251678467,3.850950241088867,-2.7944040298461914,0.0,6.027338124676204,46.144934717051655,12.0,69.10000000000001
0.0,1,7,0.31604504585266113,4.692768096923828,-2.093696355819702,-0.17052115499973297,5.148351319877733,86.14710467620453,27.0,45.0
0.293416,2,0,-0.11562623083591461,0.04107861593365669,-0.026661407202482224,0.0,0.125569536824668,160.44136301589216,35.5,53.2
0.293416,2,1,-0.8055294156074524,2.095177412033081,-0.8083913326263428,0.0,2.3858211529718476,111.0301721384758,15.600000000000001,54.800000000000004
0.293416,2,2,-1.8500198125839233,1.4551167488098145,1.8820900917053223,0.0,3.013669054975222,141.81349213826059,15.8,61.900000000000006
0.293416,2,3,-2.570756673812866,2.095240592956543,1.5039350986480713,0.0,3.6415166894127866,140.81897619819057,11.8,70.60000000000001
0.293416,2,4,-1.2294923067092896,2.7075705528259277,-2.101916790008545,0.0,3.641516692658054,114.42252728494464,11.8,70.60000000000001
0.293416,2,5,1.4800158739089966,5.074268341064453,2.8965766429901123,0.0,6.027337922571413,73.73957737492121,12.3,68.7
0.293416,2,6,3.7000396251678467,3.995481491088867,-2.5835323333740234,0.0,6.027338126489584,47.19858572072556,12.3,68.7
0.293416,2,7,0.30833661556243896,4.459228515625,-2.2909693717956543,0.25578173995018005,5.022781210202711,86.04453728649622,20.400000000000002,42.5
0.293416,2,8,0.6629236936569214,4.315264701843262,-3.1770288944244385,0.8526057600975037,5.399489778358129,81.26633110196144,26.400000000000002,40.5
0.595432,3,0,-0.11562623083591461,0.041080866008996964,-0.026657938957214355,0.0,0.12556953658756545,160.44037300843638,35.4,53.300000000000004
0.595432,3,1,-0.8055294156074524,2.0826828479766846,-0.8400578498840332,0.0,2.385821174316496,111.14521852271373,15.200000000000001,55.2
0.595432,3,2,-1.8500198125839233,1.4581321477890015,1.879754900932312,0.0,3.013669051994241,141.7558427232472,15.4,62.300000000000004
0.595432,3,3,-2.570756673812866,2.1015756130218506,1.4950698614120483,0.0,3.641516692767479,140.73424150182302,11.8,70.60000000000001
0.595432,3,4,-1.2294923067092896,2.705385446548462,-2.1047284603118896,0.0,3.6415166673105324,114.43994664516678,11.8,70.60000000000001
0.595432,3,5,1.4800158739089966,5.142409801483154,2.7738020420074463,0.0,6.027337996301295,73.94386940003199,12.3,68.9
0.595432,3,6,3.7000396251678467,3.937070369720459,-2.671701431274414,0.0,6.0273381240657775,46.77770165601573,12.3,68.9
0.595432,3,7,0.9250098466873169,1.9616683721542358,-4.530402660369873,1.3641692399978638,5.022781528582063,64.75413414733497,18.7,41.0
0.595432,3,8,0.48563018441200256,4.875870227813721,-1.950459361076355,-0.25578173995018005,5.273920635893438,84.31217467521019,26.5,42.1
0.595432,3,9,3.7000396251678467,3.4507977962493896,3.275745153427124,-0.25578173995018005,6.02733813292511,43.00376861012112,12.100000000000001,50.7
0.908423,4,0,-0.11562623083591461,0.0410679429769516,-0.026677845045924187,0.0,0.1255695369664661,160.44605916052745,34.7,54.0
0.908423,4,1,-0.8055294156074524,2.1190078258514404,-0.743687093257904,0.0,2.385821095159258,110.81403102574296,14.8,55.800000000000004
0.908423,4,2,-1.8500198125839233,1.4688605070114136,1.8713836669921875,0.0,3.013669080223641,141.5514738333278,15.200000000000001,62.5
0.908423,4,3,-2.570756673812866,2.1012210845947266,1.4955682754516602,0.0,3.6415167703631797,140.73897812974627,11.700000000000001,70.7
0.908423,4,4,-1.2294923067092896,2.7084171772003174,-2.1008260250091553,0.0,3.641516844031733,114.41578437788012,11.700000000000001,70.7
0.908423,4,5,1.4800158739089966,5.087240219116211,2.8737332820892334,0.0,6.027337970497715,73.7788567394577,12.3,68.8
0.908423,4,6,3.7000396251678467,3.8850343227386475,-2.7468197345733643,0.0,6.027338016978246,46.39712738195791,12.3,68.8
0.908423,4,7,0.4740675687789917,4.565291881561279,-2.3321428298950195,-0.25578173995018005,5.148351212053049,84.07155817443237,32.2,42.5
1.195266,5,0,-0.11562623083591461,0.04105863347649574,-0.026692166924476624,0.0,0.1255695361757841,160.45015560210763,34.800000000000004,53.900000000000006
1.195266,5,1,-0.8055294156074524,2.108844041824341,-0.7720370292663574,0.0,2.385821034089801,110.90569491934035,14.3,55.900000000000006
1.195266,5,2,-1.8500198125839233,1.4827314615249634,1.8604127168655396,0.0,3.0136690878435917,141.28894585349707,15.3,62.400000000000006
1.195266,5,3,-2.570756673812866,2.0984230041503906,1.4994913339614868,0.0,3.641516612748944,140.7763839663983,11.8,70.60000000000001
1.195266,5,4,-1.2294923067092896,2.7124063968658447,-2.095672845840454,0.0,3.6415167816184937,114.3840593736629,11.8,70.60000000000001
1.195266,5,5,1.4800158739089966,4.995123863220215,3.0310213565826416,0.0,6.027337709137819,73.49585822384806,12.8,68.60000000000001
1.195266,5,6,3.7000396251678467,3.9992129802703857,-2.5777523517608643,0.0,6.02733812527421,47.22524860707087,12.8,68.60000000000001
1.195266,5,7,0.46250492334365845,4.3998894691467285,-2.3781075477600098,-0.17052115499973297,5.022781465835292,83.99925418982905,31.0,44.7
1.495876,6,0,-0.11562623083591461,0.04105913266539574,-0.02669140137732029,0.0,0.12556953667207663,160.4499359396979,34.5,54.2
1.495876,6,1,-0.8055294156074524,2.087587594985962,-0.8277938961982727,0.0,2.3858211040921056,111.09991408824297,14.5,55.900000000000006
1.495876,6,2,-1.8500198125839233,1.46073317527771,1.8777344226837158,0.0,3.013669072483126,141.7061887414695,15.4,62.300000000000004
1.495876,6,3,-2.570756673812866,2.0908422470092773,1.5100440979003906,0.0,3.6415167657771397,140.87792712777104,11.9,70.60000000000001
1.495876,6,4,-1.2294923067092896,2.706939935684204,-2.102728843688965,0.0,3.641516680964247,114.42755208303379,11.9,70.60000000000001
1.495876,6,5,1.2950139045715332,5.005136489868164,3.0984439849853516,0.0,6.027338336557466,75.49358812364527,12.100000000000001,69.2
1.495876,6,6,3.7000396251678467,3.943331480026245,-2.6624515056610107,0.0,6.027338086516699,46.8231342404586,12.100000000000001,69.2
1.797496,7,0,-0.11562623083591461,0.04107057675719261,-0.026673786342144012,0.0,0.1255695361555302,160.44490026102682,35.300000000000004,53.400000000000006
1.797496,7,1,-0.8055294156074524,2.127702236175537,-0.7184341549873352,0.0,2.385821049510552,110.7362264643503,15.200000000000001,55.300000000000004
1.797496,7,2,-1.8500198125839233,1.473694920539856,1.8675789833068848,0.0,3.013669073516136,141.45975759549265,15.100000000000001,62.6
1.797496,7,3,-2.570756673812866,2.087019681930542,1.5153226852416992,0.0,3.6415166990042716,140.92924114323165,11.700000000000001,70.8
1.797496,7,4,-1.2294923067092896,2.7167303562164307,-2.090064525604248,0.0,3.641516838054507,114.34975960393722,11.700000000000001,70.8
1.797496,7,5,1.4800158739089966,4.84748649597168,3.261936902999878,0.0,6.02733810855197,73.02172359857437,12.200000000000001,69.2
1.797496,7,6,3.7000396251678467,4.040722370147705,-2.5121853351593018,0.0,6.027338190164358,47.52004838502365,12.200000000000001,69.2
2.117654,8,0,-0.11562623083591461,0.04106713831424713,-0.026679079979658127,0.0,0.12556953617499234,160.44641322649628,35.1,53.6
2.117654,8,1,-1.8500198125839233,1.4674232006072998,1.8725109100341797,0.0,3.013669070224974,141.5787867949624,15.100000000000001,62.6
2.117654,8,2,-2.570756673812866,2.0855050086975098,1.5174068212509155,0.0,3.6415167826655144,140.9495947448593,11.700000000000001,70.8
2.117654,8,3,-1.2294923067092896,2.7214345932006836,-2.083935260772705,0.0,3.6415166824303444,114.3125460662542,11.700000000000001,70.8
2.117654,8,4,1.4800158739089966,5.095690727233887,2.85872220993042,0.0,6.02733802338889,73.80434602481712,12.600000000000001,68.5
2.117654,8,5,3.7000396251678467,3.8977248668670654,-2.7287821769714355,0.0,6.027338096951512,46.49043513000353,12.600000000000001,68.5
2.117654,8,6,3.3146185874938965,4.251842021942139,0.2993921935558319,-0.25578173995018005,5.3994900357047815,52.06100546589244,21.200000000000003,43.7
2.117654,8,7,4.127856254577637,4.777148723602295,1.0730609893798828,-0.25578173995018005,6.404046148553247,49.170239334220334,11.4,54.2
2.117654,8,8,-4.127856254577637,4.891257286071777,0.21958301961421967,-0.25578173995018005,6.40404651759408,130.161869503762,11.4,54.2
2.389181,9,0,-0.11562623083591461,0.04103178530931473,-0.02673342078924179,0.0,0.12556953631388695,160.46197071437538,35.2,53.5
2.389181,9,1,-1.8500198125839233,1.4674752950668335,1.8724700212478638,0.0,3.013669031107517,141.5777964892269,14.9,62.800000000000004
2.389181,9,2,-2.570756673812866,2.086646318435669,1.5158369541168213,0.0,3.641516772673261,140.93425716977097,11.700000000000001,70.8
2.389181,9,3,-1.2294923067092896,2.712939977645874,-2.0949819087982178,0.0,3.6415166967567716,114.37982184247645,11.700000000000001,70.8
2.389181,9,4,1.4800158739089966,4.928734302520752,3.1378226280212402,0.0,6.0273376922808515,73.28587303638706,12.700000000000001,68.7
2.389181,9,5,3.7000396251678467,3.896277666091919,-2.7308483123779297,0.0,6.027338167409914,46.47981066559421,12.700000000000001,68.7
2.389181,9,6,0.9250098466873169,3.1472766399383545,-3.803595542907715,-0.5115634799003601,5.022781352875873,73.62151475173145,25.1,40.6
2.389181,9,7,1.0868866443634033,1.3391153812408447,-5.644139766693115,-0.42630288004875183,5.901768064566581,50.93565267490885,14.100000000000001,52.0
2.389181,9,8,0.6012564301490784,3.6096279621124268,-3.2544987201690674,-0.25578173995018005,4.8972119863491335,80.5430559578877,23.700000000000003,42.5
2.389181,9,9,1.52626633644104,5.248950958251953,-0.8033125996589661,-0.25578173995018005,5.525059839011528,73.78686356336071,16.900000000000002,49.2
2.389181,9,10,-0.5087554454803467,2.3110289573669434,4.992654323577881,-0.25578173995018005,5.525059650341827,102.41520018214673,16.900000000000002,49.2
2.389181,9,11,-4.964219570159912,1.4640405178070068,-2.5646793842315674,-0.25578173995018005,5.776198656767415,163.56823314915246,11.4,54.0
2.389181,9,12,1.0637613534927368,4.754819393157959,3.1023502349853516,-0.25578173995018005,5.776198807109169,77.38928934037068,11.4,54.0
2.695313,10,0,-0.11562623083591461,0.04106207564473152,-0.02668687142431736,0.0,0.12556953619406225,160.4486409272008,35.1,53.6
2.695313,10,1,-1.8500198125839233,1.480623722076416,1.8620905876159668,0.0,3.0136690710521705,141.32871430828064,15.5,62.1
2.695313,10,2,-2.570756673812866,2.086493730545044,1.5160467624664307,0.0,3.6415166825846224,140.9363073475324,11.8,70.7
2.695313,10,3,-1.2294923067092896,2.714733123779297,-2.092658042907715,0.0,3.6415168474343456,114.36559136534134,11.8,70.7
2.695313,10,4,1.4800158739089966,5.033740997314453,2.966447114944458,0.0,6.02733804434671,73.61565788306562,12.3,69.0
2.695313,10,5,3.7000396251678467,3.917440891265869,-2.7004013061523438,0.0,6.027338017619671,46.63476555025076,12.3,69.0
2.695313,10,6,1.241054892539978,1.2525426149368286,-5.500490188598633,-0.42630288004875183,5.776198798812246,45.263953324961726,15.0,53.2
2.695313,10,7,0.6012564301490784,4.048357009887695,-2.689234495162964,-0.25578173995018005,4.89721205833246,81.55226102423643,26.8,42.2
3.005667,11,0,-0.11562623083591461,0.04104268178343773,-0.02671668864786625,0.0,0.12556953626419015,160.45717527848953,34.800000000000004,53.900000000000006
3.005667,11,1,-1.8500198125839233,1.4619512557983398,1.876786231994629,0.0,3.013669083009612,141.6829587474393,15.4,62.2
3.005667,11,2,-2.570756673812866,2.0910720825195312,1.5097256898880005,0.0,3.6415167154571404,140.87484420160482,11.600000000000001,70.8
3.005667,11,3,-1.2294923067092896,2.7052645683288574,-2.104883909225464,0.0,3.6415167153576435,114.44091095016572,11.600000000000001,70.8
3.005667,11,4,1.4800158739089966,5.12423849105835,2.807229518890381,0.0,6.027338108319134,73.88988103962298,12.200000000000001,69.0
3.005667,11,5,3.7000396251678467,3.907226085662842,-2.7151601314544678,0.0,6.027338007092039,46.56008431659288,12.200000000000001,69.0
3.005667,11,6,0.7322994470596313,3.2502853870391846,-3.4158384799957275,-0.34104230999946594,4.771642285291703,77.30308680621056,29.900000000000002,41.900000000000006
3.005667,11,7,1.618767261505127,4.7275190353393555,1.6865332126617432,-0.34104230999946594,5.273920548683673,71.09809382204459,19.0,49.400000000000006
3.005667,11,8,3.39941143989563,4.012722969055176,-0.39534270763397217,-0.34104230999946594,5.273920706699678,49.73012104806251,19.0,49.400000000000006
3.005667,11,9,1.3875148296356201,1.4953968524932861,-5.269554138183594,-0.34104230999946594,5.650629165336674,47.14307701085674,12.3,56.7
3.005667,11,10,-4.343692302703857,4.26804780960083,0.8799847364425659,-0.34104230999946594,6.152907285339109,135.50326631766865,11.600000000000001,54.5
3.292885,12,0,-0.11562623083591461,0.04108325019478798,-0.026654262095689774,0.0,0.12556953608162086,160.43932400717716,35.0,53.7
3.292885,12,1,-1.8500198125839233,1.4679707288742065,1.8720816373825073,0.0,3.0136690304028564,141.5683797440956,15.0,62.7
3.292885,12,2,-2.570756673812866,2.088693380355835,1.513014793395996,0.0,3.641516672779462,140.90676426678064,11.700000000000001,70.8
3.292885,12,3,-1.2294923067092896,2.7089803218841553,-2.100099802017212,0.0,3.6415168398684696,114.41130116918261,11.700000000000001,70.8
3.292885,12,4,1.4800158739089966,5.0474677085876465,2.9430301189422607,0.0,6.027338014186606,73.65783494916236,12.600000000000001,68.7
3.292885,12,5,3.7000396251678467,3.9187893867492676,-2.698444128036499,0.0,6.027338068969218,46.64460913283885,12.600000000000001,68.7
3.292885,12,6,0.2081272155046463,6.33156156539917,-2.4179844856262207,0.25578173995018005,6.780754955534288,88.1172861263038,13.600000000000001,46.2
3.292885,12,7,1.695851445198059,4.3928985595703125,1.7478164434432983,-0.596824049949646,5.022781321023846,68.89122543312607,19.200000000000003,44.2
3.292885,12,8,3.391702890396118,3.664374589920044,-0.5450166463851929,-0.596824049949646,5.022781378560094,47.213009690939856,19.200000000000003,44.2
3.292885,12,9,0.8556341528892517,1.630288004875183,-4.265682220458984,-0.42630288004875183,4.646072921120622,62.30788513801321,30.8,41.1
3.292885,12,10,0.7515705823898315,4.01138973236084,-2.7067654132843018,-0.25578173995018005,4.897211954546781,79.38814079096876,28.400000000000002,41.900000000000006
3.609099,13,0,-0.11562623083591461,0.041072409600019455,-0.026670964434742928,0.0,0.1255695362400901,160.44409379482136,35.1,53.6
3.609099,13,1,-0.8055294156074524,2.116095542907715,-0.7519341111183167,0.0,2.3858212199546873,110.84021736043226,15.100000000000001,55.400000000000006
3.609099,13,2,-1.8500198125839233,1.485587477684021,1.8581328392028809,0.0,3.0136690443591823,141.23512955671745,14.8,62.800000000000004
3.609099,13,3,-2.570756673812866,2.084289312362671,1.5190761089324951,0.0,3.6415167222343134,140.96593929984002,11.700000000000001,70.8
3.609099,13,4,-1.2294923067092896,2.712597370147705,-2.095425605773926,0.0,3.6415167573584775,114.38254256485027,11.700000000000001,70.8
3.609099,13,5,1.4800158739089966,4.82344913482666,3.297377109527588,0.0,6.027338081252717,72.94201412457772,12.4,69.0
3.609099,13,6,3.7000396251678467,3.9229071140289307,-2.6924545764923096,0.0,6.02733814378996,46.67464505878343,12.4,69.0
3.609099,13,7,1.0791782140731812,3.238805055618286,-3.6842706203460693,-1.0231269598007202,5.022781481407883,71.57179368053106,21.3,41.0
3.609099,13,8,1.0791782140731812,4.7521209716796875,-1.2169851064682007,-0.25578173995018005,5.022781310844968,77.20547104591576,15.600000000000001,52.400000000000006
3.894629,14,0,-0.11562623083591461,0.041082967072725296,-0.02665470354259014,0.0,0.12556953715675712,160.4394485753626,35.300000000000004,53.400000000000006
3.894629,14,1,-0.8055294156074524,2.1109256744384766,-0.7663276195526123,0.0,2.385821213524097,110.88685859555652,15.200000000000001,55.300000000000004
3.894629,14,2,-1.8500198125839233,1.4764162302017212,1.8654283285140991,0.0,3.0136690330192235,141.40823283226152,15.0,62.7
3.894629,14,3,-2.570756673812866,2.081519842147827,1.5228687524795532,0.0,3.641516712372351,141.00320197563968,11.600000000000001,70.8
3.894629,14,4,-1.2294923067092896,2.7155847549438477,-2.091552734375,0.0,3.64151681778518,114.35883824964445,11.600000000000001,70.8
3.894629,14,5,1.2950139045715332,5.107118129730225,2.9273006916046143,0.0,6.027338213765809,75.77138434660856,12.200000000000001,69.10000000000001
3.894629,14,6,3.7000396251678467,3.8972764015197754,-2.7294228076934814,0.0,6.027338172096578,46.487143215000664,12.200000000000001,69.10000000000001
3.894629,14,7,1.16011643409729,2.7395617961883545,-4.505931854248047,0.25578173995018005,5.399489869508472,67.048902682667,15.5,44.900000000000006
3.894629,14,8,0.42781707644462585,4.1188063621521,-2.1067512035369873,-0.34104230999946594,4.646072958252677,84.06999872142,30.6,41.5
4.193905,15,0,-0.11562623083591461,0.04106177017092705,-0.026687342673540115,0.0,0.12556953645636032,160.44877534525259,35.1,53.6
4.193905,15,1,-0.8055294156074524,2.1184728145599365,-0.745209813117981,0.0,2.385821110436765,110.81883696320087,15.100000000000001,55.400000000000006
4.193905,15,2,-1.8500198125839233,1.480452299118042,1.8622268438339233,0.0,3.0136690486535853,141.331950630821,15.200000000000001,62.400000000000006
4.193905,15,3,-2.570756673812866,2.086264133453369,1.5163626670837402,0.0,3.6415166687264584,140.9393924487941,11.600000000000001,70.8
4.193905,15,4,-1.2294923067092896,2.712446928024292,-2.0956203937530518,0.0,3.641516786219644,114.38373743937791,11.600000000000001,70.8
4.193905,15,5,1.4800158739089966,4.853736400604248,3.252629518508911,0.0,6.027337954540861,73.04233039673395,11.8,69.4
4.193905,15,6,3.7000396251678467,3.807138681411743,-2.8538057804107666,0.0,6.027338185270482,45.81733874091678,11.8,69.4
4.193905,15,7,0.8093836307525635,2.2454705238342285,-3.6902849674224854,-0.34104230999946594,4.394933773781232,70.17821656616833,30.900000000000002,41.400000000000006
4.193905,15,8,0.4162544310092926,4.054996013641357,-1.9541469812393188,-0.17052115499973297,4.5205033841674,84.13898902699913,27.8,46.1
4.490925,16,0,-0.11562623083591461,0.041074950248003006,-0.026667052879929543,0.0,0.12556953653054984,160.4429759017517,35.2,53.5
4.490925,16,1,-1.8500198125839233,1.4787113666534424,1.8636095523834229,0.0,3.013669055579575,141.36483456253725,15.200000000000001,62.400000000000006
4.490925,16,2,-2.570756673812866,2.0881688594818115,1.513738751411438,0.0,3.6415167264736845,140.91380676124552,11.600000000000001,70.8
4.490925,16,3,-1.2294923067092896,2.707845687866211,-2.1015625,0.0,3.6415167915250937,114.42033559913581,11.600000000000001,70.8
4.490925,16,4,1.4800158739089966,4.749377250671387,3.403200149536133,0.0,6.027337929303473,72.69175713376073,11.9,69.2
4.490925,16,5,3.7000396251678467,3.78756046295166,-2.8797390460968018,0.0,6.027338090893967,45.669686709780365,11.9,69.2
4.490925,16,6,0.7862583994865417,1.8891444206237793,-3.7470526695251465,-0.25578173995018005,4.269364428217931,67.40301222159128,35.6,42.400000000000006
4.798668,17,0,-0.11562623083591461,0.0410989411175251,-0.026630062609910965,0.0,0.12556953632513654,160.43242060813228,35.6,53.1
4.798668,17,1,-0.8055294156074524,2.1183855533599854,-0.74545818567276,0.0,2.385821221022166,110.81962102048173,15.700000000000001,54.800000000000004
4.798668,17,2,-1.8500198125839233,1.474610686302185,1.8668559789657593,0.0,3.0136690643316926,141.44241041047292,15.200000000000001,62.400000000000006
4.798668,17,3,-2.570756673812866,2.090445041656494,1.5105937719345093,0.0,3.641516702137578,140.88325572556994,11.700000000000001,70.7
4.798668,17,4,-1.2294923067092896,2.70778489112854,-2.1016409397125244,0.0,3.6415168526806343,114.42081986534394,11.700000000000001,70.7
4.798668,17,5,1.4800158739089966,4.751290798187256,3.4005281925201416,0.0,6.027337988207216,72.69831172609652,12.200000000000001,69.10000000000001
4.798668,17,6,3.7000396251678467,3.7759294509887695,-2.894973039627075,0.0,6.027338164299743,45.581599166395115,12.200000000000001,69.10000000000001
4.798668,17,7,0.9982398152351379,2.917832851409912,-3.475019693374634,-1.193648099899292,4.646072873602944,71.1133177621804,18.1,41.5
4.798668,17,8,0.13489727675914764,4.281920433044434,-0.9810220003128052,-0.34104230999946594,4.394933905680289,88.195555183517,30.1,41.6
4.798668,17,9,0.7862583994865417,2.6385700702667236,-3.263007640838623,-0.17052115499973297,4.269364490253991,73.4066510517341,26.6,45.0
5.098895,18,0,-0.11562623083591461,0.041102029383182526,-0.026625297963619232,0.0,0.12556953678495322,160.4310619603362,35.1,53.6
5.098895,18,1,-0.8055294156074524,2.124142646789551,-0.7288913130760193,0.0,2.3858210682271808,110.76801320789775,15.5,55.2
5.098895,18,2,-1.8500198125839233,1.466720700263977,1.873061180114746,0.0,3.0136690435395774,141.59214384472176,15.200000000000001,62.5
5.098895,18,3,-2.570756673812866,2.0851283073425293,1.5179240703582764,0.0,3.6415166369807443,140.95465853652817,11.600000000000001,70.8
5.098895,18,4,-1.2294923067092896,2.7137749195098877,-2.093900203704834,0.0,3.6415166770307907,114.37319377034437,11.600000000000001,70.8
5.098895,18,5,1.4800158739089966,4.707058429718018,3.461496591567993,0.0,6.027338110744982,72.54555957248714,12.0,69.3
5.098895,18,6,3.7000396251678467,3.7491207122802734,-2.9296085834503174,0.0,6.027338201502131,45.37750542681766,12.0,69.3
5.098895,18,7,0.7631331086158752,2.5228381156921387,-3.19749116897583,-0.17052115499973297,4.143794646834373,73.16996295796258,28.5,44.300000000000004
5.098895,18,8,0.40469181537628174,4.203453540802002,-1.217638611793518,-0.17052115499973297,4.394933551721104,84.50073908827622,26.400000000000002,45.1
5.399243,19,0,-0.11562623083591461,0.0410861112177372,-0.026649851351976395,0.0,0.12556953599260817,160.43806522368124,35.6,53.1
5.399243,19,1,-1.8500198125839233,1.4670240879058838,1.8728235960006714,0.0,3.0136690599974694,141.58637475223838,15.3,62.400000000000006
5.399243,19,2,-2.570756673812866,2.0835487842559814,1.5200917720794678,0.0,3.641516772976841,140.9758991133937,11.600000000000001,70.8
5.399243,19,3,-1.2294923067092896,2.7113394737243652,-2.097052812576294,0.0,3.641516658312494,114.39253669145606,11.600000000000001,70.8
5.399243,19,4,1.4800158739089966,4.862710475921631,3.2391977310180664,0.0,6.027337894982591,73.0718343920029,11.700000000000001,69.4
5.399243,19,5,3.7000396251678467,3.903764486312866,-2.720134973526001,0.0,6.027338107872254,46.53472955803242,11.700000000000001,69.4
5.399243,19,6,0.6166732311248779,2.1695475578308105,-3.3254940509796143,-0.5115634799003601,4.01822512594509,74.13270445567134,33.1,40.7
5.399243,19,7,0.9250098466873169,3.00486421585083,-3.9170756340026855,-0.5115634799003601,5.0227814699294715,72.88967262802798,15.700000000000001,54.5
5.399243,19,8,1.4260568618774414,3.8269758224487305,-2.2150871753692627,-0.34104230999946594,4.6460728915289575,69.56295430100658,16.0,48.5
5.399243,19,9,2.9947192668914795,3.3666038513183594,1.1329727172851562,-0.34104230999946594,4.646072767113658,48.34571801962379,16.0,48.5
5.399243,19,10,0.13489727675914764,4.341545581817627,-0.6694996356964111,-0.17052115499973297,4.394934024132196,88.22032070043188,26.900000000000002,45.300000000000004
5.698259,20,0,-0.11562623083591461,0.04108109697699547,-0.026657585054636,0.0,0.12556953701873186,160.44027138584238,35.1,53.6
5.698259,20,1,-1.8500198125839233,1.4648650884628296,1.874512791633606,0.0,3.0136690661630854,141.62744943458213,15.200000000000001,62.5
5.698259,20,2,-2.570756673812866,2.0873355865478516,1.5148873329162598,0.0,3.6415166288584477,140.92499761625396,11.600000000000001,70.8
5.698259,20,3,-1.2294923067092896,2.7115120887756348,-2.096829891204834,0.0,3.6415168175478487,114.39116479041105,11.600000000000001,70.8
5.698259,20,4,1.4800158739089966,5.053014755249023,2.93349552154541,0.0,6.027337810237115,73.67481908872502,11.700000000000001,69.4
5.698259,20,5,3.7000396251678467,3.8430778980255127,-2.80522084236145,0.0,6.027338129931279,46.08635550255547,11.700000000000001,69.4
5.698259,20,6,0.5974022150039673,2.5301544666290283,-2.8972740173339844,-0.34104230999946594,3.892655618342454,76.71503414853281,34.4,40.5
5.698259,20,7,2.9947192668914795,3.455265522003174,0.8238864541053772,-0.25578173995018005,4.646072772169334,49.0841413260627,11.3,54.7
5.698259,20,8,1.4260568618774414,3.776399612426758,-2.3002521991729736,-0.25578173995018005,4.646072791707509,69.3122901560085,11.3,54.7
5.999937,21,0,-0.11562623083591461,0.041085369884967804,-0.02665099687874317,0.0,0.12556953655459435,160.43839139095584,35.4,53.300000000000004
5.999937,21,1,-1.8500198125839233,1.4650092124938965,1.8744001388549805,0.0,3.0136690561812873,141.62470603994709,15.4,62.300000000000004
5.999937,21,2,-2.570756673812866,2.08856463432312,1.5131925344467163,0.0,3.641516683197255,140.90849274881953,11.700000000000001,70.7
5.999937,21,3,-1.2294923067092896,2.711439847946167,-2.0969231128692627,0.0,3.641516706342699,114.3917389247382,11.700000000000001,70.7
5.999937,21,4,1.2950139045715332,5.144008636474609,2.86197829246521,0.0,6.027338186272698,75.86932401977089,11.9,69.3
6.295242,22,0,-0.11562623083591461,0.041086338460445404,-0.02664949931204319,0.0,0.12556953563260906,160.4379652430221,35.300000000000004,53.400000000000006
6.295242,22,1,-1.8500198125839233,1.470868468284607,1.8698058128356934,0.0,3.013669048794361,141.51335137459307,15.3,62.400000000000006
6.295242,22,2,-2.570756673812866,2.080939531326294,1.523661732673645,0.0,3.641516756051514,141.01101492068852,11.8,70.60000000000001
6.295242,22,3,-1.2294923067092896,2.721557855606079,-2.0837743282318115,0.0,3.6415167093762495,114.31157241771115,11.8,70.60000000000001
6.295242,22,4,1.2950139045715332,5.014902591705322,3.0826125144958496,0.0,6.027338461697069,75.520649567297,12.4,69.0
6.295242,22,5,0.27750298380851746,4.511941909790039,-0.018050415441393852,-0.42630288004875183,4.52050367999408,86.48050724467696,16.5,43.5
6.295242,22,6,0.13104306161403656,4.266932010650635,-0.059931427240371704,-0.17052115499973297,4.269364454281611,88.24092459463034,21.6,50.7
6.610398,23,0,-0.11562623083591461,0.041075024753808975,-0.02666693553328514,0.0,0.12556953598139406,160.44294311919762,35.300000000000004,53.400000000000006
6.610398,23,1,-1.8500198125839233,1.4649256467819214,1.8744654655456543,0.0,3.0136690659519623,141.62629668428266,15.200000000000001,62.5
6.610398,23,2,-2.570756673812866,2.112541913986206,1.4795339107513428,0.0,3.641516690524026,140.5880435748389,12.200000000000001,70.5
6.610398,23,3,-1.2294923067092896,2.667382001876831,-2.1526880264282227,0.0,3.64151669161645,114.74667584608822,12.200000000000001,70.5
6.610398,23,4,1.4800158739089966,4.782169818878174,3.356963872909546,0.0,6.027337854113686,72.80342189265268,12.200000000000001,69.10000000000001
6.610398,23,5,3.7000396251678467,3.9054579734802246,-2.717702865600586,0.0,6.027338058888527,46.54713659830957,12.200000000000001,69.10000000000001
6.610398,23,6,0.0,4.143589496612549,-0.041236165910959244,-0.42630288004875183,4.143794678530401,90.0,34.4,41.6
6.610398,23,7,0.4779217541217804,3.31425404548645,-1.9849634170532227,-0.25578173995018005,3.8926557577219367,81.7944035708196,28.8,40.900000000000006
6.9009,24,0,-0.11562623083591461,0.0410764180123806,-0.026664789766073227,0.0,0.1255695360639551,160.44233008789084,35.5,53.2
6.9009,24,1,-1.8500198125839233,1.4680005311965942,1.8720582723617554,0.0,3.0136690331993354,141.56781336756399,15.3,62.400000000000006
6.9009,24,2,-2.570756673812866,2.0545260906219482,1.5590945482254028,0.0,3.6415165993450955,141.36845977565525,11.700000000000001,70.5
6.9009,24,3,-1.2294923067092896,2.71270751953125,-2.095283031463623,0.0,3.6415167719946187,114.38166778190383,11.700000000000001,70.5
6.9009,24,4,1.4800158739089966,4.5524163246154785,3.6624937057495117,0.0,6.027337847201109,71.99036805117834,12.3,69.2
6.9009,24,5,3.7000396251678467,3.812622547149658,-2.84647536277771,0.0,6.027338210665357,45.8585563041204,12.3,69.2
6.9009,24,6,0.0,4.017322063446045,-0.08518917113542557,-0.34104230999946594,4.01822519980266,90.0,28.400000000000002,41.2
6.9009,24,7,-3.7077479362487793,1.4655380249023438,-2.3855390548706055,-0.17052115499973297,4.6460728624834,158.43291347156855,17.3,58.6
6.9009,24,8,0.5704227685928345,2.9685583114624023,-3.5282108783721924,-0.17052115499973297,4.646072813220377,79.12292011102475,17.3,58.6
7.198677,25,0,-0.11562623083591461,0.04111946374177933,-0.026598362252116203,0.0,0.12556953623481498,160.42339233971498,35.2,53.5
7.198677,25,1,-1.8500198125839233,1.4692696332931519,1.8710623979568481,0.0,3.0136690361283005,141.54370303333644,15.3,62.400000000000006
7.198677,25,2,-2.570756673812866,2.1456775665283203,1.431056261062622,0.0,3.641516733146069,140.1499950876451,12.200000000000001,70.7
7.198677,25,3,-1.2294923067092896,2.6974170207977295,-2.114931344985962,0.0,3.641516787047776,114.50366787185592,12.200000000000001,70.7
7.198677,25,4,1.4800158739089966,4.913864612579346,3.1610586643218994,0.0,6.027338077216735,73.23812787973314,12.0,69.3
7.198677,25,5,3.7000396251678467,3.9332969188690186,-2.677253484725952,0.0,6.027338060974678,46.75028323015948,12.0,69.3
7.198677,25,6,0.13489727675914764,4.220353603363037,1.2189592123031616,-0.42630288004875183,4.39493383044104,88.16924959404567,20.700000000000003,41.1
7.498702,26,0,-0.11562623083591461,0.04105737432837486,-0.026694105938076973,0.0,0.125569536655567,160.45070967860403,35.4,53.300000000000004
7.498702,26,1,-1.8500198125839233,1.4679808616638184,1.872073769569397,0.0,3.0136690786936233,141.56818717507792,15.3,62.400000000000006
7.498702,26,2,-2.570756673812866,2.0842301845550537,1.5191571712493896,0.0,3.641516696257513,140.96673444262933,11.8,70.60000000000001
7.498702,26,3,-1.2294923067092896,2.706392288208008,-2.103433847427368,0.0,3.6415167856859054,114.4319173483156,11.8,70.60000000000001
7.498702,26,4,1.2950139045715332,5.02034854888916,3.0737345218658447,0.0,6.027338092083184,75.53569720887282,11.600000000000001,69.7
7.498702,26,5,3.7000396251678467,3.928898811340332,-2.683703899383545,0.0,6.027338195018605,46.71829071773682,11.600000000000001,69.7
7.498702,26,6,-0.21968984603881836,7.150415420532227,0.22930380702018738,0.25578173995018005,7.15746355565654,91.75980580294288,12.4,43.5
7.498702,26,7,0.0,3.8393611907958984,1.8672915697097778,-0.5115634799003601,4.269364374201259,90.0,23.400000000000002,41.300000000000004
7.498702,26,8,0.0,3.960202932357788,0.680386483669281,-0.17052115499973297,4.018225109748715,90.0,30.1,44.7
7.498702,26,9,-3.6075384616851807,1.6413674354553223,-2.174058675765991,-0.17052115499973297,4.520503504741971,155.53528813033043,11.600000000000001,59.7
7.498702,26,10,0.6937574744224548,2.9165186882019043,-3.383425712585449,-0.17052115499973297,4.5205033176110305,76.61961951711959,11.600000000000001,59.7
7.809608,27,0,-0.11562623083591461,0.041066013276576996,-0.02668081410229206,0.0,0.12556953669148133,160.44690826578048,35.4,53.300000000000004
7.809608,27,1,-1.8500198125839233,1.4649394750595093,1.8744546175003052,0.0,3.0136690404901634,141.62603346298732,15.200000000000001,62.5
7.809608,27,2,-2.570756673812866,2.088357925415039,1.5134778022766113,0.0,3.6415166838257433,140.91126809999258,11.700000000000001,70.7
7.809608,27,3,-1.2294923067092896,2.703526735305786,-2.1071157455444336,0.0,3.6415168413577006,114.45478239729475,11.700000000000001,70.7
7.809608,27,4,1.2950139045715332,5.126760005950928,2.8927624225616455,0.0,6.0273380198091004,75.82369598635876,11.700000000000001,69.60000000000001
7.809608,27,5,3.7000396251678467,4.068772792816162,-2.4664952754974365,0.0,6.027338070112247,47.71740517865399,11.700000000000001,69.60000000000001
7.809608,27,6,0.3237534463405609,3.1254935264587402,-1.5774528980255127,-0.34104230999946594,3.5159470592490396,84.08612274446504,35.7,41.0
7.809608,27,7,-0.1194804385304451,3.7565417289733887,1.013353705406189,-0.25578173995018005,3.892655529194724,91.82173348073316,35.1,42.0
7.809608,27,8,0.40469181537628174,4.362144947052002,0.35122326016426086,-0.25578173995018005,4.394933649442762,84.6996371413487,12.700000000000001,56.2
8.096162,28,0,-0.11562623083591461,0.041080065071582794,-0.026659172028303146,0.0,0.1255695363407875,160.4407254103593,35.5,53.2
8.096162,28,1,-0.8055294156074524,2.131514310836792,-0.7070441246032715,0.0,2.385821093637772,110.70228804898747,15.700000000000001,55.0
8.096162,28,2,-1.8500198125839233,1.469133973121643,1.8711689710617065,0.0,3.013669068792618,141.5462795291997,15.3,62.400000000000006
8.096162,28,3,-2.570756673812866,2.0881688594818115,1.513738751411438,0.0,3.6415167264736845,140.91380676124552,11.600000000000001,70.7
8.096162,28,4,-1.2294923067092896,2.715127944946289,-2.0921456813812256,0.0,3.641516805097527,114.3624601444692,11.600000000000001,70.7
8.096162,28,5,1.4800158739089966,4.810788154602051,3.315821647644043,0.0,6.027337957545344,72.89973681187168,11.600000000000001,69.7
8.096162,28,6,3.7000396251678467,4.027855396270752,-2.532764196395874,0.0,6.027338284485489,47.429019321644994,11.600000000000001,69.7
8.096162,28,7,0.31219086050987244,3.025269031524658,-1.498313546180725,-0.42630288004875183,3.3903774611622075,84.10825054728474,33.7,41.400000000000006
8.096162,28,8,-3.77712345123291,1.7100551128387451,-1.4575639963150024,-0.34104230999946594,4.394933771759628,155.64183221732583,14.3,59.5
8.401874,29,0,-0.11562623083591461,0.04111623018980026,-0.02660335972905159,0.0,0.1255695360794734,160.42481476976093,35.6,53.1
8.401874,29,1,-1.8500198125839233,1.4779069423675537,1.8642475605010986,0.0,3.0136690601467118,141.38003928188763,15.100000000000001,62.6
8.401874,29,2,-2.570756673812866,2.0916495323181152,1.5089253187179565,0.0,3.641516615294796,140.86709970011643,11.700000000000001,70.7
8.401874,29,3,-1.2294923067092896,2.7018866539001465,-2.109218120574951,0.0,3.6415167036473672,114.46788714787117,11.700000000000001,70.7
8.401874,29,4,1.4800158739089966,4.843193531036377,3.2683074474334717,0.0,6.027338063942018,73.0075409177087,11.5,69.8
8.401874,29,5,3.7000396251678467,3.972693920135498,-2.6184375286102295,0.0,6.027338160591972,47.03517685202804,11.5,69.8
8.401874,29,6,0.4779217541217804,3.8287482261657715,-0.5148272514343262,-0.42630288004875183,3.8926558133554274,82.8848820534408,19.900000000000002,43.2
8.401874,29,7,0.31219086050987244,3.116105556488037,-1.2988768815994263,-0.25578173995018005,3.390377283742174,84.27884264597691,37.7,41.900000000000006
8.69717,30,0,-0.11562623083591461,0.04105578735470772,-0.026696546003222466,0.0,0.12556953651717187,160.45140801712336,35.9,52.800000000000004
8.69717,30,1,-0.8055294156074524,2.1068875789642334,-0.7773606777191162,0.0,2.3858211444000945,110.92342821160177,15.8,54.800000000000004
8.69717,30,2,-1.8500198125839233,1.461769938468933,1.876927375793457,0.0,3.0136690319222907,141.68641570478394,15.100000000000001,62.5
8.69717,30,3,-2.570756673812866,2.0832672119140625,1.520477533340454,0.0,3.6415167281755902,140.97968688791397,11.8,70.60000000000001
8.69717,30,4,-1.2294923067092896,2.707956552505493,-2.101419687271118,0.0,3.641516816460609,114.41945257187375,11.8,70.60000000000001
8.69717,30,5,1.4800158739089966,4.768462181091309,3.3764069080352783,0.0,6.027337900611599,72.75691524670505,11.3,69.9
8.69717,30,6,3.7000396251678467,3.9202988147735596,-2.6962509155273438,0.0,6.027338137553694,46.65562322367455,11.3,69.9
8.69717,30,7,-0.34687870740890503,3.4737963676452637,1.4153976440429688,-0.25578173995018005,3.7670859470260947,95.70241264251487,26.3,44.800000000000004
9.007741,31,0,-0.11562623083591461,0.04109886661171913,-0.026630179956555367,0.0,0.1255695368256434,160.4324533864079,35.6,53.1
9.007741,31,1,-1.8500198125839233,1.4878681898117065,1.8563071489334106,0.0,3.013669074133374,141.1922120068535,15.200000000000001,62.6
9.007741,31,2,-2.570756673812866,2.0857484340667725,1.5170722007751465,0.0,3.6415167813055773,140.94632289602947,11.5,70.9
9.007741,31,3,-1.2294923067092896,2.7032947540283203,-2.1074130535125732,0.0,3.6415166672046904,114.45663519844337,11.5,70.9
9.007741,31,4,1.4800158739089966,4.795947551727295,3.3372507095336914,0.0,6.027337903604274,72.84992181818379,11.8,69.5
9.007741,31,5,3.7000396251678467,3.9920897483825684,-2.5887701511383057,0.0,6.027338109180375,47.17432717919816,11.8,69.5
9.007741,31,6,-3.9120209217071533,1.9574514627456665,-0.42416912317276,-0.42630288004875183,4.394933829528356,153.41806728516212,15.3,53.6
9.007741,31,7,-2.1583564281463623,0.9004510045051575,3.721038579940796,-0.42630288004875183,4.3949337419172645,157.354448492284,15.3,53.6
9.007741,31,8,-0.21583564579486847,3.3579773902893066,1.0194543600082397,-0.34104230999946594,3.5159471514557326,93.67765538576992,34.800000000000004,41.2
9.007741,31,9,-3.8002490997314453,1.9094783067703247,-0.37345853447914124,-0.25578173995018005,4.269364343905476,153.32223979538978,14.0,56.900000000000006
9.007741,31,10,0.655215322971344,1.7026296854019165,3.859950304031372,-0.25578173995018005,4.269364275235852,68.95200228315004,14.0,56.900000000000006
9.304784,32,0,-0.11562623083591461,0.04109867662191391,-0.026630474254488945,0.0,0.12556953705581567,160.43253697107107,35.1,53.6
9.304784,32,1,-1.8500198125839233,1.4844366312026978,1.8590524196624756,0.0,3.0136690790566862,141.25680535614075,15.100000000000001,62.5
9.304784,32,2,-2.570756673812866,2.0883255004882812,1.5135226249694824,0.0,3.6415167181049073,140.91170346901538,11.700000000000001,70.8
9.304784,32,3,-1.2294923067092896,2.7121286392211914,-2.09603214263916,0.0,3.6415166937579224,114.38626578515881,11.700000000000001,70.8
9.304784,32,4,1.4800158739089966,4.6761860847473145,3.5030901432037354,0.0,6.027338039103016,72.43738745790158,11.9,69.4
9.304784,32,5,3.7000396251678467,3.872581720352173,-2.7643485069274902,0.0,6.027338141864139,46.305257868362574,11.9,69.4
9.304784,32,6,0.10791782289743423,3.513305425643921,0.08320500701665878,-0.596824049949646,3.515947147434184,88.24060494225832,25.8,41.1
9.304784,32,7,-3.688476800918579,1.888155221939087,0.03228870779275894,-0.596824049949646,4.143794615289388,152.8917985603866,20.5,49.900000000000006
9.304784,32,8,0.0,3.634444236755371,0.2268451750278473,-0.42630288004875183,3.6415166680269015,90.0,26.3,41.900000000000006
9.605746,33,0,-0.11562623083591461,0.04108540713787079,-0.026650939136743546,0.0,0.12556953648825508,160.43837500060906,35.800000000000004,52.900000000000006
9.605746,33,1,-0.8055294156074524,2.110957145690918,-0.7662405371665955,0.0,2.3858210895098115,110.88657406660604,15.700000000000001,54.900000000000006
9.605746,33,2,-1.8500198125839233,1.4942498207092285,1.8511741161346436,0.0,3.0136690996009325,141.07239925963052,15.3,62.2
9.605746,33,3,-2.570756673812866,2.08795166015625,1.5140384435653687,0.0,3.6415167746004515,140.91672340597688,11.700000000000001,70.8
9.605746,33,4,-1.2294923067092896,2.704883098602295,-2.1053740978240967,0.0,3.641516717131793,114.4439545901668,11.700000000000001,70.8
9.605746,33,5,1.4800158739089966,4.790045738220215,3.3457159996032715,0.0,6.027337779755302,72.83003306081375,12.3,69.0
9.605746,33,6,3.7000396251678467,3.941903591156006,-2.664565086364746,0.0,6.02733807325048,46.812779782758234,12.3,69.0
9.605746,33,7,0.5781311392784119,3.6798975467681885,-0.5612983703613281,0.25578173995018005,3.767086066110538,81.07151400412248,18.6,42.2
9.605746,33,8,0.31219086050987244,3.274158000946045,-0.8228517770767212,0.34104230999946594,3.3903773824728143,84.5533158173655,20.6,40.7
9.605746,33,9,-3.8156654834747314,1.546082854270935,0.4704872667789459,-0.17052115499973297,4.1437945825356906,157.94252866900212,13.5,58.5
9.9049,34,0,-0.11562623083591461,0.04110096022486687,-0.026626944541931152,0.0,0.12556953597256532,160.43153232193885,35.1,53.6
9.9049,34,1,-0.8055294156074524,2.116790294647217,-0.7499756217002869,0.0,2.38582107964245,110.8339646540775,15.200000000000001,55.400000000000006
9.9049,34,2,-1.8500198125839233,1.5160584449768066,1.8333561420440674,0.0,3.0136690692757315,140.66598893273942,15.3,62.2
9.9049,34,3,-2.570756673812866,2.071277379989624,1.5367708206176758,0.0,3.6415167740808223,141.14135383791233,11.8,70.60000000000001
9.9049,34,4,-1.2294923067092896,2.7195231914520264,-2.0864291191101074,0.0,3.641516743085678,114.32765358984527,11.8,70.60000000000001
9.9049,34,5,1.2950139045715332,5.011353492736816,3.088378667831421,0.0,6.0273383543746135,75.5108266048762,11.9,69.4
9.9049,34,6,3.7000396251678467,3.9385924339294434,-2.669457197189331,0.0,6.0273381617463935,46.788753292465195,11.9,69.4
9.9049,34,7,-2.2662739753723145,1.9476001262664795,-4.345698356628418,-0.34104230999946594,5.273920571082387,139.32475608771634,12.3,49.0
9.9049,34,8,-0.3006282150745392,3.0650172233581543,1.0836340188980103,-0.25578173995018005,3.2648078948223103,95.60186355113603,33.6,40.800000000000004
9.9049,34,9,-0.3237534463405609,3.004957437515259,1.7964684963226318,-0.25578173995018005,3.5159471773016384,96.14931429565122,33.300000000000004,40.300000000000004
9.9049,34,10,-1.5108494758605957,2.6650736331939697,-1.7252826690673828,-0.25578173995018005,3.5159470839644635,119.54921369340694,33.300000000000004,40.300000000000004
10.199123,35,0,-0.11562623083591461,0.04108103737235069,-0.026657672598958015,0.0,0.12556953610371396,160.44029761101564,35.5,53.2
10.199123,35,1,-0.8055294156074524,2.111309766769409,-0.7652683258056641,0.0,2.385821070647626,110.88338655531251,15.4,55.1
10.199123,35,2,-1.8500198125839233,1.4792789220809937,1.8631590604782104,0.0,3.013669046346697,141.354110867935,15.3,62.2
10.199123,35,3,0.10020940005779266,3.263056516647339,-0.037295661866664886,0.0,3.2648079148839186,88.24098305353887,15.3,65.3
10.199123,35,4,-2.570756673812866,2.093857526779175,1.5058600902557373,0.0,3.6415166936083394,140.83750275765317,11.9,70.60000000000001
10.199123,35,5,-1.2294923067092896,2.723306179046631,-2.081489086151123,0.0,3.64151681210689,114.29777031117834,11.9,70.60000000000001
10.199123,35,6,1.2950139045715332,5.14017391204834,2.8688600063323975,0.0,6.027338267848377,75.85920486307187,11.9,69.3
10.199123,35,7,3.7000396251678467,4.07517147064209,-2.455909490585327,0.0,6.027338315450238,47.762216623925745,11.9,69.3
10.199123,35,8,-0.4702133536338806,7.428915977478027,1.8060336112976074,0.25578173995018005,7.659742202156716,93.62170592425925,12.8,43.300000000000004
10.199123,35,9,-2.2701284885406494,2.5506725311279297,-1.8690515756607056,-0.25578173995018005,3.892655585588607,131.66945784696242,18.1,50.2
10.199123,35,10,-0.31219086050987244,2.9795382022857666,1.5873081684112549,-0.17052115499973297,3.390377302568445,95.98152704640066,39.300000000000004,40.900000000000006
10.501383,36,0,-0.11562623083591461,0.04107605665922165,-0.026665346696972847,0.0,0.1255695361242589,160.44248908219393,35.800000000000004,52.900000000000006
10.501383,36,1,-0.8055294156074524,2.1246232986450195,-0.727489173412323,0.0,2.3858210951339736,110.76371560083541,15.9,54.7
10.501383,36,2,-1.8500198125839233,1.4515941143035889,1.8848083019256592,0.0,3.0136690453070263,141.88095480514025,15.5,62.300000000000004
10.501383,36,3,-1.1870959997177124,2.6122395992279053,-2.0319674015045166,0.0,3.5159471209187974,114.43876231732845,13.3,69.2
10.501383,36,4,-2.374191999435425,2.067410945892334,1.565537929534912,0.0,3.5159471950231382,138.9511383392937,13.3,69.2
10.501383,36,5,1.4800158739089966,5.043019771575928,2.9506452083587646,0.0,6.027337932216748,73.64419124834606,12.3,69.0
10.501383,36,6,3.7000396251678467,4.041924476623535,-2.5102503299713135,0.0,6.027338004597199,47.52853674553594,12.3,69.0
10.501383,36,7,0.34687870740890503,3.7492470741271973,-0.11729685962200165,-0.34104230999946594,3.7670860109350044,84.71406744232583,17.2,42.5
10.814151,37,0,-0.11562623083591461,0.04104388877749443,-0.026714837178587914,0.0,0.12556953686614444,160.45664410927242,35.2,53.5
10.814151,37,1,-1.8500198125839233,1.452589750289917,1.8840411901474,0.0,3.0136691085406855,141.86187453088192,15.4,62.300000000000004
10.814151,37,2,-1.2294923067092896,2.6517627239227295,-2.1718993186950684,0.0,3.641516651999758,114.87484179359322,11.600000000000001,70.8
10.814151,37,3,-2.570756673812866,2.062976598739624,1.5478957891464233,0.0,3.6415166753645285,141.2537112713918,11.600000000000001,70.8
10.814151,37,4,1.2950139045715332,5.154411792755127,2.8431994915008545,0.0,6.027338159652024,75.89670478068285,12.5,68.9
10.814151,37,5,3.7000396251678467,3.9932122230529785,-2.587038278579712,0.0,6.027338064269219,47.18235783688531,12.5,68.9
10.814151,37,6,0.2081272155046463,3.320460557937622,-0.6525977849960327,-0.34104230999946594,3.3903774308526287,86.41337977734172,30.3,41.300000000000004
10.814151,37,7,0.09635519236326218,3.1308670043945312,-0.20785899460315704,-0.25578173995018005,3.1392384241945024,88.2372282699249,32.4,41.1
10.814151,37,8,5.376619815826416,0.6972494125366211,1.5922975540161133,-0.25578173995018005,5.650629070089953,7.388979488664931,11.5,50.300000000000004
11.091871,38,0,-0.11562623083591461,0.04111550748348236,-0.026604479178786278,0.0,0.12556953661345963,160.42513268958763,35.4,53.300000000000004
11.091871,38,1,-1.8500198125839233,1.4730113744735718,1.868118166923523,0.0,3.0136690763704097,141.47271134112515,15.3,62.400000000000006
11.091871,38,2,-2.570756673812866,2.0713722705841064,1.5366427898406982,0.0,3.641516720113688,141.14007146867874,11.4,70.8
11.091871,38,3,-1.2294923067092896,2.72208833694458,-2.0830812454223633,0.0,3.64151667872295,114.30738298657938,11.4,70.8
11.091871,38,4,1.2950139045715332,5.109839916229248,2.9225471019744873,0.0,6.027338263759784,75.77865575728275,12.3,69.0
11.091871,38,5,3.7000396251678467,3.9320383071899414,-2.6791017055511475,0.0,6.027338087888253,46.74113177141179,12.3,69.0
11.091871,38,6,0.3006282150745392,3.1847147941589355,-0.6528289318084717,-0.34104230999946594,3.2648079971171176,84.60741742606915,29.400000000000002,41.1
11.091871,38,7,0.0,2.6881887912750244,-1.6212519407272339,-0.17052115499973297,3.139238256782766,90.0,31.5,41.800000000000004
11.386084,39,0,-0.11562623083591461,0.04108615219593048,-0.02664979174733162,0.0,0.1255695367506129,160.4380471943729,35.4,53.300000000000004
11.386084,39,1,-0.8055294156074524,2.1197824478149414,-0.7414761185646057,0.0,2.385821053615468,110.80707645285796,15.4,55.300000000000004
11.386084,39,2,-1.8500198125839233,1.4613386392593384,1.8772633075714111,0.0,3.0136691011953096,141.6946400877646,15.100000000000001,62.5
11.386084,39,3,-1.2294923067092896,2.6829819679260254,-2.133213520050049,0.0,3.6415166475793925,114.61989810389042,11.700000000000001,70.7
11.386084,39,4,-2.570756673812866,2.084084987640381,1.5193562507629395,0.0,3.6415166522197606,140.96868710709327,11.700000000000001,70.7
11.386084,39,5,1.4800158739089966,4.791384696960449,3.3437983989715576,0.0,6.027337889504299,72.83454919421371,11.600000000000001,69.7
11.386084,39,6,3.7000396251678467,3.8730032444000244,-2.7637577056884766,0.0,6.027338053792716,46.308372729973584,11.600000000000001,69.7
11.386084,39,7,-0.3854207694530487,2.581791400909424,1.7437379360198975,-0.34104230999946594,3.139238442178382,98.4906538492678,37.4,40.900000000000006
11.386084,39,8,-1.0059483051300049,3.4937117099761963,0.20661646127700806,-0.25578173995018005,3.641516698724497,106.06275589478243,22.700000000000003,49.400000000000006
11.386084,39,9,-2.235440731048584,1.831873893737793,-2.215329885482788,-0.25578173995018005,3.6415166793662053,140.66645142888515,22.700000000000003,49.400000000000006
11.696857,40,0,-0.11562623083591461,0.041102658957242966,-0.026624325662851334,0.0,0.12556953670248688,160.4307849891087,35.4,53.300000000000004
11.696857,40,1,-0.8055294156074524,2.132127523422241,-0.7051932215690613,0.0,2.3858212203118856,110.69683861013186,15.5,55.1
11.696857,40,2,-1.8500198125839233,1.468294382095337,1.8718278408050537,0.0,3.013669053671735,141.56222937065152,15.5,62.300000000000004
11.696857,40,3,-1.2294923067092896,2.723924398422241,-2.0806798934936523,0.0,3.641516755387246,114.29289331225739,11.8,70.7
11.696857,40,4,-2.570756673812866,2.0944108963012695,1.5050904750823975,0.0,3.6415167467255505,140.8300890461349,11.8,70.7
11.696857,40,5,1.4800158739089966,4.791481971740723,3.343658685684204,0.0,6.027337710705315,72.83487719959633,12.100000000000001,69.10000000000001
11.696857,40,6,3.7000396251678467,3.830083131790161,-2.822937250137329,0.0,6.027338114163553,45.9893867231411,12.100000000000001,69.10000000000001
11.696857,40,7,-0.48563018441200256,7.888930320739746,0.3331392705440521,0.25578173995018005,7.9108811174911216,93.52259330872577,13.4,45.0
11.696857,40,8,-0.28906556963920593,2.5984694957733154,1.73758864402771,-0.25578173995018005,3.1392382706429474,96.34774388046534,40.1,41.1
11.696857,40,9,-1.4453279972076416,2.5373153686523438,-1.1523348093032837,-0.25578173995018005,3.1392384127752493,119.66708644689233,40.1,41.1
11.696857,40,10,-2.235440731048584,2.3439488410949707,-1.664137363433838,-0.17052115499973297,3.6415167988185924,133.64263707524606,25.5,53.1
11.696857,40,11,-1.0059483051300049,3.4998130798339844,-0.0044302246533334255,-0.17052115499973297,3.641516608950376,106.0361938454004,25.5,53.1
12.005978,41,0,-0.11562623083591461,0.041109759360551834,-0.026613358408212662,0.0,0.12556953618520167,160.42766134401344,35.6,53.1
12.005978,41,1,-0.8055294156074524,2.1427154541015625,-0.6723353266716003,0.0,2.3858210218172604,110.6031775819715,15.5,55.2
12.005978,41,2,-1.8500198125839233,1.4989840984344482,1.847342610359192,0.0,3.013669085079034,140.98377562682433,15.3,62.300000000000004
12.005978,41,3,-1.2294923067092896,2.6845905780792236,-2.1311888694763184,0.0,3.6415167034559675,114.60689449865731,11.9,70.60000000000001
12.005978,41,4,-2.570756673812866,2.0587713718414307,1.5534846782684326,0.0,3.6415167283814602,141.31076756788644,11.9,70.60000000000001
12.005978,41,5,1.4800158739089966,4.832842826843262,3.28359317779541,0.0,6.027337798170726,72.97325052208507,12.200000000000001,69.10000000000001
12.005978,41,6,3.7000396251678467,3.8126418590545654,-2.846449136734009,0.0,6.027338041062659,45.85870134744463,12.200000000000001,69.10000000000001
12.005978,41,7,-1.6380382776260376,2.576693534851074,-0.729587972164154,-0.25578173995018005,3.139238375886419,122.44466188884722,35.800000000000004,40.2
12.005978,41,8,-0.5781311392784119,1.7108373641967773,2.5678040981292725,-0.25578173995018005,3.1392384406579597,108.67128906444232,35.800000000000004,40.2
12.298351,42,0,-0.11562623083591461,0.04111577197909355,-0.026604067534208298,0.0,0.12556953600345006,160.42501633734057,35.5,53.2
12.298351,42,1,-0.8055294156074524,2.1346802711486816,-0.6974272131919861,0.0,2.385821078191119,110.67418254423308,15.600000000000001,55.1
12.298351,42,2,-1.9425207376480103,1.316211462020874,1.8911375999450684,0.0,3.0136690015450753,145.87925361214627,15.100000000000001,62.400000000000006
12.298351,42,3,-2.570756673812866,2.1035678386688232,1.4922655820846558,0.0,3.641516730060384,140.70763655070206,11.5,70.7
12.298351,42,4,-1.2294923067092896,2.6636033058166504,-2.1573619842529297,0.0,3.6415168040412027,114.77756880681389,11.5,70.7
12.298351,42,5,1.2950139045715332,5.118443965911865,2.907451629638672,0.0,6.027338104329453,75.80159417662631,12.100000000000001,69.2
12.298351,42,6,3.7000396251678467,3.9247384071350098,-2.689784288406372,0.0,6.027338078323685,46.68799233798695,12.100000000000001,69.2
12.61267,43,0,-0.11562623083591461,0.04108145833015442,-0.026657024398446083,0.0,0.1255695362165194,160.4401123959119,35.300000000000004,53.400000000000006
12.61267,43,1,-0.8055294156074524,2.145960807800293,-0.6619040966033936,0.0,2.3858211293230105,110.5746312756864,15.5,55.2
12.61267,43,2,-1.8500198125839233,1.4868590831756592,1.8571155071258545,0.0,3.013669067263746,141.211194608332,15.3,62.300000000000004
12.61267,43,3,-1.2294923067092896,2.7212960720062256,-2.084116220474243,0.0,3.641516725791286,114.31364033123884,11.5,70.8
12.61267,43,4,-2.570756673812866,2.094013214111328,1.5056434869766235,0.0,3.6415166519873794,140.83541679456025,11.5,70.8
12.61267,43,5,1.2950139045715332,5.147443771362305,2.85579514503479,0.0,6.027338077690223,75.87837669091307,12.0,69.3
12.61267,43,6,3.7000396251678467,4.0576910972595215,-2.4846839904785156,0.0,6.027338119031621,47.63961471874981,12.0,69.3
12.61267,43,7,-0.3545871376991272,2.3827579021453857,1.593063235282898,-0.34104230999946594,2.888099328289793,98.46428253581703,36.2,41.1
12.61267,43,8,-1.4183485507965088,2.173241376876831,-1.2674492597579956,-0.34104230999946594,2.8880994303827476,123.13015331341936,36.2,41.1
12.61267,43,9,-2.185335874557495,2.0663537979125977,-1.564975380897522,-0.34104230999946594,3.3903773898477927,136.60298436343655,20.0,50.6
12.61267,43,10,-1.0406360626220703,3.1562464237213135,0.6707040667533875,-0.34104230999946594,3.3903773900913565,108.24774178857083,20.0,50.6
12.61267,43,11,0.0886467844247818,2.8865184783935547,-0.035655099898576736,-0.17052115499973297,2.8880994554628954,88.24096371163184,37.9,41.2
12.896102,44,0,-0.11562623083591461,0.041098009794950485,-0.02663150243461132,0.0,0.12556953686444322,160.43283033753565,35.4,53.300000000000004
12.896102,44,1,-0.8055294156074524,2.141885995864868,-0.6749733686447144,0.0,2.3858210970377716,110.61048570273799,15.5,55.300000000000004
12.896102,44,2,1.2950139045715332,5.2681074142456055,2.6265547275543213,0.0,6.027338258128632,76.1893062339359,12.3,69.10000000000001
12.896102,44,3,3.7000396251678467,4.120818614959717,-2.37852144241333,0.0,6.027338014184266,48.0796668847692,12.3,69.10000000000001
12.896102,44,4,-0.25437769293785095,8.281683921813965,0.18204453587532043,0.25578173995018005,8.287589324075993,91.7593266534619,13.200000000000001,44.900000000000006
12.896102,44,5,-1.0406360626220703,3.2188053131103516,0.22589485347270966,-0.25578173995018005,3.3903774927524593,107.91596055559076,22.400000000000002,55.1
12.896102,44,6,-2.185335874557495,1.7625945806503296,-1.9005858898162842,-0.25578173995018005,3.3903774516909824,141.11189849861637,22.400000000000002,55.1
12.896102,44,7,-0.1772935688495636,2.601144313812256,1.2424707412719727,-0.17052115499973297,2.8880994258768466,93.89924006047153,40.6,41.0
13.20724,45,0,-0.11562623083591461,0.041090574115514755,-0.026642970740795135,0.0,0.1255695362273736,160.43610169179118,35.5,53.2
13.20724,45,1,-0.8055294156074524,2.0821373462677,-0.8414091467857361,0.0,2.3858212255796296,111.150268716418,15.600000000000001,55.1
13.20724,45,2,-0.0886467844247818,2.797652006149292,0.71161949634552,0.0,2.888099255129412,91.81487469026398,20.3,60.7
13.20724,45,3,1.4800158739089966,5.068198204040527,2.907184362411499,0.0,6.027337798689583,73.7211331169316,11.700000000000001,69.60000000000001
13.20724,45,4,3.7000396251678467,4.058801651000977,-2.4828696250915527,0.0,6.027338189050183,47.647420964023944,11.700000000000001,69.60000000000001
13.483326,46,0,-0.11562623083591461,0.04110012575984001,-0.02662823721766472,0.0,0.12556953695906942,160.43189943534105,35.800000000000004,52.900000000000006
13.483326,46,1,1.2950139045715332,5.174977779388428,2.8055925369262695,0.0,6.027338178122576,75.95052899288326,12.0,69.4
13.483326,46,2,3.7000396251678467,4.085129261016846,-2.4393091201782227,0.0,6.027337993742587,47.83180013251409,12.0,69.4
13.483326,46,3,-0.33917027711868286,2.032191276550293,1.8403079509735107,-0.08526057749986649,2.7625298578991315,99.47526228659122,27.3,55.0
13.796962,47,0,-0.11562623083591461,0.04107865318655968,-0.026661347597837448,0.0,0.12556953635605483,160.4413466249413,35.4,53.300000000000004
13.796962,47,1,-0.8055294156074524,2.137932300567627,-0.6873940825462341,0.0,2.385821197394903,110.64538884665217,15.5,55.2
13.796962,47,2,-1.8500198125839233,1.4966583251953125,1.8492273092269897,0.0,3.013669041305031,141.02728538159357,15.0,62.300000000000004
13.796962,47,3,-2.570756673812866,1.5736573934555054,2.04339337348938,0.0,3.641516709662455,148.52762315207525,11.4,70.9
13.796962,47,4,-1.2294923067092896,2.883768320083618,-1.8528015613555908,0.0,3.641516810607489,113.09093676524297,11.4,70.9
13.796962,47,5,1.4800158739089966,5.0126447677612305,3.001957416534424,0.0,6.027337960117442,73.5504227090155,11.9,69.4
13.796962,47,6,3.7000396251678467,4.110428810119629,-2.3964321613311768,0.0,6.027338163296971,48.007753675264006,11.9,69.4
13.796962,47,7,-0.16187672317028046,2.374951124191284,1.1344438791275024,-0.25578173995018005,2.636960339233726,93.8992507451063,38.2,41.0
14.098107,48,0,-0.11562623083591461,0.041102904826402664,-0.02662394382059574,0.0,0.1255695362221696,160.430676823089,35.0,53.7
14.098107,48,1,-1.8500198125839233,1.452685832977295,1.8839670419692993,0.0,3.0136690680153557,141.8600337390125,14.9,62.400000000000006
14.098107,48,2,-2.374191999435425,2.2110447883605957,1.3551300764083862,0.0,3.5159471313298116,137.03778023565977,12.100000000000001,69.60000000000001
14.098107,48,3,-1.0791782140731812,2.7219326496124268,-1.9463660717010498,0.0,3.5159470775063273,111.6270875097159,12.100000000000001,69.60000000000001
14.098107,48,4,1.4800158739089966,4.978279113769531,3.0586097240448,0.0,6.027337999949726,73.44306664101906,11.8,69.4
14.098107,48,5,3.7000396251678467,4.038745403289795,-2.515361785888672,0.0,6.027337934305303,47.50608257518841,11.8,69.4
14.098107,48,6,-0.24281509220600128,1.6547125577926636,2.0387561321258545,-0.25578173995018005,2.636960254573535,98.34809191407116,39.400000000000006,41.0
14.098107,48,7,-1.2950137853622437,2.2950680255889893,-0.09571920335292816,-0.25578173995018005,2.6369603926205847,119.43427426557467,39.400000000000006,41.0
14.098107,48,8,-2.023458957672119,2.357365608215332,-0.45084235072135925,-0.25578173995018005,3.1392383772794226,130.64134054286137,21.700000000000003,49.800000000000004
14.098107,48,9,-0.963551938533783,2.9299561977386475,0.5845863819122314,-0.25578173995018005,3.1392382669744197,108.20408275536747,21.700000000000003,49.800000000000004
14.39101,49,0,-0.11562623083591461,0.04109964519739151,-0.026628972962498665,0.0,0.12556953569122234,160.43211085408595,35.1,53.6
14.39101,49,1,-1.9425207376480103,1.144213318824768,1.9998974800109863,0.0,3.0136690040087104,149.5004125751675,15.3,62.6
14.39101,49,2,-2.482109785079956,1.672352910041809,1.845061182975769,0.0,3.5159470999773186,146.02938138561763,11.700000000000001,70.9
14.39101,49,3,-1.0791782140731812,2.4968433380126953,-2.227786064147949,0.0,3.515946959201798,113.37482291709286,11.700000000000001,70.9
14.39101,49,4,1.4800158739089966,5.043327331542969,2.950119733810425,0.0,6.027338052899358,73.64513537773401,12.100000000000001,69.2
14.39101,49,5,3.7000396251678467,3.9556422233581543,-2.6441266536712646,0.0,6.027338084733663,46.9122414436825,12.100000000000001,69.2
14.39101,49,6,0.0,2.4746339321136475,0.4280996024608612,-0.08526057749986649,2.511390524708453,90.0,26.8,52.400000000000006
14.699769,50,0,-0.11562623083591461,0.041098807007074356,-0.02663026750087738,0.0,0.12556953588308448,160.432479609038,34.7,54.0
14.699769,50,1,-1.8500198125839233,1.3851321935653687,1.934175968170166,0.0,3.013669055561885,143.1773584497177,14.9,62.6
14.699769,50,2,-2.482109785079956,1.9887871742248535,1.498579502105713,0.0,3.5159470891471547,141.29659406924563,11.9,70.10000000000001
14.699769,50,3,-1.0791782140731812,2.661128044128418,-2.028707981109619,0.0,3.5159471209895616,112.07423299432715,11.9,70.10000000000001
14.699769,50,4,1.4800158739089966,4.994366645812988,3.032269239425659,0.0,6.02733788004281,73.49349212477809,11.600000000000001,69.7
14.699769,50,5,3.7000396251678467,3.923327684402466,-2.6918416023254395,0.0,6.027338098947248,46.67771094622648,11.600000000000001,69.7
14.699769,50,6,-2.0350217819213867,2.2198567390441895,-0.11455494910478592,-0.25578173995018005,3.0136689319065555,132.51259435086968,19.700000000000003,54.300000000000004
14.699769,50,7,-1.0175108909606934,2.821058988571167,0.297487735748291,-0.25578173995018005,3.0136690566720237,109.83356367484448,19.700000000000003,54.300000000000004
14.699769,50,8,-0.21968983113765717,1.8276820182800293,1.517714500427246,-0.17052115499973297,2.385821134673884,96.85414542108913,40.2,41.400000000000006
15.006037,51,0,-0.11562623083591461,0.04107470065355301,-0.026667434722185135,0.0,0.12556953597812331,160.443085723405,35.5,53.2
15.006037,51,1,-0.8055294156074524,2.1386771202087402,-0.6850734353065491,0.0,2.385821258115526,110.63880495333427,15.9,55.1
15.006037,51,2,-1.8500198125839233,1.5228989124298096,1.8276779651641846,0.0,3.013669050970867,140.53947885996305,15.3,62.6
15.006037,51,3,-2.482109785079956,1.8701022863388062,1.6443029642105103,0.0,3.5159470679563376,143.00444066887204,12.200000000000001,69.3
15.006037,51,4,-1.1870959997177124,2.6761162281036377,-1.94707190990448,0.0,3.5159470987494275,113.92155228136936,12.200000000000001,69.3
15.006037,51,5,1.4800158739089966,4.9344635009765625,3.128805637359619,0.0,6.027337865580941,73.30419850135624,12.3,68.9
15.006037,51,6,3.7000396251678467,3.9629414081573486,-2.633174419403076,0.0,6.0273381650027815,46.964934626654674,12.3,68.9
15.006037,51,7,-0.3661497235298157,1.4406360387802124,1.8661844730377197,-0.42630288004875183,2.3858210963272946,104.2602656669061,43.2,40.5
15.006037,51,8,-1.2449090480804443,2.0101730823516846,-0.3186653256416321,-0.42630288004875183,2.3858210219482343,121.77011552744658,43.2,40.5
15.006037,51,9,-1.9425207376480103,2.2706377506256104,0.391175776720047,-0.42630288004875183,3.01366904272039,130.5468444729064,20.5,56.0
15.006037,51,10,-0.9250099062919617,2.8043925762176514,0.6016148924827576,-0.42630288004875183,3.013669113744901,108.2547894256902,20.5,56.0
15.295735,52,0,-0.11562623083591461,0.041088610887527466,-0.026645999401807785,0.0,0.12556953645732707,160.43696544325016,35.1,53.6
15.295735,52,1,-1.8500198125839233,1.476940393447876,1.8650133609771729,0.0,3.013669037796684,141.39831690886425,14.9,62.6
15.295735,52,2,1.2950139045715332,5.043889045715332,3.0349507331848145,0.0,6.027338025312648,75.60039099071838,11.9,69.3
15.295735,52,3,3.7000396251678467,4.049800872802734,-2.497523307800293,0.0,6.027337970461896,47.58408594624274,11.9,69.3
15.295735,52,4,-2.123668670654297,2.9475624561309814,0.2501004934310913,-0.596824049949646,3.641516622552473,125.77210913171805,16.7,46.900000000000006
15.295735,52,5,-0.7824041843414307,1.1716939210891724,-3.357919216156006,-0.596824049949646,3.641516773903707,123.73320620461854,16.7,46.900000000000006
15.295735,52,6,0.0,2.3382482528686523,0.47406551241874695,-0.25578173995018005,2.3858212426978165,90.0,38.7,41.2
15.295735,52,7,4.100877285003662,0.7154421806335449,-2.332277536392212,-0.25578173995018005,4.7716423301886755,9.896264841223195,13.700000000000001,52.800000000000004
15.295735,52,8,-2.4898180961608887,3.523472785949707,-2.0382628440856934,-0.25578173995018005,4.771642279852789,125.24646153053678,13.700000000000001,52.800000000000004
15.597442,53,0,-0.11562623083591461,0.04111824557185173,-0.026600245386362076,0.0,0.12556953623726574,160.42392820615004,35.800000000000004,52.900000000000006
15.597442,53,1,-1.8500198125839233,1.5297799110412598,1.8219224214553833,0.0,3.0136690583042305,140.41268148916038,14.700000000000001,62.900000000000006
15.597442,53,2,1.2950139045715332,5.144482135772705,2.8611276149749756,0.0,6.027338441425908,75.87057251632406,12.200000000000001,69.0
15.597442,53,3,3.7000396251678467,4.092729568481445,-2.4265356063842773,0.0,6.027338019190997,47.88478465392236,12.200000000000001,69.0
15.597442,53,4,-1.1793875694274902,1.734631896018982,0.39618828892707825,-0.25578173995018005,2.1346821810024688,124.21204025137624,39.300000000000004,41.0
15.597442,53,5,-0.327607661485672,1.1900027990341187,-1.7416757345199585,-0.25578173995018005,2.134682132259692,105.39222536954736,39.300000000000004,41.0
15.881611,54,0,-0.11562623083591461,0.041094597429037094,-0.026636764407157898,0.0,0.12556953616724587,160.43433160386655,35.300000000000004,53.400000000000006
15.881611,54,1,-1.8500198125839233,1.5833820104599,1.7755364179611206,0.0,3.013669104183022,139.44067415317832,14.8,63.0
15.881611,54,2,1.2950139045715332,5.11674690246582,2.9104373455047607,0.0,6.027338170290097,75.79707554054114,11.600000000000001,69.5
15.881611,54,3,3.7000396251678467,4.109568119049072,-2.3979077339172363,0.0,6.027338123359004,48.00178737622556,11.600000000000001,69.5
15.881611,54,4,-1.1100119352340698,1.6285552978515625,0.39014682173728943,-0.17052115499973297,2.0091125894369846,124.27806956432266,37.2,40.800000000000004
16.196405,55,0,-0.11562623083591461,0.04111076891422272,-0.026611799374222755,0.0,0.1255695362895504,160.42721722592265,35.300000000000004,53.400000000000006
16.196405,55,1,1.4800158739089966,5.034123420715332,2.9657979011535645,0.0,6.027337952405202,73.61683579476086,12.0,69.3
16.196405,55,2,3.7000396251678467,3.9766504764556885,-2.612424612045288,0.0,6.027338101793149,47.063621231515626,12.0,69.3
16.196405,55,3,-1.4029316902160645,2.1607747077941895,2.392638683319092,-0.34104230999946594,3.515947174542087,122.99455715200584,18.5,53.300000000000004
16.196405,55,4,-1.1100119352340698,1.6561017036437988,0.2484634965658188,-0.25578173995018005,2.0091126046838914,123.832203351216,39.1,40.300000000000004
16.196405,55,5,-0.37000396847724915,0.6034711599349976,-1.8802800178527832,-0.25578173995018005,2.009112571036941,121.5135519293168,39.1,40.300000000000004
16.196405,55,6,-0.13875149190425873,1.741580843925476,1.4340091943740845,-0.25578173995018005,2.2602517961464472,94.55512509832226,34.7,41.6
16.196405,55,7,-0.9712603688240051,1.8739298582077026,-0.8085655570030212,-0.25578173995018005,2.260251773033723,117.39776810840692,34.7,41.6
16.196405,55,8,-0.28906556963920593,1.490938663482666,1.1141263246536255,-0.08526057749986649,1.8835430627157195,100.97246367697365,25.6,50.0
16.196405,55,9,0.0,2.247368574142456,0.24098128080368042,-0.08526057749986649,2.260251642127681,90.0,30.700000000000003,50.1
16.512345,56,0,-0.11562623083591461,0.041129790246486664,-0.026582393795251846,0.0,0.12556953676320562,160.4188499087227,35.2,53.5
16.512345,56,1,0.21968983113765717,2.3600406646728516,0.2721899151802063,0.0,2.3858212235497813,84.68181594284252,19.3,56.2
16.512345,56,2,-1.8500198125839233,1.5983490943908691,1.7620749473571777,0.0,3.013669068527095,139.17419075208986,12.0,65.9
16.512345,56,3,1.4800158739089966,4.956887722015381,3.0931568145751953,0.0,6.027337882949853,73.37555088216061,12.100000000000001,69.2
16.512345,56,4,3.7000396251678467,3.9115521907806396,-2.7089242935180664,0.0,6.027338102099915,46.59173793711661,12.100000000000001,69.2
16.512345,56,5,-0.4509423077106476,3.8705191612243652,2.966212749481201,-0.42630288004875183,4.897212024966164,96.64539558242494,13.8,45.5
16.512345,56,6,0.0,4.514599323272705,2.726285219192505,-0.34104230999946594,5.2739205669105305,90.0,11.700000000000001,46.6
16.512345,56,7,-1.5108494758605957,2.984210968017578,-1.0833752155303955,-0.25578173995018005,3.5159469703011985,116.85222958572814,14.200000000000001,55.800000000000004
16.512345,56,8,-0.28906556963920593,1.2752033472061157,1.3557403087615967,-0.17052115499973297,1.883543008555289,102.77207493896127,38.0,39.6
16.512345,56,9,-0.9828230142593384,1.579906940460205,-0.29272401332855225,-0.17052115499973297,1.8835430353064175,121.884773344734,38.0,39.6
16.794801,57,0,-0.11562623083591461,0.04111286252737045,-0.02660856582224369,0.0,0.12556953650321143,160.42629622130045,35.1,53.6
16.794801,57,1,-1.8500198125839233,1.3520903587341309,1.9574165344238281,0.0,3.0136690485802577,143.8387297384171,11.4,66.3
16.794801,57,2,1.4800158739089966,4.766040325164795,3.379824638366699,0.0,6.027337882865879,72.74867311997023,12.0,69.2
16.794801,57,3,3.7000396251678467,3.944498300552368,-2.660722494125366,0.0,6.027338074276027,46.83159257853127,12.0,69.2
16.794801,57,4,0.2081272155046463,2.250061511993408,0.0514223612844944,0.08526057749986649,2.260251756957143,84.71526662824121,24.1,49.400000000000006
16.794801,57,5,-0.21583564579486847,1.3571181297302246,1.0964107513427734,-0.08526057749986649,1.7579736003985313,99.03662054977623,20.700000000000003,52.400000000000006
16.794801,57,6,-0.8633425831794739,1.4317375421524048,-0.5433582663536072,-0.08526057749986649,1.7579735524615874,121.09011921554402,20.700000000000003,52.400000000000006
17.107,58,0,-0.11562623083591461,0.04107930138707161,-0.02666034922003746,0.0,0.1255695364342181,160.4410614229295,35.2,53.5
17.107,58,1,-1.8500198125839233,1.4271858930587769,1.9033571481704712,0.0,3.0136690783479634,142.35184053492998,11.700000000000001,66.10000000000001
17.107,58,2,1.4800158739089966,4.873532772064209,3.2228922843933105,0.0,6.027337998172029,73.10728246693802,11.9,69.4
17.107,58,3,3.7000396251678467,4.065906047821045,-2.4712178707122803,0.0,6.027337968128857,47.697303652312534,11.9,69.4
17.107,58,4,0.13875149190425873,2.229299306869507,-0.3459920883178711,0.08526057749986649,2.2602517340537718,86.4385072851974,30.6,49.7
17.107,58,5,0.40469181537628174,2.3658335208892822,-1.0920695066452026,0.17052115499973297,2.636960280576904,80.29311780702126,26.700000000000003,45.6
17.107,58,6,-0.17343935370445251,1.5771557092666626,1.0150039196014404,-0.17052115499973297,1.8835430171599838,96.27558366173052,39.300000000000004,40.900000000000006
17.394155,59,0,-0.11562623083591461,0.041104502975940704,-0.02662147395312786,0.0,0.12556953570693966,160.42997374749953,35.2,53.5
17.394155,59,1,0.21968983113765717,2.136012554168701,-1.0398699045181274,0.0,2.385821173473429,84.12775174156391,24.0,55.5
17.394155,59,2,-1.8500198125839233,1.4457437992095947,1.8892995119094849,0.0,3.013669040489925,141.9932713468329,12.0,65.7
17.394155,59,3,1.2950139045715332,5.1667799949646,2.8206615447998047,0.0,6.027338391007461,75.92912250706993,11.600000000000001,69.7
17.394155,59,4,3.7000396251678467,4.064682483673096,-2.4732298851013184,0.0,6.027337968411045,47.68871933640124,11.600000000000001,69.7
17.394155,59,5,-0.16187672317028046,1.391855239868164,1.0616053342819214,-0.34104230999946594,1.757973540195825,96.63385861649175,36.300000000000004,41.400000000000006
17.394155,59,6,-0.8093836903572083,1.4434806108474731,-0.5930705070495605,-0.34104230999946594,1.7579735090270474,119.2800775284625,36.300000000000004,41.400000000000006
17.711859,60,0,-0.11562623083591461,0.041036881506443024,-0.02672559767961502,0.0,0.12556953640285012,160.45972789043637,35.2,53.5
17.711859,60,1,0.3661497235298157,2.041473865509033,-1.179178237915039,0.0,2.3858211333563486,79.83179424573359,20.8,55.400000000000006
17.711859,60,2,-1.8500198125839233,1.3552744388580322,1.9552133083343506,0.0,3.013669058251547,143.77450418107125,13.3,64.60000000000001
17.711859,60,3,1.4800158739089966,4.772986888885498,3.3700079917907715,0.0,6.027338110080531,72.772293413036,11.600000000000001,69.7
17.711859,60,4,3.7000396251678467,4.04782247543335,-2.5007286071777344,0.0,6.027338018328877,47.570144142895536,11.600000000000001,69.7
17.711859,60,5,-0.10020940005779266,1.4534978866577148,0.7362367510795593,-0.34104230999946594,1.632403927959796,93.94393731477965,34.800000000000004,40.900000000000006
17.711859,60,6,-0.7014657855033875,1.258060336112976,-0.7680968046188354,-0.34104230999946594,1.632403981494239,119.14304192522812,34.800000000000004,40.900000000000006
18.007069,61,0,-0.11562623083591461,0.04109413921833038,-0.026637472212314606,0.0,0.12556953635845583,160.4345331952522,35.5,53.2
18.007069,61,1,-1.8500198125839233,1.412133812904358,1.9145511388778687,0.0,3.0136690720580783,142.64523807417112,15.600000000000001,62.1
18.007069,61,2,1.2950139045715332,5.082207202911377,2.970338821411133,0.0,6.02733803435148,75.70449350271862,11.700000000000001,69.60000000000001
18.007069,61,3,3.7000396251678467,4.098633289337158,-2.416550874710083,0.0,6.027338234937295,47.925866989034354,11.700000000000001,69.60000000000001
18.007069,61,4,0.8479257225990295,2.1680026054382324,-1.4873998165130615,0.25578173995018005,2.762529917013595,68.63907577286507,17.7,40.1
18.007069,61,5,0.0,1.506783127784729,-0.012445745058357716,-0.25578173995018005,1.5068345266640224,90.0,34.0,42.5
18.007069,61,6,2.204606771469116,0.7350707054138184,2.29310941696167,-0.25578173995018005,3.264807920371938,18.439668405840486,11.8,57.0
18.007069,61,7,-3.006282091140747,1.0428199768066406,-0.7305923700332642,-0.25578173995018005,3.264807915741967,160.86934826531834,11.8,57.0
18.007069,61,8,0.327607661485672,1.689235806465149,-1.263338327407837,-0.17052115499973297,2.134682205670367,79.02440062808353,26.1,48.800000000000004
18.293375,62,0,-0.11562623083591461,0.04108023643493652,-0.026658907532691956,0.0,0.12556953624867426,160.4406500126091,33.9,54.800000000000004
18.293375,62,1,-1.8500198125839233,1.5123409032821655,1.8364239931106567,0.0,3.0136690921808023,140.73493512103383,13.9,63.7
18.293375,62,2,-2.570756673812866,2.1030113697052,1.4930497407913208,0.0,3.641516747941682,140.71506581842326,11.3,70.9
18.293375,62,3,-1.2294923067092896,2.6908020973205566,-2.1233410835266113,0.0,3.641516801580627,114.55680280706287,11.3,70.9
18.293375,62,4,1.4800158739089966,5.029236793518066,2.974076747894287,0.0,6.027337904470261,73.60177196813486,11.8,69.4
18.293375,62,5,3.7000396251678467,3.986161231994629,-2.5978896617889404,0.0,6.027338159594085,47.13187174739859,11.8,69.4
18.293375,62,6,2.119814395904541,2.2258012294769287,0.6379760503768921,-0.34104230999946594,3.1392383832833786,46.397131067933856,20.700000000000003,54.2
18.293375,62,7,0.09635519236326218,3.1010453701019287,0.4785926043987274,-0.34104230999946594,3.139238377618228,88.22028718025472,20.700000000000003,54.2
18.293375,62,8,0.0,1.4595162868499756,-0.37464985251426697,-0.17052115499973297,1.5068345309188074,90.0,24.900000000000002,45.5
18.293375,62,9,0.4162544310092926,1.6558420658111572,-1.4810999631881714,-0.17052115499973297,2.2602517114694622,75.8890755135425,23.900000000000002,53.7
18.598031,63,0,-0.11562623083591461,0.04106194153428078,-0.026687078177928925,0.0,0.1255695362799425,160.44869993997645,26.3,62.400000000000006
18.598031,63,1,0.04625049605965614,1.382773756980896,-0.5969486832618713,0.0,1.5068344639770184,88.08430651350713,11.9,65.5
18.598031,63,2,-1.2294923067092896,2.6681394577026367,-2.1517493724823,0.0,3.641516835054456,114.74049190283927,11.5,70.9
18.598031,63,3,-2.570756673812866,2.0996146202087402,1.4978225231170654,0.0,3.6415166812887807,140.76044909840599,11.5,70.9
18.598031,63,4,1.4800158739089966,5.034283638000488,2.9655263423919678,0.0,6.02733815396836,73.61732923498899,12.0,69.3
18.598031,63,5,3.7000396251678467,3.9460740089416504,-2.6583850383758545,0.0,6.027338079460753,46.84301074062584,12.0,69.3
18.598031,63,6,0.327607661485672,1.1524475812911987,-1.7667499780654907,-0.17052115499973297,2.1346821057203007,74.13107550736002,30.700000000000003,47.6
18.896731,64,0,-0.11562623083591461,0.04107170179486275,-0.02667205221951008,0.0,0.1255695357769814,160.44440523406683,28.5,60.2
18.896731,64,1,1.4800158739089966,5.005388259887695,3.0140416622161865,0.0,6.0273381986428385,73.5278667415886,11.8,69.5
18.896731,64,2,3.7000396251678467,4.037468433380127,-2.517411231994629,0.0,6.027338043392449,47.4970577742499,11.8,69.5
18.896731,64,3,0.37000396847724915,1.3412857055664062,-1.4493387937545776,-0.08526057749986649,2.009112545311402,74.5780721480434,23.6,53.5
19.198468,65,0,-0.11562623083591461,0.04107388108968735,-0.026668699458241463,0.0,0.12556953649625371,160.4434463328706,25.1,63.6
19.198468,65,1,0.18500198423862457,1.463484287261963,-0.30747121572494507,0.0,1.5068346099470438,82.79534021489434,14.0,65.60000000000001
19.198468,65,2,0.43167129158973694,1.3203930854797363,-1.451466679573059,0.0,2.009112621551189,71.8960675562697,21.3,56.7
19.198468,65,3,1.4800158739089966,4.96222448348999,3.084588050842285,0.0,6.0273379078137905,73.39244487816282,12.200000000000001,69.0
19.198468,65,4,3.7000396251678467,3.860523223876953,-2.7811639308929443,0.0,6.0273381853356645,46.216001040027955,12.200000000000001,69.0
19.508197,66,0,-0.11562623083591461,0.04105016589164734,-0.026705192402005196,0.0,0.125569537222529,160.45388175782907,26.0,62.7
19.508197,66,1,1.4800158739089966,5.161318778991699,2.7384567260742188,0.0,6.027338033159921,73.99967658286879,12.600000000000001,68.60000000000001
19.508197,66,2,3.7000396251678467,3.961118698120117,-2.635915517807007,0.0,6.027338150910799,46.9517861048736,12.600000000000001,68.60000000000001
19.508197,66,3,0.5395891070365906,2.939596652984619,-1.8518905639648438,0.25578173995018005,3.5159470342388475,79.5986393285205,12.200000000000001,50.800000000000004
19.508197,66,4,0.23125247657299042,1.2581440210342407,-0.7963328957557678,-0.08526057749986649,1.5068344854190574,79.58502883575694,17.8,61.7
19.797402,67,0,-0.11562623083591461,0.041090019047260284,-0.026643823832273483,0.0,0.12556953560091574,160.43634590141707,30.6,58.1
19.797402,67,1,-1.8500198125839233,1.439832091331482,1.8938087224960327,0.0,3.0136690653724902,142.10711716216866,11.700000000000001,66.0
19.797402,67,2,1.4800158739089966,5.006080150604248,3.012892007827759,0.0,6.027338028693002,73.53001999289202,13.3,68.8
19.797402,67,3,3.7000396251678467,4.007676601409912,-2.5645742416381836,0.0,6.027338219328229,47.2856250802602,13.3,68.8
19.797402,67,4,0.5241722464561462,1.119706153869629,1.7402211427688599,0.17052115499973297,2.1346821872841297,64.91411962879714,27.3,43.2
19.797402,67,5,0.3237534761428833,0.4009009003639221,1.4159846305847168,-0.17052115499973297,1.506834536131735,51.07687621640384,36.300000000000004,45.1
20.11335,68,0,-0.11562623083591461,0.041093263775110245,-0.026638822630047798,0.0,0.12556953633794363,160.4349183509274,33.800000000000004,54.900000000000006
20.11335,68,1,-1.8500198125839233,1.4901950359344482,1.8544397354125977,0.0,3.0136690734640843,141.14847954946134,13.8,63.800000000000004
20.11335,68,2,-2.570756673812866,2.0945544242858887,1.5048905611038208,0.0,3.641516677587562,140.8281663998961,11.4,70.9
20.11335,68,3,-1.2294923067092896,2.696826219558716,-2.1156845092773438,0.0,3.641516707850288,114.5084047574731,11.4,70.9
20.11335,68,4,0.37000396847724915,1.1675338745117188,0.8777880668640137,-0.17052115499973297,1.5068344883065694,72.41603474143494,31.400000000000002,45.300000000000004
20.397873,69,0,-0.11562623083591461,0.04107804223895073,-0.02666228823363781,0.0,0.1255695362154325,160.44161543695634,24.5,64.2
20.397873,69,1,-2.570756673812866,2.0601773262023926,1.5516197681427002,0.0,3.6415167713801675,141.29168151564468,11.700000000000001,70.7
20.397873,69,2,-1.2294923067092896,2.701794147491455,-2.1093366146087646,0.0,3.641516703436299,114.46862669498337,11.700000000000001,70.7
20.397873,69,3,0.6243817210197449,1.4387434720993042,1.6275449991226196,0.08526057749986649,2.2602517639017536,66.5402605569059,18.400000000000002,57.0
20.397873,69,4,0.42396286129951477,0.9192971587181091,0.9397026300430298,-0.08526057749986649,1.381264929945826,65.2417215105822,12.600000000000001,65.8
20.715975,70,0,-0.11562623083591461,0.041070252656936646,-0.026674285531044006,0.0,0.12556953619097463,160.4450428686949,27.200000000000003,61.5
20.715975,70,1,0.6937574744224548,1.4971635341644287,1.5446487665176392,0.0,2.260251732275237,65.13787918331356,15.100000000000001,61.5
20.715975,70,2,-2.570756673812866,2.113044023513794,1.4788167476654053,0.0,3.6415167024793997,140.5813643023559,12.200000000000001,70.0
20.715975,70,3,-1.2294923067092896,2.7078237533569336,-2.101590633392334,0.0,3.6415167172297522,114.42051031270847,12.200000000000001,70.0
20.715975,70,4,0.4663591682910919,0.9577172994613647,0.8793062567710876,0.08526057749986649,1.381264924890772,64.03629495607892,13.0,68.7
20.983266,71,0,-0.11562623083591461,0.04109448194503784,-0.026636943221092224,0.0,0.1255695363048496,160.43438241140402,35.300000000000004,53.400000000000006
20.983266,71,1,-1.8500198125839233,1.4828470945358276,1.8603205680847168,0.0,3.0136690974235116,141.2867653894875,13.3,64.4
20.983266,71,2,-1.2294923067092896,2.703308343887329,-2.107395648956299,0.0,3.6415166834202646,114.45652665092537,12.5,69.7
20.983266,71,3,-2.570756673812866,2.120309352874756,1.4683808088302612,0.0,3.6415166933000003,140.48486096717673,12.5,69.7
20.983266,71,4,0.551151692867279,0.9531902074813843,0.8339982628822327,0.17052115499973297,1.3812649502102967,59.96272794118523,18.400000000000002,57.0
20.983266,71,5,1.1948044300079346,2.459573268890381,2.7705070972442627,0.34104230999946594,3.892655631684818,64.09057893825549,12.4,47.7
20.983266,71,6,0.6243817210197449,1.7954295873641968,1.2228319644927979,-0.08526057749986649,2.26025174485314,70.82428084257317,29.0,49.0
20.983266,71,7,1.45689058303833,1.4132529497146606,-0.9944464564323425,-0.08526057749986649,2.2602517172947345,44.128942660283954,29.0,49.0
21.279482,72,0,-0.11562623083591461,0.04106584191322327,-0.02668107859790325,0.0,0.12556953684914804,160.44698366938184,33.4,55.300000000000004
21.279482,72,1,-1.8500198125839233,1.4742988348007202,1.8671022653579712,0.0,3.0136690645378903,141.44831681717184,11.9,65.8
21.279482,72,2,-1.2294923067092896,2.707078456878662,-2.102550745010376,0.0,3.6415168184834155,114.4264481708839,12.9,69.5
21.279482,72,3,-2.570756673812866,2.0922486782073975,1.5080947875976562,0.0,3.6415167575878615,140.85906602047513,12.9,69.5
21.279482,72,4,0.5087554454803467,1.235758662223816,0.6961455345153809,0.17052115499973297,1.506834489847112,67.62328849579917,30.0,46.0
21.279482,72,5,1.0637613534927368,0.788935661315918,-0.7187089323997498,0.17052115499973297,1.5068345046460385,36.56237742141238,30.0,46.0
21.595914,73,0,-0.11562623083591461,0.041053127497434616,-0.026700634509325027,0.0,0.1255695361854992,160.45257848538017,32.5,56.2
21.595914,73,1,-0.8055294156074524,2.1259779930114746,-0.7235208749771118,0.0,2.3858211422287354,110.75161214340332,13.100000000000001,58.300000000000004
21.595914,73,2,-1.8500198125839233,1.5108658075332642,1.8376377820968628,0.0,3.0136690948934777,140.76233016116183,12.3,65.3
21.595914,73,3,-2.570756673812866,2.1263129711151123,1.4596737623214722,0.0,3.6415167471117704,140.40531837170437,13.3,69.0
21.595914,73,4,-1.2294923067092896,2.6698851585388184,-2.149582624435425,0.0,3.641516655367358,114.72625085412487,13.3,69.0
21.595914,73,5,0.5087554454803467,1.2977406978607178,0.5723525881767273,0.08526057749986649,1.506834598548403,68.59324801027047,14.600000000000001,61.800000000000004
21.595914,73,6,1.0637613534927368,0.4996718168258667,-0.9430217742919922,0.08526057749986649,1.506834499373962,25.16046387126972,14.600000000000001,61.800000000000004
21.595914,73,7,0.6012564301490784,1.2609093189239502,0.5649324655532837,0.25578173995018005,1.5068345284008413,64.506162510796,35.4,43.6
21.595914,73,8,0.5010470151901245,1.218896508216858,0.9633201956748962,-0.08526057749986649,1.632403935479605,67.65409853103952,11.4,57.0
21.595914,73,9,0.655215322971344,1.6569185256958008,1.1756623983383179,-0.08526057749986649,2.1346822234508336,68.42407224673957,19.900000000000002,50.2
21.595914,73,10,1.4414737224578857,1.3087815046310425,-0.8752785325050354,-0.08526057749986649,2.1346821845101576,42.237778870403204,19.900000000000002,50.2
21.895875,74,0,-0.11562623083591461,0.041079167276620865,-0.026660554111003876,0.0,0.12556953606256008,160.44112043015954,27.1,61.6
21.895875,74,1,0.6012564301490784,1.2790497541427612,0.816862940788269,0.0,1.6324039427793386,64.82269478160491,18.2,61.400000000000006
21.895875,74,2,0.7207368612289429,1.7006568908691406,1.0701273679733276,0.0,2.134682193508055,67.03281286059807,19.8,57.400000000000006
21.895875,74,3,-2.374191999435425,2.0775198936462402,1.5520979166030884,0.0,3.515947169882209,138.8126821640414,13.5,68.8
21.895875,74,4,-1.0791782140731812,2.624373197555542,-2.076035499572754,0.0,3.515947054957508,112.35313629072587,13.5,68.8
21.895875,74,5,-2.570756673812866,2.0805771350860596,1.5241563320159912,0.0,3.641516664169031,141.0158948739915,13.700000000000001,68.60000000000001
21.895875,74,6,-1.2294923067092896,2.6878256797790527,-2.1271073818206787,0.0,3.641516721221129,114.5807817057646,13.700000000000001,68.60000000000001
21.895875,74,7,0.6513611674308777,1.452027440071106,0.3634386360645294,0.25578173995018005,1.6324039632826215,65.8395982416875,30.5,42.1
22.204631,75,0,-0.11562623083591461,0.04109596833586693,-0.02663464844226837,0.0,0.12556953598873422,160.43372847167464,31.8,56.900000000000006
22.204631,75,1,-2.570756673812866,2.0521280765533447,1.562249779701233,0.0,3.64151670224214,141.40108922646107,13.100000000000001,69.3
22.204631,75,2,-1.2294923067092896,2.6982266902923584,-2.113898277282715,0.0,3.641516789905302,114.49717894933526,13.100000000000001,69.3
22.204631,75,3,0.7207368612289429,1.7517821788787842,0.9842081665992737,0.08526057749986649,2.1346822106749643,67.63623267160756,24.700000000000003,50.7
22.204631,75,4,1.5069953203201294,1.0445058345794678,-1.0930876731872559,0.08526057749986649,2.13468217662753,34.72601925891667,24.700000000000003,50.7
22.204631,75,5,0.6513611674308777,1.470063328742981,0.2817537188529968,0.17052115499973297,1.6324039693162056,66.10264638321355,31.5,44.300000000000004
22.505702,76,0,-0.11562623083591461,0.04105913266539574,-0.02669140137732029,0.0,0.12556953667207663,160.4499359396979,30.3,58.400000000000006
22.505702,76,1,0.7014657855033875,1.4241576194763184,0.3800835907459259,0.0,1.6324039663326768,63.77754699739954,13.4,61.2
22.505702,76,2,-2.570756673812866,2.093905448913574,1.5057933330535889,0.0,3.6415166437642412,140.83686066395032,13.4,69.0
22.505702,76,3,-1.2294923067092896,2.7093679904937744,-2.0995993614196777,0.0,3.6415166783420783,114.40821582793065,13.4,69.0
22.505702,76,4,0.655215322971344,1.585316777229309,1.2705634832382202,0.08526057749986649,2.134682170384998,67.54457184536714,32.0,52.1
22.788203,77,0,-0.11562623083591461,0.04105643555521965,-0.026695547625422478,0.0,0.12556953619744446,160.4511227795331,30.200000000000003,58.5
22.788203,77,1,0.6513611674308777,1.416908621788025,0.48253634572029114,0.0,1.6324039750855939,65.31148198671467,13.600000000000001,61.1
22.788203,77,2,-1.2294923067092896,2.7086808681488037,-2.1004858016967773,0.0,3.6415167143461584,114.41368493531283,13.100000000000001,69.2
22.788203,77,3,-2.570756673812866,2.102329969406128,1.494009017944336,0.0,3.641516733713517,140.72416515791195,13.100000000000001,69.2
22.788203,77,4,0.6937574744224548,1.4588052034378052,1.5809255838394165,0.17052115499973297,2.260251702030603,64.5658500187726,39.300000000000004,44.900000000000006
23.102764,78,0,-0.11562623083591461,0.041035886853933334,-0.02672712691128254,0.0,0.12556953683175245,160.46016562968808,29.700000000000003,59.0
23.102764,78,1,0.6012564301490784,1.4007012844085693,0.5841826796531677,0.0,1.632403989870824,66.76838461898345,16.3,61.0
23.102764,78,2,1.2025128602981567,0.3983827531337738,-1.0295614004135132,0.0,1.6324039556428225,18.32961473405213,16.3,61.0
23.102764,78,3,-2.570756673812866,2.1060359477996826,1.4887803792953491,0.0,3.641516759147581,140.67470448343798,12.600000000000001,69.60000000000001
23.102764,78,4,-1.2294923067092896,2.693718671798706,-2.1196398735046387,0.0,3.6415168279722496,114.53334855470685,12.600000000000001,69.60000000000001
23.102764,78,5,0.6243817210197449,1.3343615531921387,1.7141659259796143,0.08526057749986649,2.260251780216192,64.9239103544892,32.0,53.0
23.102764,78,6,0.6243817210197449,1.379167914390564,1.678326964378357,0.42630288004875183,2.260251771150167,65.64261997524376,17.7,41.300000000000004
23.102764,78,7,0.8093836307525635,1.1042510271072388,2.253683090209961,-0.42630288004875183,2.6369603075692876,53.75967648071038,19.3,41.1
23.102764,78,8,0.8055294156074524,0.9514976739883423,2.034187078475952,-0.25578173995018005,2.3858211444390878,49.749046746830565,14.9,45.400000000000006
23.403162,79,0,-0.11562623083591461,0.04108136147260666,-0.02665717341005802,0.0,0.12556953616214836,160.44015501173882,30.400000000000002,58.300000000000004
23.403162,79,1,0.6012564301490784,1.3745218515396118,0.6433686017990112,0.0,1.6324039858246826,66.37401192849393,15.100000000000001,61.2
23.403162,79,2,1.2025128602981567,0.35579055547714233,-1.0450447797775269,0.0,1.6324039605102185,16.48203978564169,15.100000000000001,61.2
23.403162,79,3,0.6243817210197449,1.2434338331222534,1.7812236547470093,0.0,2.260251742423169,63.33680053562127,25.900000000000002,58.300000000000004
23.403162,79,4,-2.570756673812866,2.116868495941162,1.4733370542526245,0.0,3.641516741756845,140.53053154244336,12.8,69.5
23.403162,79,5,-1.2294923067092896,2.723623037338257,-2.0810744762420654,0.0,3.6415168209749065,114.29527045490153,12.8,69.5
23.403162,79,6,1.4800158739089966,5.02943754196167,2.9737374782562256,0.0,6.027338016496317,73.60239133863773,11.4,69.0
23.403162,79,7,3.7000396251678467,3.812277317047119,-2.846937656402588,0.0,6.027338184416672,45.8559633031908,11.4,69.0
23.403162,79,8,0.6590694785118103,1.9656498432159424,1.1806738376617432,0.25578173995018005,2.3858211572914674,71.46403593139009,18.1,44.0
23.403162,79,9,1.537828803062439,1.423499345779419,-1.1405589580535889,0.25578173995018005,2.38582114831753,42.78905162935772,18.1,44.0
23.403162,79,10,1.2834511995315552,2.487844467163086,3.708014965057373,-0.5115634799003601,4.64607275615249,62.71129591264056,18.0,41.900000000000006
23.70579,80,0,-0.11562623083591461,0.041064292192459106,-0.026683460921049118,0.0,0.12556953626303247,160.44766558341226,32.9,55.800000000000004
23.70579,80,1,-1.8500198125839233,1.4713599681854248,1.8694190979003906,0.0,3.0136690638698833,141.5040260666444,11.8,65.8
23.70579,80,2,-2.570756673812866,2.0826480388641357,1.5213253498077393,0.0,3.641516655145993,140.9880175708034,13.200000000000001,69.10000000000001
23.70579,80,3,-1.2294923067092896,2.682774066925049,-2.1334750652313232,0.0,3.6415167005502935,114.621579664455,13.200000000000001,69.10000000000001
23.70579,80,4,0.551151692867279,1.2530204057693481,0.8893336057662964,0.08526057749986649,1.6324039292314054,66.25729757418331,16.2,58.1
23.70579,80,5,0.6590694785118103,1.1873719692230225,1.961611032485962,-0.08526057749986649,2.3858211612719487,60.96684659091848,21.5,51.1
23.993516,81,0,-0.11562623083591461,0.04108656942844391,-0.026649145409464836,0.0,0.12556953609762742,160.43786362346282,36.0,52.7
23.993516,81,1,-1.8500198125839233,1.4651468992233276,1.8742924928665161,0.0,3.0136690415625544,141.62208537336272,14.8,63.0
23.993516,81,2,-2.570756673812866,2.0772933959960938,1.5286290645599365,0.0,3.6415167919453237,141.06014370900002,12.4,70.10000000000001
23.993516,81,3,-1.2294923067092896,2.7002182006835938,-2.111353874206543,0.0,3.641516833091295,114.48123212904078,12.4,70.10000000000001
23.993516,81,4,0.585839569568634,1.4866132736206055,1.7716984748840332,0.08526057749986649,2.3858211400865206,68.49175858415784,22.400000000000002,53.5
23.993516,81,5,0.5010470151901245,1.2930179834365845,0.8612775206565857,0.25578173995018005,1.6324039281102272,68.81855238751193,37.800000000000004,41.300000000000004
24.291843,82,0,-0.11562623083591461,0.04106910526752472,-0.026676051318645477,0.0,0.12556953602984383,160.44554773464978,35.1,53.6
24.291843,82,1,0.585839569568634,1.4025458097457886,1.8389670848846436,0.0,2.3858211770786504,67.32983885880122,16.5,55.400000000000006
24.291843,82,2,-1.8500198125839233,1.4841828346252441,1.8592549562454224,0.0,3.0136690239428163,141.26158729969612,14.200000000000001,63.300000000000004
24.291843,82,3,-2.570756673812866,2.043365955352783,1.5736931562423706,0.0,3.6415167792353036,141.52056683171458,11.9,70.60000000000001
24.291843,82,4,-1.2294923067092896,2.7132434844970703,-2.0945889949798584,0.0,3.641516798850977,114.377412103206,11.9,70.60000000000001
24.291843,82,5,0.5935479998588562,1.140110731124878,1.1992995738983154,0.17052115499973297,1.757973599151942,62.49826347293246,32.5,41.300000000000004
24.291843,82,6,2.185335874557495,1.0397636890411377,-1.0472620725631714,0.17052115499973297,2.636960231460785,25.44469632296945,13.4,57.5
24.596054,83,0,-0.11562623083591461,0.041125986725091934,-0.026588276028633118,0.0,0.12556953636773305,160.42052297489707,34.9,53.800000000000004
24.596054,83,1,-0.8787593245506287,2.1802544593811035,-0.40793952345848083,0.0,2.385821056352592,111.95207478767527,16.3,56.300000000000004
24.596054,83,2,-1.8500198125839233,1.4846808910369873,1.858857274055481,0.0,3.0136690296833213,141.25220370520566,12.700000000000001,64.9
24.596054,83,3,-2.570756673812866,2.112309217453003,1.4798661470413208,0.0,3.641516705886331,140.59113943619042,11.8,70.60000000000001
24.596054,83,4,-1.2294923067092896,2.714655637741089,-2.0927584171295166,0.0,3.641516765887979,114.3662059750653,11.8,70.60000000000001
24.596054,83,5,0.48563018441200256,1.1081364154815674,1.2754089832305908,0.08526057749986649,1.757973568013371,66.33502379461927,16.5,52.400000000000006
24.892323,84,0,-0.11562623083591461,0.04107113182544708,-0.026672935113310814,0.0,0.1255695368881416,160.44465602549133,33.7,55.0
24.892323,84,1,0.46250492334365845,0.8898983001708984,1.5943350791931152,0.0,1.8835429736297218,62.53784421533274,27.5,53.6
24.892323,84,2,1.4800158739089966,5.002808570861816,3.0183205604553223,0.0,6.027337686688742,73.5198335957469,12.200000000000001,69.2
24.892323,84,3,3.7000396251678467,4.011588096618652,-2.5584514141082764,0.0,6.027338212104687,47.31348181923395,12.200000000000001,69.2
24.892323,84,4,2.204606771469116,1.5539144277572632,-0.5971853137016296,0.25578173995018005,2.7625298848158324,35.178049150851585,24.200000000000003,47.400000000000006
24.892323,84,5,2.0812721252441406,2.151008367538452,-2.287445306777954,0.42630288004875183,3.767085967699594,45.94399008490217,14.600000000000001,49.900000000000006
24.892323,84,6,0.8325088620185852,1.954017996788025,2.6426126956939697,-0.25578173995018005,3.3903774416064527,66.92358326056963,13.0,46.1
25.196168,85,0,-0.11562623083591461,0.041064370423555374,-0.026683343574404716,0.0,0.125569536910482,160.44763115972927,33.5,55.2
25.196168,85,1,-2.570756673812866,2.0875017642974854,1.5146584510803223,0.0,3.6415166778867767,140.92276556576303,11.4,71.0
25.196168,85,2,-1.2294923067092896,2.702359676361084,-2.108612060546875,0.0,3.641516713481273,114.46410620179186,11.4,71.0
25.196168,85,3,1.4800158739089966,4.957245349884033,3.0925838947296143,0.0,6.027338018720243,73.37668402924768,12.600000000000001,69.0
25.196168,85,4,3.7000396251678467,3.9647786617279053,-2.6304073333740234,0.0,6.027338202206093,46.978181523515175,12.600000000000001,69.0
25.196168,85,5,0.34687870740890503,1.0862276554107666,-1.4991726875305176,0.08526057749986649,1.883542965814775,72.2895050793227,30.1,49.2
25.196168,85,6,0.5126096606254578,0.5542807579040527,-2.263216018676758,0.08526057749986649,2.385821152128615,47.236747970183764,15.700000000000001,56.400000000000006
25.196168,85,7,2.119814395904541,1.7327702045440674,0.36805638670921326,0.25578173995018005,2.7625298475559075,39.263113554542066,20.700000000000003,47.6
25.196168,85,8,1.3566811084747314,0.7388071417808533,-2.290229558944702,0.25578173995018005,2.762529828889213,28.57136302058313,20.700000000000003,47.6
25.196168,85,9,2.2701284885406494,2.9527344703674316,-1.131654977798462,0.42630288004875183,3.8926555454799656,52.44610957198223,13.5,48.400000000000006
25.196168,85,10,0.5896937847137451,1.0697556734085083,1.7506433725357056,-0.42630288004875183,2.134682219517205,61.13461986881382,18.900000000000002,39.400000000000006
25.196168,85,11,3.7925405502319336,2.9761857986450195,1.8067858219146729,-0.25578173995018005,5.148351264189508,38.12295278674611,11.9,48.800000000000004
25.196168,85,12,0.15802252292633057,4.562172889709473,2.380573272705078,-0.25578173995018005,5.148351357480358,88.0162072835484,11.9,48.800000000000004
25.493596,86,0,-0.11562623083591461,0.041051235049963,-0.026703545823693275,0.0,0.12556953657637512,160.45341126585043,33.4,55.300000000000004
25.493596,86,1,-0.8055294156074524,2.1437923908233643,-0.6688936352729797,0.0,2.385821064051062,110.59369639210286,11.9,58.800000000000004
25.493596,86,2,1.2950139045715332,5.184928894042969,2.7871596813201904,0.0,6.0273383627014105,75.97642826144337,11.8,69.3
25.493596,86,3,3.7000396251678467,3.8106606006622314,-2.8491013050079346,0.0,6.027338192556443,45.84381703266583,11.8,69.3
25.493596,86,4,0.3237534463405609,1.467256784439087,-0.912585437297821,0.08526057749986649,1.7579735338929239,77.55694284604769,27.6,53.400000000000006
25.493596,86,5,0.1772935688495636,2.8650197982788086,0.3183509111404419,0.17052115499973297,2.8880995060262222,86.45892975035775,12.600000000000001,60.6
25.493596,86,6,1.3297016620635986,0.5876854062080383,-2.495523452758789,0.17052115499973297,2.8880993663712045,23.843888419993984,12.600000000000001,60.6
25.493596,86,7,0.46250492334365845,1.2136203050613403,-2.1494879722595215,0.34104230999946594,2.5113907684513483,69.13839433548576,29.8,43.0
25.796731,87,0,-0.11562623083591461,0.04109625518321991,-0.026634206995368004,0.0,0.1255695362326255,160.4336022733902,35.5,53.2
25.796731,87,1,-0.8055294156074524,2.1417973041534424,-0.6752548813819885,0.0,2.385821134602936,110.61126743367993,15.600000000000001,55.1
25.796731,87,2,-1.8500198125839233,1.5470353364944458,1.80729341506958,0.0,3.013669047435269,140.09674341823737,15.100000000000001,62.5
25.796731,87,3,-2.570756673812866,2.088099479675293,1.5138342380523682,0.0,3.6415166364130775,140.91473839651852,11.4,70.9
25.796731,87,4,-1.2294923067092896,2.711796283721924,-2.0964622497558594,0.0,3.641516769330709,114.38890639600807,11.4,70.9
25.796731,87,5,1.2950139045715332,5.232059955596924,2.697645902633667,0.0,6.027338202555976,76.09783337077987,11.3,70.0
25.796731,87,6,3.7000396251678467,3.949862241744995,-2.6527533531188965,0.0,6.027338161166882,46.87044181956033,11.3,70.0
25.796731,87,7,0.28906556963920593,1.6761399507522583,-0.8091540336608887,0.25578173995018005,1.8835430147061436,80.21507262151162,38.400000000000006,40.1
25.796731,87,8,0.40469181537628174,1.5926496982574463,-2.0623412132263184,0.42630288004875183,2.636960334658807,75.74289239211623,22.900000000000002,48.800000000000004
25.796731,87,9,0.9173015356063843,2.5031561851501465,-3.334702253341675,0.5115634799003601,4.269364368723207,69.87423760143443,15.0,46.300000000000004
25.796731,87,10,0.0,8.639246940612793,-2.201913833618164,-0.34104230999946594,8.91543673812823,90.0,11.4,45.6
26.080623,88,0,-0.11562623083591461,0.04107550531625748,-0.026666199788451195,0.0,0.1255695369325845,160.44273167204392,35.5,53.2
26.080623,88,1,-0.8055294156074524,2.147827386856079,-0.6558221578598022,0.0,2.3858212057649637,110.55824699919643,15.700000000000001,55.1
26.080623,88,2,-1.8500198125839233,1.4845290184020996,1.8589786291122437,0.0,3.013669068913671,141.25506478884807,15.200000000000001,62.5
26.080623,88,3,-2.570756673812866,2.088268518447876,1.5136010646820068,0.0,3.641516643391924,140.91246857907038,11.5,70.9
26.080623,88,4,-1.2294923067092896,2.705137014389038,-2.1050479412078857,0.0,3.6415167765175167,114.44192858811886,11.5,70.9
26.080623,88,5,1.4800158739089966,4.918765544891357,3.1534264087677,0.0,6.027337686586553,73.2538935519024,11.5,69.7
26.080623,88,6,3.7000396251678467,3.939862012863159,-2.6675829887390137,0.0,6.027338128064837,46.797968175064696,11.5,69.7
26.080623,88,7,0.40469181537628174,1.8698155879974365,-1.8148205280303955,0.17052115499973297,2.6369602476168033,77.78760666430802,27.400000000000002,45.400000000000006
26.080623,88,8,0.24666929244995117,1.8466023206710815,-0.7521617412567139,0.34104230999946594,2.00911252934123,82.3914662769955,41.300000000000004,40.5
26.410317,89,0,-0.11562623083591461,0.04109608381986618,-0.026634471490979195,0.0,0.1255695362508497,160.43367766454935,35.7,53.0
26.410317,89,1,-0.8787593245506287,2.1590073108673096,-0.5085395574569702,0.0,2.3858212423318097,112.14731006202285,17.3,54.900000000000006
26.410317,89,2,-1.8500198125839233,1.4911025762557983,1.8537100553512573,0.0,3.0136690543555202,141.13143713113655,14.9,62.800000000000004
26.410317,89,3,1.4800158739089966,4.944247722625732,3.11332106590271,0.0,6.027337769621505,73.3354042912015,11.5,69.7
26.410317,89,4,3.7000396251678467,4.060335159301758,-2.480361223220825,0.0,6.027338270856528,47.65819638470095,11.5,69.7
26.410317,89,5,0.33917027711868286,2.1493752002716064,-1.701975703239441,0.17052115499973297,2.7625299134743795,81.0326988277384,18.0,54.5
26.410317,89,6,0.19656459987163544,1.9888026714324951,-0.7502630352973938,0.25578173995018005,2.134682255033143,84.35546641061588,37.800000000000004,40.1
26.410317,89,7,0.09635519236326218,3.063263177871704,0.6796703934669495,0.25578173995018005,3.139238357270045,88.19835063670803,13.4,57.6
26.410317,89,8,2.119814395904541,2.0990400314331055,0.9773613810539246,0.25578173995018005,3.1392383464494156,44.71786801216615,13.4,57.6
26.410317,89,9,0.6744863390922546,3.694197177886963,-2.2832913398742676,0.34104230999946594,4.394933896371469,79.65290973005088,11.8,48.2
26.410317,89,10,0.30833661556243896,2.492366075515747,-0.011122413910925388,0.42630288004875183,2.511390816055811,82.94763358163183,26.400000000000002,41.6
26.706505,90,0,-0.11562623083591461,0.04107072949409485,-0.02667355164885521,0.0,0.12556953625804895,160.44483305520168,35.6,53.1
26.706505,90,1,-0.8787593245506287,2.165297508239746,-0.48105213046073914,0.0,2.3858211169102237,112.08916799476255,16.8,55.0
26.706505,90,2,-1.8500198125839233,1.47347891330719,1.8677494525909424,0.0,3.0136690980543563,141.46385060149322,14.9,62.800000000000004
26.706505,90,3,1.4800158739089966,4.624754905700684,3.570713520050049,0.0,6.027337718022225,72.25426857805475,11.700000000000001,69.60000000000001
26.706505,90,4,3.7000396251678467,3.853868007659912,-2.7903785705566406,0.0,6.027338087024696,46.16661461596484,11.700000000000001,69.60000000000001
26.706505,90,5,0.2081272155046463,2.1957831382751465,-0.4939212203025818,0.25578173995018005,2.2602519107463133,84.58539846834162,32.1,41.0
26.706505,90,6,0.0,3.107757091522217,1.0004081726074219,0.34104230999946594,3.264807904261191,90.0,13.8,55.6
26.706505,90,7,2.304816246032715,2.0418615341186523,1.0851701498031616,0.34104230999946594,3.264807912651758,41.538078759686535,13.8,55.6
26.706505,90,8,0.5704227685928345,3.76017165184021,-2.6686549186706543,0.5115634799003601,4.646072756767475,81.37392830426677,13.100000000000001,49.800000000000004
27.000196,91,0,-0.11562623083591461,0.04110204800963402,-0.026625268161296844,0.0,0.12556953656268482,160.4310537659075,35.5,53.2
27.000196,91,1,-1.8500198125839233,1.475366234779358,1.866258978843689,0.0,3.0136690942760724,141.42810449315195,15.0,62.5
27.000196,91,2,-1.2294923067092896,2.7101664543151855,-2.0985686779022217,0.0,3.6415167222223426,114.40186339397803,11.5,70.8
27.000196,91,3,-2.570756673812866,2.0727951526641846,1.5347228050231934,0.0,3.641516677034418,141.12084792000093,11.5,70.8
27.000196,91,4,1.4800158739089966,5.013303756713867,3.000856637954712,0.0,6.027337895427868,73.55246812081273,11.9,69.2
27.000196,91,5,3.7000396251678467,4.025134563446045,-2.53708553314209,0.0,6.0273380927353895,47.40973000828559,11.9,69.2
27.000196,91,6,-0.06937574595212936,2.252107858657837,0.1787034124135971,0.17052115499973297,2.2602516919058075,91.7644274110669,38.1,41.0
27.000196,91,7,0.25437772274017334,2.506199598312378,-1.1339432001113892,0.17052115499973297,2.762529933500533,84.20436158726679,26.400000000000002,50.2
27.000196,91,8,0.10406360775232315,3.3332433700561523,0.6109983921051025,0.34104230999946594,3.3903775060657693,88.21181088739156,15.0,58.2
27.000196,91,9,-3.434098958969116,1.3386424779891968,-1.893682837486267,-0.25578173995018005,4.143794641733573,158.70371867411978,15.4,44.0
27.308535,92,0,-0.11562623083591461,0.041085198521614075,-0.026651261374354362,0.0,0.12556953662303927,160.438466786594,35.7,53.0
27.308535,92,1,-1.8500198125839233,1.3974924087524414,1.9252643585205078,0.0,3.0136690577538765,142.9328484669053,15.100000000000001,62.6
27.308535,92,2,-2.570756673812866,2.1106491088867188,1.482232928276062,0.0,3.6415167156644386,140.6132339742923,11.5,70.9
27.308535,92,3,-1.2294923067092896,2.69529128074646,-2.1176395416259766,0.0,3.6415166687224017,114.52071951946773,11.5,70.9
27.308535,92,4,1.4800158739089966,4.871194839477539,3.2264244556427,0.0,6.027337796999975,73.09963685597907,12.0,69.2
27.308535,92,5,3.7000396251678467,4.012757301330566,-2.556617259979248,0.0,6.02733823517627,47.32180292039542,12.0,69.2
27.308535,92,6,-0.06937574595212936,2.15592098236084,0.6752257347106934,0.17052115499973297,2.2602517711807546,91.84309458159902,38.300000000000004,40.400000000000006
27.308535,92,7,0.0886467844247818,2.8784143924713135,0.21906715631484985,0.25578173995018005,2.888099389936352,88.23601432438848,12.600000000000001,50.6
27.308535,92,8,0.0,3.47441029548645,0.5388486385345459,0.25578173995018005,3.5159472061782693,90.0,13.700000000000001,57.300000000000004
27.308535,92,9,0.292919784784317,4.715084552764893,-0.6713752746582031,0.42630288004875183,4.771642180577099,86.44512706278995,11.9,50.5
27.308535,92,10,0.3545871376991272,2.8638522624969482,0.11720021069049835,0.5115634799003601,2.8880993246452666,82.94185871256217,22.1,41.2
27.308535,92,11,0.5010470151901245,3.0927064418792725,-0.918198823928833,0.5115634799003601,3.264807854581457,80.79751104869476,22.3,42.5
27.603925,93,0,-0.11562623083591461,0.04106704518198967,-0.026679225265979767,0.0,0.12556953658468556,160.44645420645412,35.6,53.1
27.603925,93,1,-0.8055294156074524,2.1498820781707764,-0.649054765701294,0.0,2.385821174842813,110.54024037194355,15.8,55.0
27.603925,93,2,-1.8500198125839233,1.5304197072982788,1.8213850259780884,0.0,3.0136690595181825,140.40091536550528,15.0,62.6
27.603925,93,3,-2.570756673812866,2.0915298461914062,1.5090912580490112,0.0,3.641516634396002,140.86870473763054,11.600000000000001,70.8
27.603925,93,4,-1.2294923067092896,2.7183358669281006,-2.0879759788513184,0.0,3.6415168413650374,114.33704696295372,11.600000000000001,70.8
27.603925,93,5,1.4800158739089966,4.71528434753418,3.450282335281372,0.0,6.0273378583150725,72.57416447665587,11.8,69.4
27.603925,93,6,3.7000396251678467,3.9530067443847656,-2.6480653285980225,0.0,6.027338179784391,46.89319028919769,11.8,69.4
27.603925,93,7,0.0,2.3482935428619385,0.42149731516838074,0.25578173995018005,2.385821147978454,90.0,32.9,40.5
27.603925,93,8,0.16958513855934143,2.6464929580688477,-0.773878276348114,0.25578173995018005,2.762529942449804,86.33354541295981,29.900000000000002,44.5
27.603925,93,9,0.0,3.470423698425293,0.5639539957046509,0.34104230999946594,3.5159472060688186,90.0,18.3,56.900000000000006
27.603925,93,10,0.13875149190425873,4.514523983001709,-0.18647216260433197,0.5115634799003601,4.520503361024036,88.23959886702866,17.7,44.6
27.603925,93,11,0.1503141075372696,4.861181259155273,-0.5735907554626465,0.5115634799003601,4.897211851660022,88.22890358575093,13.600000000000001,45.900000000000006
27.905586,94,0,-0.11562623083591461,0.04110705479979515,-0.026617534458637238,0.0,0.12556953592448414,160.4288511336923,35.5,53.2
27.905586,94,1,-0.8055294156074524,2.140721082687378,-0.6786594390869141,0.0,2.3858212480261107,110.62075779820292,15.600000000000001,55.2
27.905586,94,2,-1.8500198125839233,1.4891012907028198,1.8553180694580078,0.0,3.013669042841839,141.16902950928122,14.9,62.7
27.905586,94,3,-2.570756673812866,2.088409900665283,1.5134061574935913,0.0,3.641516715146271,140.9105702402717,11.600000000000001,70.8
27.905586,94,4,-1.2294923067092896,2.7078163623809814,-2.101600170135498,0.0,3.6415167251777185,114.42056918411481,11.600000000000001,70.8
27.905586,94,5,-1.9772087335586548,1.1121336221694946,-2.519615888595581,0.34104230999946594,3.3903775299638474,150.643265461451,19.1,54.0
27.905586,94,6,0.18500198423862457,2.9426722526550293,-0.6234224438667297,0.42630288004875183,3.0136690701261175,86.40262325269391,29.8,48.0
27.905586,94,7,0.11177203059196472,3.5895068645477295,0.6029855012893677,0.42630288004875183,3.6415167213982573,88.21646893239642,18.0,56.5
27.905586,94,8,-0.15416830778121948,2.451735734939575,0.5218303799629211,0.5115634799003601,2.5113906359935467,93.5980952073104,37.1,40.900000000000006
28.208131,95,0,-0.11562623083591461,0.041103266179561615,-0.02662338688969612,0.0,0.1255695364227588,160.43051785208104,35.5,53.2
28.208131,95,1,-0.8055294156074524,2.1268651485443115,-0.7209088206291199,0.0,2.385821143162699,110.74369319740521,15.700000000000001,54.900000000000006
28.208131,95,2,-1.8500198125839233,1.4615135192871094,1.8771271705627441,0.0,3.013669107330289,141.69130510067922,15.3,62.400000000000006
28.208131,95,3,-2.570756673812866,2.1100075244903564,1.4831461906433105,0.0,3.6415167515994042,140.62177663050144,11.700000000000001,70.7
28.208131,95,4,-1.2294923067092896,2.691923141479492,-2.121919631958008,0.0,3.641516779637155,114.54778271731112,11.700000000000001,70.7
28.208131,95,5,1.4800158739089966,4.753612995147705,3.3972811698913574,0.0,6.027337956507677,72.70625962939145,11.700000000000001,69.5
28.208131,95,6,3.7000396251678467,3.8804259300231934,-2.753326416015625,0.0,6.027338133814796,46.363164795554546,11.700000000000001,69.5
28.208131,95,7,-0.08093836158514023,2.5708699226379395,0.5810644030570984,0.34104230999946594,2.636960185137537,91.80323991823452,36.2,39.800000000000004
28.208131,95,8,0.09635519236326218,3.0787482261657715,-0.6056756377220154,0.34104230999946594,3.1392384333376486,88.20740638831447,23.700000000000003,48.800000000000004
28.208131,95,9,0.31219086050987244,3.3719067573547363,-0.16565373539924622,0.5115634799003601,3.3903774824836463,84.71030171072475,23.8,45.5
28.498783,96,0,-0.11562623083591461,0.04111025482416153,-0.026612594723701477,0.0,0.12556953654033964,160.4274433816925,35.6,53.1
28.498783,96,1,-0.8055294156074524,2.1390256881713867,-0.6839836835861206,0.0,2.385821077423451,110.63572513803263,15.9,54.900000000000006
28.498783,96,2,-1.8500198125839233,1.4803450107574463,1.8623121976852417,0.0,3.013669089245658,141.33397629449263,15.0,62.6
28.498783,96,3,-1.2294923067092896,2.724278211593628,-2.080216646194458,0.0,3.6415167721054953,114.29010298403728,11.8,70.7
28.498783,96,4,-2.570756673812866,2.079558849334717,1.5255454778671265,0.0,3.6415167017110552,141.02961050242723,11.8,70.7
28.498783,96,5,1.4800158739089966,4.754498481750488,3.3960416316986084,0.0,6.027337850512485,72.70928841353356,11.8,69.4
28.498783,96,6,3.7000396251678467,3.8845674991607666,-2.7474801540374756,0.0,6.027338142180024,46.39368894351123,11.8,69.4
28.498783,96,7,0.0,2.69490122795105,0.6075180172920227,0.17052115499973297,2.7625297771691995,90.0,31.8,40.5
28.498783,96,8,0.09635519236326218,3.0697431564331055,-0.649777352809906,0.25578173995018005,3.1392384391421904,88.20215127370192,30.900000000000002,46.0
28.498783,96,9,0.3314618468284607,5.015413284301758,-1.9723727703094482,0.25578173995018005,5.399489949366666,86.21889832996033,11.5,54.0
28.498783,96,10,-0.24281509220600128,2.3373982906341553,1.1963152885437012,0.34104230999946594,2.6369604107126596,95.9307634233708,27.900000000000002,41.300000000000004
28.498783,96,11,0.33531609177589417,3.625910758972168,-0.03125899285078049,1.1083874702453613,3.6415165574342825,84.71644256423266,22.6,41.2
28.806098,97,0,-0.11562623083591461,0.04109776020050049,-0.026631884276866913,0.0,0.1255695361580765,160.43294014536963,35.4,53.300000000000004
28.806098,97,1,-0.8055294156074524,2.1486287117004395,-0.6531919836997986,0.0,2.3858211893857537,110.55122086466183,15.600000000000001,55.1
28.806098,97,2,-1.8500198125839233,1.4700826406478882,1.8704237937927246,0.0,3.013669100228705,141.52826602625632,15.0,62.6
28.806098,97,3,-1.2294923067092896,2.6996002197265625,-2.1121439933776855,0.0,3.641516844306294,114.48617846459203,11.600000000000001,70.8
28.806098,97,4,-2.570756673812866,1.9897732734680176,1.6409316062927246,0.0,3.6415167296459647,142.26002287172435,11.600000000000001,70.8
28.806098,97,5,1.4800158739089966,4.8816118240356445,3.210641622543335,0.0,6.027337771852091,73.13365131375654,11.5,69.7
28.806098,97,6,3.7000396251678467,3.935864210128784,-2.6734778881073,0.0,6.027338079665315,46.768940564939584,11.5,69.7
28.806098,97,7,0.10020940005779266,3.2238926887512207,-0.505415141582489,0.25578173995018005,3.2648078745592923,88.21962819671471,32.0,44.300000000000004
28.806098,97,8,-0.2659403383731842,2.713639497756958,0.9521313309669495,0.34104230999946594,2.888099315946315,95.59719052647404,33.4,40.900000000000006
28.806098,97,9,-0.25437772274017334,2.4344589710235596,1.280731439590454,0.5115634799003601,2.762529914368169,95.96521494220259,32.5,40.6
29.110832,98,0,-0.11562623083591461,0.041081417351961136,-0.026657085865736008,0.0,0.1255695358588995,160.44013042568207,35.5,53.2
29.110832,98,1,-0.8787593245506287,2.1409008502960205,-0.5800588726997375,0.0,2.3858211787727495,112.31630692120648,15.8,55.0
29.110832,98,2,-1.8500198125839233,1.4773619174957275,1.8646795749664307,0.0,3.013669102525474,141.3903446625165,15.200000000000001,62.400000000000006
29.110832,98,3,-1.2294923067092896,2.763073682785034,-2.028402328491211,0.0,3.641516650378678,113.98775749924869,11.8,70.8
29.110832,98,4,-2.570756673812866,2.096639633178711,1.5019840002059937,0.0,3.641516657142179,140.8002455914383,11.8,70.8
29.110832,98,5,1.2950139045715332,5.076244354248047,2.980518341064453,0.0,6.027338329519123,75.68839061125553,12.100000000000001,69.10000000000001
29.110832,98,6,3.7000396251678467,4.025331497192383,-2.5367729663848877,0.0,6.0273380503405045,47.41112664237578,12.100000000000001,69.10000000000001
29.110832,98,7,-0.27750298380851746,2.758533477783203,1.1813915967941284,0.34104230999946594,3.013669019492536,95.74451544362937,38.7,41.0
29.110832,98,8,0.0,3.389373540878296,-0.08249958604574203,0.34104230999946594,3.3903774393573936,90.0,27.1,47.0
29.110832,98,9,-0.25437769293785095,4.09601354598999,0.5735836029052734,0.42630288004875183,4.143794532686155,93.55371719654725,14.0,54.800000000000004
29.110832,98,10,0.0,3.0613937377929688,1.1343896389007568,0.596824049949646,3.264808029676997,90.0,19.1,41.6
29.399551,99,0,-0.11562623083591461,0.0410480760037899,-0.026708398014307022,0.0,0.12556953581750535,160.45480143822496,35.9,52.800000000000004
29.399551,99,1,-1.8500198125839233,1.464492917060852,1.8748035430908203,0.0,3.013669048893782,141.6345346632117,15.0,62.6
29.399551,99,2,-2.570756673812866,1.9991176128387451,1.6295344829559326,0.0,3.6415166808704766,142.1300131733937,11.600000000000001,70.8
29.399551,99,3,-1.2294923067092896,2.7511143684387207,-2.044593572616577,0.0,3.6415167825608505,114.08020267641467,11.600000000000001,70.8
29.399551,99,4,1.2950139045715332,5.112432479858398,2.9180092811584473,0.0,6.027338138770011,75.78557517614216,12.3,69.10000000000001
29.399551,99,5,3.7000396251678467,4.032166004180908,-2.5258960723876953,0.0,6.027338291616627,47.459550409106185,12.3,69.10000000000001
29.399551,99,6,-0.18500198423862457,2.476219415664673,1.707721471786499,0.17052115499973297,3.013669018636182,94.27271370199247,36.800000000000004,41.6
29.399551,99,7,-1.2950139045715332,2.4263980388641357,-1.2319629192352295,0.17052115499973297,3.013669041286372,118.08967252368134,36.800000000000004,41.6
29.399551,99,8,0.0,4.3340535163879395,1.99613356590271,0.25578173995018005,4.7716421801973095,90.0,15.3,55.900000000000006
29.399551,99,9,0.23125246167182922,3.758059501647949,0.12020527571439743,0.5115634799003601,3.7670861719988946,86.47874010188534,20.700000000000003,43.900000000000006
29.399551,99,10,0.0,3.106614112854004,1.3577954769134521,0.596824049949646,3.3903775310885806,90.0,26.5,40.900000000000006
29.399551,99,11,-1.2487634420394897,2.442615032196045,-1.992205262184143,0.596824049949646,3.390377580205277,117.07795248903088,26.5,40.900000000000006
29.704982,100,0,-0.11562623083591461,0.041107095777988434,-0.026617474853992462,0.0,0.12556953670466356,160.42883310644487,35.6,53.1
29.704982,100,1,-0.8055294156074524,2.123664617538452,-0.7302832007408142,0.0,2.3858211585275777,110.77228905254721,15.700000000000001,55.0
29.704982,100,2,-1.8500198125839233,1.4722297191619873,1.8687342405319214,0.0,3.013669078494395,141.48753005346381,15.100000000000001,62.5
29.704982,100,3,-2.570756673812866,2.092454671859741,1.5078086853027344,0.0,3.6415166429958012,140.8563043670735,11.600000000000001,70.8
29.704982,100,4,-1.2294923067092896,2.686286449432373,-2.1290509700775146,0.0,3.6415167518287377,114.59319943708007,11.600000000000001,70.8
29.704982,100,5,1.4800158739089966,4.9804368019104,3.0550949573516846,0.0,6.027337963253911,73.44984717791814,12.3,69.0
29.704982,100,6,3.7000396251678467,4.05109167098999,-2.495429277420044,0.0,6.027338071917139,47.59317822385962,12.3,69.0
29.704982,100,7,-0.09635519236326218,2.8498966693878174,1.3128678798675537,0.25578173995018005,3.139238350184812,91.93643640892736,36.2,40.5
30.004936,101,0,-0.11562623083591461,0.04106593504548073,-0.02668093331158161,0.0,0.12556953643641805,160.44694268915498,35.7,53.0
30.004936,101,1,-0.8055294156074524,2.131533145904541,-0.706987738609314,0.0,2.385821211667485,110.70212062646993,15.5,55.300000000000004
30.004936,101,2,-1.8500198125839233,1.4758704900741577,1.8658602237701416,0.0,3.0136690901743597,141.41855985034738,15.200000000000001,62.5
30.004936,101,3,-2.570756673812866,2.0959908962249756,1.5028891563415527,0.0,3.6415166523387468,140.80892975911578,11.5,70.8
30.004936,101,4,-1.2294923067092896,2.697455883026123,-2.114881753921509,0.0,3.6415167727472695,114.50335634517016,11.5,70.8
30.004936,101,5,1.2950139045715332,5.161839485168457,2.8296923637390137,0.0,6.027338281288072,75.91619069396458,12.0,69.3
30.004936,101,6,3.7000396251678467,4.064028263092041,-2.4743049144744873,0.0,6.027338032731841,47.684128277472155,12.0,69.3
30.004936,101,7,0.0,3.6223104000091553,0.3735118806362152,0.34104230999946594,3.6415166838819903,90.0,26.6,47.2
30.004936,101,8,-0.19271038472652435,2.8693718910217285,1.258723497390747,0.42630288004875183,3.1392383127520995,93.84228171896892,35.800000000000004,41.0
30.004936,101,9,0.3931291997432709,4.249305725097656,0.12776045501232147,0.5115634799003601,4.269364407836775,84.71426418775926,11.700000000000001,47.800000000000004
30.306553,102,0,-0.11562623083591461,0.041060660034418106,-0.02668904885649681,0.0,0.12556953606925028,160.44926384200966,35.1,53.6
30.306553,102,1,-1.8500198125839233,1.4713200330734253,1.869450569152832,0.0,3.01366908886528,141.50478367195842,15.200000000000001,62.400000000000006
30.306553,102,2,-2.570756673812866,2.0928869247436523,1.5072087049484253,0.0,3.6415166669931147,140.85051007417755,11.700000000000001,70.7
30.306553,102,3,-1.2294923067092896,2.706298351287842,-2.1035547256469727,0.0,3.641516796917506,114.432666261032,11.700000000000001,70.7
30.306553,102,4,1.2950139045715332,5.080569744110107,2.9731392860412598,0.0,6.027338314048962,75.70007502019224,11.9,69.4
30.306553,102,5,3.7000396251678467,4.024726390838623,-2.5377328395843506,0.0,6.02733802885071,47.40683505381097,11.9,69.4
30.306553,102,6,-0.1503141075372696,4.4695000648498535,1.9959113597869873,0.17052115499973297,4.897212198459886,91.92619287097726,11.8,57.5
30.306553,102,7,0.0,3.797785997390747,0.8541603088378906,0.25578173995018005,3.8926556892655264,90.0,15.700000000000001,51.400000000000006
30.306553,102,8,-0.3006282150745392,2.8262336254119873,1.6065484285354614,0.34104230999946594,3.264808062097686,96.07175606889109,33.1,40.5
30.605878,103,0,-0.11562623083591461,0.041055481880903244,-0.02669701725244522,0.0,0.12556953683107516,160.4515424397856,35.1,53.6
30.605878,103,1,-0.8055294156074524,2.1110894680023193,-0.7658761739730835,0.0,2.3858211783741985,110.88537783272243,15.200000000000001,55.400000000000006
30.605878,103,2,-1.8500198125839233,1.466031551361084,1.8736006021499634,0.0,3.0136690317478374,141.6052518350515,15.200000000000001,62.400000000000006
30.605878,103,3,-2.570756673812866,2.0965328216552734,1.5021332502365112,0.0,3.6415167237975608,140.80167525165498,11.700000000000001,70.7
30.605878,103,4,-1.2294923067092896,2.704028844833374,-2.106471300125122,0.0,3.6415168081719824,114.45077302277222,11.700000000000001,70.7
30.605878,103,5,1.2950139045715332,5.077826023101807,2.9778225421905518,0.0,6.02733815433494,75.69266542631875,12.4,68.9
30.605878,103,6,3.7000396251678467,4.0271172523498535,-2.5339372158050537,0.0,6.027338086222468,47.42378765571798,12.4,68.9
30.605878,103,7,0.2620861232280731,4.196766376495361,0.7388755679130554,0.34104230999946594,4.269364620143092,86.42654561749848,19.700000000000003,48.300000000000004
30.605878,103,8,-0.11177203059196472,3.096226692199707,1.913512945175171,0.8526057600975037,3.641516786679082,92.06744743515685,28.0,40.2
30.605878,103,9,-1.4530364274978638,2.907144069671631,-1.642511010169983,0.8526057600975037,3.6415167059883586,116.55660569224067,28.0,40.2
30.905799,104,0,-0.11562623083591461,0.04107844457030296,-0.026661671698093414,0.0,0.12556953692425796,160.44143841430912,35.300000000000004,53.400000000000006
30.905799,104,1,-0.8055294156074524,2.113283395767212,-0.7598015666007996,0.0,2.3858211942313092,110.86556312048495,15.200000000000001,55.300000000000004
30.905799,104,2,-1.8500198125839233,1.4690924882888794,1.871201515197754,0.0,3.0136690522647367,141.54706745747086,14.9,62.7
30.905799,104,3,-2.570756673812866,2.101623058319092,1.495003342628479,0.0,3.641516764987113,140.73360766407095,11.600000000000001,70.7
30.905799,104,4,-1.2294923067092896,2.694242477416992,-2.118973731994629,0.0,3.641516653299642,114.52914071210702,11.600000000000001,70.7
30.905799,104,5,1.4800158739089966,4.937675952911377,3.1237330436706543,0.0,6.027337632081167,73.31445680600935,12.200000000000001,69.10000000000001
30.905799,104,6,3.7000396251678467,3.985015392303467,-2.599646806716919,0.0,6.027338087778157,47.123658307717555,12.200000000000001,69.10000000000001
30.905799,104,7,-0.31219086050987244,3.1152167320251465,1.3010073900222778,0.25578173995018005,3.390377360968526,95.72277886447903,36.300000000000004,41.1
30.905799,104,8,0.0,4.0613813400268555,0.8223222494125366,0.5115634799003601,4.143794429143081,90.0,24.8,41.2
31.189207,105,0,-0.11562623083591461,0.0410967692732811,-0.02663341350853443,0.0,0.12556953618269878,160.43337610033586,35.4,53.300000000000004
31.189207,105,1,-1.8500198125839233,1.475982427597046,1.8657716512680054,0.0,3.013669074102806,141.41644141903575,15.0,62.6
31.189207,105,2,-2.570756673812866,2.0933430194854736,1.5065752267837524,0.0,3.6415166877470804,140.8443972186359,11.700000000000001,70.7
31.189207,105,3,-1.2294923067092896,2.705670118331909,-2.104362726211548,0.0,3.6415168000381426,114.43767596049489,11.700000000000001,70.7
31.189207,105,4,1.2950139045715332,5.103121757507324,2.9342617988586426,0.0,6.027338134634509,75.76069460053975,12.100000000000001,69.3
31.189207,105,5,3.7000396251678467,3.9516026973724365,-2.6501598358154297,0.0,6.027338074229999,46.88303528895586,12.100000000000001,69.3
31.189207,105,6,-0.3237534463405609,3.25358510017395,1.292768955230713,0.34104230999946594,3.5159470800482238,95.68260638331833,35.9,41.400000000000006
31.189207,105,7,-0.24666929244995117,3.4805796146392822,1.9926998615264893,0.42630288004875183,4.018225097204981,94.05378426549322,14.9,48.1
31.189207,105,8,-1.7266851663589478,3.1955058574676514,-1.7185556888580322,0.42630288004875183,4.018225106255298,118.38448098192627,14.9,48.1
31.504255,106,0,-0.11562623083591461,0.04109713062644005,-0.026632854714989662,0.0,0.1255695359285708,160.43321712400362,35.6,53.1
31.504255,106,1,-1.8500198125839233,1.4828110933303833,1.860349178314209,0.0,3.0136690446548795,141.2874442413419,15.100000000000001,62.5
31.504255,106,2,-2.570756673812866,2.09483003616333,1.5045068264007568,0.0,3.641516654781621,140.8244747028704,11.600000000000001,70.8
31.504255,106,3,-1.2294923067092896,2.7025535106658936,-2.1083638668060303,0.0,3.641516854982708,114.4625571691564,11.600000000000001,70.8
31.504255,106,4,1.2950139045715332,5.160823822021484,2.8315441608428955,0.0,6.027338207681858,75.9135293032347,12.200000000000001,69.2
31.504255,106,5,3.7000396251678467,4.017876148223877,-2.548564910888672,0.0,6.0273381417746545,47.358202352380616,12.200000000000001,69.2
31.504255,106,6,-0.4470881223678589,3.049575090408325,1.9392902851104736,0.25578173995018005,3.641516556480998,98.34052773866779,37.7,40.6
31.504255,106,7,-0.1194804385304451,3.5416202545166016,1.6110303401947021,0.5115634799003601,3.8926556949493394,91.93220307304519,28.700000000000003,40.7
31.807333,107,0,-0.11562623083591461,0.041093990206718445,-0.02663770504295826,0.0,0.12556953698403817,160.43459875353503,35.7,53.0
31.807333,107,1,-1.8500198125839233,1.4851638078689575,1.8584715127944946,0.0,3.0136690606344843,141.24310770151192,14.9,62.7
31.807333,107,2,-2.570756673812866,2.077371597290039,1.5285226106643677,0.0,3.641516717041537,141.05908929328666,11.600000000000001,70.8
31.807333,107,3,-1.2294923067092896,2.7310874462127686,-2.0712687969207764,0.0,3.64151677192567,114.23651940478217,11.600000000000001,70.8
31.807333,107,4,1.2950139045715332,5.125425338745117,2.8951268196105957,0.0,6.02733815358925,75.82015333957986,12.200000000000001,69.2
31.807333,107,5,3.7000396251678467,3.98718523979187,-2.596317768096924,0.0,6.027338161839118,47.139209743592275,12.200000000000001,69.2
31.807333,107,6,-0.12333464622497559,3.9696385860443115,0.6106488704681396,0.25578173995018005,4.018225227855618,91.77957817733446,34.800000000000004,43.6
31.807333,107,7,0.13875149190425873,4.412354469299316,0.9730490446090698,0.596824049949646,4.520503111653164,88.19886274774487,17.900000000000002,44.6
32.102426,108,0,-0.11562623083591461,0.04107580706477165,-0.02666573040187359,0.0,0.12556953595999296,160.44259890318426,35.5,53.2
32.102426,108,1,-0.8055294156074524,2.1019399166107178,-0.7906407713890076,0.0,2.3858210079201165,110.96840207169184,15.3,55.2
32.102426,108,2,-1.8500198125839233,1.4856793880462646,1.8580594062805176,0.0,3.0136690774346953,141.2333990241381,14.9,62.7
32.102426,108,3,-2.570756673812866,2.1008851528167725,1.496039867401123,0.0,3.6415166601476527,140.7434668904224,11.600000000000001,70.8
32.102426,108,4,-1.117720365524292,2.733391523361206,-2.1307077407836914,0.0,3.6415166499861282,112.24030966580756,11.600000000000001,70.8
32.102426,108,5,1.4800158739089966,5.007159233093262,3.0110979080200195,0.0,6.027337818992415,73.53337714157898,12.200000000000001,69.2
32.102426,108,6,3.7000396251678467,3.9580392837524414,-2.6405372619628906,0.0,6.0273381547208915,46.929557381851154,12.200000000000001,69.2
32.102426,108,7,-0.12718884646892548,4.038349151611328,0.9201040863990784,0.17052115499973297,4.143794445046027,91.8039490115444,30.900000000000002,44.900000000000006
32.102426,108,8,0.13489727675914764,4.363754749298096,0.5048658847808838,1.3641692399978638,4.394933713824852,88.22937253164284,20.200000000000003,40.6
32.408098,109,0,-0.11562623083591461,0.04109722748398781,-0.026632707566022873,0.0,0.12556953641902222,160.43317451184413,35.6,53.1
32.408098,109,1,-0.8055294156074524,2.1022558212280273,-0.7898005247116089,0.0,2.385821042352243,110.96552500647283,15.4,55.1
32.408098,109,2,-1.8500198125839233,1.4898302555084229,1.8547327518463135,0.0,3.0136690392199252,141.15533194985625,15.0,62.6
32.408098,109,3,-2.570756673812866,2.090930223464966,1.5099222660064697,0.0,3.6415167615616926,140.87674701316024,11.8,70.60000000000001
32.408098,109,4,-1.2294923067092896,2.7018473148345947,-2.1092686653137207,0.0,3.6415167921362883,114.46820164087174,11.8,70.60000000000001
32.408098,109,5,1.4800158739089966,5.00326681137085,3.017561435699463,0.0,6.02733795228111,73.52126111203458,12.5,68.9
32.408098,109,6,3.7000396251678467,3.9870738983154297,-2.5964887142181396,0.0,6.027338147267215,47.138411973447226,12.5,68.9
32.408098,109,7,-0.46250492334365845,3.2969751358032227,1.7626632452011108,0.17052115499973297,3.7670860842572624,97.98543370986685,38.6,43.2
32.408098,109,8,-0.13104306161403656,4.2195963859558105,0.6366361975669861,0.34104230999946594,4.269364307765392,91.77879618623375,32.1,44.800000000000004
32.686423,110,0,-0.11562623083591461,0.041085924953222275,-0.026650143787264824,0.0,0.12556953711176894,160.43814717513365,35.2,53.5
32.686423,110,1,-1.8500198125839233,1.4730229377746582,1.8681089878082275,0.0,3.013669038314131,141.47249216851463,14.9,62.7
32.686423,110,2,-2.570756673812866,2.08736252784729,1.514850378036499,0.0,3.641516698636949,140.92463573907983,11.600000000000001,70.8
32.686423,110,3,-1.2294923067092896,2.6949915885925293,-2.118021249771118,0.0,3.641516855559483,114.52312529434741,11.600000000000001,70.8
32.686423,110,4,1.4800158739089966,4.933703899383545,3.1300034523010254,0.0,6.027337950142778,73.3017710782082,12.3,69.0
32.686423,110,5,3.7000396251678467,3.930148124694824,-2.6818737983703613,0.0,6.02733810070747,46.72738227589596,12.3,69.0
32.686423,110,6,-0.13104306161403656,4.255948066711426,0.3117810785770416,0.17052115499973297,4.269364551253566,91.76361244366188,29.6,48.300000000000004
32.686423,110,7,0.1464598923921585,4.613913536071777,1.2078592777252197,0.42630288004875183,4.771642552959388,88.18186517031252,12.8,47.400000000000006
32.997812,111,0,-0.11562623083591461,0.04106973484158516,-0.026675080880522728,0.0,0.12556953578500143,160.4452707136534,35.9,52.800000000000004
32.997812,111,1,-1.8500198125839233,1.4691393375396729,1.8711647987365723,0.0,3.013669093329664,141.5461776431798,14.8,62.800000000000004
32.997812,111,2,-2.570756673812866,2.0849173069000244,1.5182141065597534,0.0,3.6415167342635777,140.95749521809952,11.5,70.8
32.997812,111,3,-1.2294923067092896,2.6438586711883545,-2.181514263153076,0.0,3.641516783678951,114.94017427945249,11.5,70.8
32.997812,111,4,1.4800158739089966,4.917593479156494,3.155254602432251,0.0,6.027338070776766,73.25012578788039,12.200000000000001,69.2
32.997812,111,5,3.7000396251678467,3.945814847946167,-2.6587698459625244,0.0,6.027338146801143,46.84113309821228,12.200000000000001,69.2
32.997812,111,6,0.0,4.719161033630371,1.3085123300552368,0.34104230999946594,4.897212000643004,90.0,12.200000000000001,48.2
32.997812,111,7,-0.25437769293785095,3.306126594543457,2.485126256942749,0.5115634799003601,4.143794587423245,94.39974357193951,32.800000000000004,41.5
32.997812,111,8,-1.7806439399719238,3.393684148788452,-1.5758326053619385,0.5115634799003601,4.143794558471563,117.68570338489238,32.800000000000004,41.5
33.303086,112,0,-0.11562623083591461,0.04109116643667221,-0.026642058044672012,0.0,0.12556953640633614,160.43584109307344,35.2,53.5
33.303086,112,1,-0.8055294156074524,2.0981884002685547,-0.8005435466766357,0.0,2.38582106884737,111.00262631239887,15.200000000000001,55.300000000000004
33.303086,112,2,-1.8500198125839233,1.474589228630066,1.8668729066848755,0.0,3.0136690511499276,141.44281678351174,14.8,62.800000000000004
33.303086,112,3,-2.570756673812866,2.089859962463379,1.5114030838012695,0.0,3.6415166923117095,140.89110616072537,11.600000000000001,70.8
33.303086,112,4,-1.2294923067092896,2.6959292888641357,-2.1168274879455566,0.0,3.641516809865734,114.51559939221178,11.600000000000001,70.8
33.303086,112,5,1.4800158739089966,4.876124858856201,3.2189691066741943,0.0,6.0273379477096585,73.115751377116,12.200000000000001,69.10000000000001
33.303086,112,6,3.7000396251678467,3.954176664352417,-2.646317958831787,0.0,6.027338140502577,46.90164899090466,12.200000000000001,69.10000000000001
33.660561,113,0,-0.11562623083591461,0.041063565760850906,-0.026684578508138657,0.0,0.1255695361959777,160.44798523259846,35.4,53.300000000000004
33.660561,113,1,-1.8500198125839233,1.486695408821106,1.8572465181350708,0.0,3.013669055269283,141.2142744879281,14.9,62.7
33.660561,113,2,-2.570756673812866,2.089406967163086,1.5120294094085693,0.0,3.6415167561470128,140.8971855312025,11.700000000000001,70.7
33.660561,113,3,-1.2294923067092896,2.7040600776672363,-2.106431007385254,0.0,3.64151669291315,114.45052366749373,11.700000000000001,70.7
33.660561,113,4,1.4800158739089966,4.89886999130249,3.1842470169067383,0.0,6.027337989808282,73.1897125530495,12.5,68.8
33.660561,113,5,3.7000396251678467,4.032957553863525,-2.5246317386627197,0.0,6.027338158336583,47.465152931076986,12.5,68.8
33.660561,113,6,0.0,4.313004493713379,0.8446512222290039,0.25578173995018005,4.394933839093001,90.0,28.5,45.6
33.660561,113,7,-0.37000396847724915,3.5237340927124023,1.8953965902328491,0.42630288004875183,4.018225121505628,95.99428415152461,34.4,40.5
33.660561,113,8,-0.20041880011558533,6.497035503387451,-0.619871973991394,-0.25578173995018005,6.529615554675236,91.76688446067152,15.100000000000001,44.1
34.202106,114,0,-0.11562623083591461,0.04108081012964249,-0.02665802650153637,0.0,0.12556953689165443,160.44039759456706,35.300000000000004,53.400000000000006
34.202106,114,1,-0.8055294156074524,2.1112701892852783,-0.7653781771659851,0.0,2.385821285355528,110.88374426889573,15.100000000000001,55.400000000000006
34.202106,114,2,-1.8500198125839233,1.4785618782043457,1.8637281656265259,0.0,3.0136690611249657,141.36765961090188,15.0,62.6
34.202106,114,3,-2.570756673812866,2.0952889919281006,1.5038676261901855,0.0,3.641516672040837,140.8183280571536,11.8,70.60000000000001
34.202106,114,4,-1.2294923067092896,2.6978278160095215,-2.1144073009490967,0.0,3.6415167844455802,114.50037523868488,11.8,70.60000000000001
34.202106,114,5,1.4800158739089966,4.918208122253418,3.154296398162842,0.0,6.027338043306115,73.25210184669342,12.700000000000001,68.5
34.202106,114,6,3.7000396251678467,4.035207748413086,-2.521033763885498,0.0,6.027338221745641,47.48107309783436,12.700000000000001,68.5
34.506062,115,0,-0.11562623083591461,0.041109949350357056,-0.026613064110279083,0.0,0.12556953601191237,160.42757776440715,35.6,53.1
34.506062,115,1,-0.8055294156074524,2.1007564067840576,-0.7937800288200378,0.0,2.3858210021304385,110.97918745974218,15.4,55.1
34.506062,115,2,-1.8500198125839233,1.47956120967865,1.862934947013855,0.0,3.0136690755529743,141.34877837060358,14.9,62.7
34.506062,115,3,-2.570756673812866,2.091776132583618,1.508750081062317,0.0,3.641516726846853,140.86540202093545,11.700000000000001,70.60000000000001
34.506062,115,4,-1.2294923067092896,2.699383020401001,-2.1124212741851807,0.0,3.641516670663022,114.48791737908041,11.700000000000001,70.60000000000001
34.506062,115,5,1.4800158739089966,4.8772125244140625,3.2173211574554443,0.0,6.0273380878738205,73.11930256157609,12.600000000000001,68.60000000000001
34.506062,115,6,3.7000396251678467,4.063170909881592,-2.475712776184082,0.0,6.027338120669962,47.67811049111111,12.600000000000001,68.60000000000001
34.506062,115,7,-0.5241722464561462,3.845470905303955,1.7790638208389282,-0.42630288004875183,4.26936425081207,97.76209202070581,17.6,40.5
34.779945,116,0,-0.11562623083591461,0.04106031730771065,-0.026689577847719193,0.0,0.12556953643467653,160.4494146536866,35.6,53.1
34.779945,116,1,-0.8055294156074524,2.105524778366089,-0.7810441851615906,0.0,2.385821085265445,110.93579756381334,15.600000000000001,54.800000000000004
34.779945,116,2,-1.8500198125839233,1.4762561321258545,1.8655550479888916,0.0,3.013669044813826,141.41126205372186,14.9,62.7
34.779945,116,3,-2.570756673812866,2.0919137001037598,1.5085591077804565,0.0,3.6415166327098607,140.86355736630154,11.600000000000001,70.7
34.779945,116,4,-1.2294923067092896,2.699531316757202,-2.112231731414795,0.0,3.641516655132274,114.48673008196086,11.600000000000001,70.7
34.779945,116,5,1.4800158739089966,4.848260879516602,3.2607853412628174,0.0,6.027337852208732,73.02427948584706,12.3,69.0
34.779945,116,6,3.7000396251678467,4.0164594650268555,-2.5507965087890625,0.0,6.027337944006998,47.34813353110746,12.3,69.0
34.779945,116,7,-2.0812723636627197,3.6621503829956055,-1.6407043933868408,0.34104230999946594,4.520503399611591,119.61042432189565,20.1,41.7
34.779945,116,8,-0.4162544310092926,3.8846564292907715,2.2740116119384766,0.34104230999946594,4.52050352684256,96.11610495292136,20.1,41.7
35.104531,117,0,-0.11562623083591461,0.04109905660152435,-0.02662988379597664,0.0,0.12556953620143196,160.4323698018314,35.800000000000004,52.900000000000006
35.104531,117,1,-0.8055294156074524,2.104637622833252,-0.7834318280220032,0.0,2.385821156753369,110.94385726984328,15.700000000000001,54.800000000000004
35.104531,117,2,-1.8500198125839233,1.4721046686172485,1.8688327074050903,0.0,3.0136690512703606,141.48990134242993,15.0,62.7
35.104531,117,3,-2.570756673812866,2.0914809703826904,1.5091590881347656,0.0,3.6415166728611954,140.8693602022763,11.700000000000001,70.7
35.104531,117,4,-1.2294923067092896,2.7029926776885986,-2.1078004837036133,0.0,3.6415166657584717,114.45904823376513,11.700000000000001,70.7
35.104531,117,5,1.4800158739089966,4.833913326263428,3.2820169925689697,0.0,6.027337768232441,72.97680315804334,12.100000000000001,69.2
35.104531,117,6,3.7000396251678467,3.926758050918579,-2.686835289001465,0.0,6.027338209233798,46.702704755882955,12.100000000000001,69.2
35.411063,118,0,-0.11562623083591461,0.0410722941160202,-0.026671139523386955,0.0,0.12556953565554446,160.44414460851087,35.300000000000004,53.400000000000006
35.411063,118,1,-0.8055294156074524,2.109412670135498,-0.7704824805259705,0.0,2.38582118046062,110.9005462817723,15.200000000000001,55.2
35.411063,118,2,-1.8500198125839233,1.4801548719406128,1.8624632358551025,0.0,3.0136690357095364,141.33756650222819,14.9,62.7
35.411063,118,3,-2.570756673812866,2.0906789302825928,1.510270118713379,0.0,3.641516730286912,140.88011796026527,11.700000000000001,70.7
35.411063,118,4,-1.2294923067092896,2.7030677795410156,-2.1077044010162354,0.0,3.6415167986861374,114.45844826611648,11.700000000000001,70.7
35.411063,118,5,1.2950139045715332,5.054061412811279,3.0179808139801025,0.0,6.027338216082914,75.62817164226469,12.8,68.5
35.411063,118,6,3.7000396251678467,3.952895164489746,-2.6482319831848145,0.0,6.027338222301915,46.89238340994771,12.8,68.5
35.411063,118,7,-0.3815665543079376,3.7928404808044434,1.6247467994689941,0.17052115499973297,4.143794651111473,95.74472993098256,29.5,44.6
35.411063,118,8,-0.13489727675914764,4.386309623718262,-0.23985803127288818,-0.25578173995018005,4.394933590575241,91.76152846312624,24.700000000000003,41.800000000000004
35.706075,119,0,-0.11562623083591461,0.041107818484306335,-0.026616359129548073,0.0,0.1255695367960397,160.42851517201677,35.6,53.1
35.706075,119,1,-0.8055294156074524,2.10542368888855,-0.7813169360160828,0.0,2.3858211801489886,110.93671565100009,15.4,55.0
35.706075,119,2,-1.8500198125839233,1.4789122343063354,1.8634501695632935,0.0,3.0136690658032577,141.36103889519234,15.100000000000001,62.5
35.706075,119,3,-2.570756673812866,2.0884439945220947,1.5133591890335083,0.0,3.641516748449875,140.91011247740488,11.9,70.5
35.706075,119,4,-1.2294923067092896,2.702484130859375,-2.108452558517456,0.0,3.6415167171554885,114.46311159879725,11.9,70.5
35.706075,119,5,1.2950139045715332,5.140737533569336,2.867849588394165,0.0,6.027338107633811,75.86069305008246,12.3,69.0
35.706075,119,6,3.7000396251678467,4.016842842102051,-2.5501930713653564,0.0,6.02733808137544,47.350858693986986,12.3,69.0
35.706075,119,7,-0.13875149190425873,4.067479133605957,1.9675650596618652,-0.25578173995018005,4.520503372726065,91.95373919256717,19.1,42.7
35.706075,119,8,-1.8037692308425903,3.3289635181427,-2.4696900844573975,-0.25578173995018005,4.520503363180552,118.45065487657041,19.1,42.7
36.003047,120,0,-0.11562623083591461,0.04104179888963699,-0.02671804279088974,0.0,0.12556953581181,160.45756382114925,35.5,53.2
36.003047,120,1,-0.8055294156074524,2.1023073196411133,-0.789663553237915,0.0,2.3858210815016734,110.96505606203006,15.200000000000001,55.1
36.003047,120,2,-1.8500198125839233,1.4826903343200684,1.860445499420166,0.0,3.0136690911166677,141.28972141142512,15.0,62.6
36.003047,120,3,-2.570756673812866,2.093233823776245,1.5067269802093506,0.0,3.6415167045950922,140.8458606283933,11.700000000000001,70.60000000000001
36.003047,120,4,-1.2294923067092896,2.6993072032928467,-2.112518310546875,0.0,3.6415167612413653,114.48852443124366,11.700000000000001,70.60000000000001
36.003047,120,5,1.2950139045715332,5.151002883911133,2.8493709564208984,0.0,6.0273382658010295,75.88774410444489,12.200000000000001,69.10000000000001
36.003047,120,6,3.7000396251678467,4.0706610679626465,-2.4633779525756836,0.0,6.027338193205603,47.73063723781382,12.200000000000001,69.10000000000001
36.30621,121,0,-0.11562623083591461,0.041089486330747604,-0.026644647121429443,0.0,0.12556953597298354,160.43658027779404,35.300000000000004,53.400000000000006
36.30621,121,1,-0.8055294156074524,2.1149556636810303,-0.7551339864730835,0.0,2.385821124114732,110.85048394831769,15.4,55.1
36.30621,121,2,-1.8500198125839233,1.476230263710022,1.8655755519866943,0.0,3.0136690658758263,141.41175153493722,14.8,62.800000000000004
36.30621,121,3,-2.570756673812866,2.0976879596710205,1.5005193948745728,0.0,3.6415165942910264,140.7862169471162,11.5,70.7
36.30621,121,4,-1.2294923067092896,2.692868709564209,-2.1207194328308105,0.0,3.641516735097283,114.54017936572838,11.5,70.7
36.30621,121,5,1.2950139045715332,5.1655426025390625,2.8229262828826904,0.0,6.027338068357334,75.92588580979412,11.8,69.60000000000001
36.30621,121,6,0.0,4.520336151123047,0.038902346044778824,0.17052115499973297,4.520503546252089,90.0,24.0,46.1
36.30621,121,7,0.0,4.473839282989502,-0.6478520631790161,0.42630288004875183,4.520503315537478,90.0,21.400000000000002,40.900000000000006
36.30621,121,8,-0.3314618468284607,4.01702356338501,3.5927910804748535,-0.34104230999946594,5.399490069685562,94.71703444917007,12.9,52.400000000000006
36.30621,121,9,-0.25437769293785095,4.0851287841796875,0.6465669870376587,-0.25578173995018005,4.14379464533714,93.56316165811353,28.6,42.300000000000004
36.603157,122,0,-0.11562623083591461,0.041065286844968796,-0.0266819316893816,0.0,0.12556953659091286,160.44722791196568,35.6,53.1
36.603157,122,1,-0.8055294156074524,2.087686061859131,-0.827545702457428,0.0,2.3858211630265855,111.09900646110943,15.3,55.0
36.603157,122,2,-1.8500198125839233,1.4661153554916382,1.8735350370407104,0.0,3.013669039158176,141.60365758059064,15.0,62.7
36.603157,122,3,-2.570756673812866,2.098874092102051,1.498860239982605,0.0,3.6415167649554094,140.7703509482164,11.600000000000001,70.60000000000001
36.603157,122,4,-1.2294923067092896,2.6882669925689697,-2.12654972076416,0.0,3.6415167815726552,114.57722358668879,11.600000000000001,70.60000000000001
36.603157,122,5,1.4800158739089966,4.908653736114502,3.1691439151763916,0.0,6.0273378570636815,73.22133350059315,11.9,69.4
36.603157,122,6,3.7000396251678467,3.928610324859619,-2.6841259002685547,0.0,6.027338065920834,46.71619089569573,11.9,69.4
36.603157,122,7,0.0,4.618354320526123,-0.5067510604858398,0.25578173995018005,4.64607288655977,90.0,24.3,43.0
36.603157,122,8,-0.3237534463405609,4.301214218139648,3.034630060195923,-0.42630288004875183,5.273920709167779,94.30455028437179,11.700000000000001,50.6
36.603157,122,9,-0.12333464622497559,3.9301068782806396,0.8277567625045776,-0.34104230999946594,4.018225076764652,91.79746670992903,30.8,40.400000000000006
36.603157,122,10,-8.124670028686523,2.35366153717041,1.1661494970321655,-0.34104230999946594,8.538728848957602,163.84405780061712,11.5,45.2
36.88642,123,0,-0.11562623083591461,0.04108794406056404,-0.02664702944457531,0.0,0.12556953684180058,160.43725882583232,35.800000000000004,52.900000000000006
36.88642,123,1,-0.8055294156074524,2.1054863929748535,-0.7811475992202759,0.0,2.385821066672592,110.93614616805178,15.5,54.900000000000006
36.88642,123,2,-1.8500198125839233,1.4710685014724731,1.8696484565734863,0.0,3.0136690584974892,141.50955582093988,14.8,62.800000000000004
36.88642,123,3,-2.570756673812866,2.0930192470550537,1.5070250034332275,0.0,3.641516690263717,140.84873650176033,11.600000000000001,70.7
36.88642,123,4,-1.2294923067092896,2.6948606967926025,-2.118187427520752,0.0,3.641516646327711,114.52417616553655,11.600000000000001,70.7
36.88642,123,5,1.4800158739089966,4.887143135070801,3.2022159099578857,0.0,6.0273378653995895,73.15165865714025,12.0,69.3
36.88642,123,6,3.7000396251678467,4.006317615509033,-2.5666964054107666,0.0,6.027338094192058,47.27593983262448,12.0,69.3
37.205281,124,0,-0.11562623083591461,0.041062131524086,-0.026686783879995346,0.0,0.12556953586152625,160.44861633855703,35.9,52.800000000000004
37.205281,124,1,-0.8055294156074524,2.1153814792633057,-0.7539405226707458,0.0,2.385821190689724,110.84664761038695,15.8,54.7
37.205281,124,2,-1.8500198125839233,1.4775190353393555,1.86455500125885,0.0,3.013669052743281,141.38737356005916,14.9,62.7
37.205281,124,3,-2.570756673812866,2.086827039718628,1.5155879259109497,0.0,3.6415166800141474,140.9318291445265,11.700000000000001,70.7
37.205281,124,4,-1.2294923067092896,2.699846029281616,-2.1118295192718506,0.0,3.6415166939824695,114.48421077393091,11.700000000000001,70.7
37.205281,124,5,1.2950139045715332,4.945488929748535,3.192786693572998,0.0,6.027338437316733,75.3261351525294,12.0,69.4
37.205281,124,6,3.7000396251678467,3.8914575576782227,-2.7377123832702637,0.0,6.027338072858907,46.44439442792447,12.0,69.4
37.205281,124,7,0.4509423077106476,4.773500442504883,-0.996508002281189,0.25578173995018005,4.89721182287311,84.60340644228067,18.7,43.0
37.504544,125,0,-0.11562623083591461,0.04111950099468231,-0.026598304510116577,0.0,0.12556953620279393,160.4233759524184,35.7,53.0
37.504544,125,1,-0.8055294156074524,2.1180105209350586,-0.7465227246284485,0.0,2.3858211132830482,110.82299139557422,15.4,55.0
37.504544,125,2,-1.8500198125839233,1.4669448137283325,1.8728857040405273,0.0,3.013669068407626,141.58788210793486,14.8,62.800000000000004
37.504544,125,3,-2.570756673812866,2.0910911560058594,1.5096992254257202,0.0,3.6415166963684693,140.8745883692357,11.600000000000001,70.8
37.504544,125,4,-1.2294923067092896,2.702132225036621,-2.108903646469116,0.0,3.6415167834199837,114.46592412063157,11.600000000000001,70.8
37.504544,125,5,1.4800158739089966,4.728816986083984,3.431711435317993,0.0,6.027337758097791,72.62102586717985,11.9,69.4
37.504544,125,6,3.7000396251678467,3.9200692176818848,-2.696584701538086,0.0,6.0273381315302474,46.653948174200494,11.9,69.4
37.504544,125,7,0.14260569214820862,4.579493045806885,-0.7706500291824341,-0.17052115499973297,4.64607300927413,88.21638231671646,28.700000000000003,45.400000000000006
37.803694,126,0,-0.11562623083591461,0.04107716307044029,-0.0266636423766613,0.0,0.12556953614641667,160.44200226557496,35.6,53.1
37.803694,126,1,-0.8055294156074524,2.1174705028533936,-0.7480528950691223,0.0,2.385821054413843,110.82784631073093,15.600000000000001,54.900000000000006
37.803694,126,2,-1.8500198125839233,1.4615439176559448,1.8771034479141235,0.0,3.0136690734653055,141.69072543073528,15.0,62.7
37.803694,126,3,-2.570756673812866,2.0906145572662354,1.510359287261963,0.0,3.6415167553679266,140.88098153752006,11.600000000000001,70.8
37.803694,126,4,-1.2294923067092896,2.7031891345977783,-2.107548713684082,0.0,3.6415167732987643,114.45747885296237,11.600000000000001,70.8
37.803694,126,5,1.4800158739089966,4.857334136962891,3.2472543716430664,0.0,6.027337957944837,73.05417062563589,12.200000000000001,69.10000000000001
37.803694,126,6,3.7000396251678467,3.984489679336548,-2.6004526615142822,0.0,6.027338158534694,47.11988912034041,12.200000000000001,69.10000000000001
37.803694,126,7,2.9484691619873047,5.5742411613464355,-1.1163220405578613,-0.25578173995018005,6.404046363220229,62.12360452226191,11.3,51.2
38.095578,127,0,-0.11562623083591461,0.041091375052928925,-0.026641733944416046,0.0,0.12556953590989228,160.43574931007785,35.300000000000004,53.400000000000006
38.095578,127,1,-0.8055294156074524,2.1044440269470215,-0.7839516997337341,0.0,2.385821152030741,110.94561685404818,15.200000000000001,55.2
38.095578,127,2,-1.8500198125839233,1.465782642364502,1.8737953901290894,0.0,3.0136690637293175,141.60998738944184,14.700000000000001,62.900000000000006
38.095578,127,3,-2.570756673812866,2.095583438873291,1.5034575462341309,0.0,3.641516774444648,140.81438519063332,11.700000000000001,70.60000000000001
38.095578,127,4,-1.2294923067092896,2.6961331367492676,-2.116567850112915,0.0,3.6415168113667113,114.51396389997345,11.700000000000001,70.60000000000001
38.095578,127,5,1.2950139045715332,5.1268720626831055,2.892564058303833,0.0,6.027338134827452,75.82399334297169,11.9,69.4
38.095578,127,6,3.7000396251678467,3.963599443435669,-2.63218355178833,0.0,6.0273380547403175,46.96967992224646,11.9,69.4
38.392006,128,0,-0.11562623083591461,0.041062455624341965,-0.026686284691095352,0.0,0.12556953575543495,160.44847372457096,35.5,53.2
38.392006,128,1,-0.8055294156074524,2.111011505126953,-0.7660911083221436,0.0,2.385821200433406,110.88608262495204,15.4,55.1
38.392006,128,2,-1.8500198125839233,1.467218279838562,1.8726714849472046,0.0,3.013669072439748,141.58268256317245,14.9,62.7
38.392006,128,3,-2.570756673812866,2.100628614425659,1.4964001178741455,0.0,3.6415166846344413,140.74689517426432,11.4,70.8
38.392006,128,4,-1.2294923067092896,2.6895968914031982,-2.1248674392700195,0.0,3.6415167725788393,114.56650701301338,11.4,70.8
38.392006,128,5,1.4800158739089966,4.884243488311768,3.206636905670166,0.0,6.0273378605271875,73.14222343161371,11.9,69.4
38.392006,128,6,3.7000396251678467,3.9630727767944336,-2.632976770401001,0.0,6.0273381965385555,46.96588203372795,11.9,69.4
38.704584,129,0,-0.11562623083591461,0.04108329117298126,-0.026654202491044998,0.0,0.12556953683659824,160.4393059775873,35.5,53.2
38.704584,129,1,-0.8055294156074524,2.1128549575805664,-0.7609918117523193,0.0,2.3858210848124672,110.86942978657983,15.4,55.1
38.704584,129,2,-1.8500198125839233,1.4846200942993164,1.8589059114456177,0.0,3.0136690792052514,141.25334900943898,15.0,62.7
38.704584,129,3,-2.570756673812866,2.101884603500366,1.4946354627609253,0.0,3.641516707215257,140.7301137994348,11.4,70.8
38.704584,129,4,-1.2294923067092896,2.6885123252868652,-2.126239538192749,0.0,3.6415167759123164,114.57524599015454,11.4,70.8
38.704584,129,5,1.4800158739089966,4.7216973304748535,3.4415009021759033,0.0,6.027337814268711,72.59640211373917,12.200000000000001,69.10000000000001
38.704584,129,6,3.7000396251678467,3.9209818840026855,-2.6952571868896484,0.0,6.027338008272787,46.6606060127741,12.200000000000001,69.10000000000001
39.002195,130,0,-0.11562623083591461,0.04112008959054947,-0.026597393676638603,0.0,0.12556953601747967,160.42311703357484,35.4,53.300000000000004
39.002195,130,1,-0.8055294156074524,2.1216742992401123,-0.7360453605651855,0.0,2.3858210838775062,110.79011002492335,15.200000000000001,55.300000000000004
39.002195,130,2,-1.8500198125839233,1.487563967704773,1.856550931930542,0.0,3.0136690640843073,141.1979337535459,14.9,62.7
39.002195,130,3,-2.570756673812866,2.0963118076324463,1.5024415254592896,0.0,3.6415166631771774,140.80463368423986,11.5,70.8
39.002195,130,4,-1.2294923067092896,2.6954338550567627,-2.1174583435058594,0.0,3.64151683172357,114.51957516148711,11.5,70.8
39.002195,130,5,1.4800158739089966,4.651184558868408,3.5362181663513184,0.0,6.027338028326568,72.34882972975859,12.200000000000001,69.10000000000001
39.002195,130,6,3.7000396251678467,3.919095993041992,-2.6979990005493164,0.0,6.0273381552269925,46.64684676028397,12.200000000000001,69.10000000000001
39.002195,130,7,0.42781707644462585,4.12833309173584,-2.0880215167999268,0.25578173995018005,4.646073118434351,84.08358588314107,26.5,42.300000000000004
39.294812,131,0,-0.11562623083591461,0.04108620807528496,-0.026649704203009605,0.0,0.12556953645464225,160.4380226089589,35.1,53.6
39.294812,131,1,-1.8500198125839233,1.4672249555587769,1.8726662397384644,0.0,3.013669063222389,141.58255564379965,15.0,62.6
39.294812,131,2,-2.570756673812866,2.0941290855407715,1.5054824352264404,0.0,3.641516698525019,140.83386438165533,11.5,70.8
39.294812,131,3,-1.2294923067092896,2.691629648208618,-2.1222918033599854,0.0,3.6415167161475392,114.55014360756621,11.5,70.8
39.294812,131,4,1.4800158739089966,4.801494121551514,3.3292651176452637,0.0,6.0273376386167286,72.86857272974031,12.0,69.3
39.294812,131,5,3.7000396251678467,3.9387946128845215,-2.669158697128296,0.0,6.027338084159206,46.79022096296648,12.0,69.3
39.294812,131,6,0.43937966227531433,4.237033843994141,-2.150129795074463,0.17052115499973297,4.77164210921564,84.07959923330239,30.0,46.300000000000004
39.59222,132,0,-0.11562623083591461,0.041050106287002563,-0.02670527994632721,0.0,0.1255695363553841,160.45390798742775,35.2,53.5
39.59222,132,1,-0.8055294156074524,2.1295359134674072,-0.7129805684089661,0.0,2.3858210614136848,110.71988820091178,15.3,55.300000000000004
39.59222,132,2,-1.8500198125839233,1.4625266790390015,1.8763377666473389,0.0,3.0136690276805496,141.67199003405787,15.200000000000001,62.5
39.59222,132,3,-2.570756673812866,2.0992367267608643,1.4983521699905396,0.0,3.6415167082206854,140.7655016893107,11.5,70.8
39.59222,132,4,-1.2294923067092896,2.695697069168091,-2.1171231269836426,0.0,3.6415167658254384,114.51746276385524,11.5,70.8
39.59222,132,5,1.4800158739089966,4.7589497566223145,3.389801502227783,0.0,6.0273380523730316,72.7244983173131,12.200000000000001,69.10000000000001
39.59222,132,6,3.7000396251678467,3.9631922245025635,-2.6327970027923584,0.0,6.027338209697729,46.966743440069415,12.200000000000001,69.10000000000001
39.907356,133,0,-0.11562623083591461,0.04106912761926651,-0.02667602151632309,0.0,0.12556953700904985,160.44553789956854,35.1,53.6
39.907356,133,1,-1.6650177240371704,1.025115728378296,-0.4619384706020355,0.0,2.0091125972798616,148.38028329945715,12.600000000000001,52.2
39.907356,133,2,-0.8055294156074524,2.138418436050415,-0.6858803033828735,0.0,2.385821208225329,110.6410911575891,15.200000000000001,55.400000000000006
39.907356,133,3,-1.8500198125839233,1.4555469751358032,1.881757378578186,0.0,3.0136690487864604,141.80526133903913,15.3,62.400000000000006
39.907356,133,4,-2.570756673812866,2.097956895828247,1.5001436471939087,0.0,3.641516713530631,140.78261896224043,11.700000000000001,70.60000000000001
39.907356,133,5,-1.2294923067092896,2.6957740783691406,-2.117025136947632,0.0,3.6415168054441898,114.51684479904331,11.700000000000001,70.60000000000001
39.907356,133,6,1.4800158739089966,4.627405166625977,3.5672786235809326,0.0,6.027337914983435,72.26379500734582,11.700000000000001,69.8
39.907356,133,7,3.7000396251678467,4.032869815826416,-2.5247721672058105,0.0,6.027338274521609,47.464531987484584,11.700000000000001,69.8
39.907356,133,8,0.4162544310092926,4.347714424133301,-1.165787935256958,0.25578173995018005,4.520503287814567,84.53111526079385,16.6,45.5
39.907356,133,9,3.237534523010254,2.472066879272461,2.9386372566223145,0.25578173995018005,5.022781437539149,37.364073520713745,14.200000000000001,54.0
39.907356,133,10,0.24666929244995117,3.6577157974243164,-1.6451146602630615,0.34104230999946594,4.018225085778249,86.14192486286873,31.1,41.2
39.907356,133,11,1.6573092937469482,5.128061771392822,-0.33286646008491516,-0.34104230999946594,5.399489948746082,72.08997946848999,21.0,48.7
39.907356,133,12,-0.16573092341423035,2.3034415245056152,-4.88069486618042,-0.34104230999946594,5.399489973372707,94.11529775297365,21.0,48.7
39.907356,133,13,0.42781707644462585,4.024541854858398,-2.281672477722168,-0.25578173995018005,4.646072953366049,83.9321282367246,22.8,41.900000000000006
40.189747,134,0,-0.11562623083591461,0.04106683284044266,-0.026679549366235733,0.0,0.12556953599998083,160.44654764083586,35.1,53.6
40.189747,134,1,-0.8787593245506287,2.1385481357574463,-0.5886737108230591,0.0,2.3858212039569344,112.33844583282983,15.200000000000001,55.5
40.189747,134,2,-1.8500198125839233,1.4671317338943481,1.872739315032959,0.0,3.0136690882747907,141.584328022551,14.9,62.800000000000004
40.189747,134,3,-2.570756673812866,2.1020240783691406,1.4944392442703247,0.0,3.6415166835828563,140.72825075970957,11.5,70.8
40.189747,134,4,-1.2294923067092896,2.693042755126953,-2.1204984188079834,0.0,3.64151673858109,114.53878033971719,11.5,70.8
40.189747,134,5,1.4800158739089966,4.790582656860352,3.344947576522827,0.0,6.027338008517503,72.83184429421489,11.700000000000001,69.7
40.189747,134,6,3.7000396251678467,4.004013538360596,-2.570289134979248,0.0,6.027338042666889,47.25951098506161,11.700000000000001,69.7
40.189747,134,7,0.40469181537628174,4.1653618812561035,-1.342172622680664,0.17052115499973297,4.394933721494265,84.45076160199068,25.6,45.6
40.189747,134,8,2.9291977882385254,2.6770241260528564,3.079232692718506,0.34104230999946594,5.022781284308226,42.42451260914459,14.5,51.800000000000004
40.189747,134,9,0.25437769293785095,3.9068219661712646,-1.3575962781906128,0.42630288004875183,4.143794582333889,86.2746641205382,35.4,41.0
40.189747,134,10,0.5704227685928345,3.5445470809936523,-2.949033260345459,-0.25578173995018005,4.646072891693963,80.85779440377515,27.400000000000002,41.400000000000006
40.189747,134,11,3.237534523010254,3.7735984325408936,1.758568286895752,-0.25578173995018005,5.2739204902457315,49.3722687004415,16.2,50.6
40.189747,134,12,1.618767261505127,4.804025173187256,-1.4543637037277222,-0.25578173995018005,5.273920656803463,71.37821018436803,16.2,50.6
40.492153,135,0,-0.11562623083591461,0.04107021540403366,-0.026674345135688782,0.0,0.12556953666822132,160.44505926039704,35.4,53.300000000000004
40.492153,135,1,-0.8787593245506287,2.137580633163452,-0.5921775698661804,0.0,2.3858212816581124,112.34756207576446,15.5,55.2
40.492153,135,2,-1.8500198125839233,1.4585959911346436,1.8793950080871582,0.0,3.0136690542808506,141.74698291369742,15.100000000000001,62.6
40.492153,135,3,-2.570756673812866,2.097506046295166,1.5007739067077637,0.0,3.6415166907832583,140.7886508995131,11.4,70.9
40.492153,135,4,-1.2294923067092896,2.6937897205352783,-2.11954927444458,0.0,3.641516650726371,114.53277772561437,11.4,70.9
40.492153,135,5,0.5550059676170349,2.666229248046875,-3.6080663204193115,-0.25578173995018005,4.520503578117738,78.24115360337609,21.1,42.2
40.788392,136,0,-0.11562623083591461,0.041076190769672394,-0.02666514180600643,0.0,0.1255695364847747,160.44243007396238,35.1,53.6
40.788392,136,1,-0.8787593245506287,2.1369364261627197,-0.5944981575012207,0.0,2.38582130496358,112.3536359988576,15.3,55.5
40.788392,136,2,-1.8500198125839233,1.4647079706192017,1.8746355772018433,0.0,3.013669074974783,141.63044040288716,15.0,62.7
40.788392,136,3,-2.570756673812866,2.103288173675537,1.492659568786621,0.0,3.641516662843523,140.71137008590557,11.4,70.9
40.788392,136,4,-1.2294923067092896,2.6945760250091553,-2.1185498237609863,0.0,3.6415168052020817,114.52646195855257,11.4,70.9
40.788392,136,5,0.5704227685928345,3.4804885387420654,-3.024369239807129,0.17052115499973297,4.646072739630272,80.6924504567002,25.8,45.7
40.788392,136,6,1.618767261505127,3.8405630588531494,-3.231703281402588,-0.34104230999946594,5.273920567753796,67.14495780897333,18.8,45.2
40.788392,136,7,3.39941143989563,3.9552597999572754,0.7836840748786926,-0.34104230999946594,5.273920643323127,49.32206051927256,18.8,45.2
40.788392,136,8,0.8787593245506287,2.5848660469055176,-3.9134151935577393,-0.25578173995018005,4.771642160524843,71.22385696481365,23.400000000000002,43.300000000000004
41.093647,137,0,-0.11562623083591461,0.04105915129184723,-0.026691371574997902,0.0,0.1255695364277563,160.4499277433509,35.2,53.5
41.093647,137,1,-0.8055294156074524,2.1446352005004883,-0.6661871075630188,0.0,2.385821251669503,110.58628224215136,15.100000000000001,55.5
41.093647,137,2,-1.8500198125839233,1.466511607170105,1.8732248544692993,0.0,3.0136690190396203,141.5961204077532,15.0,62.7
41.093647,137,3,-2.570756673812866,2.0991547107696533,1.498467206954956,0.0,3.641516764484163,140.76659837297794,11.5,70.8
41.093647,137,4,-1.2294923067092896,2.697476387023926,-2.1148555278778076,0.0,3.641516729963533,114.5031919843924,11.5,70.8
41.093647,137,5,0.585839569568634,3.6481711864471436,-3.019305944442749,0.34104230999946594,4.771642211340121,80.8770753048544,23.900000000000002,41.400000000000006
41.093647,137,6,1.1870959997177124,4.0040974617004395,3.6172215938568115,0.34104230999946594,5.525059769306185,73.48647367353527,11.600000000000001,51.0
41.093647,137,7,0.3931291997432709,3.9217610359191895,-1.6409486532211304,-0.17052115499973297,4.269364434321926,84.27562060491042,31.3,45.1
41.38735,138,0,-0.11562623083591461,0.04107338562607765,-0.026669463142752647,0.0,0.1255695366258526,160.443664338466,35.0,53.7
41.38735,138,1,-0.8055294156074524,2.1388466358184814,-0.684543788433075,0.0,2.385821193895977,110.63730706740982,14.9,55.7
41.38735,138,2,-1.8500198125839233,1.4620888233184814,1.8766790628433228,0.0,3.013669082553751,141.68033613449677,15.0,62.7
41.38735,138,3,-2.570756673812866,2.0979650020599365,1.5001322031021118,0.0,3.641516669274732,140.78251051806652,11.600000000000001,70.7
41.38735,138,4,-1.2294923067092896,2.698854923248291,-2.113095998764038,0.0,3.6415167072239907,114.49214633238968,11.600000000000001,70.7
41.38735,138,5,1.4800158739089966,5.019829750061035,2.989926815032959,0.0,6.027337726216574,73.57269724186516,11.5,69.7
41.38735,138,6,3.7000396251678467,3.944974422454834,-2.6600167751312256,0.0,6.027338190745115,46.83504324444502,11.5,69.7
41.38735,138,7,2.5900278091430664,5.437505722045898,0.23257601261138916,-0.25578173995018005,6.027338063445465,64.53030450753118,11.4,52.800000000000004
41.38735,138,8,0.3815665543079376,3.7586355209350586,-1.7023804187774658,-0.17052115499973297,4.1437945297562875,84.20334534095235,35.1,43.5
41.707458,139,0,-0.11562623083591461,0.04109284281730652,-0.02663947083055973,0.0,0.1255695360916027,160.4351035540988,35.4,53.300000000000004
41.707458,139,1,-0.8055294156074524,2.1361870765686035,-0.6927986741065979,0.0,2.385821214666233,110.66083164013527,15.200000000000001,55.400000000000006
41.707458,139,2,-1.8500198125839233,1.467274785041809,1.8726271390914917,0.0,3.013669026922918,141.58160829542572,15.200000000000001,62.5
41.707458,139,3,-2.570756673812866,2.097212314605713,1.5011844635009766,0.0,3.641516739209633,140.7925813072808,11.700000000000001,70.7
41.707458,139,4,-1.2294923067092896,2.699099063873291,-2.1127843856811523,0.0,3.6415168473092487,114.49019110643816,11.700000000000001,70.7
41.707458,139,5,1.4800158739089966,4.856645107269287,3.2482848167419434,0.0,6.0273379642808775,73.05190425655174,12.0,69.4
41.707458,139,6,3.7000396251678467,4.091879844665527,-2.4279682636260986,0.0,6.027338034337193,47.878866294000034,12.0,69.4
41.707458,139,7,0.5550059676170349,3.7965030670166016,-2.390289783477783,-0.34104230999946594,4.520503557232894,81.68291727114068,24.6,42.1
41.707458,139,8,3.237534523010254,3.4689958095550537,2.3018853664398193,-0.25578173995018005,5.273920548759104,46.97665445907185,14.100000000000001,54.0
41.707458,139,9,1.45689058303833,4.978260040283203,-0.9532243013381958,-0.25578173995018005,5.273920720705609,73.6878558041645,14.100000000000001,54.0
41.707458,139,10,2.4050257205963135,5.518044948577881,0.30957233905792236,-0.25578173995018005,6.027338036344525,66.45014393039163,12.4,48.5
42.002516,140,0,-0.11562623083591461,0.04104560986161232,-0.026712190359830856,0.0,0.1255695363535748,160.4558867073612,35.5,53.2
42.002516,140,1,-0.8787593245506287,2.133838176727295,-0.6055243611335754,0.0,2.3858212562700016,112.38289173862883,15.600000000000001,55.1
42.002516,140,2,-1.8500198125839233,1.4624452590942383,1.8764013051986694,0.0,3.013669076217815,141.67354185881084,15.100000000000001,62.6
42.002516,140,3,-2.570756673812866,2.0947887897491455,1.5045644044876099,0.0,3.6415167165431543,140.82502715535614,11.700000000000001,70.7
42.002516,140,4,-1.2294923067092896,2.703312397003174,-2.1073904037475586,0.0,3.6415166568142556,114.45649427727928,11.700000000000001,70.7
42.002516,140,5,1.4800158739089966,5.184419631958008,2.6944661140441895,0.0,6.027337849082844,74.06734482784827,11.700000000000001,69.3
42.002516,140,6,3.7000396251678467,3.8671505451202393,-2.7719414234161377,0.0,6.027338203658914,46.265092349053255,11.700000000000001,69.3
42.002516,140,7,0.5395891070365906,3.639017343521118,-2.404545545578003,-0.25578173995018005,4.39493377784456,81.56570636129334,27.400000000000002,42.7
42.298509,141,0,-0.11562623083591461,0.04107046127319336,-0.02667396329343319,0.0,0.12556953597227516,160.44495107522445,35.2,53.5
42.298509,141,1,-0.8787593245506287,2.129413604736328,-0.6209049224853516,0.0,2.385821278572094,112.42479765713637,15.100000000000001,55.5
42.298509,141,2,-1.8500198125839233,1.4699385166168213,1.8705370426177979,0.0,3.0136690889001154,141.53100210472945,15.100000000000001,62.6
42.298509,141,3,-2.570756673812866,2.0904884338378906,1.5105336904525757,0.0,3.641516689232066,140.88267357062614,11.9,70.60000000000001
42.298509,141,4,-1.2294923067092896,2.7083418369293213,-2.1009230613708496,0.0,3.641516792178622,114.41638428087207,11.9,70.60000000000001
42.298509,141,5,1.4800158739089966,5.050944805145264,2.937058448791504,0.0,6.0273379483204765,73.66848526180583,12.200000000000001,69.10000000000001
42.298509,141,6,3.7000396251678467,4.028746604919434,-2.531345844268799,0.0,6.027338070637734,47.43533446290868,12.200000000000001,69.10000000000001
42.298509,141,7,2.482109785079956,5.161063194274902,-0.7530114054679871,-0.34104230999946594,5.776198443375504,64.31570581284033,13.5,48.300000000000004
42.298509,141,8,0.5087553858757019,3.468735694885254,-2.2090888023376465,-0.25578173995018005,4.14379448093679,81.65598740085558,31.400000000000002,41.900000000000006
42.604394,142,0,-0.11562623083591461,0.04112142324447632,-0.026595333591103554,0.0,0.12556953641625682,160.42253037243873,35.2,53.5
42.604394,142,1,-1.6650177240371704,1.0124499797821045,-0.48907506465911865,0.0,2.0091125906205516,148.6974038835977,12.700000000000001,52.1
42.604394,142,2,-0.8787593245506287,2.132493257522583,-0.6102432012557983,0.0,2.3858210763891914,112.39561398605589,15.200000000000001,55.5
42.604394,142,3,-1.8500198125839233,1.4661096334457397,1.8735395669937134,0.0,3.0136690716345162,141.6037664321439,15.100000000000001,62.6
42.604394,142,4,-2.570756673812866,2.0897305011749268,1.5115821361541748,0.0,3.6415167166765308,140.89284347379257,11.9,70.7
42.604394,142,5,-1.2294923067092896,2.7088680267333984,-2.1002445220947266,0.0,3.6415167679285414,114.41219503026996,11.9,70.7
42.604394,142,6,1.2950139045715332,5.18217134475708,2.792282819747925,0.0,6.027338069572208,75.96926070262433,11.700000000000001,69.60000000000001
42.604394,142,7,0.3815665543079376,3.799661636352539,-1.6087297201156616,-0.25578173995018005,4.143794504861348,84.26551421859949,34.4,42.0
42.604394,142,8,-4.058481216430664,1.5962961912155151,-2.2278361320495605,-0.17052115499973297,4.8972119767756865,158.52911771057558,15.700000000000001,58.900000000000006
42.604394,142,9,0.7515705823898315,0.9233779311180115,-4.750284194946289,-0.17052115499973297,4.897211969758516,50.85661470421219,15.700000000000001,58.900000000000006
42.891217,143,0,-0.11562623083591461,0.04106207564473152,-0.02668687142431736,0.0,0.12556953619406225,160.4486409272008,35.1,53.6
42.891217,143,1,-0.8055294156074524,2.141535997390747,-0.6760827898979187,0.0,2.385821034010183,110.61357092772234,15.100000000000001,55.5
42.891217,143,2,-1.8500198125839233,1.4617681503295898,1.8769288063049316,0.0,3.0136690555215746,141.68644979870686,15.0,62.7
42.891217,143,3,-2.570756673812866,2.0899124145507812,1.5113306045532227,0.0,3.6415167132262454,140.89040230135726,11.8,70.8
42.891217,143,4,-1.2294923067092896,2.708561658859253,-2.100639581680298,0.0,3.6415167505068124,114.41463400841899,11.8,70.8
42.891217,143,5,1.4800158739089966,4.951492786407471,3.10178542137146,0.0,6.027337770616506,73.35843874887911,11.700000000000001,69.60000000000001
42.891217,143,6,3.7000396251678467,3.911792755126953,-2.7085771560668945,0.0,6.027338218255498,46.593497034818554,11.700000000000001,69.60000000000001
42.891217,143,7,0.49333858489990234,3.626349925994873,-1.6590166091918945,-0.42630288004875183,4.018225087608785,82.25288504257864,22.400000000000002,40.6
42.891217,143,8,0.6937574744224548,2.703805923461914,-3.555711507797241,-0.25578173995018005,4.520503316196825,75.60918291962959,21.700000000000003,46.6
43.202471,144,0,-0.11562623083591461,0.041094083338975906,-0.02663755975663662,0.0,0.12556953664236917,160.43455777960202,34.9,53.800000000000004
43.202471,144,1,-0.8055294156074524,2.144902467727661,-0.665325939655304,0.0,2.3858212090287294,110.58393217356316,15.3,55.5
43.202471,144,2,-1.8500198125839233,1.4656567573547363,1.8738938570022583,0.0,3.013669063557486,141.6123826186495,14.9,62.800000000000004
43.202471,144,3,-2.570756673812866,2.0927958488464355,1.5073354244232178,0.0,3.6415167750023323,140.85173085524022,11.600000000000001,70.9
43.202471,144,4,-1.2294923067092896,2.7055575847625732,-2.1045072078704834,0.0,3.641516684666217,114.4385735372511,11.600000000000001,70.9
43.202471,144,5,1.4800158739089966,4.869053363800049,3.2296552658081055,0.0,6.027337785666007,73.09262780910032,11.8,69.5
43.202471,144,6,3.7000396251678467,3.8860340118408203,-2.745405435562134,0.0,6.027338100240436,46.4044892404668,11.8,69.5
43.202471,144,7,0.8093836307525635,2.9102892875671387,-3.192265272140503,-0.42630288004875183,4.39493380687042,74.45816289161485,25.0,42.1
43.202471,144,8,1.503141164779663,4.419240951538086,1.4810678958892822,-0.42630288004875183,4.897212070274302,71.2150029148197,17.5,49.6
43.202471,144,9,3.1565961837768555,3.72685170173645,-0.35938939452171326,-0.42630288004875183,4.897211840533873,49.73582332195342,17.5,49.6
43.202471,144,10,0.49333858489990234,3.4489896297454834,-2.0018043518066406,-0.17052115499973297,4.0182251166845955,81.85971013899268,36.800000000000004,43.1
43.490043,145,0,-0.11562623083591461,0.0410914346575737,-0.026641646400094032,0.0,0.1255695368409293,160.43572308638403,35.1,53.6
43.490043,145,1,-0.8055294156074524,2.1481709480285645,-0.6546953916549683,0.0,2.3858210572499097,110.55523404132536,15.3,55.5
43.490043,145,2,-1.8500198125839233,1.464888572692871,1.8744944334030151,0.0,3.0136690624914513,141.62700239910214,15.0,62.7
43.490043,145,3,-2.570756673812866,2.091571807861328,1.509033203125,0.0,3.641516677364995,140.86814200698595,11.700000000000001,70.8
43.490043,145,4,-1.2294923067092896,2.7041187286376953,-2.106355905532837,0.0,3.64151680369589,114.4500554254414,11.700000000000001,70.8
43.490043,145,5,1.4800158739089966,4.955453395843506,3.095454216003418,0.0,6.027337899004243,73.37100469805915,12.100000000000001,69.3
43.490043,145,6,3.7000396251678467,3.9317052364349365,-2.6795907020568848,0.0,6.027338187340398,46.73870946929894,12.100000000000001,69.3
43.490043,145,7,0.3584413230419159,3.481804847717285,-1.7033268213272095,-0.34104230999946594,3.8926555768400934,84.12227788997468,36.800000000000004,40.400000000000006
43.490043,145,8,0.8787593245506287,2.677428722381592,-3.8506786823272705,-0.34104230999946594,4.77164215217867,71.82963825255653,18.2,58.300000000000004
43.490043,145,9,0.7862583994865417,3.003962755203247,-2.930098533630371,-0.25578173995018005,4.269364346386271,75.33242020244059,25.5,47.1
43.802875,146,0,-0.11562623083591461,0.041078269481658936,-0.026661938056349754,0.0,0.12556953620145547,160.44151545189487,35.1,53.6
43.802875,146,1,-0.8055294156074524,2.1466000080108643,-0.6598285436630249,0.0,2.3858212298564188,110.5690177539926,15.3,55.400000000000006
43.802875,146,2,-1.8500198125839233,1.4700349569320679,1.8704612255096436,0.0,3.013669072358536,141.52917124015303,15.0,62.7
43.802875,146,3,-2.570756673812866,2.107959747314453,1.4860550165176392,0.0,3.6415166736359517,140.64905664770572,11.8,70.8
43.802875,146,4,-1.2294923067092896,2.712984800338745,-2.094923973083496,0.0,3.641516759830487,114.37946593766922,11.8,70.8
43.802875,146,5,1.4800158739089966,5.022209167480469,2.985928535461426,0.0,6.027337814311579,73.58006087135217,12.100000000000001,69.10000000000001
43.802875,146,6,3.7000396251678467,3.9499738216400146,-2.6525869369506836,0.0,6.027338042414334,46.871249359052825,12.100000000000001,69.10000000000001
43.802875,146,7,0.9712603688240051,3.062854766845703,-3.1797053813934326,-1.5346903800964355,4.520503549307305,72.40568366569956,16.8,40.400000000000006
43.802875,146,8,-3.9929592609405518,1.5077934265136719,-1.8354368209838867,-0.17052115499973297,4.646072857843729,159.31281040347585,18.900000000000002,58.6
43.802875,146,9,0.7130284309387207,2.009230852127075,4.128023147583008,-0.17052115499973297,4.646072886583609,70.46143165944609,18.900000000000002,58.6
44.086999,147,0,-0.11562623083591461,0.0410819947719574,-0.026656201109290123,0.0,0.1255695369480284,160.4398763702016,35.4,53.300000000000004
44.086999,147,1,-0.8787593245506287,2.135453939437866,-0.5998011827468872,0.0,2.3858212290047938,112.36762557035486,15.5,55.2
44.086999,147,2,-1.8500198125839233,1.4703218936920166,1.8702356815338135,0.0,3.0136690731574,141.52372445863486,15.100000000000001,62.6
44.086999,147,3,-2.570756673812866,2.1332461833953857,1.4495221376419067,0.0,3.6415166596403665,140.3136862308906,11.9,70.7
44.086999,147,4,-1.2294923067092896,2.7480123043060303,-2.0487608909606934,0.0,3.641516736911245,114.10429109240391,11.9,70.7
44.086999,147,5,1.4800158739089966,5.034523010253906,2.9651193618774414,0.0,6.027337866585807,73.61806640432829,11.9,69.2
44.086999,147,6,3.7000396251678467,3.8125364780426025,-2.846590518951416,0.0,6.027338152684135,45.857909867264084,11.9,69.2
44.086999,147,7,0.7631331086158752,2.5189249515533447,-3.2005746364593506,-0.6820846199989319,4.14379452393222,73.14529881673863,33.7,41.7
44.086999,147,8,1.7112683057785034,4.203651428222656,-0.993412435054779,-0.42630288004875183,4.646072837406003,67.84920819980518,12.200000000000001,51.300000000000004
44.386904,148,0,-0.11562623083591461,0.04104417562484741,-0.026714395731687546,0.0,0.12556953670915863,160.45651787512693,35.0,53.7
44.386904,148,1,-0.8055294156074524,2.1424994468688965,-0.673023521900177,0.0,2.3858210704647003,110.60508028286878,15.200000000000001,55.5
44.386904,148,2,-1.8500198125839233,1.4767189025878906,1.865188717842102,0.0,3.013669022533646,141.40250665552318,15.100000000000001,62.6
44.386904,148,3,-2.570756673812866,2.109875202178955,1.4833341836929321,0.0,3.6415166545321545,140.62353875394908,11.600000000000001,70.8
44.386904,148,4,-1.2294923067092896,2.7185797691345215,-2.087658166885376,0.0,3.6415167053259614,114.33511680447714,11.600000000000001,70.8
44.386904,148,5,1.4800158739089966,4.994767189025879,3.031609296798706,0.0,6.027337819305338,73.49474379586829,11.9,69.3
44.386904,148,6,3.7000396251678467,3.8618695735931396,-2.77929425239563,0.0,6.027338249397993,46.22598112084752,11.9,69.3
44.386904,148,7,0.7168826460838318,2.3552939891815186,-3.0152010917663574,-0.8526057600975037,3.892655665162253,73.07128377587271,28.200000000000003,40.300000000000004
44.386904,148,8,0.9018846154212952,2.6192243099212646,-4.0384345054626465,-0.6820846199989319,4.897211972145731,70.99973872394385,18.5,46.900000000000006
44.386904,148,9,0.7168826460838318,2.1316215991973877,-3.1772687435150146,-0.596824049949646,3.892655653784247,71.41176587902918,31.3,41.900000000000006
44.386904,148,10,0.6166732311248779,2.4881203174591064,-3.0943665504455566,-0.596824049949646,4.018225097808127,76.07991506683942,31.700000000000003,41.5
44.386904,148,11,0.46250492334365845,3.212239980697632,-1.9127312898635864,-0.34104230999946594,3.7670860734701384,81.80674378288779,35.300000000000004,40.6
44.386904,148,12,0.28521138429641724,2.1501524448394775,4.108709335327148,-0.34104230999946594,4.646072908595594,82.44399426335305,11.4,58.900000000000006
44.386904,148,13,2.9947192668914795,3.355670213699341,1.1649577617645264,-0.34104230999946594,4.646072820920421,48.253144978980956,11.4,58.900000000000006
44.386904,148,14,3.642226219177246,4.17841100692749,1.097579002380371,-0.34104230999946594,5.650629172131301,48.9220749968952,12.0,51.900000000000006
44.680667,149,0,-0.11562623083591461,0.04107271507382393,-0.026670493185520172,0.0,0.12556953606514046,160.44395938457112,35.6,53.1
44.680667,149,1,-0.8055294156074524,2.151843786239624,-0.6425208449363708,0.0,2.3858211072845994,110.52307675985612,15.8,55.0
44.680667,149,2,-1.8500198125839233,1.4606618881225586,1.877789855003357,0.0,3.013669059123835,141.70754871857721,15.100000000000001,62.7
44.680667,149,3,-2.570756673812866,2.095644474029541,1.503372311592102,0.0,3.6415167093871372,140.81356793923553,11.5,70.9
44.680667,149,4,-1.2294923067092896,2.6979477405548096,-2.1142542362213135,0.0,3.641516760692157,114.49941416804111,11.5,70.9
44.680667,149,5,1.4800158739089966,4.998076438903809,3.0261502265930176,0.0,6.027337743154681,73.50507792657584,12.200000000000001,69.0
44.680667,149,6,3.7000396251678467,3.8569624423980713,-2.786099672317505,0.0,6.027338043777636,46.18958855623761,12.200000000000001,69.0
44.680667,149,7,1.0791782140731812,2.2930245399475098,-3.5906624794006348,-1.4494298696517944,4.3949339243619105,64.79667028866784,20.3,40.900000000000006
44.680667,149,8,0.3237534463405609,3.038891315460205,-1.7384496927261353,-0.34104230999946594,3.5159471064474848,83.918834829319,34.1,41.300000000000004
44.680667,149,9,0.5974022150039673,2.230158567428589,-3.1340503692626953,-0.34104230999946594,3.892655694952023,75.00400245599718,27.0,44.2
44.680667,149,10,0.9712603688240051,2.9891762733459473,-3.249066114425659,-0.25578173995018005,4.520503524287041,71.99968581058494,11.9,60.6
44.995687,150,0,-0.11562623083591461,0.041067350655794144,-0.02667875587940216,0.0,0.12556953676142515,160.4463197922702,35.2,53.5
44.995687,150,1,-0.8787593245506287,2.1357288360595703,-0.5988213419914246,0.0,2.3858211607925384,112.36503023811231,15.5,55.300000000000004
44.995687,150,2,-1.8500198125839233,1.447596549987793,1.8878803253173828,0.0,3.0136690596696383,141.95766422946178,15.100000000000001,62.6
44.995687,150,3,1.2950139045715332,5.151666164398193,2.8481714725494385,0.0,6.027338220100415,75.88948848111816,12.8,68.7
44.995687,150,4,3.7000396251678467,3.936805486679077,-2.6720917224884033,0.0,6.027338122351337,46.775777889163784,12.8,68.7
44.995687,150,5,0.8093836307525635,2.1994693279266357,-2.949265956878662,0.25578173995018005,3.767085991933773,69.79686851181323,24.400000000000002,41.400000000000006
44.995687,150,6,0.43167129158973694,3.003997564315796,-1.7752580642700195,-0.25578173995018005,3.515946908750717,81.82263594856599,32.2,41.0
44.995687,150,7,-3.77712345123291,1.5182528495788574,-1.656408667564392,-0.17052115499973297,4.394933782787902,158.10184187072096,13.600000000000001,58.7
44.995687,150,8,1.2140754461288452,3.6189262866973877,2.1782641410827637,-0.17052115499973297,4.394933597424349,71.45445478246351,13.600000000000001,58.7
45.290673,151,0,-0.11562623083591461,0.04106009006500244,-0.026689929887652397,0.0,0.12556953695412804,160.44951464854088,35.5,53.2
45.290673,151,1,-0.8055294156074524,2.146055221557617,-0.6615983843803406,0.0,2.3858212580992473,110.57380193991038,15.600000000000001,55.2
45.290673,151,2,-1.8500198125839233,1.4469194412231445,1.888399362564087,0.0,3.0136690808506166,141.97067324130984,15.100000000000001,62.7
45.290673,151,3,-2.570756673812866,2.089452028274536,1.5119671821594238,0.0,3.6415167738651255,140.896580746854,11.5,70.8
45.290673,151,4,-1.2294923067092896,2.7054381370544434,-2.104660749435425,0.0,3.641516677965382,114.43952632944114,11.5,70.8
45.290673,151,5,1.4800158739089966,4.968574047088623,3.074349880218506,0.0,6.027337906109526,73.4125015707324,12.4,69.0
45.290673,151,6,3.7000396251678467,3.9917874336242676,-2.5892364978790283,0.0,6.027338200648915,47.17216387651656,12.4,69.0
45.290673,151,7,0.8941762447357178,1.840162754058838,3.0124564170837402,-0.596824049949646,3.6415166871654017,64.08384628484292,27.700000000000003,41.5
45.290673,151,8,3.013990640640259,2.7183241844177246,-1.3244041204452515,-0.5115634799003601,4.26936438216624,42.047363612475166,21.400000000000002,50.0
45.290673,151,9,1.5725167989730835,3.966886281967163,-0.13592861592769623,-0.5115634799003601,4.2693644077004995,68.37608774901314,21.400000000000002,50.0
45.290673,151,10,-4.60963249206543,0.7324225306510925,3.402839422225952,-0.42630288004875183,5.77619862961496,170.97176858905974,16.0,49.300000000000004
45.290673,151,11,0.4162544310092926,2.8395771980285645,-1.805046558380127,-0.25578173995018005,3.3903774852984383,81.66039264705094,35.1,40.800000000000004
45.290673,151,12,-3.669206142425537,1.0181299448013306,-1.9307537078857422,-0.25578173995018005,4.269364376652454,164.49174940986282,11.5,59.6
45.290673,151,13,0.5241722464561462,2.309864044189453,-3.5520758628845215,-0.25578173995018005,4.269364283155158,77.21453035660052,11.5,59.6
45.598273,152,0,-0.11562623083591461,0.041031017899513245,-0.026734597980976105,0.0,0.12556953617973907,160.46230845495742,36.0,52.7
45.598273,152,1,-0.8055294156074524,2.1510212421417236,-0.6452693343162537,0.0,2.3858211453004494,110.53027011903502,16.0,54.800000000000004
45.598273,152,2,-1.8500198125839233,1.4542202949523926,1.8827828168869019,0.0,3.0136690443326812,141.8306484647374,15.200000000000001,62.6
45.598273,152,3,-2.570756673812866,2.080822467803955,1.523821234703064,0.0,3.6415166035325313,141.01259120045933,11.5,70.8
45.598273,152,4,-1.2294923067092896,2.695767641067505,-2.1170332431793213,0.0,3.6415167526197574,114.51689645442517,11.5,70.8
45.598273,152,5,1.4800158739089966,4.8155364990234375,3.3089218139648438,0.0,6.027337914152641,72.91561620134044,12.600000000000001,69.10000000000001
45.598273,152,6,3.7000396251678467,4.069644927978516,-2.4650561809539795,0.0,6.027338139087013,47.72351748785312,12.600000000000001,69.10000000000001
45.598273,152,7,0.31219086050987244,3.179835557937622,-1.133949637413025,-0.5115634799003601,3.3903774257594823,84.39276749273957,35.9,40.6
45.598273,152,8,0.4779217541217804,3.7018144130706787,-1.1049563884735107,-0.42630288004875183,3.892655619536498,82.6435362850182,14.700000000000001,49.1
45.598273,152,9,-3.5381627082824707,1.9536621570587158,-1.3755292892456055,-0.42630288004875183,4.269364355472203,151.09390128116544,16.7,54.300000000000004
45.598273,152,10,0.5241722464561462,3.5054771900177,-2.379988431930542,-0.42630288004875183,4.269364333224851,81.49560075226258,16.7,54.300000000000004
45.598273,152,11,0.9712603688240051,3.0268967151641846,1.5021430253982544,-0.25578173995018005,3.5159471123827353,72.20977912483029,32.0,41.1
45.598273,152,12,2.2662742137908936,2.4864211082458496,-1.021565318107605,-0.25578173995018005,3.515947160977301,47.65206952570871,32.0,41.1
45.598273,152,13,1.3990774154663086,3.3405139446258545,-2.013599395751953,-0.25578173995018005,4.1437945841077,67.27504048204241,16.5,52.300000000000004
45.598273,152,14,-3.39941143989563,2.673941135406494,-3.0179924964904785,-0.25578173995018005,5.273920557060476,141.81178362301068,12.700000000000001,54.7
45.907681,153,0,-0.11562623083591461,0.041066527366638184,-0.02668002061545849,0.0,0.1255695362232271,160.4466820553995,35.6,53.1
45.907681,153,1,-0.8055294156074524,2.1493465900421143,-0.6508257985115051,0.0,2.385821163361304,110.54493030232696,15.8,55.0
45.907681,153,2,-1.8500198125839233,1.451148271560669,1.8851516246795654,0.0,3.013669069595827,141.88950212718976,15.100000000000001,62.6
45.907681,153,3,-2.570756673812866,2.048133373260498,1.5674834251403809,0.0,3.6415167827028667,141.45551055244104,11.700000000000001,70.7
45.907681,153,4,-1.2294923067092896,2.6651253700256348,-2.1554813385009766,0.0,3.6415167678918587,114.76511639011683,11.700000000000001,70.7
45.907681,153,5,1.4800158739089966,4.903724670410156,3.1767654418945312,0.0,6.0273378288451,73.20541727317092,11.700000000000001,69.0
45.907681,153,6,3.7000396251678467,4.0094895362854,-2.5617387294769287,0.0,6.0273381261960415,47.298540021168314,11.700000000000001,69.0
45.907681,153,7,-3.7000393867492676,4.234256744384766,5.741542816162109,0.25578173995018005,8.036450432292014,131.1480801854831,12.5,44.2
45.907681,153,8,-0.7400079369544983,6.594875335693359,-4.532608509063721,0.25578173995018005,8.036450232318314,96.40235214156088,12.5,44.2
45.907681,153,9,0.27750298380851746,2.484602689743042,-1.6828374862670898,-0.34104230999946594,3.0136689328933803,83.62709910692952,28.5,40.800000000000004
45.907681,153,10,0.40083760023117065,3.1103322505950928,-0.9078176617622375,-0.25578173995018005,3.2648078653817403,82.65660069437035,31.3,41.2
45.907681,153,11,0.5241722464561462,0.8100101947784424,-4.1589179039001465,-0.25578173995018005,4.269364260751368,57.09236375713408,15.700000000000001,58.2
45.907681,153,12,-3.669206142425537,0.804321825504303,-2.029153823852539,-0.25578173995018005,4.269364420549182,167.63583497123304,15.700000000000001,58.2
46.203199,154,0,-0.11562623083591461,0.04106507450342178,-0.026682255789637566,0.0,0.1255695360161669,160.44732134724367,35.1,53.6
46.203199,154,1,-0.8055294156074524,2.149653673171997,-0.649810791015625,0.0,2.3858211622229977,110.54224054581135,15.5,55.300000000000004
46.203199,154,2,-1.8500198125839233,1.475442886352539,1.8661983013153076,0.0,3.013669045810025,141.4266534537086,15.0,62.6
46.203199,154,3,-2.570756673812866,2.0798180103302,1.525192141532898,0.0,3.6415167033313156,141.0261192729883,11.600000000000001,70.8
46.203199,154,4,-1.2294923067092896,2.714244842529297,-2.0932912826538086,0.0,3.641516825649532,114.36946483853536,11.600000000000001,70.8
46.203199,154,5,1.2950139045715332,5.1017560958862305,2.9366354942321777,0.0,6.027338077537229,75.75703803651311,11.5,69.4
46.203199,154,6,3.7000396251678467,4.061874866485596,-2.4778385162353516,0.0,6.027338083378019,47.66901088992466,11.5,69.4
46.203199,154,7,0.40083760023117065,2.913170576095581,-1.418357014656067,-0.17052115499973297,3.2648078363377246,82.16558348882126,40.2,40.7
46.203199,154,8,0.5087553858757019,1.9229212999343872,-3.635185718536377,-0.17052115499973297,4.143794586686184,75.18057046581107,16.6,61.5
46.203199,154,9,-3.434098958969116,1.9949116706848145,-1.1825083494186401,-0.17052115499973297,4.14379466555379,149.84715230022965,16.6,61.5
46.493069,155,0,-0.11562623083591461,0.041061483323574066,-0.026687784120440483,0.0,0.12556953647804708,160.4489015672856,35.1,53.6
46.493069,155,1,-0.8055294156074524,2.145458698272705,-0.6635299324989319,0.0,2.385821166123926,110.57904290895296,15.4,55.400000000000006
46.493069,155,2,-1.9425207376480103,1.354110836982727,1.864188313484192,0.0,3.0136690334470484,145.12005139756417,14.5,62.6
46.493069,155,3,-2.570756673812866,2.051478624343872,1.5631024837493896,0.0,3.6415166890729376,141.4099313433738,11.5,70.8
46.493069,155,4,-1.2294923067092896,2.680147171020508,-2.1367740631103516,0.0,3.6415166603171927,114.64284529030604,11.5,70.8
46.493069,155,5,1.4800158739089966,4.771139621734619,3.372622013092041,0.0,6.02733768095845,72.76601830299606,11.600000000000001,69.4
46.493069,155,6,3.7000396251678467,4.1157941818237305,-2.3872053623199463,0.0,6.027338087152188,48.04491525801866,11.600000000000001,69.4
46.493069,155,7,0.8325088620185852,1.1459044218063354,-3.0803394317626953,-0.6820846199989319,3.3903774073290007,54.001290510202104,30.700000000000003,40.1
46.493069,155,8,0.8325088620185852,1.2706286907196045,3.0310213565826416,-0.42630288004875183,3.3903773741398426,56.76740568492951,31.700000000000003,39.900000000000006
46.787109,156,0,-0.11562623083591461,0.041058026254177094,-0.026693105697631836,0.0,0.1255695371855525,160.4504228042033,35.0,53.7
46.787109,156,1,-0.8787593245506287,2.137833833694458,-0.5912619829177856,0.0,2.385821071123585,112.34517562498331,15.3,55.5
46.787109,156,2,-1.8500198125839233,1.4848432540893555,1.8587276935577393,0.0,3.0136690984522825,141.24914524928818,15.100000000000001,62.6
46.787109,156,3,-2.570756673812866,2.1004974842071533,1.4965842962265015,0.0,3.6415167324654356,140.74864767931783,11.600000000000001,70.8
46.787109,156,4,-1.2294923067092896,2.7120721340179443,-2.0961053371429443,0.0,3.6415167412457565,114.3867146890106,11.600000000000001,70.8
46.787109,156,5,0.6475069522857666,1.2051786184310913,2.6852338314056396,-0.34104230999946594,3.0136691067380452,61.752172099346815,27.3,41.1
46.787109,156,6,0.7014657855033875,1.2586095333099365,-2.929644823074341,-0.34104230999946594,3.2648079568233146,60.86759320615295,26.6,41.400000000000006
47.095468,157,0,-0.11562623083591461,0.041092634201049805,-0.026639794930815697,0.0,0.12556953657976688,160.43519533635913,35.5,53.2
47.095468,157,1,-0.8055294156074524,2.148221492767334,-0.6545299291610718,0.0,2.385821168814627,110.55479084609114,15.700000000000001,55.0
47.095468,157,2,-1.8500198125839233,1.456597924232483,1.880944013595581,0.0,3.0136690598193567,141.78516311261967,15.100000000000001,62.5
47.095468,157,3,-2.570756673812866,2.0725674629211426,1.5350302457809448,0.0,3.641516664766905,141.12392337558313,11.5,70.8
47.095468,157,4,-1.2294923067092896,2.6800928115844727,-2.1368422508239746,0.0,3.6415166642307932,114.64328571236543,11.5,70.8
47.095468,157,5,1.2950139045715332,4.994338512420654,3.115819215774536,0.0,6.027338349144804,75.46355194576178,11.200000000000001,69.5
47.095468,157,6,3.7000396251678467,4.112546920776367,-2.3927953243255615,0.0,6.027338124538366,48.022430513749,11.200000000000001,69.5
47.095468,157,7,0.28906556963920593,2.863460063934326,-1.253736138343811,-0.17052115499973297,3.1392382429320116,84.23553421404117,35.800000000000004,40.1
