timestamp_s,frame_number,point_index,x,y,z,doppler_mps,range,azimuth_deg,elevation_deg,snr_db,noise_db
0.0,1,0,-0.11562623083591461,0.04104094207286835,-0.026719365268945694,0.0,0.12556953716536542,160.45794088965388,-12.28563444145335,25.900000000000002,61.0
0.0,1,1,-0.8325088620185852,1.202818751335144,0.3615334928035736,0.0,1.5068345696597443,124.68833241492524,13.882357027372455,15.3,63.6
0.0,1,2,-0.27750298380851746,0.8500512838363647,-1.212829351425171,0.0,1.50683447228051,108.07949949716344,-53.599207453644375,15.3,63.6
0.0,1,3,1.4800158739089966,5.03863000869751,2.958134651184082,0.0,6.0273377179402887,73.6307042486341,29.392274524504387,11.700000000000001,67.8
0.0,1,4,3.8850414752960205,4.052464962005615,-2.1938059329986572,0.0,6.0273380529644731,46.20834383401462,-21.34457286117928,11.700000000000001,67.8
0.300426,2,0,-0.11562623083591461,0.041010040789842606,-0.026766765862703323,0.0,0.12556953634402551,160.47154112451784,-12.307770661168062,26.1,60.800000000000004
0.300426,2,1,-0.8787594437599182,1.137298583984375,0.45264118909835815,0.0,1.5068345215047607,127.69227872739059,17.481155186153604,14.600000000000001,64.10000000000001
0.300426,2,2,-1.7690813541412354,0.5931109189987183,-1.0370335578918457,0.0,2.13468217774907,161.46550436531575,-29.065051718777625,11.700000000000001,56.6
0.300426,2,3,1.4800158739089966,5.076089382171631,2.8933842182159424,0.0,6.0273379395085573,73.745102724763726,28.688241134192477,11.600000000000001,68.0
0.300426,2,4,3.7000396251678467,4.050838470458984,-2.495840072631836,0.0,6.0273379870152954,47.591394948925377,-24.461810362230555,11.600000000000001,68.0
0.621294,3,0,-0.11562623083591461,0.041016239672899246,-0.026757268235087395,0.0,0.12556953682175204,160.4688126960194,-12.30333505997403,25.8,61.1
0.621294,3,1,-0.9250099062919617,1.0848414897918701,0.4878790080547333,0.0,1.5068345334550102,130.45317455561135,18.891522217847527,16.2,63.5
0.621294,3,2,1.4800158739089966,5.050793170928955,2.937319040298462,0.0,6.0273378689953212,73.668021089301732,29.165420146073142,11.700000000000001,67.9
0.621294,3,3,3.7000396251678467,4.1686601638793945,-2.293640375137329,0.0,6.0273382981368577,48.408225415740446,-22.36710527744215,11.700000000000001,67.9
0.910933,4,0,-0.11562623083591461,0.04098987206816673,-0.026797641068696976,0.0,0.12556953625912456,160.48041899296459,-12.32219043382184,25.1,61.800000000000004
0.910933,4,1,-0.8325088620185852,1.2125473022460938,0.3274269700050354,0.0,1.5068345583409075,124.47265382287944,12.550179693816441,16.7,63.400000000000006
0.910933,4,2,0.9250098466873169,1.6363908052444458,-0.11965019255876541,0.0,1.8835430052261639,60.5216351243195,-3.6421096080876065,19.5,52.800000000000004
0.910933,4,3,1.4800158739089966,5.020040512084961,2.9895732402801514,0.0,6.0273378774543582,73.5733497504517,29.735862574939372,11.600000000000001,67.9
0.910933,4,4,3.7000396251678467,4.1824212074279785,-2.268449306488037,0.0,6.0273379397758662,48.501952529751421,-22.108398205908305,11.600000000000001,67.9
1.195271,5,0,-0.11562623083591461,0.04101071134209633,-0.026765737682580948,0.0,0.12556953617736147,160.47124597756604,-12.307290496536673,23.900000000000002,63.0
1.195271,5,1,-0.7862583994865417,1.258499264717102,0.26177796721458435,0.0,1.5068345543474986,121.99544136089391,10.004590545009902,18.1,63.7
1.195271,5,2,-0.27750298380851746,0.736931324005127,-1.2847079038619995,0.0,1.506834456922217,110.63464763856358,-58.494202256700952,18.1,63.7
1.195271,5,3,1.4800158739089966,5.06456184387207,2.9135148525238037,0.0,6.0273379242667549,73.7100644371934,28.906608693169762,11.9,67.60000000000001
1.195271,5,4,3.7000396251678467,4.077341079711914,-2.452305316925049,0.0,6.0273381252039773,47.77739340300753,-24.007971361282255,11.9,67.60000000000001
1.488833,6,0,-0.11562623083591461,0.040993254631757736,-0.026792466640472412,0.0,0.12556953631874718,160.47892998794796,-12.319773739831069,24.6,62.300000000000004
1.488833,6,1,-0.8325088620185852,1.2220699787139893,0.28986942768096924,0.0,1.50683453747171,124.26380521987977,11.091114227864278,16.900000000000002,63.800000000000004
1.488833,6,2,-0.27750298380851746,0.7689710259437561,-1.265790581703186,0.0,1.5068344771381206,109.84328311956264,-57.14359717033075,16.900000000000002,63.800000000000004
1.488833,6,3,0.9250098466873169,1.6336983442306519,0.15205514430999756,0.0,1.8835430080891706,60.4811994039872,4.6304271956742893,20.400000000000002,53.2
1.488833,6,4,-1.2294923067092896,2.7873167991638184,-1.9949582815170288,0.0,3.6415168290358815,113.80239398001892,-33.218760093749125,11.5,67.9
1.488833,6,5,-2.570756673812866,2.169905185699463,1.394046425819397,0.0,3.6415166933873375,139.83320613594836,22.508486827708953,11.5,67.9
1.488833,6,6,1.4800158739089966,5.039270401000977,2.9570438861846924,0.0,6.0273378622945488,73.632673121903082,29.380373801346575,11.600000000000001,68.0
1.488833,6,7,3.7000396251678467,4.221321105957031,-2.1952130794525146,0.0,6.0273381829469219,48.765038286106773,-21.35893446414504,11.600000000000001,68.0
1.799977,7,0,-0.11562623083591461,0.0409543514251709,-0.026851896196603775,0.0,0.1255695364621921,160.49605684208063,-12.347531312272073,25.8,61.1
1.799977,7,1,-0.7400079369544983,1.311776876449585,-0.04668976739048958,0.0,1.5068345147103781,119.42849142193059,-1.7756129406277867,14.3,63.400000000000006
1.799977,7,2,-0.18500198423862457,0.3352199196815491,-1.4573785066604614,0.0,1.5068345099576825,118.89353433403726,-75.279945819977826,14.3,63.400000000000006
1.799977,7,3,0.9828230142593384,1.6067125797271729,-0.01637263409793377,0.0,1.883543058801328,58.545954138836123,-0.49804789052735521,19.6,53.1
1.799977,7,4,1.4800158739089966,5.029213905334473,2.9741153717041016,0.0,6.0273378648321065,73.601701348180512,29.566779222237532,11.700000000000001,67.9
1.799977,7,5,3.7000396251678467,4.166581630706787,-2.2974138259887695,0.0,6.0273382185671149,48.394038319630972,-22.405899635202022,11.700000000000001,67.9
2.09278,8,0,-0.11562623083591461,0.041052766144275665,-0.026701193302869797,0.0,0.12556953686788055,160.45273749988482,-12.277148633610267,26.0,60.900000000000006
2.09278,8,1,-0.9250099062919617,1.1084266901016235,0.4316216707229614,0.0,1.5068345366049933,129.84584612447603,16.645101741361081,13.8,63.6
2.09278,8,2,1.4800158739089966,5.016624927520752,2.9953010082244873,0.0,6.0273377854833914,73.56276905834082,29.798587688710569,11.600000000000001,67.8
2.09278,8,3,3.8850414752960205,3.943920373916626,-2.383431911468506,0.0,6.0273379577696948,45.430893502648608,-23.293225946615053,11.600000000000001,67.8
2.39987,9,0,-0.11562623083591461,0.040972866117954254,-0.026823636144399643,0.0,0.12556953639815335,160.48790543056822,-12.334331613128464,27.3,59.6
2.39987,9,1,-1.2294923067092896,2.7879533767700195,-1.9940683841705322,0.0,3.6415167285142549,113.79756303594455,-33.20202601643458,11.4,68.5
2.39987,9,2,-2.570756673812866,2.118964672088623,1.470320463180542,0.0,3.6415166376058865,140.50270180474826,23.813818971984858,11.4,68.5
2.39987,9,3,1.4800158739089966,5.002912998199463,3.0181477069854736,0.0,6.0273378066736418,73.520158930187264,30.049174070206394,11.8,67.8
2.39987,9,4,3.7000396251678467,4.161984443664551,-2.3057315349578857,0.0,6.0273381893184981,48.362631946008207,-22.491450642956561,11.8,67.8
2.6944,10,0,-0.11562623083591461,0.040997885167598724,-0.026785381138324738,0.0,0.12556953646590061,160.47689166984338,-12.316464516742167,23.700000000000003,63.2
2.6944,10,1,-0.8325088620185852,1.237876296043396,0.21246550977230072,0.0,1.5068345371965697,123.92201270336889,8.1057867297991439,18.1,63.800000000000004
2.6944,10,2,-0.27750298380851746,0.6434023380279541,-1.3340073823928833,0.0,1.5068344868900434,113.33080353174309,-62.289018974791382,18.1,63.800000000000004
2.6944,10,3,-1.2294923067092896,2.7980258464813232,-1.979910135269165,0.0,3.6415167325685074,113.72136886464972,-32.9361987222631,11.5,68.4
2.6944,10,4,-2.570756673812866,2.107743740081787,1.4863615036010742,0.0,3.6415167264746429,140.65193548915349,24.089991208287493,11.5,68.4
2.6944,10,5,1.4800158739089966,5.0620598793029785,2.9178593158721924,0.0,6.0273377370024352,73.70244022465053,28.95379654488827,11.8,67.8
2.6944,10,6,3.8850414752960205,4.0467400550842285,-2.204348087310791,0.0,6.0273379553683668,46.167879247670683,-21.452206366593661,11.8,67.8
3.006444,11,0,-0.11562623083591461,0.04102391004562378,-0.02674550749361515,0.0,0.12556953700576692,160.46543672128348,-12.297842679149706,25.6,61.300000000000004
3.006444,11,1,-0.7862583994865417,1.2708557844161987,0.19306349754333496,0.0,1.5068344997480365,121.74442425061154,7.3612691906501517,12.9,64.10000000000001
3.006444,11,2,-0.23125247657299042,0.5919126868247986,-1.3662766218185425,0.0,1.5068344779945746,111.33993159802172,-65.055913376990873,12.9,64.10000000000001
3.006444,11,3,1.4800158739089966,5.080916404724121,2.884899139404297,0.0,6.0273378487814133,73.759731072353262,28.596336032784976,12.100000000000001,67.5
3.006444,11,4,3.8850414752960205,4.108623027801514,-2.0867373943328857,0.0,6.0273380029875838,46.602136335818891,-20.255804899092766,12.100000000000001,67.5
3.30114,12,0,-0.11562623083591461,0.04101192206144333,-0.026763884350657463,0.0,0.12556953656850645,160.47071307607919,-12.306424915767142,24.8,62.1
3.30114,12,1,-0.8325088620185852,1.2219908237457275,0.2902025282382965,0.0,1.5068344587426121,124.26553206837679,11.104021962454812,15.3,64.0
3.30114,12,2,-0.27750298380851746,0.7812120318412781,-1.258272647857666,0.0,1.506834496905002,109.55611094502852,-56.620388414437429,15.3,64.0
3.30114,12,3,1.4800158739089966,5.022305965423584,2.9857656955718994,0.0,6.0273378025630748,73.580360297940217,29.694188373685183,11.600000000000001,67.9
3.30114,12,4,3.7000396251678467,3.9590115547180176,-2.6390793323516846,0.0,6.027338172082997,46.936577704439266,-25.9668814213924,11.600000000000001,67.9
3.598922,13,0,-0.11562623083591461,0.04103448614478111,-0.026729276403784752,0.0,0.12556953662236861,160.46078207550602,-12.290262853972186,24.8,62.1
3.598922,13,1,-0.8325088620185852,1.2213540077209473,0.2928712069988251,0.0,1.5068344837454604,124.27943043784603,11.207449742504879,17.1,63.5
3.598922,13,2,-0.27750298380851746,0.7444021105766296,-1.2803936004638672,0.0,1.5068344900361141,110.44477106642286,-58.181675062303732,17.1,63.5
3.598922,13,3,1.4800158739089966,5.098649978637695,2.853440761566162,0.0,6.0273379506588194,73.813253600053471,28.256293353197318,11.4,68.0
3.598922,13,4,3.8850414752960205,4.048985958099365,-2.2002203464508057,0.0,6.0273380630749607,46.183760762546846,-21.410053172490429,11.4,68.0
3.90317,14,0,-0.11562623083591461,0.041068363934755325,-0.026677196845412254,0.0,0.1255695369312422,160.44587393219081,-12.265943322329941,24.5,62.400000000000006
3.90317,14,1,-0.7862583994865417,1.278880000114441,0.12966878712177277,0.0,1.5068345363076472,121.58329726664981,4.93662327803422,15.9,63.7
3.90317,14,2,-0.23125247657299042,0.6058357357978821,-1.3601601123809814,0.0,1.5068344892532646,110.89226627078602,-64.510024392340043,15.9,63.7
3.90317,14,3,0.8633425831794739,1.5082054138183594,-0.2653805613517761,0.0,1.7579735005242256,60.211867485610576,-8.68246124121317,23.8,55.1
3.90317,14,4,1.4800158739089966,5.004295349121094,3.015855073928833,0.0,6.0273377833998909,73.524464349711181,30.023999674944033,12.100000000000001,67.5
3.90317,14,5,3.7000396251678467,4.141064643859863,-2.343095541000366,0.0,6.0273382455852129,48.219224684128328,-22.876410842899336,12.100000000000001,67.5
4.197705,15,0,-0.11562623083591461,0.04107063263654709,-0.026673698797822,0.0,0.12556953583589989,160.44487567352331,-12.264310034247908,25.1,61.800000000000004
4.197705,15,1,-0.7862583994865417,1.2836945056915283,0.06690675765275955,0.0,1.5068345526053484,121.48732378606697,2.5448949239525582,14.100000000000001,63.900000000000006
4.197705,15,2,-0.23125247657299042,0.5762202739715576,-1.3729685544967651,0.0,1.5068344845051611,111.86690012564925,-65.666265304630031,14.100000000000001,63.900000000000006
4.197705,15,3,1.4800158739089966,5.056735992431641,2.9270761013031006,0.0,6.0273377528553995,73.6861936674124,29.053974772354323,11.700000000000001,67.8
4.197705,15,4,3.7000396251678467,3.9693238735198975,-2.6235435009002686,0.0,6.0273381970670323,47.010925055785059,-25.802729089391395,11.700000000000001,67.8
4.49966,16,0,-0.11562623083591461,0.04104534164071083,-0.026712602004408836,0.0,0.12556953624812361,160.45600474355513,-12.282476231281631,26.900000000000002,60.0
4.49966,16,1,0.9173014760017395,1.359573245048523,-0.6329215168952942,0.0,1.7579735643847951,55.992535219053536,-21.101978857065493,18.900000000000002,54.800000000000004
4.49966,16,2,1.4800158739089966,5.035799980163574,2.9629507064819336,0.0,6.0273381617659263,73.621997863140592,29.444830660606428,11.700000000000001,67.9
4.49966,16,3,3.7000396251678467,4.250095367431641,-2.138972520828247,0.0,6.02733832673548,48.957885943606037,-20.785995432297561,11.700000000000001,67.9
4.805922,17,0,-0.11562623083591461,0.04102446511387825,-0.026744654402136803,0.0,0.12556953664918,160.46519242358573,-12.297444318381302,27.400000000000002,59.5
4.805922,17,1,1.4800158739089966,5.012970447540283,3.001413583755493,0.0,6.0273379858513687,73.551433636437281,29.865568632389841,11.8,67.8
4.805922,17,2,3.7000396251678467,4.344846248626709,-1.939284324645996,0.0,6.0273382055294924,49.582524706050862,-18.76867263139917,11.8,67.8
5.103919,18,0,-0.11562623083591461,0.04103071242570877,-0.02673506736755371,0.0,0.12556953630012757,160.46244289577643,-12.292967221167544,26.5,60.400000000000006
5.103919,18,1,-0.7400079369544983,1.3061145544052124,0.1303972750902176,0.0,1.5068345713235189,119.53467651183932,4.96442686163995,11.700000000000001,63.800000000000004
5.103919,18,2,-0.18500198423862457,0.6027076840400696,-1.3686007261276245,0.0,1.5068345078774357,107.06394290359906,-65.26628538203812,11.700000000000001,63.800000000000004
5.103919,18,3,0.9173014760017395,1.4639102220535278,-0.32557058334350586,0.0,1.7579736462320503,57.9283109950535,-10.672589550838651,21.5,55.0
5.103919,18,4,1.4800158739089966,5.078423023223877,2.889286756515503,0.0,6.0273381646634716,73.752178051345467,28.643848525639054,11.8,67.7
5.103919,18,5,3.7000396251678467,4.261781215667725,-2.1155924797058105,0.0,6.0273380441301176,49.035782311450774,-20.548459558638516,11.8,67.7
5.414215,19,0,-0.11562623083591461,0.04107487201690674,-0.026667172089219093,0.0,0.12556953625685452,160.44301032344785,-12.261262403917934,25.6,61.300000000000004
5.414215,19,1,-0.8325088620185852,1.2170411348342896,0.31030622124671936,0.0,1.5068344567876835,124.37381893729378,11.884093492370363,15.0,63.7
5.414215,19,2,-0.27750298380851746,0.6715342402458191,-1.320069670677185,0.0,1.5068344558334641,112.45223849781596,-61.170066608018104,15.0,63.7
5.414215,19,3,1.4800158739089966,5.085438251495361,2.876920700073242,0.0,6.0273378793049854,73.773411357987229,28.509991188299008,12.100000000000001,67.60000000000001
5.414215,19,4,3.8850414752960205,4.0496392250061035,-2.1990177631378174,0.0,6.02733807248888,46.188378504646,-21.397774556816014,12.100000000000001,67.60000000000001
5.704159,20,0,-0.11562623083591461,0.04104040563106537,-0.026720188558101654,0.0,0.12556953702336845,160.45817696822306,-12.286018916750232,24.5,62.400000000000006
5.704159,20,1,-0.8325088620185852,1.2080978155136108,0.34348082542419434,0.0,1.5068345677685802,124.57100515871745,13.176327092470267,18.900000000000002,63.400000000000006
5.704159,20,2,-0.27750298380851746,0.8538663983345032,-1.210146427154541,0.0,1.5068344658197421,108.0039433817531,-53.427647940039172,18.900000000000002,63.400000000000006
5.704159,20,3,1.4800158739089966,5.017935752868652,2.993104934692383,0.0,6.0273379992348195,73.566831259436753,29.774532748034343,11.700000000000001,67.9
5.704159,20,4,3.7000396251678467,4.062110900878906,-2.4774515628814697,0.0,6.02733808951143,47.670668338421649,-24.269916981675518,11.700000000000001,67.9
6.002559,21,0,-0.11562623083591461,0.041035961359739304,-0.026727011427283287,0.0,0.12556953659973569,160.46013284014879,-12.289205137332109,24.8,62.1
6.002559,21,1,-0.8325088620185852,1.2305105924606323,0.2516407370567322,0.0,1.5068345576219546,124.08053774059709,9.61341383632306,16.7,63.800000000000004
6.002559,21,2,-0.27750298380851746,0.7845603823661804,-1.2561875581741333,0.0,1.5068344570365682,109.47894515997199,-56.4765611724598,16.7,63.800000000000004
6.002559,21,3,1.4800158739089966,5.080933094024658,2.8848700523376465,0.0,6.02733799548791,73.759781605027726,28.596020356258215,11.8,67.7
6.002559,21,4,3.7000396251678467,4.137276649475098,-2.3497772216796875,0.0,6.0273380769315423,48.193171364364041,-22.945367295337853,11.8,67.7
6.306654,22,0,-0.11562623083591461,0.041056763380765915,-0.026695046573877335,0.0,0.12556953686386635,160.45097852182545,-12.274278332715028,24.400000000000002,62.5
6.306654,22,1,-0.8325088620185852,1.2247334718704224,0.27840134501457214,0.0,1.506834560051362,124.20578728735367,10.647085713342554,18.2,63.7
6.306654,22,2,-0.27750298380851746,0.8250603675842285,-1.2299665212631226,0.0,1.5068344831496789,108.58998709190618,-54.711994604700884,18.2,63.7
6.306654,22,3,0.9250098466873169,1.630739688873291,0.1810506135225296,0.0,1.883543064013121,60.436649397983096,5.515922231448255,21.0,53.1
6.306654,22,4,1.4800158739089966,5.008842468261719,3.0082976818084717,0.0,6.0273381190421844,73.538611222117368,29.94105821789805,11.8,67.8
6.306654,22,5,3.7000396251678467,4.056366920471191,-2.4868454933166504,0.0,6.0273382457710545,47.6303038357829,-24.367910119644137,11.8,67.8
6.59433,23,0,-0.11562623083591461,0.04106060415506363,-0.026689136400818825,0.0,0.12556953640402019,160.4492884308508,-12.271518569671876,26.8,60.1
6.59433,23,1,1.4800158739089966,5.009162425994873,3.0077643394470215,0.0,6.0273378467338823,73.5396057763174,29.935209085455668,11.600000000000001,67.9
6.59433,23,2,3.7000396251678467,3.9594013690948486,-2.6384942531585693,0.0,6.0273380818859978,46.939391858360764,-25.960695726898525,11.600000000000001,67.9
6.59433,23,3,-1.002094030380249,1.1595687866210938,0.5620947480201721,0.08526057749986649,1.6324039703399118,130.83342576002667,20.141241640376915,20.400000000000002,56.1
6.59433,23,4,-0.40083760023117065,1.0851309299468994,-1.1517651081085205,0.08526057749986649,1.6324039883382846,110.27377620217403,-44.87510798430467,20.400000000000002,56.1
6.900995,24,0,-0.11562623083591461,0.04101591184735298,-0.02675776742398739,0.0,0.12556953611249125,160.46895698560277,-12.303568258398979,29.700000000000003,57.2
6.900995,24,1,-1.7575186491012573,0.7146039009094238,1.4465863704681396,0.0,2.3858211719149991,157.87343002264953,37.324349388080535,12.600000000000001,60.5
6.900995,24,2,-0.8787593245506287,1.6155608892440796,1.5198315382003784,0.0,2.3858212091119331,118.54329532109742,39.570455098666,12.600000000000001,60.5
6.900995,24,3,1.4800158739089966,5.019425392150879,2.9906063079833984,0.0,6.0273380810886747,73.571445229043945,29.747171659985305,11.9,67.60000000000001
6.900995,24,4,3.7000396251678467,4.189276695251465,-2.2557644844055176,0.0,6.0273382073925923,48.54851661368982,-21.9783057713985,11.9,67.60000000000001
6.900995,24,5,-1.102303385734558,0.9731003046035767,0.7090456485748291,0.08526057749986649,1.6324039600492102,138.56231898664558,25.744368768298845,18.6,55.800000000000004
6.900995,24,6,-0.551151692867279,1.4007747173309326,-0.6315099596977234,0.08526057749986649,1.6324040022192552,111.47775489033062,-22.759189460866228,18.6,55.800000000000004
7.198361,25,0,-0.11562623083591461,0.04100814089179039,-0.02676967717707157,0.0,0.12556953648431521,160.47237738007138,-12.309130295533212,29.5,57.400000000000006
7.198361,25,1,1.4800158739089966,5.031714916229248,2.969881772994995,0.0,6.0273376984199594,73.6094145516782,29.520520996689481,11.4,68.10000000000001
7.198361,25,2,3.8850414752960205,4.158980369567871,-1.9844741821289062,0.0,6.0273379496057276,46.950452077424693,-19.222989691954115,11.4,68.10000000000001
7.198361,25,3,-0.9519892930984497,1.2250938415527344,0.50754714012146,0.08526057749986649,1.6324039433393915,127.84987147302105,18.114686618218016,25.3,55.7
7.496097,26,0,-0.11562623083591461,0.04105469584465027,-0.026698224246501923,0.0,0.12556953645742847,160.45188833327535,-12.275762227951644,29.400000000000002,57.5
7.496097,26,1,1.4800158739089966,5.016414642333984,2.9956533908843994,0.0,6.0273378940592508,73.56211721025069,29.802447312803039,11.5,68.0
7.496097,26,2,3.8850414752960205,3.9527361392974854,-2.3687829971313477,0.0,6.027337981163595,45.494849725658895,-23.141702366345751,11.5,68.0
7.496097,26,3,-0.9519892930984497,1.211791753768921,0.5385347604751587,0.08526057749986649,1.6324039196585138,128.15334410170661,19.262881036106528,24.0,55.5
7.799676,27,0,-0.11562623083591461,0.040978580713272095,-0.0268149022012949,0.0,0.12556953577464311,160.48538964778521,-12.330252359599445,28.200000000000003,58.7
7.799676,27,1,-0.9519892930984497,1.1892142295837402,0.5867099165916443,0.0,1.6324039402811759,128.67795644896776,21.064253002505964,19.700000000000003,59.2
7.799676,27,2,-0.3006282150745392,1.1399321556091309,-1.129123568534851,0.0,1.6324039561675472,104.7739284261929,-43.764331641581954,19.700000000000003,59.2
7.799676,27,3,1.4800158739089966,5.076432228088379,2.892782211303711,0.0,6.0273377270095079,73.746142569173315,28.681718985318867,11.4,68.2
7.799676,27,4,3.7000396251678467,3.918670654296875,-2.6986165046691895,0.0,6.02733804958148,46.643742567976375,-26.598098269778756,11.4,68.2
8.1011,28,0,-0.11562623083591461,0.041029103100299835,-0.02673753723502159,0.0,0.12556953633716025,160.46315117305625,-12.294120634896158,28.1,58.800000000000004
8.1011,28,1,-0.9519892930984497,1.2046008110046387,0.5544331073760986,0.0,1.6324039936859489,128.31912058962035,19.855069886602674,19.0,59.6
8.1011,28,2,-0.3507328927516937,1.181855320930481,-1.0700221061706543,0.0,1.6324040153600285,106.52902773723024,-40.956703169202676,19.0,59.6
8.1011,28,3,-1.7035598754882812,0.6902491450309753,-1.0854989290237427,0.0,2.1346821909833165,157.94317130678718,-30.5643733689714,11.8,54.6
8.1011,28,4,1.4800158739089966,5.036166191101074,2.962327718734741,0.0,6.0273379202261665,73.623124992920083,29.438031642972632,11.700000000000001,67.9
8.1011,28,5,3.7000396251678467,4.020993709564209,-2.5436432361602783,0.0,6.02733809845035,47.38034633366798,-24.96203769631548,11.700000000000001,67.9
8.405786,29,0,-0.11562623083591461,0.04104576259851456,-0.026711955666542053,0.0,0.12556953635394669,160.45581949238348,-12.282174396657229,29.0,57.900000000000006
8.405786,29,1,-1.0791782140731812,1.2233295440673828,0.6552177667617798,0.0,1.7579735814279422,131.41760282461965,21.882967975667608,25.8,54.6
8.405786,29,2,-0.48563018441200256,1.271823763847351,-1.1122493743896484,0.0,1.7579735587115759,110.89873850959523,-39.248743135400304,25.8,54.6
8.405786,29,3,1.4800158739089966,5.0871429443359375,2.8739054203033447,0.0,6.0273379437342376,73.778562874777862,28.477377144920283,11.3,68.2
8.405786,29,4,3.8850414752960205,3.843646287918091,-2.541975498199463,0.0,6.02733800983844,44.693124250564544,-24.944552337621275,11.3,68.2
8.700336,30,0,-0.11562623083591461,0.041061561554670334,-0.026687664911150932,0.0,0.12556953672383309,160.44886714307518,-12.270831417036973,31.8,55.1
8.700336,30,1,-1.2294923067092896,2.7503600120544434,-2.0456080436706543,0.0,3.6415166890315813,114.08605630239948,-34.176643074967892,12.3,67.2
8.700336,30,2,-2.570756673812866,2.116468906402588,1.473910927772522,0.0,3.6415167074626491,140.53583919326582,23.875582945949933,12.3,67.2
8.700336,30,3,1.4800158739089966,5.036801338195801,2.961247205734253,0.0,6.027337697602694,73.62507950088019,29.426239419098351,11.9,67.7
8.700336,30,4,3.8850414752960205,4.048942565917969,-2.2003002166748047,0.0,6.027338070024931,46.183454009133669,-21.410868671717076,11.9,67.7
8.700336,30,5,0.8016752004623413,1.420263409614563,0.07008036971092224,0.17052115499973297,1.6324039138476538,60.557214583231428,2.4605085818223835,29.200000000000003,43.1
8.700336,30,6,-1.8500196933746338,1.69096839427948,0.15854381024837494,0.17052115499973297,2.5113906737292329,137.57183777722085,3.6194829957054755,18.400000000000002,54.0
8.700336,30,7,-1.002094030380249,1.7214349508285522,1.52955961227417,0.17052115499973297,2.511390718936052,120.20484695477468,37.520759869613151,18.400000000000002,54.0
9.000271,31,0,-0.11562623083591461,0.04107101634144783,-0.02667311020195484,0.0,0.12556953630751894,160.44470683953509,-12.264035146414065,27.900000000000002,59.0
9.000271,31,1,-0.8517799377441406,1.3925031423568726,-0.012192072346806526,0.0,1.6324039666838863,121.45369933590678,-0.42793377004389277,24.3,58.7
9.000271,31,2,-0.25052350759506226,0.4166604280471802,1.5583243370056152,0.0,1.6324039571938629,121.01703799929065,72.6727594736922,24.3,58.7
9.000271,31,3,-1.6380383968353271,0.8568379282951355,-1.06748628616333,0.0,2.1346821768166633,152.38648211878564,-30.00450016591207,12.9,54.0
9.000271,31,4,1.4800158739089966,5.115379810333252,2.8233389854431152,0.0,6.027337771994417,73.863432862113186,27.931928565018922,12.100000000000001,67.5
9.000271,31,5,3.8850414752960205,3.9218108654022217,-2.419639825820923,0.0,6.0273381036288241,45.269854635226906,-23.668492475614656,12.100000000000001,67.5
9.000271,31,6,-1.7729355096817017,1.7724318504333496,0.14922527968883514,0.17052115499973297,2.5113906844653053,135.00813950886271,3.4064862819352837,19.3,53.300000000000004
9.000271,31,7,0.8633425831794739,1.5138983726501465,0.230699822306633,0.25578173995018005,1.757973579624017,60.30484912887043,7.5407062987286775,32.800000000000004,40.800000000000004
9.312253,32,0,-0.11562623083591461,0.041077468544244766,-0.026663172990083694,0.0,0.12556953640601989,160.44186785881067,-12.259395062735861,30.3,56.6
9.312253,32,1,-0.3777123689651489,0.4444201588630676,1.658401370048523,0.0,1.7579735536838879,130.36118583723817,70.623649430705186,18.1,55.2
9.312253,32,2,-1.0252193212509155,1.4268906116485596,-0.058132048696279526,0.0,1.7579734950682888,125.69720358882154,-1.8949821256478026,18.1,55.2
9.312253,32,3,1.4800158739089966,5.0880255699157715,2.872342348098755,0.0,6.0273378660749382,73.781228885138916,28.460475088735354,11.700000000000001,68.0
9.312253,32,4,3.7000396251678467,4.12412691116333,-2.372781276702881,0.0,6.0273383009638311,48.102523200252577,-23.183040891826742,11.700000000000001,68.0
9.312253,32,5,-0.9250098466873169,2.0024497509002686,1.2006809711456299,0.08526057749986649,2.5113906537654103,114.7940617321577,28.560996335599061,11.600000000000001,58.7
9.312253,32,6,0.8093836307525635,1.6981821060180664,-0.09386234730482101,0.34104230999946594,1.8835430622026479,64.516705249553723,-2.856395904961305,31.900000000000002,40.6
9.312253,32,7,0.9365724921226501,9.042356491088867,-4.561858177185059,-0.34104230999946594,10.171132138247344,84.086609784579409,-26.648150546557247,12.200000000000001,41.5
9.61007,33,0,-0.11562623083591461,0.041007257997989655,-0.026771029457449913,0.0,0.12556953644911473,160.47276599589276,-12.309761846338809,31.3,55.6
9.61007,33,1,-0.43167129158973694,0.45862892270088196,-1.6412770748138428,0.0,1.7579735575457349,133.26565613631891,-69.006127959051156,14.5,55.0
9.61007,33,2,1.4800158739089966,5.178070068359375,2.706648349761963,0.0,6.0273378791246666,74.048800972001729,26.6835181938109,11.600000000000001,68.2
9.61007,33,3,3.8850414752960205,3.7630951404571533,-2.659769058227539,0.0,6.0273380313374769,44.086520200554808,-26.185847067836061,11.600000000000001,68.2
9.61007,33,4,-0.10020940005779266,1.2106753587722778,1.0903971195220947,0.08526057749986649,1.6324039409595921,94.731670809541541,41.910593331441369,14.0,55.5
9.61007,33,5,-0.6513611674308777,1.3651938438415527,-0.6137728095054626,0.08526057749986649,1.6324039522703988,115.50673878267716,-22.085712867466913,14.0,55.5
9.61007,33,6,-1.7806440591812134,1.9357585906982422,-0.18895703554153442,0.08526057749986649,2.6369602477549861,132.60998646662,-4.1091735454417595,11.5,61.2
9.61007,33,7,-0.9712603688240051,1.9226254224777222,1.5210931301116943,0.08526057749986649,2.6369602821579954,116.80171856092134,35.228296983384347,11.5,61.2
9.61007,33,8,0.8633425831794739,1.8095206022262573,0.12964597344398499,0.17052115499973297,2.0091125663442857,64.493666886525091,3.6998085877255114,28.1,41.2
9.902205,34,0,-0.11562623083591461,0.041073594242334366,-0.02666914090514183,0.0,0.12556953642473337,160.44357254656452,-12.262181704655319,32.6,54.300000000000004
9.902205,34,1,0.8633425831794739,1.798353910446167,0.23894770443439484,0.0,2.0091125425427254,64.355557965329751,6.830467317374203,22.3,50.1
9.902205,34,2,1.4800158739089966,5.0852179527282715,2.877309560775757,0.0,6.02733763135135,73.7727453911755,28.514199177471941,11.5,67.9
9.902205,34,3,3.7000396251678467,4.158305644989014,-2.312359571456909,0.0,6.027338206262205,48.337471752101628,-22.559660400267703,11.5,67.9
9.902205,34,4,-0.10020940005779266,1.2078986167907715,1.0934723615646362,0.08526057749986649,1.6324039934436403,94.7424985136246,42.055798254288035,18.400000000000002,55.800000000000004
9.902205,34,5,-0.7014657855033875,1.358466386795044,-0.5720643401145935,0.08526057749986649,1.6324039884521881,117.31029011705212,-20.514405460801516,18.400000000000002,55.800000000000004
10.207019,35,0,-0.11562623083591461,0.041020095348358154,-0.026751358062028885,0.0,0.12556953706162766,160.46711567310723,-12.300574922569982,35.0,51.900000000000006
10.207019,35,1,-0.8055294156074524,2.087678909301758,-0.8275637030601501,0.0,2.3858211480274227,111.09907238793113,-20.295833746807464,14.600000000000001,54.400000000000006
10.207019,35,2,1.9772084951400757,0.6747392416000366,1.1521787643432617,0.0,2.38582111282733,18.842644297021106,28.876780664774103,14.600000000000001,54.400000000000006
10.207019,35,3,1.4800158739089966,5.153416156768799,2.7532989978790283,0.0,6.0273377575501748,73.97639912356,27.180928056551728,11.9,67.7
10.207019,35,4,3.7000396251678467,4.108799934387207,-2.3992233276367188,0.0,6.0273379451055131,47.996461164556862,-23.456760638343383,11.9,67.7
10.207019,35,5,0.7515705227851868,1.5948408842086792,0.6628412008285522,0.08526057749986649,1.8835429791164728,64.767790668505683,20.604300529179024,31.400000000000002,48.0
10.207019,35,6,-1.7806440591812134,1.9433387517929077,-0.07937667518854141,0.17052115499973297,2.6369602625525763,132.49843224633844,-1.7249541621326216,14.700000000000001,56.400000000000006
10.207019,35,7,-0.1503141075372696,1.2001420259475708,1.0962698459625244,0.25578173995018005,1.6324039906031111,97.138946461361712,42.188178731057093,33.300000000000004,41.2
10.207019,35,8,-0.7515705227851868,1.383333444595337,-0.431593656539917,0.25578173995018005,1.6324039800310139,118.51540799543422,-15.33079584846111,33.300000000000004,41.2
10.207019,35,9,-1.2526174783706665,0.7679305672645569,-2.7741754055023193,0.25578173995018005,3.139238296745392,148.48917431105494,-62.093155209472187,13.700000000000001,52.5
10.512375,36,0,-0.11562623083591461,0.041042108088731766,-0.026717569679021835,0.0,0.12556953620699862,160.45742774903451,-12.284796030516965,35.2,51.7
10.512375,36,1,-0.7322994470596313,2.1213738918304443,-0.8097236752510071,0.0,2.3858210535087676,109.04470249441319,-19.839710568191656,15.200000000000001,53.900000000000006
10.512375,36,2,1.9772084951400757,0.778347909450531,1.0848795175552368,0.0,2.3858211309758697,21.48757577370468,27.046891210920325,15.200000000000001,53.900000000000006
10.512375,36,3,-1.7575188875198364,1.8592538833618164,1.5926402807235718,0.0,3.0136689776032495,133.38877097105902,31.902285678985063,11.4,64.7
10.512375,36,4,1.4800158739089966,5.159353256225586,2.742157459259033,0.0,6.0273377656240674,73.993893220130118,27.061932205403991,12.5,67.3
10.512375,36,5,3.8850414752960205,3.8998334407806396,-2.454904317855835,0.0,6.0273379978584627,45.108867025118315,-24.035020572247195,12.5,67.3
10.512375,36,6,0.6783405542373657,1.6933314800262451,0.8420308828353882,0.08526057749986649,2.0091125942613255,68.16919522385416,24.778150224770762,28.0,46.1
10.512375,36,7,1.375952124595642,1.638435959815979,-1.5413768291473389,0.25578173995018005,2.6369602145329525,49.97659106938584,-35.769645646744628,21.3,54.0
10.512375,36,8,-0.16187672317028046,1.2381436824798584,1.2374438047409058,0.42630288004875183,1.7579735555066751,97.448685141976526,44.741030450436789,39.6,40.900000000000006
10.512375,36,9,-0.8093836903572083,1.4876892566680908,-0.47132742404937744,0.42630288004875183,1.7579734990274829,118.54858999126458,-15.551735297789151,39.6,40.900000000000006
10.805473,37,0,-0.11562623083591461,0.04104505479335785,-0.026713041588664055,0.0,0.12556953599988993,160.45613097689798,-12.282681531328159,35.2,51.7
10.805473,37,1,-0.8055294156074524,2.0474936962127686,-0.9225153923034668,0.0,2.3858211845141972,111.47577625264853,-22.747192480194681,15.0,54.0
10.805473,37,2,-1.4645988941192627,1.7429323196411133,0.7136383652687073,0.0,2.385821181037739,130.04058350511167,17.404542882416781,15.0,54.0
10.805473,37,3,0.6166732311248779,1.5148662328720093,1.1668024063110352,0.08526057749986649,2.0091125983515834,67.849696489845982,35.503670534505844,28.6,46.6
10.805473,37,4,-0.23125246167182922,1.2527447938919067,1.3874030113220215,0.34104230999946594,1.883543027243596,100.45886970148288,47.441922606846234,36.4,41.900000000000006
10.805473,37,5,-0.9250098466873169,1.5840380191802979,-0.4276851415634155,0.34104230999946594,1.8835430026923341,120.28308461573677,-13.1242889415576,36.4,41.900000000000006
11.103672,38,0,-0.11562623083591461,0.04101896286010742,-0.026753094047307968,0.0,0.125569536960774,160.46761411865006,-12.301385653143617,35.800000000000004,51.1
11.103672,38,1,-1.7575188875198364,1.749854564666748,1.7121148109436035,0.0,3.0136689870200524,135.12520270776002,34.61898158570709,13.0,62.0
11.103672,38,2,-1.8654366731643677,2.0306830406188965,-0.1674613207578659,0.08526057749986649,2.7625297983901858,132.57136611008582,-3.4753337012190424,12.100000000000001,61.2
11.103672,38,3,-1.0175108909606934,2.000958204269409,1.6100959777832031,0.08526057749986649,2.7625298561518448,116.95387427529849,35.650110080205295,12.100000000000001,61.2
11.103672,38,4,0.5550059676170349,1.4666353464126587,1.2559787034988403,0.17052115499973297,2.0091125819824356,69.2722928960976,38.692539232177396,38.5,40.7
11.103672,38,5,-0.9250098466873169,2.2006516456604004,-0.7801105380058289,0.5115634799003601,2.5113907170179766,112.79869621518483,-18.097135053318745,15.600000000000001,41.300000000000004
11.103672,38,6,0.0,1.7088203430175781,1.840384840965271,0.5115634799003601,2.5113907158316642,90,47.122909284622253,15.600000000000001,41.300000000000004
11.425067,39,0,-0.11562623083591461,0.04109356924891472,-0.026638353243470192,0.0,0.12556953672949286,160.43478395597214,-12.247806074277408,35.6,51.300000000000004
11.425067,39,1,-0.7322994470596313,2.124361753463745,-0.8018525242805481,0.0,2.3858212025293275,109.01984269421125,-19.63888175524816,16.2,52.900000000000006
11.425067,39,2,2.050438642501831,0.24360880255699158,1.1951981782913208,0.0,2.3858211501994222,6.775444833420635,30.0634561575647,16.2,52.900000000000006
11.425067,39,3,-1.7575188875198364,1.763892412185669,1.6976488828659058,0.0,3.0136689949712459,134.89629849110486,34.285454031668074,14.600000000000001,61.2
11.425067,39,4,-0.2620861232280731,1.5848805904388428,1.4058208465576172,0.25578173995018005,2.134682148366466,99.389825093390243,41.190305491773145,38.7,40.7
11.425067,39,5,-1.0483444929122925,1.7237964868545532,-0.6974005103111267,0.25578173995018005,2.1346821720560305,121.30630420511331,-19.068596419275014,38.7,40.7
11.425067,39,6,-2.0388758182525635,2.0260281562805176,-0.28162693977355957,0.25578173995018005,2.8880994486864044,135.18109022035142,-5.5959698316467783,16.900000000000002,56.2
11.699124,40,0,-0.11562623083591461,0.04104088246822357,-0.026719452813267708,0.0,0.12556953631247983,160.45796712057191,-12.285675407794917,35.4,51.5
11.699124,40,1,-0.8055294156074524,2.133969783782959,-0.699598491191864,0.0,2.3858211849142226,110.68048347455728,-17.051534853817152,16.1,53.1
11.699124,40,2,1.9772084951400757,0.7583622336387634,1.0989429950714111,0.0,2.3858211200926571,20.984415161162605,27.4267453339383,16.1,53.1
11.699124,40,3,-1.7575188875198364,1.7614589929580688,1.7001736164093018,0.0,3.0136689847752192,134.93584747452928,34.34356886127437,14.4,61.300000000000004
11.699124,40,4,1.4800158739089966,5.1653242111206055,2.730894088745117,0.0,6.0273380290933032,74.011449594255708,26.941762109954539,12.100000000000001,67.3
11.699124,40,5,3.8850414752960205,3.852407455444336,-2.5286781787872314,0.0,6.0273380359332833,44.758346641662577,-24.805222227051097,12.100000000000001,67.3
11.699124,40,6,-1.0637613534927368,2.5799853801727295,0.7437775731086731,0.34104230999946594,2.8880993503252532,112.40698755834626,14.923661200244716,13.5,53.7
11.699124,40,7,-1.950229287147522,2.026345729827881,-0.6569980978965759,0.34104230999946594,2.8880993386445932,133.90342357572737,-13.149024220065302,13.5,53.7
11.699124,40,8,3.480349540710449,4.127537727355957,-0.07136423885822296,0.34104230999946594,5.3994901121178129,49.86233429633392,-0.75729164481658673,12.200000000000001,49.2
11.699124,40,9,0.5896937847137451,1.2584336996078491,1.6203314065933228,0.42630288004875183,2.1346821785060688,64.892519536233507,49.380556479110624,39.1,39.800000000000004
12.002297,41,0,-0.11562623083591461,0.041052937507629395,-0.026700926944613457,0.0,0.12556953625393033,160.45266209090539,-12.277024314201212,35.800000000000004,51.1
12.002297,41,1,-0.8055294156074524,2.1442883014678955,-0.6673028469085693,0.0,2.3858212524649112,110.58933327521295,-16.242016504906747,16.2,52.900000000000006
12.002297,41,2,1.9772084951400757,0.7825514674186707,1.0818512439727783,0.0,2.3858211053007818,21.592966427814314,26.96526665653883,16.2,52.900000000000006
12.002297,41,3,-1.7575188875198364,1.816102147102356,1.6416763067245483,0.0,3.0136689839395938,134.06082014297291,33.007130637615447,14.3,61.1
12.002297,41,4,1.4800158739089966,5.270434856414795,2.5220773220062256,0.0,6.0273381007632834,74.314474470932112,24.7361160065805,12.5,67.2
12.002297,41,5,3.7000396251678467,4.037087917327881,-2.5180211067199707,0.0,6.0273379176825861,47.494367931742552,-24.69367037534013,12.5,67.2
12.002297,41,6,-1.9425207376480103,2.20601749420166,-0.6650569438934326,0.25578173995018005,3.01366898307316,131.36570803771079,-12.748985008630138,13.0,55.1
12.002297,41,7,-0.9250099062919617,2.6216933727264404,1.1633065938949585,0.25578173995018005,3.0136691422144355,109.43432817740782,22.706460087196266,13.0,55.1
12.002297,41,8,0.6590694785118103,1.5429166555404663,1.6962246894836426,0.34104230999946594,2.3858211543751318,66.869852598336863,45.313121103370456,38.1,39.5
12.315472,42,0,-0.11562623083591461,0.04104704409837723,-0.026709984987974167,0.0,0.12556953605310542,160.45525554453184,-12.281254169568813,35.5,51.400000000000006
12.315472,42,1,-1.7575188875198364,1.8684782981872559,1.581808090209961,0.0,3.0136689640767433,133.24723454732722,31.66002062348889,14.4,61.300000000000004
12.315472,42,2,1.4800158739089966,5.289728164672852,2.481356620788574,0.0,6.0273378636581443,74.36888309152792,24.310644792452742,11.9,66.8
12.315472,42,3,3.7000396251678467,4.021148681640625,-2.543398141860962,0.0,6.0273380571935862,47.381446612451583,-24.959467980302851,11.9,66.8
12.315472,42,4,-1.927103877067566,2.1715381145477295,-1.193947434425354,0.17052115499973297,3.1392383808996152,131.58704474637375,-22.354142892671895,16.400000000000002,56.7
12.315472,42,5,0.6166732311248779,1.5279161930084229,1.895328402519226,0.25578173995018005,2.5113907541916749,68.02079533365891,48.99853045850945,36.0,40.5
12.315472,42,6,0.8479257225990295,1.4808529615402222,-2.1724796295166016,0.6820846199989319,2.7625298668814646,60.204858938405209,-51.85122492880636,21.0,39.7
12.603556,43,0,-0.11562623083591461,0.041032496839761734,-0.02673233300447464,0.0,0.1255695372376891,160.46165756781659,-12.29169019814298,35.6,51.300000000000004
12.603556,43,1,-1.7575188875198364,1.9255341291427612,1.5118353366851807,0.0,3.0136689280232041,132.38806507789465,30.109845670872236,14.200000000000001,61.400000000000006
12.603556,43,2,0.6166732311248779,1.4428433179855347,1.9608672857284546,0.08526057749986649,2.5113906957065804,66.858069539012618,51.332910921091539,25.6,50.400000000000006
12.904238,44,0,-0.11562623083591461,0.04100389778614044,-0.026776175945997238,0.0,0.12556953646990765,160.47424504873314,-12.312165391483367,35.9,51.0
12.904238,44,1,-0.7322994470596313,2.168820858001709,-0.6723808646202087,0.0,2.38582112099263,108.65718478165901,-16.369077237626666,16.5,52.7
12.904238,44,2,1.9772084951400757,0.770376980304718,1.090554118156433,0.0,2.3858211185387419,21.287311040034357,27.200006224794645,16.5,52.7
12.904238,44,3,-1.7575188875198364,1.9196265935897827,1.5193294286727905,0.0,3.0136689950353315,132.47573837087054,30.274684049211118,14.700000000000001,61.1
12.904238,44,4,-1.9039785861968994,2.3980884552001953,-1.1326992511749268,0.25578173995018005,3.2648078487520582,128.44805630321932,-20.300393188020102,17.5,57.7
12.904238,44,5,-1.002094030380249,2.9659557342529297,0.9262202382087708,0.25578173995018005,3.26480777273932,108.66833532003992,16.48105218836735,17.5,57.7
12.904238,44,6,-0.1464598923921585,2.1756978034973145,0.9680036306381226,0.34104230999946594,2.3858211293286735,93.851128901507977,23.936997023178264,35.5,40.7
12.904238,44,7,3.4687869548797607,0.4467523992061615,1.399595022201538,0.42630288004875183,3.7670859919454704,7.3388449436482617,21.8101640021238,15.700000000000001,51.6
12.904238,44,8,-1.618767261505127,0.995080292224884,-3.252744197845459,0.42630288004875183,3.7670860159428887,148.42033964715051,-59.707805540129478,15.700000000000001,51.6
13.212069,45,0,-0.11562623083591461,0.04104406014084816,-0.026714572682976723,0.0,0.12556953660741055,160.45656869664225,-12.283396456832385,35.2,51.7
13.212069,45,1,-0.7322994470596313,2.1417646408081055,-0.7541380524635315,0.0,2.3858211288680473,108.87627954716788,-18.4267261395514,16.0,53.2
13.212069,45,2,2.050438642501831,0.4050101041793823,1.1505697965621948,0.0,2.3858211726601213,11.173439866834665,28.832663045643677,16.0,53.2
13.212069,45,3,-1.7575188875198364,1.8633278608322144,1.58787202835083,0.0,3.0136690155625083,133.32616973967015,31.795563604455662,14.4,61.1
13.212069,45,4,1.4800158739089966,5.123105525970459,2.8092966079711914,0.0,6.0273381063957334,73.886503205228365,27.78094457092951,12.9,66.7
13.212069,45,5,3.7000396251678467,4.067811012268066,-2.46808123588562,0.0,6.0273381061852058,47.71066293173994,-24.172244548028758,12.9,66.7
13.212069,45,6,0.6475068926811218,0.6010712385177612,-2.484553813934326,0.34104230999946594,2.6369602697383296,42.870104167437326,-70.425000522870718,36.1,39.400000000000006
13.212069,45,7,-1.6727261543273926,1.21664559841156,-3.2976551055908203,0.34104230999946594,3.8926557123555554,143.96999462828276,-57.902800960983996,11.200000000000001,53.6
13.501704,46,0,-0.11562623083591461,0.041091758757829666,-0.02664114721119404,0.0,0.12556953698991008,160.43558049519814,-12.24911059600606,35.2,51.7
13.501704,46,1,-0.7322994470596313,2.163679599761963,-0.6887455582618713,0.0,2.3858211028103904,108.69843922051692,-16.779114659687181,16.0,53.300000000000004
13.501704,46,2,2.050438642501831,0.3942982256412506,1.1542845964431763,0.0,2.3858211682761508,10.885071711974421,28.934548771503856,16.0,53.300000000000004
13.501704,46,3,-1.7575188875198364,1.9334501028060913,1.501698613166809,0.0,3.0136689706762696,132.27104384054854,29.887315432385453,14.3,61.400000000000006
13.501704,46,4,1.4800158739089966,5.223957061767578,2.6169886589050293,0.0,6.0273380534902392,74.181875087263222,25.733539268145353,12.9,66.8
13.501704,46,5,3.7000396251678467,3.966308116912842,-2.6281003952026367,0.0,6.0273381349784225,46.989204139956442,-25.850854067434767,12.9,66.8
13.501704,46,6,-0.24281509220600128,2.2750260829925537,1.311051607131958,0.25578173995018005,2.6369602127947891,96.092154845428453,29.813798561220391,36.5,40.400000000000006
13.501704,46,7,-0.09250099211931229,2.66743540763855,1.3994402885437012,0.596824049949646,3.0136690609066834,91.986100013974536,27.669087635014346,21.8,40.400000000000006
13.501704,46,8,-1.1100119352340698,2.4552907943725586,-1.3496745824813843,0.596824049949646,3.013669003040814,114.32724077835832,-26.605887712937839,21.8,40.400000000000006
13.798912,47,0,-0.11562623083591461,0.04098591208457947,-0.026803698390722275,0.0,0.12556953648933286,160.48216221321439,-12.325019477871246,35.7,51.2
13.798912,47,1,-0.8055294156074524,2.128066062927246,-0.7173557281494141,0.0,2.3858210428069264,110.7329827700631,-17.498124159144979,16.1,53.1
13.798912,47,2,2.050438642501831,0.3234143555164337,1.1761152744293213,0.0,2.3858211606834279,8.9633809411460152,29.535344316040884,16.1,53.1
13.798912,47,3,-1.7575188875198364,1.8925528526306152,1.5529236793518066,0.0,3.0136690086804152,132.88131573282763,31.017066699869236,14.600000000000001,61.1
13.798912,47,4,1.4800158739089966,5.163054943084717,2.735182046890259,0.0,6.0273380660093165,74.00478169527446,26.987494989466118,12.4,67.5
13.798912,47,5,3.7000396251678467,3.9801130294799805,-2.6071465015411377,0.0,6.027338204858486,47.088489254292732,-25.629723949543923,12.4,67.5
13.798912,47,6,-0.24281509220600128,2.3756444454193115,1.1184427738189697,0.25578173995018005,2.6369603596494406,95.835946784464355,25.0962980998776,33.1,41.1
14.094243,48,0,-0.11562623083591461,0.04099590703845024,-0.026788407936692238,0.0,0.12556953631756432,160.477762417304,-12.317878160403454,35.2,51.7
14.094243,48,1,-0.8055294156074524,2.1217973232269287,-0.7356908321380615,0.0,2.385821141819696,110.78900764169779,-17.960399622189712,15.9,53.400000000000006
14.094243,48,2,1.9772084951400757,0.7542024254798889,1.1018019914627075,0.0,2.3858211081816294,20.8792570621509,27.504126277558857,15.9,53.400000000000006
14.094243,48,3,-1.7575188875198364,1.9034398794174194,1.5395598411560059,0.0,3.0136689464912814,132.71747398427931,30.721062857029761,14.3,61.400000000000006
14.094243,48,4,1.4800158739089966,5.168537616729736,2.7248072624206543,0.0,6.0273379447242919,74.020882441351631,26.876875531550407,12.200000000000001,67.5
14.094243,48,5,3.7000396251678467,3.9213619232177734,-2.694704532623291,0.0,6.0273381420669372,46.663377889482774,-26.556516890129007,12.200000000000001,67.5
14.094243,48,6,-0.33917027711868286,2.3635449409484863,1.389312744140625,0.25578173995018005,2.76252983075215,98.166232925493162,30.192924293869229,29.5,39.800000000000004
14.094243,48,7,-2.1583564281463623,2.4970028400421143,-1.2117583751678467,0.34104230999946594,3.5159471005532104,130.83944159886479,-20.160209854329544,16.0,52.1
14.094243,48,8,0.5550059676170349,1.873809576034546,-2.2941243648529053,0.596824049949646,3.01366895208167,73.501172665773254,-49.57360685537185,30.0,41.300000000000004
14.410573,49,0,-0.11562623083591461,0.041021302342414856,-0.02674950659275055,0.0,0.12556953693529185,160.46658443848139,-12.299710285302959,35.6,51.300000000000004
14.410573,49,1,-0.8055294156074524,2.127258539199829,-0.7197476029396057,0.0,2.3858212724227235,110.74018355429166,-17.55836051705127,16.1,53.1
14.410573,49,2,1.9772084951400757,0.7596381306648254,1.098061442375183,0.0,2.3858211278394492,21.016639660567932,27.4028963229049,16.1,53.1
14.410573,49,3,-1.7575188875198364,1.8967366218566895,1.5478107929229736,0.0,3.0136689770726535,132.81823333456256,30.903710297024723,14.5,61.300000000000004
14.410573,49,4,1.4800158739089966,5.115102767944336,2.823840856552124,0.0,6.0273377619631914,73.86260437051024,27.937328584603097,12.4,67.4
14.410573,49,5,3.7000396251678467,4.0472612380981445,-2.5016367435455322,0.0,6.0273379823833544,47.566187740824354,-24.522361966777307,12.4,67.4
14.410573,49,6,-0.1772935688495636,2.6001040935516357,1.2446457147598267,0.25578173995018005,2.8880992472782836,93.900795209378629,25.528289923436535,37.300000000000004,41.7
14.410573,49,7,-0.9712603688240051,3.32938551902771,0.5776936411857605,0.34104230999946594,3.5159471812622582,106.26321158336674,9.4569610196367542,21.3,52.900000000000006
14.410573,49,8,-2.050438642501831,2.3602747917175293,-1.608318567276001,0.34104230999946594,3.5159471459233722,130.98178609903346,-27.221739734833474,21.3,52.900000000000006
14.410573,49,9,0.4817759692668915,2.0839052200317383,-2.2978355884552,0.5115634799003601,3.1392383538383695,76.9825502263355,-47.051996636274431,31.3,40.1
14.69748,50,0,-0.11562623083591461,0.04106513410806656,-0.026682168245315552,0.0,0.1255695369064688,160.4472951197863,-12.268264713807593,35.800000000000004,51.1
14.69748,50,1,-0.8055294156074524,2.120973825454712,-0.7380617260932922,0.0,2.3858211834076517,110.79638890271296,-18.020263440137196,16.3,52.900000000000006
14.69748,50,2,1.9772084951400757,0.7532695531845093,1.1024399995803833,0.0,2.3858211177042734,20.855654210640036,27.521401729630032,16.3,52.900000000000006
14.69748,50,3,-1.7575188875198364,1.8962708711624146,1.5483813285827637,0.0,3.013668959177791,132.82524846603931,30.916353067563726,14.5,61.2
14.69748,50,4,1.4800158739089966,5.176012992858887,2.7105798721313477,0.0,6.0273377815143405,74.042784277092053,26.725353945647541,12.4,67.2
14.69748,50,5,3.7000396251678467,4.007033348083496,-2.5655791759490967,0.0,6.0273382175326029,47.281041171703066,-25.192261417838495,12.4,67.2
14.69748,50,6,-0.1772935688495636,2.719034194946289,0.9573595523834229,0.17052115499973297,2.8880992495727038,93.73066788166939,19.358891118928966,33.1,41.5
14.69748,50,7,0.6012564301490784,1.7342504262924194,-2.69996976852417,0.25578173995018005,3.264807894323265,70.878810350580778,-55.790964715586753,29.700000000000003,41.400000000000006
14.69748,50,8,-2.123668670654297,2.1271588802337646,-2.055692195892334,0.25578173995018005,3.6415167071878991,134.95295639938621,-34.368645353452266,22.400000000000002,52.0
14.69748,50,9,0.9712603688240051,2.757333755493164,-3.4480018615722656,0.5115634799003601,4.5205036202436544,70.595380787580424,-49.706994716360157,16.5,46.5
14.69748,50,10,-0.10020940005779266,2.625934362411499,1.9373685121536255,0.596824049949646,3.2648077970131384,92.1854281905213,36.399343810300074,21.8,40.800000000000004
14.69748,50,11,-1.402931571006775,2.6026740074157715,-1.3845007419586182,0.596824049949646,3.2648080014434497,118.32620746099987,-25.0916878609142,21.8,40.800000000000004
15.012062,51,0,-0.11562623083591461,0.04103320464491844,-0.02673124335706234,0.0,0.12556953656108816,160.46134606197373,-12.291181408867017,35.6,51.300000000000004
15.012062,51,1,-0.8055294156074524,2.1375880241394043,-0.6884639263153076,0.0,2.385821195771086,110.64843346368197,-16.772049934103777,16.1,53.2
15.012062,51,2,1.9772084951400757,0.7498173713684082,1.1047909259796143,0.0,2.3858211403596048,20.768245214275169,27.585081760976955,16.1,53.2
15.012062,51,3,-1.7575188875198364,1.9015264511108398,1.5419225692749023,0.0,3.0136689755018655,132.74619642977726,30.773329775264326,14.8,61.1
15.012062,51,4,1.4800158739089966,5.135679721832275,2.7862424850463867,0.0,6.02733775208751,73.923914945143224,27.533523598031607,12.600000000000001,67.2
15.012062,51,5,3.7000396251678467,4.089916229248047,-2.431274652481079,0.0,6.0273380879021357,47.865184460626985,-23.789306698509158,12.600000000000001,67.2
15.012062,51,6,0.8556341528892517,3.1307809352874756,-3.3244690895080566,0.34104230999946594,4.64607294340549,74.7144836251145,-45.687790355183743,13.100000000000001,50.900000000000006
15.012062,51,7,-3.422536611557007,1.9682575464248657,-2.4491219520568848,0.34104230999946594,4.64607285377161,150.09733661812064,-31.812289995479858,13.100000000000001,50.900000000000006
15.012062,51,8,-0.10406360775232315,2.938695192337036,1.6875722408294678,0.596824049949646,3.3903773736770706,92.02808211598753,29.851484437184418,23.8,40.5
15.012062,51,9,-1.3528269529342651,2.618818998336792,-1.6752028465270996,0.596824049949646,3.3903773075643993,117.31992748352187,-29.610759403627522,23.8,40.5
15.295199,52,0,-0.11562623083591461,0.04104536399245262,-0.02671257220208645,0.0,0.12556953721442482,160.45599490719903,-12.28246221831931,35.4,51.5
15.295199,52,1,-0.7322994470596313,2.1424927711486816,-0.7520670294761658,0.0,2.3858211524364736,108.87031841869545,-18.3743102351514,15.9,53.300000000000004
15.295199,52,2,1.9772084951400757,0.7573467493057251,1.0996431112289429,0.0,2.3858211383109382,20.958757794495288,27.445689233809038,15.9,53.300000000000004
15.295199,52,3,-1.7575188875198364,1.8966529369354248,1.5479134321212769,0.0,3.01366902570873,132.81949365925652,30.905984014359941,14.4,61.300000000000004
15.295199,52,4,1.4800158739089966,5.099932670593262,2.8511476516723633,0.0,6.0273379831600584,73.817111639979117,28.231548887876002,12.200000000000001,67.4
15.295199,52,5,3.7000396251678467,4.149998188018799,-2.327235698699951,0.0,6.027338067976193,48.2805635527641,-22.712875855783288,12.200000000000001,67.4
15.295199,52,6,-0.19271038472652435,2.8898415565490723,1.2109898328781128,0.34104230999946594,3.1392384251078429,93.815146278668479,22.690875060846771,37.5,40.2
15.295199,52,7,-2.1968982219696045,2.1628429889678955,-2.1648752689361572,0.34104230999946594,3.767085945750666,135.4475452424609,-35.077342893304369,14.9,55.2
15.295199,52,8,-0.9250098466873169,3.6501758098602295,-0.1072857528924942,0.34104230999946594,3.76708599478841,104.2202583771471,-1.6319914455718314,14.9,55.2
15.602818,53,0,-0.11562623083591461,0.04095803573727608,-0.026846278458833694,0.0,0.12556953697400272,160.4944346949072,-12.344907275146562,35.7,51.2
15.602818,53,1,-0.7322994470596313,2.1448986530303955,-0.7451778054237366,0.0,2.3858211738585067,108.85064748330491,-18.20006429927242,16.3,52.900000000000006
15.602818,53,2,1.9772084951400757,0.7651455998420715,1.0942308902740479,0.0,2.3858211298087082,21.155578347270449,27.299326856864692,16.3,52.900000000000006
15.602818,53,3,-1.7575188875198364,1.8965803384780884,1.5480023622512817,0.0,3.0136690153077814,132.82058706633106,30.907954682863689,14.700000000000001,61.1
15.602818,53,4,1.4800158739089966,5.103329181671143,2.8450636863708496,0.0,6.0273379781645691,73.827318917745146,28.165926342889769,12.200000000000001,67.5
15.602818,53,5,3.7000396251678467,4.209195137023926,-2.2183752059936523,0.0,6.0273381756730275,48.68332268510995,-21.595542798566132,12.200000000000001,67.5
15.602818,53,6,0.6937574744224548,2.5502612590789795,-3.6673994064331055,0.17052115499973297,4.5205033269738912,74.781865655060813,-54.221298578494256,12.0,57.0
15.602818,53,7,0.5395891070365906,2.853320360183716,-1.9822436571121216,0.25578173995018005,3.5159470130297348,79.291302172430861,-34.318069948925029,33.1,40.7
15.602818,53,8,-2.1506478786468506,2.018263101577759,-2.5404913425445557,0.25578173995018005,3.8926557138619788,136.81883014189776,-40.740720490819733,26.8,45.300000000000004
15.602818,53,9,-0.9558435082435608,3.7653141021728516,0.24807514250278473,0.25578173995018005,3.8926556971559765,104.2439324029389,3.6538801780824515,26.8,45.300000000000004
15.602818,53,10,-0.19271038472652435,3.0089972019195557,0.8738510608673096,0.42630288004875183,3.1392383041304912,93.664487410744584,16.162589820043841,36.800000000000004,39.800000000000004
15.898689,54,0,-0.11562623083591461,0.04097998887300491,-0.026812754571437836,0.0,0.12556953672392035,160.48476973419463,-12.329249192749121,35.4,51.5
15.898689,54,1,-0.8055294156074524,2.123999834060669,-0.7293079495429993,0.0,2.3858212463982391,110.76929045356042,-17.799334026344393,16.1,53.1
15.898689,54,2,1.9772084951400757,0.7668389081954956,1.0930448770523071,0.0,2.3858211264943638,21.198243707128064,27.267279390398595,16.1,53.1
15.898689,54,3,-1.7575188875198364,1.8947893381118774,1.5501940250396729,0.0,3.0136689916246793,132.84757563009248,30.956531545624557,14.600000000000001,61.2
15.898689,54,4,1.4800158739089966,5.081942081451416,2.883091449737549,0.0,6.0273376057592065,73.762836097763852,28.576767809749171,12.100000000000001,67.5
15.898689,54,5,3.7000396251678467,4.056400299072266,-2.486790657043457,0.0,6.0273380846012294,47.630538576517885,-24.367338563024212,12.100000000000001,67.5
15.898689,54,6,-0.10406360775232315,3.1387453079223633,1.277539849281311,0.34104230999946594,3.3903774729320029,91.898918743017774,22.136439853965989,30.400000000000002,40.2
15.898689,54,7,1.0252193212509155,3.1318883895874023,-3.450908660888672,0.34104230999946594,4.771642288279268,71.874212536244244,-46.3203045907989,12.3,51.5
15.898689,54,8,-3.5150372982025146,1.1781152486801147,-3.0041849613189697,0.34104230999946594,4.7716422779523722,161.47068368285542,-39.019983496445647,12.3,51.5
15.898689,54,9,0.0,3.2945616245269775,1.2279037237167358,0.5115634799003601,3.5159470776055866,90,20.440739196393768,29.6,41.1
15.898689,54,10,0.8093836307525635,2.605485677719116,-2.597552537918091,0.5115634799003601,3.7670859647444148,72.742803475422477,-43.59362462099417,27.3,41.0
16.19799,55,0,-0.11562623083591461,0.04100535809993744,-0.02677394077181816,0.0,0.12556953673035964,160.47360226412721,-12.311121476974957,35.800000000000004,51.1
16.19799,55,1,-0.8055294156074524,2.1169490814208984,-0.7495273351669312,0.0,2.3858210911340589,110.8325360899717,-18.310055089044177,16.2,53.1
16.19799,55,2,1.9772084951400757,0.7463266849517822,1.107151985168457,0.0,2.3858211316416105,20.679758327659272,27.649073894438704,16.2,53.1
16.19799,55,3,-1.7575188875198364,1.887205958366394,1.5594171285629272,0.0,3.0136689848319489,132.9621539037833,31.161226643099322,14.700000000000001,61.1
16.19799,55,4,1.2950139045715332,5.193845272064209,2.7705087661743164,0.0,6.0273384297404506,75.99955511473938,27.364981538714609,12.100000000000001,67.5
16.19799,55,5,3.7000396251678467,4.061303615570068,-2.4787750244140625,0.0,6.0273382107953477,47.664999093988527,-24.283717714594154,12.100000000000001,67.5
16.19799,55,6,0.0,3.4963631629943848,1.0178841352462769,0.5115634799003601,3.64151664562036,90,16.231680211936794,23.6,40.800000000000004
16.497275,56,0,-0.11562623083591461,0.04102348908782005,-0.026746151968836784,0.0,0.12556953674916069,160.465621994527,-12.298143676904361,34.9,52.0
16.497275,56,1,-0.8055294156074524,2.1226797103881836,-0.7331409454345703,0.0,2.38582112451358,110.78110409289661,-17.896038735762748,15.600000000000001,53.6
16.497275,56,2,2.050438642501831,0.3133774697780609,1.178829312324524,0.0,2.3858211611151328,8.6895223182188932,29.610284818692737,15.600000000000001,53.6
16.497275,56,3,-1.7575188875198364,1.8897699117660522,1.5563091039657593,0.0,3.0136690240455968,132.92335961275938,31.092198316777246,14.3,61.400000000000006
16.497275,56,4,1.2950139045715332,5.230849266052246,2.6999924182891846,0.0,6.0273380621972752,76.0947405424615,26.612726593992093,12.3,67.4
16.497275,56,5,3.7000396251678467,4.06395149230957,-2.474431276321411,0.0,6.0273381438985991,47.683589477774575,-24.238426363766312,12.3,67.4
16.497275,56,6,0.6359442472457886,3.8805906772613525,-1.3067610263824463,0.25578173995018005,4.1437945738326407,80.693196605928051,-18.38216875425897,12.8,53.5
16.497275,56,7,-0.8903219699859619,3.6409170627593994,1.766942024230957,0.25578173995018005,4.1437946842387845,103.74102031458327,25.239738637399569,12.8,53.5
16.497275,56,8,-0.2081272155046463,3.253695249557495,0.9299509525299072,0.34104230999946594,3.3903773372499422,93.660019052702538,15.919783768557464,33.6,39.6
16.497275,56,9,0.5781311392784119,2.9522500038146973,-2.267359972000122,0.34104230999946594,3.7670860013882916,78.920133840501663,-37.005161657040134,26.400000000000002,41.300000000000004
16.800736,57,0,-0.11562623083591461,0.04104924574494362,-0.026706602424383163,0.0,0.12556953630002402,160.45428667820917,-12.279674581030985,35.6,51.300000000000004
16.800736,57,1,-0.8055294156074524,2.1165831089019775,-0.7505602240562439,0.0,2.3858211052451948,110.83582893291249,-18.336184740482974,16.2,53.1
16.800736,57,2,2.050438642501831,0.3463360071182251,1.1695705652236938,0.0,2.3858211507841527,9.5872388143086731,29.35485852629968,16.2,53.1
16.800736,57,3,-1.7575188875198364,1.8878934383392334,1.5585848093032837,0.0,3.0136690067597418,132.95174634299636,31.142736016681795,14.3,61.5
16.800736,57,4,1.4800158739089966,4.997004508972168,3.0279200077056885,0.0,6.0273377724145512,73.501731879974173,30.156552044515603,12.0,67.7
16.800736,57,5,3.7000396251678467,4.076521396636963,-2.453667163848877,0.0,6.0273379261496016,47.771660623569218,-24.022144690852922,12.0,67.7
16.800736,57,6,-0.10791782289743423,3.447943925857544,0.6796473860740662,0.25578173995018005,3.5159471187368796,91.79272574979764,11.145677357270355,33.7,40.7
16.800736,57,7,-1.0175107717514038,3.8842337131500244,-1.0239315032958984,0.34104230999946594,4.1437948106105784,104.67931217115239,-14.305968461964511,15.9,51.400000000000006
16.800736,57,8,-3.850353717803955,1.636004090309143,-2.0209550857543945,0.5115634799003601,4.6460728141465388,156.97950240117669,-25.784107989459532,17.2,53.900000000000006
16.800736,57,9,0.42781707644462585,2.1955974102020264,-4.072139263153076,0.5115634799003601,4.6460729242120546,78.973947045881872,-61.219320469643733,17.2,53.900000000000006
16.800736,57,10,0.4779217541217804,3.271252155303955,-2.0550591945648193,0.596824049949646,3.8926556693097085,81.688035277141879,-31.86586408813978,30.1,40.800000000000004
16.800736,57,11,0.7862583994865417,3.985337018966675,-1.313909649848938,0.596824049949646,4.2693643547342592,78.83956557347976,-17.923867353678478,15.4,45.900000000000006
17.103722,58,0,-0.11562623083591461,0.041008349508047104,-0.026769354939460754,0.0,0.12556953591763087,160.47228555550902,-12.308979859500981,35.0,51.900000000000006
17.103722,58,1,-0.8055294156074524,2.110912799835205,-0.7663629055023193,0.0,2.38582115650921,110.88697499589799,-18.736453410096612,15.8,53.400000000000006
17.103722,58,2,2.050438642501831,0.3551068902015686,1.1669374704360962,0.0,2.3858211563403438,9.8253581924284656,29.28233484049856,15.8,53.400000000000006
17.103722,58,3,-1.7575188875198364,1.89114248752594,1.554640769958496,0.0,3.0136689386413877,132.90261483014365,31.055167004975512,14.3,61.5
17.103722,58,4,1.4800158739089966,5.0318145751953125,2.9697136878967285,0.0,6.02733807698322,73.609721757149842,29.51868278593987,12.4,67.2
17.103722,58,5,3.7000396251678467,4.076892375946045,-2.4530510902404785,0.0,6.02733807946669,47.774255371431337,-24.015732484939843,12.4,67.2
17.103722,58,6,-0.11562623083591461,3.446465253829956,1.5163919925689697,0.25578173995018005,3.7670859886976027,91.921508173274887,23.736883005669327,31.200000000000003,40.400000000000006
17.103722,58,7,0.4779217541217804,3.244795799255371,-2.0965826511383057,0.5115634799003601,3.8926556224488018,81.621222176330846,-32.588356421183363,31.700000000000003,40.0
17.103722,58,8,-3.9544169902801514,1.517285704612732,-2.1974985599517822,0.5115634799003601,4.7716422291941214,159.00849624255363,-27.42150432724906,15.8,54.2
17.103722,58,9,0.7322994470596313,1.4710487127304077,-4.4797682762146,0.5115634799003601,4.7716423382278306,63.535522336974218,-69.856243958406424,15.8,54.2
17.406748,59,0,-0.11562623083591461,0.04104634001851082,-0.026711072772741318,0.0,0.12556953728873135,160.45556538748576,-12.28176201436294,35.800000000000004,51.1
17.406748,59,1,-0.7322994470596313,2.132162570953369,-0.7808732390403748,0.0,2.38582118453746,108.9552315001265,-19.104824795672059,16.3,52.900000000000006
17.406748,59,2,2.050438642501831,0.32169878482818604,1.1765856742858887,0.0,2.3858211550238764,8.9166001137777933,29.548329176827895,16.3,52.900000000000006
17.406748,59,3,-1.7575188875198364,1.8852753639221191,1.5617506504058838,0.0,3.0136690149788916,132.99140233888582,31.213085867437609,14.4,61.400000000000006
17.406748,59,4,1.4800158739089966,4.97346305847168,3.066434144973755,0.0,6.027337732902148,73.427912686708382,30.580891582592315,11.8,67.7
17.406748,59,5,3.7000396251678467,4.06159782409668,-2.47829270362854,0.0,6.0273381220384143,47.667065346375921,-24.27868820897341,11.8,67.7
17.406748,59,6,0.0,3.629638433456421,1.4065889120101929,0.6820846199989319,3.8926555877721829,90,21.182777115245308,27.3,41.5
17.406748,59,7,0.45479652285575867,6.487028121948242,-3.5495102405548096,-0.25578173995018005,7.4086028831320476,85.98963457091638,-28.627066276214386,14.5,41.800000000000004
17.690278,60,0,-0.11562623083591461,0.041047751903533936,-0.026708897203207016,0.0,0.12556953604862034,160.45494406339625,-12.280746203460163,35.4,51.5
17.690278,60,1,-0.8055294156074524,2.1196372509002686,-0.7418912649154663,0.0,2.385821108920533,110.80837969568162,-18.117001405149235,16.0,53.300000000000004
17.690278,60,2,2.050438642501831,0.3332221806049347,1.1733741760253906,0.0,2.3858211595329446,9.2305913840606078,29.459712950606686,16.0,53.300000000000004
17.690278,60,3,-1.7575188875198364,1.888857364654541,1.5574164390563965,0.0,3.013668984583703,132.93716057740559,31.116786443091371,14.600000000000001,61.1
17.690278,60,4,1.4800158739089966,4.983033180236816,3.0508580207824707,0.0,6.0273378306957692,73.457999146207612,30.409055161142259,11.700000000000001,67.8
17.690278,60,5,3.7000396251678467,4.092319011688232,-2.4272284507751465,0.0,6.0273382245805225,47.881925278495224,-23.747278318250881,11.700000000000001,67.8
18.001958,61,0,-0.11562623083591461,0.04109722748398781,-0.026632707566022873,0.0,0.12556953641902222,160.43317451184413,-12.245170068999288,35.9,51.0
18.001958,61,1,-0.8055294156074524,2.108131170272827,-0.7739817500114441,0.0,2.3858211206701019,110.91215302937876,-18.929770900979864,16.400000000000002,52.800000000000004
18.001958,61,2,1.9772084951400757,0.7778142690658569,1.0852621793746948,0.0,2.3858211308473334,21.47418552105821,27.057209800019688,16.400000000000002,52.800000000000004
18.001958,61,3,-1.7575188875198364,1.8920496702194214,1.5535366535186768,0.0,3.0136689812241149,132.8889127534224,31.03066618403539,14.8,61.0
18.001958,61,4,1.4800158739089966,5.088454246520996,2.8715827465057373,0.0,6.0273378100111161,73.782523414502151,28.452262316416508,12.200000000000001,67.3
18.001958,61,5,3.7000396251678467,4.0767035484313965,-2.4533653259277344,0.0,6.0273382576448995,47.772934683796976,-24.019001980945358,12.200000000000001,67.3
18.001958,61,6,-1.0791782140731812,4.254821300506592,-0.217515230178833,0.25578173995018005,4.3949337642716,104.23217784253602,-2.8368568949853334,12.600000000000001,51.7
18.001958,61,7,-2.4281508922576904,2.0382449626922607,-3.0438599586486816,0.25578173995018005,4.3949337573366165,139.98913954397855,-43.834989301500393,12.600000000000001,51.7
18.001958,61,8,-0.11562623083591461,3.719424247741699,0.5860465168952942,0.34104230999946594,3.7670859666207952,91.780587989522544,8.9498705448910911,30.1,40.6
18.2995,62,0,-0.11562623083591461,0.0410371869802475,-0.026725128293037415,0.0,0.12556953633286744,160.45959345413891,-12.288325764300168,35.5,51.400000000000006
18.2995,62,1,-0.8055294156074524,2.101740598678589,-0.7911711931228638,0.0,2.3858212507164431,110.97021772499861,-19.366754407074843,16.0,53.300000000000004
18.2995,62,2,2.050438642501831,0.3539370596408844,1.167292833328247,0.0,2.3858211642098142,9.7936182579783075,29.292119524779572,16.0,53.300000000000004
18.2995,62,3,-1.7575188875198364,1.8961786031723022,1.5484943389892578,0.0,3.0136689687155762,132.82663842542135,30.918857368085856,14.8,61.0
18.2995,62,4,1.4800158739089966,4.924136638641357,3.1450328826904297,0.0,6.0273377585993044,73.271138619334124,31.4527134310908,12.0,67.60000000000001
18.2995,62,5,3.7000396251678467,4.036189079284668,-2.5194621086120605,0.0,6.0273381212838029,47.488013011346041,-24.708747251494938,12.0,67.60000000000001
18.2995,62,6,0.0,3.95932936668396,0.6854515075683594,0.25578173995018005,4.0182250811911651,90,9.8218712901355421,26.200000000000003,41.0
18.2995,62,7,-0.11562623083591461,3.726703405380249,0.537819504737854,0.5115634799003601,3.7670860776741661,91.777112300659283,8.208052749391614,28.8,40.400000000000006
18.600739,63,0,-0.11562623083591461,0.041012804955244064,-0.02676253207027912,0.0,0.12556953671344742,160.47032447013487,-12.305793362064952,35.4,51.5
18.600739,63,1,-0.7322994470596313,2.138643980026245,-0.7629430890083313,0.0,2.3858211815917625,108.90186923495207,-18.649752328400034,16.2,53.1
18.600739,63,2,1.9772084951400757,0.7261621952056885,1.1204808950424194,0.0,2.3858211171743551,20.166586139053518,28.011035844904704,16.2,53.1
18.600739,63,3,-1.7575188875198364,1.891937255859375,1.553673505783081,0.0,3.0136689570471997,132.89061027574934,31.033702868766429,14.3,61.400000000000006
18.600739,63,4,1.4800158739089966,4.981070518493652,3.0540616512298584,0.0,6.02733797515471,73.451837607381236,30.444372052478908,12.5,67.3
18.600739,63,5,3.7000396251678467,4.124319076538086,-2.3724472522735596,0.0,6.0273383045693185,48.103850205749531,-23.179586775203589,12.5,67.3
18.600739,63,6,-0.12333464622497559,3.9335825443267822,0.8110803961753845,0.25578173995018005,4.0182252894843788,91.795879530527841,11.645186490855872,34.9,41.2
18.919633,64,0,-0.11562623083591461,0.04103195667266846,-0.0267331562936306,0.0,0.12556953599949167,160.46189529676846,-12.292074791283369,35.5,51.400000000000006
18.919633,64,1,-0.8055294156074524,2.1210410594940186,-0.7378685474395752,0.0,2.3858212021794469,110.79578607577788,-18.015384847850147,16.2,53.1
18.919633,64,2,2.050438642501831,0.3112996816635132,1.1793797016143799,0.0,2.3858211582280386,8.63277896888414,29.625489098125513,16.2,53.1
18.919633,64,3,-1.7575188875198364,1.8931363821029663,1.552212119102478,0.0,3.0136689373452215,132.87250835254568,31.001283591628937,14.4,61.400000000000006
18.919633,64,4,1.4800158739089966,5.045170783996582,2.9469656944274902,0.0,6.0273378892217249,73.650792077531037,29.270489008247992,12.3,67.2
18.919633,64,5,3.7000396251678467,4.032863140106201,-2.524782657623291,0.0,6.0273382021315838,47.464484741175916,-24.764433711660139,12.3,67.2
18.919633,64,6,0.6012564301490784,2.2262206077575684,-4.320314407348633,0.17052115499973297,4.8972118667201094,74.886182288355627,-61.908750974070351,14.3,55.6
18.919633,64,7,-4.058481216430664,0.6933153867721558,-2.651552200317383,0.17052115499973297,4.89721197015848,170.30567214250058,-32.781799818816545,14.3,55.6
18.919633,64,8,0.0,4.20682430267334,0.728081464767456,0.34104230999946594,4.2693645115989991,90,9.8189999144259552,23.0,40.6
18.919633,64,9,0.13104306161403656,4.090309143066406,1.2164177894592285,0.6820846199989319,4.2693645204365831,88.165017147153,16.553932962015367,18.6,41.0
19.200224,65,0,-0.11562623083591461,0.040993254631757736,-0.026792466640472412,0.0,0.12556953631874718,160.47892998794796,-12.319773739831069,35.4,51.5
19.200224,65,1,-0.7322994470596313,2.123749256134033,-0.8034731149673462,0.0,2.3858211227099635,109.02493374015413,-19.680210182994493,15.9,53.2
19.200224,65,2,2.050438642501831,0.29817137122154236,1.1827670335769653,0.0,2.3858211686958728,8.2738610356011648,29.719112974663748,15.9,53.2
19.200224,65,3,-1.7575188875198364,1.8985339403152466,1.5456057786941528,0.0,3.0136690239060191,132.79117951669613,30.854864279456347,14.3,61.400000000000006
19.200224,65,4,1.4800158739089966,5.029169082641602,2.974191188812256,0.0,6.0273378764118775,73.60156304905631,29.567607781078159,11.8,67.8
19.200224,65,5,3.7000396251678467,4.063996315002441,-2.4743571281433105,0.0,6.0273379259636055,47.683904057832159,-24.237654304054193,11.8,67.8
19.200224,65,6,0.4509423077106476,1.4876121282577515,-4.64395809173584,0.17052115499973297,4.897212019794706,73.136283399304347,-71.493220016147845,15.4,54.6
19.200224,65,7,-3.9081668853759766,1.648667573928833,-2.447613477706909,0.17052115499973297,4.897211952685554,157.12745903065377,-29.986592627166665,15.4,54.6
19.50969,66,0,-0.11562623083591461,0.04096982628107071,-0.026828281581401825,0.0,0.12556953697227807,160.48924371458742,-12.336501300922286,35.6,51.300000000000004
19.50969,66,1,-0.7322994470596313,2.1088855266571045,-0.8417138457298279,0.0,2.385821209311576,109.14928979755774,-20.658572065287622,16.2,53.0
19.50969,66,2,1.9772084951400757,0.7659085392951965,1.09369695186615,0.0,2.3858211052676794,21.174804760275059,27.284898356953256,16.2,53.0
19.50969,66,3,-1.7575188875198364,1.8892821073532104,1.556901216506958,0.0,3.0136690128670063,132.93073606489,31.105345136530719,14.700000000000001,61.1
19.50969,66,4,1.4800158739089966,5.059561729431152,2.922189712524414,0.0,6.0273381020920409,73.694820706177367,29.000850111824395,12.5,67.10000000000001
19.50969,66,5,3.7000396251678467,4.118200778961182,-2.3830509185791016,0.0,6.0273379334652706,48.061566406619278,-23.289283002194868,12.5,67.10000000000001
19.50969,66,6,0.5087553858757019,3.499443531036377,-2.1601150035858154,0.17052115499973297,4.1437946254956248,81.728189086224873,-31.418762092066288,32.7,43.1
19.799726,67,0,-0.11562623083591461,0.040967997163534164,-0.02683107554912567,0.0,0.12556953716580485,160.49004899174943,-12.337806269257133,35.2,51.7
19.799726,67,1,-0.8055294156074524,2.113503932952881,-0.7591879367828369,0.0,2.385821208173982,110.86357330011784,-18.554600608924009,15.8,53.400000000000006
19.799726,67,2,1.9772084951400757,0.7565689086914062,1.1001783609390259,0.0,2.3858211107983496,20.939098811174063,27.460174851739975,15.8,53.400000000000006
19.799726,67,3,-1.7575188875198364,1.8850528001785278,1.5620192289352417,0.0,3.0136689882953833,132.99477623222913,31.219056817426669,14.700000000000001,61.1
19.799726,67,4,1.4800158739089966,5.0516276359558105,2.9358837604522705,0.0,6.0273379044369548,73.670575179752859,29.149796442021156,12.4,67.10000000000001
19.799726,67,5,3.7000396251678467,3.999066114425659,-2.5779802799224854,0.0,6.0273381636530878,47.224199702400263,-25.322607465705026,12.4,67.10000000000001
20.098641,68,0,-0.11562623083591461,0.041017331182956696,-0.026755591854453087,0.0,0.12556953615497127,160.4683322791511,-12.30255223583185,35.5,51.400000000000006
20.098641,68,1,-0.7322994470596313,2.106564521789551,-0.8475056886672974,0.0,2.3858211284481725,109.16884965411987,-20.807295837589859,16.0,53.2
20.098641,68,2,1.9772084951400757,0.7538365721702576,1.1020523309707642,0.0,2.3858211062427923,20.870001393263223,27.510904509714763,16.0,53.2
20.098641,68,3,-1.7575188875198364,1.8890037536621094,1.5572388172149658,0.0,3.0136689524862494,132.93494617254947,31.112842402226292,14.600000000000001,61.2
20.098641,68,4,1.4800158739089966,5.0878825187683105,2.8725955486297607,0.0,6.0273377786397777,73.780796850606592,28.463213368173324,12.200000000000001,67.5
20.098641,68,5,3.7000396251678467,3.980159044265747,-2.6070761680603027,0.0,6.0273381680083817,47.088819575794886,-25.628982568416497,12.200000000000001,67.5
20.406206,69,0,-0.11562623083591461,0.04102737829089165,-0.02674018405377865,0.0,0.12556953639308419,160.46391028268758,-12.295356687847987,35.5,51.400000000000006
20.406206,69,1,-0.7322994470596313,2.1079723834991455,-0.8439977169036865,0.0,2.3858210737390904,109.15698056341542,-20.717201132827388,16.0,53.0
20.406206,69,2,1.9772084951400757,0.7513724565505981,1.1037338972091675,0.0,2.3858211411515113,20.807632406472315,27.55644509651842,16.0,53.0
20.406206,69,3,-1.7575188875198364,1.8914873600006104,1.554221272468567,0.0,3.0136689992142225,132.8974050492854,31.045856923415048,14.600000000000001,61.2
20.406206,69,4,1.4800158739089966,5.053696632385254,2.9323208332061768,0.0,6.0273378956268608,73.676904513800423,29.111023060875702,12.100000000000001,67.4
20.406206,69,5,3.7000396251678467,4.120243549346924,-2.3795180320739746,0.0,6.0273382349684308,48.075691805391934,-23.252724110759896,12.100000000000001,67.4
20.701327,70,0,-0.11562623083591461,0.04096905142068863,-0.02682945877313614,0.0,0.12556953567522119,160.48958484935102,-12.3370512643669,35.4,51.5
20.701327,70,1,-0.7322994470596313,2.097902536392212,-0.8687264323234558,0.0,2.3858212729754418,109.24218776456699,-21.353466730987176,15.8,53.300000000000004
20.701327,70,2,2.050438642501831,0.29445889592170715,1.1836967468261719,0.0,2.3858211702680161,8.1722448439223587,29.744824990639913,15.8,53.300000000000004
20.701327,70,3,-1.7575188875198364,1.8873356580734253,1.5592601299285889,0.0,3.0136689730309354,132.96019010657631,31.1577387021767,14.600000000000001,61.2
20.701327,70,4,1.4800158739089966,5.0657572746276855,2.911435604095459,0.0,6.0273378061346969,73.71370481216573,28.884033398518362,12.0,67.7
20.701327,70,5,3.7000396251678467,4.061115264892578,-2.479083299636841,0.0,6.027338088169107,47.663676204706718,-24.286933195604142,12.0,67.7
20.999802,71,0,-0.11562623083591461,0.04103050008416176,-0.026735391467809677,0.0,0.12556953592099335,160.46253634867278,-12.293118611992112,35.4,51.5
20.999802,71,1,-0.7322994470596313,2.1143622398376465,-0.8278596997261047,0.0,2.3858209999590723,109.10328771888021,-20.303414187934166,16.0,53.2
20.999802,71,2,1.9772084951400757,0.7328086495399475,1.116145372390747,0.0,2.3858211253997905,20.336111639594989,27.893167035009323,16.0,53.2
20.999802,71,3,-1.7575188875198364,1.8907290697097778,1.5551435947418213,0.0,3.0136689690974818,132.90886142802489,31.066326424291258,14.600000000000001,61.2
20.999802,71,4,1.4800158739089966,5.028662204742432,2.9750478267669678,0.0,6.027337731368509,73.599998934032669,29.576971414333858,11.9,67.60000000000001
20.999802,71,5,3.7000396251678467,4.119805812835693,-2.380275249481201,0.0,6.0273380050051761,48.072665586936864,-23.260559752000358,11.9,67.60000000000001
21.296016,72,0,-0.11562623083591461,0.04105368256568909,-0.02669977955520153,0.0,0.12556953586686914,160.45233422659689,-12.276488560933128,35.4,51.5
21.296016,72,1,-0.7322994470596313,2.1217644214630127,-0.8086998462677002,0.0,2.3858210707644267,109.04144963007195,-19.813573742847943,16.0,53.2
21.296016,72,2,1.9772084951400757,0.7729290723800659,1.0887467861175537,0.0,2.3858211057130192,21.351490450589235,27.151217301634926,16.0,53.2
21.296016,72,3,-1.7575188875198364,1.8892524242401123,1.5569372177124023,0.0,3.0136690034547824,132.93118499115934,31.106144638980922,14.8,61.0
21.296016,72,4,1.4800158739089966,5.045073509216309,2.9471323490142822,0.0,6.0273379516188745,73.650493681513183,29.272304784244756,12.4,67.3
21.296016,72,5,3.7000396251678467,4.10017728805542,-2.4139299392700195,0.0,6.0273381166981066,47.93660048928534,-23.609242743688753,12.4,67.3
21.608178,73,0,-0.11562623083591461,0.041000135242938995,-0.02678193897008896,0.0,0.12556953691981615,160.47590122651269,-12.314856858521042,35.300000000000004,51.6
21.608178,73,1,-0.8055294156074524,2.124479055404663,-0.727910578250885,0.0,2.3858211806821381,110.76500513075102,-17.764092892550153,16.1,53.2
21.608178,73,2,1.9772084951400757,0.7480121850967407,1.1060138940811157,0.0,2.3858211157183931,20.722497694527249,27.618223629614423,16.1,53.2
21.608178,73,3,-1.7575188875198364,1.88630211353302,1.560510277748108,0.0,3.0136689649770059,132.9758431301006,31.185517192288117,14.700000000000001,61.1
21.608178,73,4,1.2950139045715332,5.3344340324401855,2.489088296890259,0.0,6.0273383851585534,76.35456606210127,24.39131678553348,12.100000000000001,67.60000000000001
21.608178,73,5,3.7000396251678467,4.189333915710449,-2.255657911300659,0.0,6.0273380938808563,48.5489049083027,-21.977213733749203,12.100000000000001,67.60000000000001
21.608178,73,6,0.13489727675914764,4.334558486938477,0.7133347988128662,-0.34104230999946594,4.3949335702789414,88.217453794310373,9.3409116390486364,13.5,41.0
21.903003,74,0,-0.11562623083591461,0.041023410856723785,-0.026746271178126335,0.0,0.12556953658261882,160.46565642588456,-12.298199364672332,35.2,51.7
21.903003,74,1,-0.8055294156074524,2.108177423477173,-0.7738558053970337,0.0,2.3858211365931075,110.91173389257378,-18.926573294522726,15.9,53.300000000000004
21.903003,74,2,2.050438642501831,0.31851884722709656,1.1774505376815796,0.0,2.3858211691973628,8.8298567167911024,29.572206781306971,15.9,53.300000000000004
21.903003,74,3,-1.7575188875198364,1.8879634141921997,1.558500051498413,0.0,3.0136690103323867,132.95068722644396,31.140853242386832,14.700000000000001,61.1
21.903003,74,4,1.4800158739089966,5.078117370605469,2.8898234367370605,0.0,6.0273379291510114,73.751251689483212,28.649663011913997,12.0,67.7
21.903003,74,5,3.7000396251678467,4.142592906951904,-2.3403923511505127,0.0,6.0273381834657558,48.229728372162313,-22.848523789268235,12.0,67.7
22.200691,75,0,-0.11562623083591461,0.040977850556373596,-0.026816021651029587,0.0,0.12556953655536515,160.48571108633348,-12.330775133534818,35.800000000000004,51.1
22.200691,75,1,-0.8055294156074524,2.100951910018921,-0.7932629585266113,0.0,2.3858211770774918,110.97740509788413,-19.420010698356002,16.400000000000002,52.800000000000004
22.200691,75,2,1.9772084951400757,0.7295774221420288,1.118260145187378,0.0,2.3858211166112153,20.253741680185954,27.950644840824527,16.400000000000002,52.800000000000004
22.200691,75,3,-1.7575188875198364,1.8957537412643433,1.5490144491195679,0.0,3.013668968398473,132.83303964249006,30.930384310978742,14.700000000000001,61.1
22.200691,75,4,1.4800158739089966,5.086132526397705,2.8756935596466064,0.0,6.0273380950545894,73.7755098145486,28.496715926785523,11.700000000000001,68.0
22.200691,75,5,3.7000396251678467,4.052125453948975,-2.49375057220459,0.0,6.0273382051054778,47.600457829329912,-24.439989797622562,11.700000000000001,68.0
22.509644,76,0,-0.11562623083591461,0.04100479930639267,-0.02677479386329651,0.0,0.12556953615387681,160.47384822702028,-12.311519951364012,35.1,51.800000000000004
22.509644,76,1,-0.8055294156074524,2.103630304336548,-0.7861326336860657,0.0,2.385821161461636,110.95301583057774,-19.238546356582052,15.700000000000001,53.5
22.509644,76,2,1.9772084951400757,0.7189605832099915,1.1251153945922852,0.0,2.3858211174797423,19.982483972658876,28.1371755697364,15.700000000000001,53.5
22.509644,76,3,-1.7575188875198364,1.8921200037002563,1.5534509420394897,0.0,3.0136689562251191,132.88785073195353,31.028764796695228,14.5,61.300000000000004
22.509644,76,4,1.4800158739089966,5.09434175491333,2.8611252307891846,0.0,6.0273379272390644,73.8002823472233,28.339256336381069,11.8,67.7
22.509644,76,5,3.7000396251678467,4.17511510848999,-2.2818686962127686,0.0,6.02733806449492,48.452233439756824,-22.246153371551138,11.8,67.7
22.796686,77,0,-0.11562623083591461,0.04104886204004288,-0.02670719102025032,0.0,0.12556953605192153,160.45445553224735,-12.279949463046018,34.800000000000004,52.1
22.796686,77,1,-0.8055294156074524,2.1248764991760254,-0.726749062538147,0.0,2.3858210276673146,110.76145236644231,-17.734805979264728,15.5,53.7
22.796686,77,2,1.9772084951400757,0.7744929790496826,1.0876349210739136,0.0,2.3858211436297552,21.390791462417507,27.121212529501626,15.5,53.7
22.796686,77,3,-1.7575188875198364,1.8942862749099731,1.5508086681365967,0.0,3.0136689692912308,132.85516121837253,30.970159347067007,14.200000000000001,61.6
22.796686,77,4,1.4800158739089966,5.110874176025391,2.8314874172210693,0.0,6.0273379550235164,73.849948536285993,28.019635536169829,12.200000000000001,67.3
22.796686,77,5,3.7000396251678467,4.09485387802124,-2.4229490756988525,0.0,6.0273380304731319,47.899574638909158,-23.702844106698691,12.200000000000001,67.3
23.104786,78,0,-0.11562623083591461,0.04103730246424675,-0.026724953204393387,0.0,0.12556953680984612,160.45954263071891,-12.288243952890546,34.9,52.0
23.104786,78,1,-0.7322994470596313,2.1489334106445312,-0.7334612011909485,0.0,2.3858211620321939,108.8177471286636,-17.904120652501188,15.700000000000001,53.6
23.104786,78,2,2.050438642501831,0.25920790433883667,1.1919124126434326,0.0,2.3858211508304583,7.2048754888753859,29.972324533617051,15.700000000000001,53.6
23.104786,78,3,-1.7575188875198364,1.8894171714782715,1.5567371845245361,0.0,3.0136689515517951,132.92869345570631,31.101703650787279,14.3,61.6
23.104786,78,4,1.4800158739089966,5.0982279777526855,2.8541946411132812,0.0,6.0273379322485825,73.811983927833623,28.264429602340552,12.3,67.3
23.104786,78,5,3.7000396251678467,4.140192985534668,-2.344634771347046,0.0,6.0273380024926677,48.213231882156954,-22.892293758768805,12.3,67.3
23.400736,79,0,-0.11562623083591461,0.041014380753040314,-0.026760119944810867,0.0,0.12556953733026271,160.46963088695691,-12.304666798439452,34.9,52.0
23.400736,79,1,-0.8055294156074524,2.1243669986724854,-0.7282372117042542,0.0,2.3858210789932288,110.76600701999212,-17.772330733717453,15.4,53.800000000000004
23.400736,79,2,2.050438642501831,0.35243913531303406,1.1677459478378296,0.0,2.3858211520264092,9.7529675959068172,29.304597395011342,15.4,53.800000000000004
23.400736,79,3,-1.7575188875198364,1.892797827720642,1.5526249408721924,0.0,3.0136689372974139,132.87761789729132,31.0104405410361,14.3,61.5
23.400736,79,4,1.2950139045715332,5.300522804260254,2.5605080127716064,0.0,6.0273380770439777,76.270560243873589,25.139000151230576,11.9,67.8
23.400736,79,5,3.7000396251678467,4.161344528198242,-2.3068859577178955,0.0,6.0273380801224086,48.358257194125123,-22.503328938736612,11.9,67.8
23.704287,80,0,-0.11562623083591461,0.0410521924495697,-0.026702074334025383,0.0,0.12556953665589651,160.45298995654616,-12.277560067076111,35.300000000000004,51.6
23.704287,80,1,-0.8055294156074524,2.1042463779449463,-0.7844818234443665,0.0,2.3858210724649718,110.94741356816174,-19.196563164084914,15.8,53.400000000000006
23.704287,80,2,2.050438642501831,0.29765158891677856,1.182897925376892,0.0,2.3858211577799353,8.259636930106744,29.722732653659559,15.8,53.400000000000006
23.704287,80,3,-1.7575188875198364,1.8994078636169434,1.5445315837860107,0.0,3.0136689741362384,132.77803490479513,30.831078285636014,14.100000000000001,61.7
23.704287,80,4,1.4800158739089966,5.088328838348389,2.87180495262146,0.0,6.0273378070331862,73.782144724275668,28.454664831034123,12.200000000000001,67.5
23.704287,80,5,3.7000396251678467,4.090257167816162,-2.4307010173797607,0.0,6.0273380826509735,47.86756052796968,-23.783347559049094,12.200000000000001,67.5
23.980285,81,0,-0.11562623083591461,0.041009292006492615,-0.02676791325211525,0.0,0.12556953638548946,160.47187070655525,-12.308306512484274,35.0,51.900000000000006
23.980285,81,1,-0.8055294156074524,2.110464572906494,-0.7675960659980774,0.0,2.3858210480750643,110.8910282250547,-18.767728897606421,15.4,53.800000000000004
23.980285,81,2,1.9772084951400757,0.7657076716423035,1.0938376188278198,0.0,2.3858211181957616,21.169743290755417,27.288699307337062,15.4,53.800000000000004
23.980285,81,3,-1.7575188875198364,1.8951163291931152,1.5497941970825195,0.0,3.0136689590056176,132.84264615863941,30.947668183912093,14.0,61.900000000000006
23.980285,81,4,1.2950139045715332,5.296993732452393,2.5678012371063232,0.0,6.0273382855086455,76.261759615157757,25.215606525296625,12.0,67.5
23.980285,81,5,3.7000396251678467,4.136231899261475,-2.3516156673431396,0.0,6.0273380359138748,48.185981047144857,-22.964346608492381,12.0,67.5
24.295553,82,0,-0.11562623083591461,0.04106054827570915,-0.02668922394514084,0.0,0.125569536738876,160.44931301969942,-12.271559415838521,35.0,51.900000000000006
24.295553,82,1,-0.8055294156074524,2.1138710975646973,-0.7581648826599121,0.0,2.3858211680314558,110.86026132232477,-18.528687047973904,15.3,53.900000000000006
24.295553,82,2,2.050438642501831,0.25675493478775024,1.1924432516098022,0.0,2.3858211650315226,7.1373998675501555,29.987041633256158,15.3,53.900000000000006
24.295553,82,3,-1.7575188875198364,1.8995673656463623,1.5443354845046997,0.0,3.013669010577968,132.77563655040191,30.826736161378424,13.9,62.0
24.295553,82,4,1.2950139045715332,5.276332378387451,2.609992742538452,0.0,6.02733825965963,76.210012491166225,25.659736426392822,11.700000000000001,68.0
24.295553,82,5,3.7000396251678467,4.144337177276611,-2.3373022079467773,0.0,6.0273381751849771,48.24171140210305,-22.8166515414598,11.700000000000001,68.0
24.609362,83,0,-0.11562623083591461,0.041027262806892395,-0.026740361005067825,0.0,0.12556953634312495,160.46396110885738,-12.295439328884783,35.6,51.300000000000004
24.609362,83,1,-0.8055294156074524,2.105351209640503,-0.7815122604370117,0.0,2.3858211937521596,110.93737394952839,-19.1210662065726,15.8,53.400000000000006
24.609362,83,2,1.9772084951400757,0.7294473052024841,1.118345022201538,0.0,2.3858211150470203,20.250422925177638,27.952952382769073,15.8,53.400000000000006
24.609362,83,3,-1.7575188875198364,1.9021196365356445,1.54119074344635,0.0,3.0136689697722558,132.73728879746773,30.757137674064143,14.0,61.800000000000004
24.609362,83,4,1.4800158739089966,4.987051963806152,3.0442841053009033,0.0,6.02733771996502,73.470601723938387,30.336623100472114,11.8,67.8
24.609362,83,5,3.7000396251678467,4.08324670791626,-2.4424595832824707,0.0,6.0273381953802438,47.8186594233229,-23.905554716905574,11.8,67.8
24.896317,84,0,-0.11562623083591461,0.04105570912361145,-0.026696665212512016,0.0,0.1255695362834145,160.45144244241797,-12.275034233314097,35.5,51.400000000000006
24.896317,84,1,-0.8055294156074524,2.0899362564086914,-0.8218461871147156,0.0,2.385821106146782,111.07828538560986,-20.149507117012835,16.0,53.2
24.896317,84,2,1.9772084951400757,0.7298566102981567,1.1180779933929443,0.0,2.3858211383420156,20.260862158115767,27.945692632630351,16.0,53.2
24.896317,84,3,-1.7575188875198364,1.8970625400543213,1.547411322593689,0.0,3.0136689801896734,132.81332546080216,30.894859345369113,14.3,61.5
24.896317,84,4,1.4800158739089966,5.070540904998779,2.903096914291382,0.0,6.0273380318393119,73.728256292419076,28.793542215846138,12.0,67.60000000000001
24.896317,84,5,3.7000396251678467,4.141788959503174,-2.3418145179748535,0.0,6.02733807326853,48.224203412531004,-22.863195219851153,12.0,67.60000000000001
25.198074,85,0,-0.11562623083591461,0.04102233797311783,-0.026747917756438255,0.0,0.12556953680891755,160.46612862884135,-12.298968301842443,35.2,51.7
25.198074,85,1,-0.8055294156074524,2.0946364402770996,-0.809792160987854,0.0,2.3858212004135981,111.03512849434929,-19.841457777238876,15.600000000000001,53.6
25.198074,85,2,1.9772084951400757,0.7519441843032837,1.103344440460205,0.0,2.3858211257041164,20.822107955173827,27.545896146731138,15.600000000000001,53.6
25.198074,85,3,-1.7575188875198364,1.8962132930755615,1.5484519004821777,0.0,3.0136689899410483,132.82611583525767,30.917916644404706,14.3,61.5
25.198074,85,4,1.4800158739089966,5.141584396362305,2.7753312587738037,0.0,6.027337777814175,73.941424697605683,27.416615668245651,12.100000000000001,67.60000000000001
25.198074,85,5,3.7000396251678467,3.920463800430298,-2.6960108280181885,0.0,6.0273380544887241,46.65682682962894,-26.570400438168296,12.100000000000001,67.60000000000001
25.512044,86,0,-0.11562623083591461,0.040986545383930206,-0.026802729815244675,0.0,0.12556953645442109,160.48188342664105,-12.324567106965668,35.2,51.7
25.512044,86,1,-0.8055294156074524,2.093061923980713,-0.8138529658317566,0.0,2.385821138941449,111.04956683325571,-19.945167592644104,15.700000000000001,53.400000000000006
25.512044,86,2,1.9772084951400757,0.7519128322601318,1.1033657789230347,0.0,2.3858211128812594,20.821314226298515,27.546474272137683,15.700000000000001,53.400000000000006
25.512044,86,3,-1.7575188875198364,1.8959325551986694,1.5487955808639526,0.0,3.0136689674141097,132.83034533951724,30.925533485793817,14.3,61.6
25.512044,86,4,1.4800158739089966,5.065093994140625,2.9125893115997314,0.0,6.0273377750501949,73.711685158625258,28.896559598031985,11.9,67.7
25.512044,86,5,3.7000396251678467,4.047842979431152,-2.5006954669952393,0.0,6.0273380386861355,47.570288673030731,-24.512527235897171,11.9,67.7
25.802579,87,0,-0.11562623083591461,0.0410553477704525,-0.026697222143411636,0.0,0.12556953654468778,160.45160145468367,-12.275294273526464,35.6,51.300000000000004
25.802579,87,1,-0.8055294156074524,2.1164913177490234,-0.7508193850517273,0.0,2.3858212184665755,110.83665498114402,-18.342740648333468,16.0,53.2
25.802579,87,2,1.9772084951400757,0.7641457319259644,1.0949293375015259,0.0,2.3858211137879306,21.130373670007607,27.318204270489172,16.0,53.2
25.802579,87,3,-1.7575188875198364,1.8985373973846436,1.545601487159729,0.0,3.0136690007974307,132.79112750634687,30.854769500103625,14.3,61.5
25.802579,87,4,1.4800158739089966,5.04603910446167,2.945478916168213,0.0,6.0273380257266487,73.653455231483946,29.254287630972726,11.4,68.0
25.802579,87,5,3.7000396251678467,4.254528999328613,-2.1301395893096924,0.0,6.0273381275555478,48.987468652161496,-20.696211513491296,11.4,68.0
26.102004,88,0,-0.11562623083591461,0.041046544909477234,-0.0267107505351305,0.0,0.12556953571816659,160.45547522142408,-12.281611693587683,35.4,51.5
26.102004,88,1,-0.8055294156074524,2.1052510738372803,-0.7817816138267517,0.0,2.385821077746499,110.93828350596475,-19.127913587150697,15.9,53.300000000000004
26.102004,88,2,1.9772084951400757,0.7741097211837769,1.0879076719284058,0.0,2.3858211157431715,21.381162134929919,27.128572462905726,15.9,53.300000000000004
26.102004,88,3,-1.7575188875198364,1.898666262626648,1.545443058013916,0.0,3.013668937091301,132.78918884850617,30.851261662221393,14.100000000000001,61.7
26.102004,88,4,1.4800158739089966,5.163958549499512,2.733475923538208,0.0,6.0273381780463229,74.007437454163792,26.969295627679283,12.600000000000001,67.60000000000001
26.102004,88,5,3.7000396251678467,3.929964542388916,-2.682142734527588,0.0,6.0273380675573085,46.726046494700896,-26.423097748739664,12.600000000000001,67.60000000000001
26.415984,89,0,-0.11562623083591461,0.04101700335741043,-0.02675609290599823,0.0,0.12556953583308508,160.46847656787611,-12.302786264888926,35.2,51.7
26.415984,89,1,-0.8055294156074524,2.1112587451934814,-0.765409529209137,0.0,2.38582121626265,110.88384770633073,-18.712277992376418,15.8,53.400000000000006
26.415984,89,2,1.9772084951400757,0.7588249444961548,1.098623514175415,0.0,2.3858211071961817,20.996103155657014,27.418101885342942,15.8,53.400000000000006
26.415984,89,3,-1.7575188875198364,1.8939601182937622,1.5512070655822754,0.0,3.0136690146710965,132.860080425098,30.978992928962693,14.100000000000001,61.7
26.415984,89,4,1.4800158739089966,5.141722202301025,2.775076150894165,0.0,6.0273378730513762,73.941832904569551,27.413883339916715,12.200000000000001,67.7
26.415984,89,5,3.7000396251678467,3.999232530593872,-2.5777220726013184,0.0,6.0273381475696652,47.2253882308608,-25.319892138665004,12.200000000000001,67.7
26.687758,90,0,-0.11562623083591461,0.04104576259851456,-0.026711955666542053,0.0,0.12556953635394669,160.45581949238348,-12.282174396657229,35.2,51.7
26.687758,90,1,-0.8055294156074524,2.114287853240967,-0.7570016980171204,0.0,2.3858211032204371,110.85650322960717,-18.499228959512845,15.700000000000001,53.6
26.687758,90,2,1.9772084951400757,0.7589947581291199,1.098506212234497,0.0,2.3858211111563552,21.000392159051415,27.414928382076951,15.700000000000001,53.6
26.687758,90,3,-1.7575188875198364,1.8974500894546509,1.54693603515625,0.0,3.0136689564093406,132.80749068802098,30.8843299136468,14.0,61.800000000000004
26.687758,90,4,1.4800158739089966,5.139379501342773,2.7794127464294434,0.0,6.0273380410309958,73.934890636922418,27.460330750933974,12.100000000000001,67.7
26.687758,90,5,3.7000396251678467,3.9504599571228027,-2.651862859725952,0.0,6.0273380299628805,46.874767393923349,-26.102125254795165,12.100000000000001,67.7
26.996696,91,0,-0.11562623083591461,0.04104937985539436,-0.026706397533416748,0.0,0.12556953656458861,160.45422766134712,-12.27957887662305,34.800000000000004,52.1
26.996696,91,1,-0.8055294156074524,2.136150598526001,-0.6929107904434204,0.0,2.3858211128466444,110.66115465554763,-16.883620047005863,15.700000000000001,53.6
26.996696,91,2,2.050438642501831,0.3246940076351166,1.17576265335083,0.0,2.3858211672867458,8.99826713639673,29.525611667656971,15.700000000000001,53.6
26.996696,91,3,-1.7575188875198364,1.8981120586395264,1.546123743057251,0.0,3.0136689692113015,132.79752733857711,30.866336612640485,14.4,61.400000000000006
26.996696,91,4,1.4800158739089966,5.010733127593994,3.0051474571228027,0.0,6.0273381108116171,73.544486438934612,29.906506123182055,11.600000000000001,67.9
26.996696,91,5,3.7000396251678467,3.9892847537994385,-2.593090534210205,0.0,6.027338101792485,47.15424844023449,-25.481618908954058,11.600000000000001,67.9
27.298185,92,0,-0.11562623083591461,0.041024159640073776,-0.02674512378871441,0.0,0.12556953682310104,160.46532686920713,-12.297663505923923,35.1,51.800000000000004
27.298185,92,1,-0.8055294156074524,2.1191513538360596,-0.7432778477668762,0.0,2.3858210450188939,110.81274209306028,-18.152041326829107,15.700000000000001,53.5
27.298185,92,2,2.050438642501831,0.2948763966560364,1.1835927963256836,0.0,2.3858211633489321,8.183675080491561,29.741949915784993,15.700000000000001,53.5
27.298185,92,3,-1.7575188875198364,1.897383689880371,1.5470174551010132,0.0,3.013668945488245,132.80849027964871,30.886133764715744,14.100000000000001,61.7
27.298185,92,4,1.4800158739089966,4.993854522705078,3.0331125259399414,0.0,6.0273378514878644,73.491891505020462,30.213654432757291,11.8,67.8
27.298185,92,5,3.7000396251678467,4.017772197723389,-2.5487287044525146,0.0,6.02733810811302,47.357463673487374,-25.01537266852543,11.8,67.8
27.599253,93,0,-0.11562623083591461,0.04104179888963699,-0.02671804279088974,0.0,0.12556953581181,160.45756382114925,-12.285017003721645,34.9,52.0
27.599253,93,1,-0.8055294156074524,2.1225733757019043,-0.7334487438201904,0.0,2.3858211237347358,110.7820562291386,-17.903806559457433,15.600000000000001,53.6
27.599253,93,2,1.9772084951400757,0.7524438500404358,1.103003740310669,0.0,2.3858211231894737,20.834756691609964,27.536668526601623,15.600000000000001,53.6
27.599253,93,3,-1.7575188875198364,1.8946810960769653,1.5503263473510742,0.0,3.0136690062299971,132.84920760703653,30.959464996163391,14.3,61.5
27.599253,93,4,1.2950139045715332,5.292111396789551,2.577848196029663,0.0,6.0273381662917211,76.249566023155026,25.321218405367624,11.9,67.8
27.599253,93,5,3.7000396251678467,3.905487537384033,-2.717660665512085,0.0,6.0273381874046033,46.547353142772558,-26.800737475174735,11.9,67.8
27.898568,94,0,-0.11562623083591461,0.04104461520910263,-0.026713719591498375,0.0,0.12556953655005945,160.45632442578062,-12.282998088175477,35.300000000000004,51.6
27.898568,94,1,-0.8055294156074524,2.1235721111297607,-0.7305520176887512,0.0,2.385821116749137,110.77311669214257,-17.830716225524583,15.8,53.400000000000006
27.898568,94,2,1.9772084951400757,0.7544171214103699,1.1016550064086914,0.0,2.3858211122120045,20.884688091792903,27.500146645347041,15.8,53.400000000000006
27.898568,94,3,-1.7575188875198364,1.89687979221344,1.5476353168487549,0.0,3.0136689698860777,132.81607727679136,30.899822319607491,14.200000000000001,61.5
27.898568,94,4,1.2950139045715332,5.298192501068115,2.565326690673828,0.0,6.0273382036593528,76.264750287116527,25.189609103048781,12.5,67.2
27.898568,94,5,3.7000396251678467,4.095493793487549,-2.421867847442627,0.0,6.027338260856415,47.904028238179919,-23.691618573770587,12.5,67.2
28.213203,95,0,-0.11562623083591461,0.04102182015776634,-0.026748711243271828,0.0,0.12556953667013457,160.46635653333973,-12.299338878470058,35.4,51.5
28.213203,95,1,-0.8055294156074524,2.1327991485595703,-0.7031592130661011,0.0,2.38582118492251,110.69087322277559,-17.140999259695732,16.1,53.2
28.213203,95,2,1.9772084951400757,0.7524373531341553,1.1030081510543823,0.0,2.3858211133565783,20.834592239984072,27.536788107018836,16.1,53.2
28.213203,95,3,-1.7575188875198364,1.9014116525650024,1.5420640707015991,0.0,3.013668945097939,132.74792066057447,30.776461253398011,14.5,61.300000000000004
28.213203,95,4,1.4800158739089966,5.084076881408691,2.8793256282806396,0.0,6.0273377868484053,73.769295062206879,28.536010954651918,11.8,68.0
28.213203,95,5,3.7000396251678467,4.004856109619141,-2.5689759254455566,0.0,6.0273379689614908,47.26551998531049,-25.227951259541705,11.8,68.0
28.496418,96,0,-0.11562623083591461,0.04102490842342377,-0.026743976399302483,0.0,0.12556953707853258,160.46499731387476,-12.297127646783155,35.1,51.800000000000004
28.496418,96,1,-0.8055294156074524,2.125364303588867,-0.7253215312957764,0.0,2.3858211136084626,110.75709345312808,-17.698816096714559,15.8,53.400000000000006
28.496418,96,2,1.9772084951400757,0.7615220546722412,1.0967557430267334,0.0,2.3858211234014246,21.064195246407873,27.367582346350446,15.8,53.400000000000006
28.496418,96,3,-1.7575188875198364,1.8951457738876343,1.5497583150863647,0.0,3.01366902287767,132.84220231746679,30.946872032726166,14.4,61.400000000000006
28.496418,96,4,1.2950139045715332,5.26096248626709,2.640836715698242,0.0,6.0273382063663137,76.171269404310422,25.985464242312574,11.700000000000001,68.10000000000001
28.496418,96,5,3.7000396251678467,4.119325637817383,-2.3811066150665283,0.0,6.0273381894917248,48.069345567505664,-23.269161419183892,11.700000000000001,68.10000000000001
28.816158,97,0,-0.11562623083591461,0.041000038385391235,-0.026782086119055748,0.0,0.12556953667913362,160.47594386124038,-12.314925606010153,34.9,52.0
28.816158,97,1,-0.7322994470596313,2.138702630996704,-0.762778639793396,0.0,2.3858211746317304,108.90138767558564,-18.645584304447159,15.700000000000001,53.5
28.816158,97,2,2.050438642501831,0.3455577492713928,1.1698007583618164,0.0,2.3858211582199833,9.5660937285175471,29.361201112655039,15.700000000000001,53.5
28.816158,97,3,-1.7575188875198364,1.898197054862976,1.5460193157196045,0.0,3.0136689306653368,132.79624832487147,30.864024116278934,14.200000000000001,61.6
28.816158,97,4,1.4800158739089966,5.064123630523682,2.914276123046875,0.0,6.027337758381563,73.708729575240653,28.914876460895279,12.0,67.8
28.816158,97,5,3.7000396251678467,4.058485507965088,-2.4833860397338867,0.0,6.02733805825756,47.64519898575405,-24.331814446333283,12.0,67.8
29.150557,98,0,-0.11562623083591461,0.04098412021994591,-0.026806434616446495,0.0,0.12556953573366833,160.48295102043477,-12.326297515072447,34.800000000000004,52.1
29.150557,98,1,-0.7322994470596313,2.1319785118103027,-0.7813753485679626,0.0,2.3858210935303634,108.95675112069011,-19.117587128818233,15.4,53.800000000000004
29.150557,98,2,2.050438642501831,0.3292538523674011,1.1744939088821411,0.0,2.385821172670906,9.12252390971092,29.490601207803035,15.4,53.800000000000004
29.150557,98,3,-1.7575188875198364,1.8976104259490967,1.5467394590377808,0.0,3.0136690134791118,132.80507710763825,30.879974579571726,14.100000000000001,61.7
29.150557,98,4,1.4800158739089966,5.038490295410156,2.9583730697631836,0.0,6.0273379417338946,73.63027464171563,29.39487459352743,12.3,67.4
29.150557,98,5,3.7000396251678467,4.020740509033203,-2.5440433025360107,0.0,6.0273380354822583,47.378548548591773,-24.966232924697266,12.3,67.4
29.402449,99,0,-0.11562623083591461,0.04102582857012749,-0.026742564514279366,0.0,0.12556953700633802,160.4645923397612,-12.296468301614857,35.1,51.800000000000004
29.402449,99,1,-0.8055294156074524,2.117918014526367,-0.7467852830886841,0.0,2.3858211615085567,110.82382290081084,-18.240705894779182,15.5,53.6
29.402449,99,2,1.9772084951400757,0.7299746870994568,1.118000864982605,0.0,2.3858211188523515,20.263873419032585,27.943596156431905,15.5,53.6
29.402449,99,3,-1.7575188875198364,1.8972283601760864,1.5472080707550049,0.0,3.013669010501125,132.81082878918841,30.890355938897628,14.4,61.400000000000006
29.402449,99,4,1.4800158739089966,5.0652923583984375,2.9122440814971924,0.0,6.0273376588082108,73.712289218238809,28.892811816116005,11.9,67.8
29.402449,99,5,3.7000396251678467,3.9806628227233887,-2.606306791305542,0.0,6.0273381211302341,47.092435729258014,-25.620871288773102,11.9,67.8
29.702201,100,0,-0.11562623083591461,0.04100210964679718,-0.02677891217172146,0.0,0.12556953607427623,160.47503213888976,-12.313443330133424,35.1,51.800000000000004
29.702201,100,1,-0.8055294156074524,2.141050338745117,-0.6776196956634521,0.0,2.3858211677325052,110.61785345639395,-16.500247317431477,15.700000000000001,53.400000000000006
29.702201,100,2,1.9772084951400757,0.7648000121116638,1.0944724082946777,0.0,2.3858211048396809,21.146867739236253,27.30585440817039,15.700000000000001,53.400000000000006
29.702201,100,3,-1.7575188875198364,1.8989953994750977,1.5450387001037598,0.0,3.013668985146654,132.7842379336214,30.842306814648641,14.4,61.400000000000006
29.702201,100,4,1.4800158739089966,5.070071697235107,2.9039158821105957,0.0,6.0273378412447771,73.7268301132964,28.802427024787981,11.700000000000001,67.9
29.702201,100,5,3.7000396251678467,3.9786508083343506,-2.609377384185791,0.0,6.0273382031848923,47.077990427181639,-25.653247282029692,11.700000000000001,67.9
29.994209,101,0,-0.11562623083591461,0.041040826588869095,-0.02671954035758972,0.0,0.12556953667724788,160.45799171206531,-12.285716253148149,35.800000000000004,51.1
29.994209,101,1,-0.8055294156074524,2.1470344066619873,-0.6584130525588989,0.0,2.38582106005023,110.56520449274041,-16.019778557676634,16.3,52.900000000000006
29.994209,101,2,1.9772084951400757,0.7714468240737915,1.0897976160049438,0.0,2.3858211331693919,21.314222049972447,27.17958160923461,16.3,52.900000000000006
29.994209,101,3,-1.7575188875198364,1.8991788625717163,1.5448131561279297,0.0,3.0136689730914537,132.78147866152776,30.837312756996511,14.4,61.400000000000006
29.994209,101,4,1.4800158739089966,5.087634563446045,2.873034954071045,0.0,6.027337910347109,73.780047937687741,28.467964099319673,11.9,67.9
29.994209,101,5,3.7000396251678467,3.997831344604492,-2.579894781112671,0.0,6.0273381993485957,47.215379428705688,-25.342742775941197,11.9,67.9
30.289123,102,0,-0.11562623083591461,0.04107139632105827,-0.026672523468732834,0.0,0.12556953596024695,160.4445396450601,-12.263761209839025,35.300000000000004,51.6
30.289123,102,1,-0.8055294156074524,2.1320598125457764,-0.7053980827331543,0.0,2.3858212713456188,110.69744020193868,-17.197273070446229,15.700000000000001,53.400000000000006
30.289123,102,2,2.050438642501831,0.34732484817504883,1.169277310371399,0.0,2.3858211595536547,9.6141015943649322,29.346778705592559,15.700000000000001,53.400000000000006
30.289123,102,3,-1.7575188875198364,1.893019676208496,1.5523545742034912,0.0,3.0136690028189865,132.87426959531513,31.004442592247504,14.4,61.5
30.289123,102,4,1.4800158739089966,5.056385040283203,2.927682399749756,0.0,6.0273377951154243,73.6851215825496,29.06056788523361,12.5,67.4
30.289123,102,5,3.7000396251678467,4.024766445159912,-2.5376691818237305,0.0,6.0273379731250589,47.407119152210718,-24.899413487240345,12.5,67.4
30.593974,103,0,-0.11562623083591461,0.04106039181351662,-0.02668946050107479,0.0,0.12556953585578848,160.44938186851547,-12.271669964876638,35.0,51.900000000000006
30.593974,103,1,-0.8055294156074524,2.135805368423462,-0.6939742565155029,0.0,2.3858211332582351,110.66421216861806,-16.910311465453713,15.4,53.800000000000004
30.593974,103,2,1.9772084951400757,0.7765716314315796,1.0861517190933228,0.0,2.3858211351414775,21.442995370297254,27.081200114384668,15.4,53.800000000000004
30.593974,103,3,-1.7575188875198364,1.8913745880126953,1.5543584823608398,0.0,3.0136689871079487,132.89910851563189,31.048901890918611,14.100000000000001,61.7
30.593974,103,4,1.4800158739089966,5.021193981170654,2.987635850906372,0.0,6.0273380493537987,73.576919939837254,29.714654229471844,12.0,67.8
30.593974,103,5,3.7000396251678467,3.9837141036987305,-2.601640462875366,0.0,6.0273380845851632,47.114327525355343,-25.571686419983898,12.0,67.8
30.894771,104,0,-0.11562623083591461,0.041008349508047104,-0.026769354939460754,0.0,0.12556953591763087,160.47228555550902,-12.308979859500981,35.1,51.800000000000004
30.894771,104,1,-0.8055294156074524,2.130354881286621,-0.710530161857605,0.0,2.3858211732106018,110.71259905783847,-17.326334355402842,15.700000000000001,53.6
30.894771,104,2,2.050438642501831,0.34537243843078613,1.1698554754257202,0.0,2.3858211545033958,9.5610584878607945,29.362708881895209,15.700000000000001,53.6
30.894771,104,3,-1.7575188875198364,1.8979769945144653,1.5462895631790161,0.0,3.0136689806432755,132.79955989536035,30.870009304750582,14.0,61.800000000000004
30.894771,104,4,1.4800158739089966,5.053183078765869,2.9332058429718018,0.0,6.0273379473688244,73.675333930652386,29.120652509169535,12.3,67.60000000000001
30.894771,104,5,3.7000396251678467,4.015140533447266,-2.552872657775879,0.0,6.0273381801557386,47.338756007551929,-25.058850143847639,12.3,67.60000000000001
31.182797,105,0,-0.11562623083591461,0.041045017540454865,-0.02671310119330883,0.0,0.12556953650300862,160.4561473708531,-12.282709315310189,35.2,51.7
31.182797,105,1,-0.8055294156074524,2.1321310997009277,-0.7051820755004883,0.0,2.3858211218211536,110.69680683684639,-17.191844050377235,15.8,53.5
31.182797,105,2,1.9772084951400757,0.7724024653434753,1.0891205072402954,0.0,2.3858211334913855,21.338252056281362,27.161303844006092,15.8,53.5
31.182797,105,3,-1.7575188875198364,1.8959355354309082,1.5487920045852661,0.0,3.0136690043808554,132.83030043678346,30.925453804756586,14.200000000000001,61.6
31.182797,105,4,1.4800158739089966,5.021799564361572,2.98661732673645,0.0,6.0273377960760639,73.578793722074479,29.703508240894493,12.100000000000001,67.8
31.182797,105,5,3.7000396251678467,3.9258663654327393,-2.688138008117676,0.0,6.0273382100007584,46.696210118815614,-26.486753866540518,12.100000000000001,67.8
