timestamp_s,frame_number,point_index,x,y,z,doppler,range,aoa,snr,noise
0.0,1,0,-0.11562623083591461,0.04113413766026497,-0.026575662195682526,0.0,0.12556953595324333,160.41693764156733,35.6,53.1
0.0,1,1,-0.8055294156074524,2.103775978088379,-0.7857426404953003,0.0,2.385821137990676,110.9516908886858,15.3,54.900000000000006
0.0,1,2,-1.8500198125839233,1.4463763236999512,1.8888154029846191,0.0,3.01366909319268,141.98111127501707,15.100000000000001,62.6
0.0,1,3,-2.570756673812866,2.0520424842834473,1.5623623132705688,0.0,3.6415167487169047,141.4022544175489,11.700000000000001,70.60000000000001
0.0,1,4,-1.2294923067092896,2.7520527839660645,-2.043330192565918,0.0,3.641516735351379,114.07292452890547,11.700000000000001,70.60000000000001
0.0,1,5,0.8479257225990295,2.143075466156006,1.523095726966858,0.17052115499973297,2.762529832995396,68.41335732797195,22.0,51.7
0.0,1,6,1.8654366731643677,1.5369125604629517,-1.3377656936645508,0.17052115499973297,2.762529864316606,39.48473089166666,22.0,51.7
0.0,1,7,0.3931291997432709,1.009711503982544,-1.8392390012741089,0.25578173995018005,2.1346821760564865,68.7266463199512,30.3,40.7
0.0,1,8,0.9327183365821838,1.9888983964920044,1.675079345703125,0.25578173995018005,2.762529844429977,64.87519399361447,23.6,50.1
0.0,1,9,1.9502291679382324,1.6317596435546875,-1.0796008110046387,0.25578173995018005,2.76252986462276,39.91927299767958,23.6,50.1
0.304781,2,0,-0.11562623083591461,0.04110134392976761,-0.026626355946063995,0.0,0.1255695367560132,160.43136351589106,35.5,53.2
0.304781,2,1,-0.8055294156074524,2.1032066345214844,-0.7872657775878906,0.0,2.3858212823816327,110.95687013101798,15.3,54.900000000000006
0.304781,2,2,-1.8500198125839233,1.4512399435043335,1.8850810527801514,0.0,3.0136690687808176,141.88774450640253,15.200000000000001,62.6
0.304781,2,3,-2.570756673812866,2.120450973510742,1.468176245689392,0.0,3.6415166751537256,140.48298251852142,12.0,70.4
0.304781,2,4,-1.2294923067092896,2.6898558139801025,-2.124539613723755,0.0,3.641516744783878,114.56442158581581,12.0,70.4
0.304781,2,5,0.76313316822052,1.7420101165771484,2.0036466121673584,0.25578173995018005,2.762529859593404,66.34291827681254,24.700000000000003,51.2
0.304781,2,6,0.327607661485672,1.682883858680725,-1.271787405014038,0.34104230999946594,2.1346821930265354,78.98398543441043,34.4,40.300000000000004
0.304781,2,7,1.3489726781845093,1.9716497659683228,-2.0365872383117676,0.34104230999946594,3.1392383893845306,55.62066171025675,11.5,59.300000000000004
0.304781,2,8,0.19271038472652435,3.1196277141571045,0.2925809621810913,0.34104230999946594,3.139238440569518,86.46512977388001,11.5,59.300000000000004
0.304781,2,9,0.40469181537628174,2.489914655685425,-0.7681853771209717,0.596824049949646,2.6369602256484845,80.76830490380519,17.7,41.1
0.601765,3,0,-0.11562623083591461,0.04110751301050186,-0.02661682851612568,0.0,0.12556953628761092,160.42864955651888,35.9,52.800000000000004
0.601765,3,1,-1.8500198125839233,1.4299957752227783,1.9012470245361328,0.0,3.013669104665532,142.29732496413462,15.200000000000001,62.6
0.601765,3,2,-2.570756673812866,2.0512425899505615,1.5634124279022217,0.0,3.6415167799283306,141.4131454277632,11.8,70.60000000000001
0.601765,3,3,-1.2294923067092896,2.718322515487671,-2.0879931449890137,0.0,3.641516717521102,114.33715262997883,11.8,70.60000000000001
0.601765,3,4,1.4800158739089966,4.588226318359375,3.6175317764282227,0.0,6.027338043363436,72.1219496040992,11.3,69.2
0.601765,3,5,3.7000396251678467,4.098021507263184,-2.4175877571105957,0.0,6.027338057976745,47.92161279751086,11.3,69.2
0.601765,3,6,0.2620861232280731,1.8535224199295044,-1.0259792804718018,0.17052115499973297,2.134682173328733,81.95179166177401,36.7,40.7
0.601765,3,7,0.6783405542373657,1.3367127180099487,2.320479393005371,0.17052115499973297,2.7625298932998312,63.09360907392446,23.6,50.1
0.601765,3,8,0.6475068926811218,2.0733537673950195,-1.495158314704895,0.5115634799003601,2.6369602588722993,72.65645310402525,20.8,41.1
0.601765,3,9,1.102303385734558,1.6767809391021729,2.5753259658813477,0.596824049949646,3.2648079426638454,56.679376606721526,18.7,44.400000000000006
0.899655,4,0,-0.11562623083591461,0.041097111999988556,-0.02663288451731205,0.0,0.1255695361533692,160.43322531865223,35.6,53.1
0.899655,4,1,-0.8055294156074524,2.1197848320007324,-0.7414699196815491,0.0,2.3858212454376835,110.80705505444186,15.9,54.900000000000006
0.899655,4,2,-1.8500198125839233,1.4610702991485596,1.877472162246704,0.0,3.0136691002859672,141.69975796833157,15.100000000000001,62.6
0.899655,4,3,-2.570756673812866,2.0810110569000244,1.5235637426376343,0.0,3.641516630852253,141.01005185150984,11.9,70.5
0.899655,4,4,-1.2294923067092896,2.720606803894043,-2.0850157737731934,0.0,3.641516647021529,114.3190866641227,11.9,70.5
0.899655,4,5,0.2081272155046463,2.057739734649658,-0.9116625189781189,0.25578173995018005,2.2602518226735913,84.22453922875997,35.7,40.7
0.899655,4,6,1.6727261543273926,2.1753334999084473,-2.7609200477600098,0.25578173995018005,3.892655665907014,52.44145871469548,16.400000000000002,54.2
0.899655,4,7,2.987010955810547,2.371055841445923,-0.7801456451416016,0.25578173995018005,3.892655582121346,38.44215254014181,16.400000000000002,54.2
0.899655,4,8,0.7400079369544983,1.7952091693878174,2.304737091064453,0.42630288004875183,3.0136689877187886,67.59792359573325,22.400000000000002,45.400000000000006
1.194213,5,0,-0.11562623083591461,0.041103705763816833,-0.0266227088868618,0.0,0.12556953656565445,160.4303244650921,35.5,53.2
1.194213,5,1,-0.8787593245506287,2.1067700386047363,-0.6938621997833252,0.0,2.3858211790357284,112.64160874360991,15.200000000000001,55.1
1.194213,5,2,-1.8500198125839233,1.4337266683578491,1.898435115814209,0.0,3.013669085263022,142.22506424145647,15.0,62.7
1.194213,5,3,-2.570756673812866,2.086211681365967,1.5164347887039185,0.0,3.6415166515907496,140.9400972865034,11.600000000000001,70.8
1.194213,5,4,-1.2294923067092896,2.6953282356262207,-2.1175925731658936,0.0,3.641516708179249,114.52042289531977,11.600000000000001,70.8
1.194213,5,5,1.4800158739089966,4.717761039733887,3.446894884109497,0.0,6.027337766970904,72.58275916944547,11.600000000000001,68.60000000000001
1.194213,5,6,3.7000396251678467,4.032343864440918,-2.5256118774414062,0.0,6.027338187324454,47.46080939305885,11.600000000000001,68.60000000000001
1.194213,5,7,0.292919784784317,2.0719640254974365,-1.1459953784942627,0.42630288004875183,2.385821102011599,81.95324892930988,35.4,41.300000000000004
1.194213,5,8,1.5532456636428833,3.4139530658721924,-1.0416914224624634,0.42630288004875183,3.8926557319181763,65.53589678789335,12.9,53.6
1.194213,5,9,2.867530584335327,1.0077548027038574,-2.4319677352905273,0.42630288004875183,3.892655707863891,19.363334689467564,12.9,53.6
1.194213,5,10,0.7708415389060974,1.3549469709396362,2.7248375415802,0.5115634799003601,3.139238378996798,60.36406225227239,23.200000000000003,52.900000000000006
1.194213,5,11,0.7708415389060974,1.7421212196350098,2.495122194290161,0.596824049949646,3.1392384086661917,66.1319053711102,30.700000000000003,45.400000000000006
1.194213,5,12,0.8286546468734741,4.500957012176514,-2.8651716709136963,0.8526057600975037,5.399489906746036,79.56829920145368,21.6,42.6
1.503242,6,0,-0.11562623083591461,0.04105616733431816,-0.026695959270000458,0.0,0.12556953601431067,160.4512408087585,35.2,53.5
1.503242,6,1,-0.8787593245506287,2.1070399284362793,-0.6930423378944397,0.0,2.3858212197529864,112.63900117458154,14.700000000000001,55.400000000000006
1.503242,6,2,-1.8500198125839233,1.4434959888458252,1.8910175561904907,0.0,3.013669088434843,142.03651740370665,15.100000000000001,62.6
1.503242,6,3,-2.570756673812866,2.09291410446167,1.5071712732315063,0.0,3.6415167954387173,140.85014576552103,11.700000000000001,70.7
1.503242,6,4,-1.2294923067092896,2.7062559127807617,-2.103609085083008,0.0,3.6415166593827264,114.43300461644289,11.700000000000001,70.7
1.503242,6,5,1.4800158739089966,4.777329921722412,3.3638482093811035,0.0,6.027337964952964,72.78702912137973,11.3,68.7
1.503242,6,6,3.515037775039673,4.1599602699279785,-2.5822548866271973,0.0,6.027337746206459,49.803223905469686,11.3,68.7
1.503242,6,7,0.30833661556243896,2.167532205581665,-1.230372428894043,0.42630288004875183,2.5113907789336256,81.90385785397196,38.800000000000004,40.900000000000006
1.503242,6,8,0.5318806767463684,7.81618595123291,-3.700594663619995,-0.25578173995018005,8.664298052523336,86.1071026397397,12.100000000000001,46.7
1.797316,7,0,-0.11562623083591461,0.041063033044338226,-0.026685401797294617,0.0,0.12556953694747655,160.4482196428067,35.2,53.5
1.797316,7,1,-0.8055294156074524,2.105870246887207,-0.7801125645637512,0.0,2.3858211897633703,110.93266062454927,14.8,55.300000000000004
1.797316,7,2,-1.8500198125839233,1.4471704959869385,1.888206958770752,0.0,3.0136690711752725,141.96584929043863,15.100000000000001,62.6
1.797316,7,3,-2.570756673812866,2.0933289527893066,1.5065948963165283,0.0,3.641516739237426,140.84458573307109,11.8,70.60000000000001
1.797316,7,4,-1.2294923067092896,2.703901529312134,-2.1066346168518066,0.0,3.6415167473721968,114.45178952803047,11.8,70.60000000000001
1.797316,7,5,1.4800158739089966,4.729824542999268,3.4303231239318848,0.0,6.027338046697119,72.6245051094356,11.8,68.4
1.797316,7,6,3.7000396251678467,3.9915518760681152,-2.589599370956421,0.0,6.027338094815406,47.170478152572976,11.8,68.4
1.797316,7,7,0.8016752004623413,1.9347392320632935,2.504610061645508,0.17052115499973297,3.2648078938916316,67.49292345068659,28.3,47.400000000000006
1.797316,7,8,0.42396286129951477,2.3365588188171387,-1.4114954471588135,0.25578173995018005,2.7625298222649963,79.71571125009407,29.200000000000003,42.0
1.797316,7,9,0.8633425831794739,1.2379870414733887,-3.1755175590515137,0.42630288004875183,3.5159471126044437,55.1090022203882,14.5,50.7
1.797316,7,10,0.8633425831794739,1.394868016242981,-3.109801769256592,0.596824049949646,3.5159471330980026,58.244889628583046,22.200000000000003,45.800000000000004
1.797316,7,11,0.5550059676170349,2.8490352630615234,-0.8106588125228882,0.6820846199989319,3.013669070183318,78.97656150912086,25.200000000000003,41.300000000000004
2.094413,8,0,-0.11562623083591461,0.04109248146414757,-0.0266400296241045,0.0,0.12556953638751195,160.43526253415172,35.4,53.300000000000004
2.094413,8,1,-0.8787593245506287,2.0933985710144043,-0.7332171201705933,0.0,2.385821215623896,112.77151477306539,14.8,55.300000000000004
2.094413,8,2,-1.8500198125839233,1.4440199136734009,1.8906174898147583,0.0,3.0136690778570645,142.02643295640317,15.100000000000001,62.7
2.094413,8,3,-2.570756673812866,2.0914552211761475,1.5091948509216309,0.0,3.6415167054658313,140.86970552514327,11.700000000000001,70.7
2.094413,8,4,-1.2294923067092896,2.6960906982421875,-2.116621732711792,0.0,3.6415167093936622,114.5143043715411,11.700000000000001,70.7
2.094413,8,5,0.33917027711868286,2.3324778079986572,-1.440861463546753,0.25578173995018005,2.762529811390472,81.72649401773432,32.6,41.1
2.094413,8,6,0.9057388305664062,5.0897393226623535,-2.8469386100769043,0.5115634799003601,5.901768264799784,79.90962184495355,18.2,43.300000000000004
2.397439,9,0,-0.11562623083591461,0.04105479270219803,-0.026698075234889984,0.0,0.12556953644251662,160.45184571124864,35.300000000000004,53.400000000000006
2.397439,9,1,-0.8787593245506287,2.0924625396728516,-0.7358840703964233,0.0,2.3858211993948846,112.7806613492478,14.600000000000001,55.400000000000006
2.397439,9,2,-1.8500198125839233,1.457872748374939,1.8799561262130737,0.0,3.0136690750467974,141.760798418459,15.100000000000001,62.6
2.397439,9,3,-2.570756673812866,2.091888189315796,1.5085945129394531,0.0,3.6415166451663152,140.86389943533777,11.8,70.60000000000001
2.397439,9,4,-1.2294923067092896,2.715773344039917,-2.0913078784942627,0.0,3.6415168310893824,114.35734328420537,11.8,70.60000000000001
2.397439,9,5,1.4800158739089966,4.641853332519531,3.5484578609466553,0.0,6.027337931339125,72.31555568937387,12.700000000000001,68.7
2.397439,9,6,3.7000396251678467,3.990485668182373,-2.5912423133850098,0.0,6.027338203756119,47.16284669513929,12.700000000000001,68.7
2.397439,9,7,0.728445291519165,2.0668234825134277,2.586941719055176,0.25578173995018005,3.3903774581001334,70.5851579156657,27.900000000000002,44.800000000000004
2.397439,9,8,-3.2259719371795654,1.8158466815948486,-1.2035672664642334,0.25578173995018005,3.8926556841613014,150.62555345225732,16.0,55.300000000000004
2.397439,9,9,0.3584413230419159,3.1193978786468506,-2.3007922172546387,0.25578173995018005,3.8926556660395772,83.44505044866432,16.0,55.300000000000004
2.397439,9,10,0.3545871376991272,2.5602762699127197,-1.2885539531707764,0.42630288004875183,2.8880993588746016,82.11494275709501,36.2,40.800000000000004
2.759493,10,0,-0.11562623083591461,0.041082315146923065,-0.02665570192039013,0.0,0.12556953579598837,160.43973541073188,35.2,53.5
2.759493,10,1,-0.8787593245506287,2.1026666164398193,-0.7061994671821594,0.0,2.3858211453970144,112.68132460061346,14.8,55.400000000000006
2.759493,10,2,-1.8500198125839233,1.4655160903930664,1.8740038871765137,0.0,3.013669073953993,141.61505929354033,15.100000000000001,62.6
2.759493,10,3,-2.570756673812866,2.0919642448425293,1.5084892511367798,0.0,3.6415167304913165,140.86287963185896,11.700000000000001,70.60000000000001
2.759493,10,4,-1.2294923067092896,2.7069051265716553,-2.102773904800415,0.0,3.6415168256135826,114.42782950081204,11.700000000000001,70.60000000000001
2.759493,10,5,1.4800158739089966,4.971016883850098,3.0703985691070557,0.0,6.027337987845049,73.42020534861028,13.200000000000001,68.4
2.759493,10,6,3.7000396251678467,3.9773173332214355,-2.6114091873168945,0.0,6.02733808082465,47.06841239526359,13.200000000000001,68.4
2.759493,10,7,0.2659403383731842,2.675668239593506,-1.0541313886642456,0.34104230999946594,2.888099336330152,84.32389305919145,43.7,41.2
2.759493,10,8,0.5010470151901245,3.031934976577759,-1.102403163909912,0.596824049949646,3.2648078885939205,80.61630766011001,20.6,40.800000000000004
3.286017,11,0,-0.11562623083591461,0.04106927663087845,-0.026675786823034286,0.0,0.12556953588721986,160.44547233239084,34.9,53.800000000000004
3.286017,11,1,-0.8787593245506287,2.117565870285034,-0.6601816415786743,0.0,2.385821234996077,112.53774576598843,14.4,55.5
3.286017,11,2,-1.8500198125839233,1.4522784948349,1.884281039237976,0.0,3.013669054216923,141.86783832941614,14.9,62.800000000000004
3.286017,11,3,-2.570756673812866,2.0946853160858154,1.5047085285186768,0.0,3.6415167451455948,140.8264131148279,11.600000000000001,70.7
3.286017,11,4,-1.2294923067092896,2.704237699508667,-2.106203079223633,0.0,3.6415167552315846,114.44910566907487,11.600000000000001,70.7
3.286017,11,5,1.4800158739089966,4.859886646270752,3.2434332370758057,0.0,6.027338082851453,73.06256126147508,12.600000000000001,68.7
3.286017,11,6,3.7000396251678467,3.914620876312256,-2.7044880390167236,0.0,6.027338167570862,46.61416876898711,12.600000000000001,68.7
3.286017,11,7,0.28906556963920593,2.9710164070129395,-0.9717611074447632,0.17052115499973297,3.1392382904509155,84.44288808849886,34.2,40.400000000000006
3.286017,11,8,0.7824041843414307,1.2463796138763428,-3.3309197425842285,0.25578173995018005,3.6415168242229643,57.88180293255579,25.200000000000003,50.1
3.597338,12,0,-0.11562623083591461,0.0410870686173439,-0.026648379862308502,0.0,0.1255695369672614,160.43764399453036,35.1,53.6
3.597338,12,1,-0.8787593245506287,2.1207048892974854,-0.6500276923179626,0.0,2.3858212797179825,112.5077156353933,14.5,55.400000000000006
3.597338,12,2,-1.8500198125839233,1.4539170265197754,1.8830170631408691,0.0,3.013669073909215,141.83645424244574,14.9,62.800000000000004
3.597338,12,3,-2.570756673812866,2.088233232498169,1.5136500597000122,0.0,3.6415167736113743,140.91294237939314,11.600000000000001,70.7
3.597338,12,4,-1.2294923067092896,2.6974170207977295,-2.114931344985962,0.0,3.641516787047776,114.50366787185592,11.600000000000001,70.7
3.597338,12,5,1.4800158739089966,5.001529693603516,3.020439624786377,0.0,6.027337869242105,73.51584834977486,12.8,68.5
3.597338,12,6,3.7000396251678467,4.001514434814453,-2.5741779804229736,0.0,6.02733799240885,47.241679999534504,12.8,68.5
3.597338,12,7,0.19271038472652435,3.0158026218414307,-0.8500673770904541,0.25578173995018005,3.139238329894775,86.34375936656429,31.900000000000002,41.6
3.597338,12,8,-3.4533703327178955,1.853095293045044,-0.8867943286895752,0.34104230999946594,4.018225105864254,151.78177705761573,12.700000000000001,58.300000000000004
3.597338,12,9,0.6166732311248779,2.135331392288208,-3.347567319869995,0.34104230999946594,4.018225104438411,73.89154196443906,12.700000000000001,58.300000000000004
3.597338,12,10,0.8787593245506287,3.048537492752075,-3.5640945434570312,0.42630288004875183,4.771642139756498,73.92005433274406,11.9,53.2
3.597338,12,11,0.6937574148178101,1.8405765295028687,-3.2127737998962402,0.5115634799003601,3.767085982675633,69.3473712039849,23.700000000000003,48.1
3.597338,12,12,0.7515705227851868,7.092387676239014,-3.9688467979431152,-0.42630288004875183,8.162019732047328,83.95102003661897,14.3,45.2
3.893569,13,0,-0.11562623083591461,0.041071414947509766,-0.026672493666410446,0.0,0.1255695357222262,160.44453144926143,35.4,53.300000000000004
3.893569,13,1,-0.8787593245506287,2.0922977924346924,-0.7363524436950684,0.0,2.385821226338525,112.78227192255193,15.100000000000001,55.1
3.893569,13,2,-1.8500198125839233,1.4587512016296387,1.879274606704712,0.0,3.013669096402941,141.74401874112732,14.9,62.800000000000004
3.893569,13,3,-2.570756673812866,2.0948283672332764,1.504509449005127,0.0,3.641516778248363,140.82449705627067,11.5,70.8
3.893569,13,4,-1.2294923067092896,2.7060930728912354,-2.103818655014038,0.0,3.641516714858293,114.43430299440173,11.5,70.8
3.893569,13,5,1.4800158739089966,5.068252086639404,2.907090902328491,0.0,6.027338028943488,73.7212970195925,12.5,68.7
3.893569,13,6,3.7000396251678467,4.0164713859558105,-2.5507779121398926,0.0,6.0273380176554525,47.34821827299847,12.5,68.7
3.893569,13,7,1.6650177240371704,4.184497356414795,0.39070451259613037,0.25578173995018005,4.520503529847455,68.30231708819757,11.5,61.400000000000006
3.893569,13,8,3.05253267288208,3.2477762699127197,-0.7542849183082581,0.25578173995018005,4.520503529078159,46.77500107047385,11.5,61.400000000000006
3.893569,13,9,0.28906556963920593,2.79036283493042,-1.4089478254318237,0.34104230999946594,3.139238383573448,84.0855833664758,27.700000000000003,40.5
3.893569,13,10,1.1948044300079346,1.4358553886413574,-3.4151909351348877,0.34104230999946594,3.8926555776853053,50.23547046375747,17.1,49.7
3.893569,13,11,0.4162544310092926,3.0468196868896484,-1.42768394947052,0.42630288004875183,3.390377473870564,82.22045236894257,27.200000000000003,40.6
3.893569,13,12,0.8633425831794739,2.4621613025665283,-3.055901527404785,0.596824049949646,4.018225085903229,70.67707841884673,21.1,42.900000000000006
4.174281,14,0,-0.11562623083591461,0.04110341891646385,-0.02662315033376217,0.0,0.12556953626432102,160.43045065824415,35.2,53.5
4.174281,14,1,-0.8787593245506287,2.110119581222534,-0.6836081743240356,0.0,2.385821186414875,112.60928702940627,14.9,55.300000000000004
4.174281,14,2,-1.8500198125839233,1.4541897773742676,1.882806420326233,0.0,3.013669064777113,141.83123265209397,15.4,62.400000000000006
4.174281,14,3,-2.570756673812866,2.0989866256713867,1.4987025260925293,0.0,3.641516715932645,140.76884604401337,11.8,70.60000000000001
4.174281,14,4,-1.2294923067092896,2.723689556121826,-2.0809872150421143,0.0,3.6415167059280638,114.2947457157382,11.8,70.60000000000001
4.174281,14,5,1.4800158739089966,5.035133361816406,2.964083194732666,0.0,6.027338064485499,73.61994574732084,12.5,68.9
4.174281,14,6,3.7000396251678467,3.8302526473999023,-2.822707176208496,0.0,6.027338083544437,45.990653864707895,12.5,68.9
4.174281,14,7,0.31219086050987244,3.098080635070801,-1.341302514076233,0.25578173995018005,3.390377440500366,84.2457791510385,32.9,41.800000000000004
4.174281,14,8,0.8903219699859619,2.093228340148926,-3.4636332988739014,0.34104230999946594,4.143794604382608,66.95828266157933,15.5,54.2
4.174281,14,9,0.4470881223678589,3.5398342609405518,-0.7282371520996094,0.5115634799003601,3.6415166804216494,82.80154442300334,34.2,39.6
4.174281,14,10,-3.642226219177246,2.3575339317321777,-0.7011885046958923,0.5115634799003601,4.394933832271929,147.08589477507553,12.5,54.2
4.174281,14,11,0.9442808628082275,2.032284736633301,3.780687093734741,0.5115634799003601,4.394933730939635,65.07853218750746,12.5,54.2
4.174281,14,12,0.8903219699859619,2.6747584342956543,-3.0371084213256836,1.193648099899292,4.143794572003155,71.58942643694604,26.5,40.300000000000004
4.506676,15,0,-0.11562623083591461,0.04108552262187004,-0.02665076218545437,0.0,0.12556953671770096,160.43832419055516,34.6,54.1
4.506676,15,1,-0.8055294156074524,2.0831985473632812,-0.8387783169746399,0.0,2.3858212196583755,111.14044635122433,14.5,56.0
4.506676,15,2,-1.8500198125839233,1.466135859489441,1.8735190629959106,0.0,3.0136690834998743,141.60326753188295,15.0,62.7
4.506676,15,3,-2.570756673812866,2.1007838249206543,1.4961822032928467,0.0,3.6415166813364843,140.74482095875916,11.8,70.7
4.506676,15,4,-1.2294923067092896,2.7163243293762207,-2.0905919075012207,0.0,3.6415166782987685,114.35297655292692,11.8,70.7
4.506676,15,5,1.4800158739089966,4.900647163391113,3.1815109252929688,0.0,6.027337834801903,73.19546495227334,12.8,68.60000000000001
4.506676,15,6,3.7000396251678467,3.919048309326172,-2.698068141937256,0.0,6.02733810045374,46.64649877439247,12.8,68.60000000000001
4.506676,15,7,0.31219086050987244,3.041933059692383,-1.4641852378845215,0.25578173995018005,3.390377307007925,84.14030097205367,33.300000000000004,41.300000000000004
4.506676,15,8,0.7400079369544983,1.3707908391952515,-3.7039780616760254,0.25578173995018005,4.018225074949704,61.638045024285034,16.7,53.0
4.800871,16,0,-0.11562623083591461,0.041072163730859756,-0.02667134627699852,0.0,0.1255695369231022,160.44420197884398,35.5,53.2
4.800871,16,1,-0.8787593245506287,2.0908448696136475,-0.7404674887657166,0.0,2.3858210999975236,112.7964850742943,14.700000000000001,55.0
4.800871,16,2,-1.8500198125839233,1.4673676490783691,1.8725544214248657,0.0,3.013669057098448,141.57984284884446,15.4,62.300000000000004
4.800871,16,3,-2.570756673812866,2.0915708541870117,1.509034514427185,0.0,3.6415166730045967,140.8681547962189,11.8,70.60000000000001
4.800871,16,4,-1.2294923067092896,2.7097012996673584,-2.0991692543029785,0.0,3.6415167202536947,114.40556370285395,11.8,70.60000000000001
4.800871,16,5,1.4800158739089966,5.110592365264893,2.831996440887451,0.0,6.027338148148452,73.84910441262993,12.5,68.7
4.800871,16,6,3.7000396251678467,3.8143203258514404,-2.8441998958587646,0.0,6.027338203852399,45.871304691583674,12.5,68.7
4.800871,16,7,0.3237534463405609,3.172952890396118,-1.4796749353408813,0.42630288004875183,3.5159471345522975,84.17396637436939,34.5,40.900000000000006
4.800871,16,8,0.7631331086158752,2.818115711212158,-2.940558671951294,0.42630288004875183,4.143794590280085,74.84795047150305,12.8,53.7
4.800871,16,9,1.1100119352340698,2.8245368003845215,-3.3503458499908447,0.42630288004875183,4.520503505986849,68.54571845750799,11.4,58.0
4.800871,16,10,2.2662739753723145,4.762165546417236,-0.004555296618491411,0.596824049949646,5.27392066433128,64.55062153313882,13.700000000000001,46.300000000000004
5.101525,17,0,-0.11562623083591461,0.041103266179561615,-0.02662338688969612,0.0,0.1255695364227588,160.43051785208104,34.6,54.1
5.101525,17,1,-0.8787593245506287,2.1128432750701904,-0.6751431822776794,0.0,2.3858212364026854,112.58306889252137,14.200000000000001,55.900000000000006
5.101525,17,2,-1.8500198125839233,1.4566329717636108,1.880916953086853,0.0,3.0136691102029554,141.78449305897507,14.700000000000001,63.0
5.101525,17,3,-2.570756673812866,2.0962605476379395,1.50251305103302,0.0,3.641516665904642,140.80531987194308,11.5,70.9
5.101525,17,4,-1.2294923067092896,2.7144641876220703,-2.0930068492889404,0.0,3.641516830842677,114.3677246587013,11.5,70.9
5.101525,17,5,1.2950139045715332,5.185137748718262,2.786770820617676,0.0,6.027338226187643,75.97697083453693,12.0,69.3
5.101525,17,6,3.7000396251678467,3.8263401985168457,-2.8280086517333984,0.0,6.027338175088329,45.96139323460916,12.0,69.3
5.101525,17,7,0.7631331086158752,2.415519952774048,-3.279317617416382,0.25578173995018005,4.143794495340318,72.46715598181878,24.6,44.0
5.101525,17,8,1.4645988941192627,4.5151214599609375,0.4870299696922302,0.25578173995018005,4.771642265534328,72.02815999342562,20.1,56.7
5.101525,17,9,3.075657606124878,3.648134231567383,-0.004190810024738312,0.25578173995018005,4.7716423424787635,49.866536577066704,20.1,56.7
5.101525,17,10,0.33531609177589417,3.207165241241455,-1.6918327808380127,0.42630288004875183,3.641516706586598,84.03128708494128,34.800000000000004,40.800000000000004
5.101525,17,11,0.3931291997432709,4.210808753967285,-0.5848160982131958,0.596824049949646,4.269364214834289,84.66621724084138,16.0,43.900000000000006
5.101525,17,12,0.46250492334365845,6.637401103973389,-3.5347909927368164,-0.25578173995018005,7.53417225589365,86.01397981130395,11.5,46.300000000000004
5.378456,18,0,-0.11562623083591461,0.04107405245304108,-0.026668434962630272,0.0,0.125569536375633,160.4433709325763,35.5,53.2
5.378456,18,1,-0.8787593245506287,2.12504506111145,-0.6356947422027588,0.0,2.3858210887455655,112.46631916822712,15.0,55.1
5.378456,18,2,-1.8500198125839233,1.4524208307266235,1.8841713666915894,0.0,3.013669078638549,141.8651109869231,14.9,62.7
5.378456,18,3,-2.570756673812866,2.097592353820801,1.5006532669067383,0.0,3.641516687623269,140.78749610682863,11.8,70.60000000000001
5.378456,18,4,-1.2294923067092896,2.70731782913208,-2.1022422313690186,0.0,3.6415166564970094,114.42454077062911,11.8,70.60000000000001
5.378456,18,5,1.2950139045715332,5.135448455810547,2.877309560775757,0.0,6.027337900255146,75.84671567963787,12.200000000000001,69.2
5.378456,18,6,3.515037775039673,4.0109944343566895,-2.8080663681030273,0.0,6.027338022715129,48.770273034753785,12.200000000000001,69.2
5.378456,18,7,0.7400079369544983,1.156241774559021,-3.776456832885742,0.25578173995018005,4.01822510552115,57.38029285137149,24.6,40.900000000000006
5.378456,18,8,1.503141164779663,4.567702770233154,0.9270073175430298,0.25578173995018005,4.897211913449235,71.78464116855001,12.600000000000001,59.2
5.378456,18,9,3.1565961837768555,3.733285903930664,0.2848905920982361,0.25578173995018005,4.897212039251322,49.78455903920274,12.600000000000001,59.2
5.378456,18,10,0.49333858489990234,3.600586414337158,-1.7142133712768555,0.5115634799003601,4.018225101798643,82.19813191335521,23.200000000000003,41.400000000000006
5.693517,19,0,-0.11562623083591461,0.04109364375472069,-0.02663823589682579,0.0,0.1255695362182048,160.4347511767487,35.0,53.7
5.693517,19,1,-0.8787593245506287,2.128380537033081,-0.624436616897583,0.0,2.385821189743356,112.43460346592953,14.9,55.5
5.693517,19,2,-1.8500198125839233,1.4765938520431519,1.8652877807617188,0.0,3.0136690621074615,141.40487234210076,14.700000000000001,63.0
5.693517,19,3,-2.570756673812866,2.0877950191497803,1.5142542123794556,0.0,3.6415166809516264,140.9188269975928,11.5,70.8
5.693517,19,4,-1.2294923067092896,2.7091057300567627,-2.099937915802002,0.0,3.6415167772655628,114.41030300204018,11.5,70.8
5.693517,19,5,1.4800158739089966,5.088403224945068,2.871673345565796,0.0,6.027337900788957,73.78236934869194,12.100000000000001,69.0
5.693517,19,6,3.7000396251678467,3.949536085128784,-2.6532390117645264,0.0,6.027338199329437,46.86808118016736,12.100000000000001,69.0
5.693517,19,7,0.8325088620185852,2.9359283447265625,-3.3349971771240234,0.42630288004875183,4.520503558469293,74.16883863641512,28.900000000000002,42.1
5.693517,19,8,1.503141164779663,4.657450199127197,0.1772221177816391,0.42630288004875183,4.8972117983232195,72.11308201978778,24.200000000000003,47.1
5.693517,19,9,3.1565961837768555,3.6846108436584473,0.6650027632713318,0.42630288004875183,4.897211983547224,49.413424848538135,24.200000000000003,47.1
5.693517,19,10,0.6744863390922546,2.80741286277771,-3.3134491443634033,0.596824049949646,4.394933905759491,76.49061949679482,31.6,40.900000000000006
6.010809,20,0,-0.11562623083591461,0.04111446067690849,-0.02660609595477581,0.0,0.12556953641719,160.4255931839324,35.5,53.2
6.010809,20,1,-0.8787593245506287,2.1222150325775146,-0.6450797915458679,0.0,2.3858211442695194,112.49329552375434,15.3,55.2
6.010809,20,2,-1.8500198125839233,1.4623370170593262,1.8764855861663818,0.0,3.013669028527388,141.67560500252094,14.700000000000001,63.0
6.010809,20,3,-2.570756673812866,2.0914437770843506,1.5092105865478516,0.0,3.641516654253603,140.86985900306004,11.5,70.9
6.010809,20,4,-1.2294923067092896,2.707256317138672,-2.1023216247558594,0.0,3.641516759931319,114.4250308926046,11.5,70.9
6.010809,20,5,1.2950139045715332,5.021848201751709,3.0712838172912598,0.0,6.027338107392487,75.53983550343813,12.100000000000001,69.3
6.010809,20,6,3.7000396251678467,3.978337287902832,-2.6098551750183105,0.0,6.027338122148129,47.07573879467896,12.100000000000001,69.3
6.010809,20,7,0.3584413230419159,3.620997190475464,-1.3829923868179321,0.25578173995018005,3.892655748649192,84.34672698182706,30.900000000000002,41.800000000000004
6.010809,20,8,0.6937574744224548,3.0887503623962402,-3.2269601821899414,0.34104230999946594,4.520503318432502,77.34100601370648,18.8,51.0
6.289788,21,0,-0.11562623083591461,0.04110446572303772,-0.026621533557772636,0.0,0.12556953614895697,160.4299901361381,35.4,53.300000000000004
6.289788,21,1,-0.8787593245506287,2.1400601863861084,-0.5831531286239624,0.0,2.385821268088525,112.32421273866905,15.100000000000001,55.300000000000004
6.289788,21,2,-1.8500198125839233,1.4693827629089355,1.8709735870361328,0.0,3.013669055200621,141.54155458479318,15.100000000000001,62.6
6.289788,21,3,-2.570756673812866,2.0902671813964844,1.510839819908142,0.0,3.6415166794890097,140.88564202163727,11.700000000000001,70.7
6.289788,21,4,-1.2294923067092896,2.7031638622283936,-2.10758113861084,0.0,3.6415167793301486,114.45768072873437,11.700000000000001,70.7
6.289788,21,5,1.4800158739089966,4.875336647033691,3.2201623916625977,0.0,6.027337740463073,73.11317699044554,11.9,69.3
6.289788,21,6,3.7000396251678467,3.9712069034576416,-2.620692253112793,0.0,6.027338167334504,47.02447858103518,11.9,69.3
6.289788,21,7,0.6937574744224548,2.947652816772461,-3.3563363552093506,0.17052115499973297,4.520503322733392,76.75594191718393,25.1,47.1
6.289788,21,8,0.37000396847724915,3.7028114795684814,-1.5160527229309082,0.34104230999946594,4.018224937533893,84.29365339009169,31.200000000000003,41.400000000000006
6.289788,21,9,-0.3006282150745392,3.976590871810913,2.8423638343811035,0.34104230999946594,4.897211906020244,94.32330753284494,14.100000000000001,56.6
6.289788,21,10,1.503141164779663,4.485962390899658,-1.2646713256835938,0.34104230999946594,4.8972120125462855,71.47520300102887,14.100000000000001,56.6
6.289788,21,11,0.9018846154212952,3.9396893978118896,-2.765526294708252,0.8526057600975037,4.89721186977731,77.10586893491329,23.3,43.1
6.59845,22,0,-0.11562623083591461,0.04107047989964485,-0.0266739334911108,0.0,0.125569535733774,160.44494287938394,34.800000000000004,53.900000000000006
6.59845,22,1,-0.8787593245506287,2.1210062503814697,-0.649043619632721,0.0,2.3858212600335094,112.5048365878432,14.700000000000001,55.6
6.59845,22,2,-1.8500198125839233,1.4656243324279785,1.8739192485809326,0.0,3.013669082855671,141.6129995973247,15.0,62.6
6.59845,22,3,-2.570756673812866,2.087258815765381,1.5149931907653809,0.0,3.64151666315138,140.92602882643519,11.600000000000001,70.8
6.59845,22,4,-1.2294923067092896,2.7108983993530273,-2.097623109817505,0.0,3.641516740962836,114.39604289791455,11.600000000000001,70.8
6.59845,22,5,1.4800158739089966,4.911713123321533,3.1643998622894287,0.0,6.027337661131068,73.2311977032601,11.8,69.5
6.59845,22,6,3.7000396251678467,3.994704484939575,-2.584733486175537,0.0,6.0273380811404405,47.193030347736745,11.8,69.5
6.59845,22,7,0.7708415389060974,3.6322991847991943,-3.3823864459991455,0.17052115499973297,5.022781312786248,78.01852663138766,14.5,56.0
6.59845,22,8,0.37000396847724915,3.6896767616271973,-1.5477454662322998,0.25578173995018005,4.018225176644947,84.2734743918545,28.900000000000002,41.5
6.59845,22,9,0.5550059676170349,4.3279900550842285,-1.1812797784805298,0.25578173995018005,4.520503451613052,82.69247635477328,15.4,47.800000000000004
6.59845,22,10,2.5360686779022217,5.326383590698242,-0.16988863050937653,0.5115634799003601,5.901768263925023,64.53932469765896,14.200000000000001,47.300000000000004
6.893669,23,0,-0.11562623083591461,0.04106421768665314,-0.02668357826769352,0.0,0.12556953683399957,160.44769836788586,35.1,53.6
6.893669,23,1,-0.8787593245506287,2.119802713394165,-0.6529632210731506,0.0,2.385821129563607,112.51633873227684,14.8,55.400000000000006
6.893669,23,2,-1.8500198125839233,1.4649626016616821,1.874436616897583,0.0,3.0136690863442315,141.625593252342,14.8,62.900000000000006
6.893669,23,3,-2.570756673812866,2.085923194885254,1.5168317556381226,0.0,3.641516720519889,140.9439741454679,11.5,70.9
6.893669,23,4,-1.2294923067092896,2.708437919616699,-2.100799083709717,0.0,3.6415167288906622,114.41561921957269,11.5,70.9
6.893669,23,5,1.4800158739089966,4.748162746429443,3.4048948287963867,0.0,6.0273381561654045,72.68759451944786,12.4,69.0
6.893669,23,6,3.7000396251678467,3.9903013706207275,-2.5915260314941406,0.0,6.027338171042143,47.16152735017512,12.4,69.0
6.893669,23,7,0.4162544310092926,4.459080219268799,-0.6150496602058411,0.25578173995018005,4.520503316858474,84.6669034485864,15.8,41.6
6.893669,23,8,0.7708415389060974,4.239736557006836,-2.5804591178894043,0.5115634799003601,5.0227813022290615,79.69541062671712,22.1,41.2
7.198999,24,0,-0.11562623083591461,0.04110918939113617,-0.026614241302013397,0.0,0.12556953671093285,160.42791208335245,35.300000000000004,53.300000000000004
7.198999,24,1,-0.8787593245506287,2.11869740486145,-0.6565410494804382,0.0,2.3858211989803837,112.52691193470783,15.100000000000001,55.300000000000004
7.198999,24,2,-1.8500198125839233,1.4735146760940552,1.8677211999893188,0.0,3.0136690741531598,141.46317291931786,14.600000000000001,63.0
7.198999,24,3,-2.570756673812866,2.093662738800049,1.5061309337615967,0.0,3.641516707283751,140.84011278156987,11.4,70.9
7.198999,24,4,-1.2294923067092896,2.7040538787841797,-2.1064391136169434,0.0,3.641516778898654,114.45057315747466,11.4,70.9
7.198999,24,5,1.2950139045715332,5.028700351715088,3.060051918029785,0.0,6.027338216942105,75.55871457384289,12.9,68.4
7.198999,24,6,3.7000396251678467,4.039939880371094,-2.5134429931640625,0.0,6.027337981622613,47.514521561828644,12.9,68.4
7.503585,25,0,-0.11562623083591461,0.04108792543411255,-0.026647057384252548,0.0,0.12556953667605472,160.43726702089182,35.1,53.6
7.503585,25,1,-0.8787593245506287,2.1225292682647705,-0.6440455317497253,0.0,2.3858212615558707,112.49029714007385,15.100000000000001,55.400000000000006
7.503585,25,2,-1.8500198125839233,1.4635539054870605,1.8755366802215576,0.0,3.013669056163265,141.65241730211383,14.600000000000001,63.1
7.503585,25,3,-2.570756673812866,2.096587657928467,1.5020568370819092,0.0,3.6415167753500564,140.80094126704347,11.5,70.9
7.503585,25,4,-1.2294923067092896,2.7062952518463135,-2.1035585403442383,0.0,3.641516697075329,114.43269097208447,11.5,70.9
7.503585,25,5,1.4800158739089966,4.6616950035095215,3.522350788116455,0.0,6.027337917133306,72.38616383519042,12.600000000000001,68.7
7.503585,25,6,3.7000396251678467,3.9349312782287598,-2.6748509407043457,0.0,6.027338131147295,46.76216214201822,12.600000000000001,68.7
7.503585,25,7,3.1488876342773438,3.4820616245269775,2.6672539710998535,0.25578173995018005,5.399489812626389,47.87642427609439,20.3,48.6
7.503585,25,8,1.4915783405303955,5.120063781738281,-0.8453589677810669,0.25578173995018005,5.399489870294729,73.75808828631865,20.3,48.6
7.503585,25,9,2.4551303386688232,5.630845069885254,0.3524048924446106,0.42630288004875183,6.152907474448324,66.44209817096099,14.8,49.0
7.503585,25,10,0.8787593245506287,3.5367507934570312,-3.0802183151245117,-0.34104230999946594,4.771642169560926,76.04655371262906,11.8,46.2
7.503585,25,11,-0.8787593245506287,4.610714912414551,0.858871340751648,-0.34104230999946594,4.771642268025876,100.79062824622844,11.8,46.2
7.796685,26,0,-0.11562623083591461,0.04113972559571266,-0.026567015796899796,0.0,0.12556953694174183,160.41447978132615,34.9,53.7
7.796685,26,1,-0.8787593245506287,2.1282689571380615,-0.62481689453125,0.0,2.385821212097395,112.43566306141662,15.0,55.5
7.796685,26,2,-1.8500198125839233,1.4651914834976196,1.8742576837539673,0.0,3.0136690686566427,141.62123681725458,14.700000000000001,63.0
7.796685,26,3,-2.570756673812866,2.0920205116271973,1.508411169052124,0.0,3.641516710375432,140.86212518810868,11.5,70.8
7.796685,26,4,-1.2294923067092896,2.7060585021972656,-2.10386323928833,0.0,3.6415167827706387,114.43457865499941,11.5,70.8
7.796685,26,5,1.2950139045715332,5.009694576263428,3.091068983078003,0.0,6.027338402530896,75.5062306907492,12.200000000000001,69.10000000000001
7.796685,26,6,3.7000396251678467,3.9776904582977295,-2.6108410358428955,0.0,6.027338179021169,47.07109281010397,12.200000000000001,69.10000000000001
7.796685,26,7,0.28521138429641724,4.334518909454346,-1.6482096910476685,0.17052115499973297,4.646073061824687,86.23536409404369,26.1,45.6
7.796685,26,8,3.2221179008483887,3.111440658569336,3.2346835136413574,0.34104230999946594,5.5250596532697465,43.99887346860844,19.0,47.7
7.796685,26,9,-0.33917027711868286,2.5074737071990967,4.9116010665893555,0.34104230999946594,5.525059810219003,97.70328809158792,19.0,47.7
7.796685,26,10,2.7519044876098633,5.782573223114014,0.02604483999311924,0.5115634799003601,6.404046355492187,64.55040179047379,23.5,47.900000000000006
8.100159,27,0,-0.11562623083591461,0.04110917076468468,-0.026614269241690636,0.0,0.12556953653474004,160.42792027746165,35.4,53.300000000000004
8.100159,27,1,-0.8787593245506287,2.125344753265381,-0.6346928477287292,0.0,2.3858213012871192,112.46346603945092,15.3,55.1
8.100159,27,2,-1.8500198125839233,1.465190052986145,1.8742587566375732,0.0,3.0136690404148925,141.6212640433447,14.700000000000001,62.900000000000006
8.100159,27,3,-2.570756673812866,2.093203067779541,1.5067696571350098,0.0,3.641516683825275,140.84627282247786,11.600000000000001,70.8
8.100159,27,4,-1.2294923067092896,2.704965114593506,-2.105268716812134,0.0,3.641516713323309,114.44330014752683,11.600000000000001,70.8
8.100159,27,5,1.2950139045715332,5.147772789001465,2.8552024364471436,0.0,6.027338272679843,75.879243160591,12.200000000000001,69.10000000000001
8.100159,27,6,3.7000396251678467,3.9765517711639404,-2.612575054168701,0.0,6.027338187809265,47.06291199073245,12.200000000000001,69.10000000000001
8.100159,27,7,0.4740675687789917,5.056748390197754,-0.8426588773727417,-0.25578173995018005,5.148351029713368,84.64420407908491,15.0,44.1
8.413234,28,0,-0.11562623083591461,0.041108254343271255,-0.026615682989358902,0.0,0.12556953616805847,160.42832342866396,35.4,53.2
8.413234,28,1,-0.8787593245506287,2.132383108139038,-0.6106281876564026,0.0,2.3858211278136348,112.39665655065723,15.8,54.800000000000004
8.413234,28,2,-1.8500198125839233,1.4591174125671387,1.8789901733398438,0.0,3.0136690266380235,141.7370258913779,15.0,62.7
8.413234,28,3,-2.570756673812866,2.087918996810913,1.5140832662582397,0.0,3.6415166826969916,140.91716204410466,11.5,70.9
8.413234,28,4,-1.2294923067092896,2.7068233489990234,-2.102879047393799,0.0,3.64151675307302,114.42848126584926,11.5,70.9
8.413234,28,5,1.2950139045715332,5.134886264801025,2.8783130645751953,0.0,6.0273380578145845,75.84522839369971,12.4,68.8
8.413234,28,6,3.7000396251678467,3.9645588397979736,-2.6307382583618164,0.0,6.027338036483522,46.97659691725074,12.4,68.8
8.413234,28,7,2.80586314201355,5.8915019035339355,0.230702206492424,0.34104230999946594,6.529616080531428,64.53359463163389,19.400000000000002,46.1
8.413234,28,8,0.14260569214820862,4.54182243347168,-0.968250036239624,-0.17052115499973297,4.6460731304293645,88.20159837689623,29.0,45.7
8.694937,29,0,-0.11562623083591461,0.04111699387431145,-0.026602184399962425,0.0,0.1255695371395068,160.42447882491558,35.4,53.300000000000004
8.694937,29,1,-0.8787593245506287,2.1209557056427,-0.6492085456848145,0.0,2.3858211985757007,112.50531941733473,15.100000000000001,55.1
8.694937,29,2,-1.8500198125839233,1.4746923446655273,1.8667914867401123,0.0,3.0136690716356904,141.4408639773101,14.9,62.7
8.694937,29,3,-2.570756673812866,2.08671498298645,1.515742301940918,0.0,3.641516720003725,140.93333462862975,11.700000000000001,70.7
8.694937,29,4,-1.2294923067092896,2.705533027648926,-2.104538917541504,0.0,3.641516765223422,114.43876941498117,11.700000000000001,70.7
8.694937,29,5,1.2950139045715332,5.076044082641602,2.9808590412139893,0.0,6.027338149261381,75.68784915388561,12.5,68.8
8.694937,29,6,3.7000396251678467,3.953049659729004,-2.648000955581665,0.0,6.027338044349033,46.89350062090586,12.5,68.8
8.694937,29,7,0.14260569214820862,4.526899814605713,-1.0357776880264282,-0.25578173995018005,4.64607293678475,88.19567397989327,22.6,42.2
9.056158,30,0,-0.11562623083591461,0.041129693388938904,-0.026582542806863785,0.0,0.12556953658299086,160.41889251330664,35.2,53.5
9.056158,30,1,-0.8787593245506287,2.1233465671539307,-0.6413456797599792,0.0,2.385821216201216,112.48250216054063,15.200000000000001,55.2
9.056158,30,2,-1.8500198125839233,1.4760528802871704,1.8657158613204956,0.0,3.0136690408105506,141.41510815734,14.9,62.800000000000004
9.056158,30,3,-2.570756673812866,2.085325002670288,1.5176538228988647,0.0,3.64151663031693,140.9520143775147,11.600000000000001,70.8
9.056158,30,4,-1.2294923067092896,2.70839524269104,-2.1008541584014893,0.0,3.6415167606042425,114.41595903032606,11.600000000000001,70.8
9.056158,30,5,1.2950139045715332,5.12255859375,2.900196075439453,0.0,6.027338121876853,75.81253818702193,12.100000000000001,69.2
9.056158,30,6,3.7000396251678467,3.9936227798461914,-2.58640456199646,0.0,6.027338110130768,47.185294526828294,12.100000000000001,69.2
9.056158,30,7,-0.14260569214820862,4.6418986320495605,-0.13577666878700256,-0.25578173995018005,4.646073029714831,91.7596539430786,23.200000000000003,43.5
9.599286,31,0,-0.11562623083591461,0.0411268025636673,-0.02658701315522194,0.0,0.12556953617397423,160.42016410664877,35.6,53.1
9.599286,31,1,-0.8787593245506287,2.1238820552825928,-0.639569878578186,0.0,2.3858211510548317,112.4773977255514,15.200000000000001,55.1
9.599286,31,2,-1.8500198125839233,1.468833327293396,1.871405005455017,0.0,3.0136690834865956,141.5519901345788,14.8,62.900000000000006
9.599286,31,3,-2.570756673812866,2.0890350341796875,1.5125432014465332,0.0,3.6415167425436406,140.90217779834134,11.5,70.8
9.599286,31,4,-1.2294923067092896,2.7011542320251465,-2.1101560592651367,0.0,3.6415167323380597,114.47374368032023,11.5,70.8
9.599286,31,5,1.4800158739089966,4.936704158782959,3.1252694129943848,0.0,6.027338039480268,73.31135487361823,12.3,69.0
9.599286,31,6,3.7000396251678467,3.9180305004119873,-2.6995460987091064,0.0,6.027338166141534,46.63906994772114,12.3,69.0
9.599286,31,7,-0.12333464622497559,3.9601614475250244,0.6693605780601501,-0.5115634799003601,4.018225193898913,91.78383417187457,32.800000000000004,41.0
9.599286,31,8,-0.13104306161403656,4.053633689880371,1.3335496187210083,-0.42630288004875183,4.2693644680820215,91.85157344730204,28.900000000000002,41.300000000000004
9.599286,31,9,-4.278170585632324,1.7913254499435425,0.27276742458343506,-0.42630288004875183,4.646072803486719,157.28030770889052,14.700000000000001,51.6
9.599286,31,10,-0.4509423077106476,4.639603137969971,1.5011389255523682,-0.17052115499973297,4.897211892143602,95.55137796779844,19.5,51.0
9.90484,32,0,-0.11562623083591461,0.041070062667131424,-0.026674581691622734,0.0,0.12556953696349035,160.44512646641067,35.6,53.0
9.90484,32,1,-0.8787593245506287,2.1172373294830322,-0.6612344980239868,0.0,2.385821225745582,112.54089321694005,15.5,54.800000000000004
9.90484,32,2,-1.8500198125839233,1.4715934991836548,1.8692352771759033,0.0,3.0136690686323746,141.49959609071368,14.9,62.7
9.90484,32,3,-2.570756673812866,2.091254234313965,1.509473204612732,0.0,3.6415166488612005,140.8724010783484,11.600000000000001,70.8
9.90484,32,4,-1.2294923067092896,2.7043673992156982,-2.106036424636841,0.0,3.64151668732894,114.44807034223534,11.600000000000001,70.8
9.90484,32,5,1.4800158739089966,4.939791202545166,3.120387077331543,0.0,6.027337689572645,73.32120473606444,12.200000000000001,69.10000000000001
9.90484,32,6,3.7000396251678467,3.9307966232299805,-2.6809232234954834,0.0,6.02733810660111,46.73210035002877,12.200000000000001,69.10000000000001
9.90484,32,7,-0.12718884646892548,3.923326015472412,1.327543020248413,-0.42630288004875183,4.143794697732865,91.85680026315208,25.700000000000003,41.900000000000006
9.90484,32,8,0.0,5.574090957641602,0.9268882870674133,-0.42630288004875183,5.650629336699111,90.0,11.3,46.6
9.90484,32,9,5.376619815826416,1.4475007057189941,0.9624499678611755,-0.42630288004875183,5.650629069194885,15.067983564748742,11.3,46.6
9.90484,32,10,-0.11562623083591461,3.751854419708252,0.31805020570755005,-0.34104230999946594,3.7670860018444334,91.7652067736815,30.900000000000002,40.5
9.90484,32,11,-6.212982654571533,1.8845398426055908,0.6951537728309631,-0.25578173995018005,6.529615811995049,163.12624850384103,13.5,50.7
10.21103,33,0,-0.11562623083591461,0.041121575981378555,-0.02659509889781475,0.0,0.12556953672725343,160.42246318526287,35.800000000000004,52.900000000000006
10.21103,33,1,-0.8787593245506287,2.107900857925415,-0.6904191374778748,0.0,2.385821150615249,112.63068701509212,15.4,54.800000000000004
10.21103,33,2,-1.8500198125839233,1.4765750169754028,1.8653026819229126,0.0,3.0136690566314304,141.40522867446785,15.100000000000001,62.5
10.21103,33,3,-1.2294923067092896,2.66776180267334,-2.152217388153076,0.0,3.6415167243785502,114.74357475328962,11.8,70.7
10.21103,33,4,-2.570756673812866,2.060629367828369,1.5510194301605225,0.0,3.641516791152501,141.28554714317556,11.8,70.7
10.21103,33,5,1.4800158739089966,4.9102783203125,3.166626453399658,0.0,6.0273379916281495,73.22657295520987,12.3,68.9
10.21103,33,6,3.7000396251678467,3.9494993686676025,-2.6532933712005615,0.0,6.027338069544038,46.867815422670624,12.3,68.9
10.21103,33,7,-0.12333464622497559,3.8214237689971924,1.235978126525879,-0.34104230999946594,4.018225104006316,91.84855254002585,32.800000000000004,40.5
10.21103,33,8,-0.42781707644462585,4.534697532653809,0.916233479976654,-0.34104230999946594,4.646072852784844,95.3895049028113,17.8,54.1
10.495222,34,0,-0.11562623083591461,0.04106329753994942,-0.026684990152716637,0.0,0.12556953596165438,160.44810325723356,35.800000000000004,52.900000000000006
10.495222,34,1,-0.8787593245506287,2.1142590045928955,-0.6706961989402771,0.0,2.385821133333292,112.5694639009487,15.3,54.900000000000006
10.495222,34,2,-1.8500198125839233,1.4740735292434692,1.867280125617981,0.0,3.013669050194008,141.45258466446094,15.0,62.6
10.495222,34,3,-2.570756673812866,2.133920907974243,1.44852876663208,0.0,3.641516703957798,140.3047817573242,11.5,70.7
10.495222,34,4,-1.2294923067092896,2.765120029449463,-2.0256121158599854,0.0,3.6415167929639836,113.97200616865982,11.5,70.7
10.495222,34,5,1.4800158739089966,4.944303035736084,3.1132335662841797,0.0,6.027337947589316,73.33558038460622,12.5,68.8
10.495222,34,6,3.7000396251678467,3.9388039112091064,-2.669145345687866,0.0,6.027338247947893,46.790288460038404,12.5,68.8
10.495222,34,7,0.0,3.7513906955718994,1.4398618936538696,-0.596824049949646,4.018225282835686,90.0,22.400000000000002,40.5
10.495222,34,8,0.0,3.8783833980560303,1.4591691493988037,-0.42630288004875183,4.143794443366354,90.0,25.8,40.6
10.495222,34,9,-0.34687870740890503,5.269269943237305,2.0109901428222656,-0.42630288004875183,5.650629339010484,93.76637571395692,12.9,52.900000000000006
10.495222,34,10,2.9484689235687256,3.2983174324035645,-3.515286922454834,-0.42630288004875183,5.650629082264181,48.20547626913164,12.9,52.900000000000006
10.495222,34,11,-0.28521138429641724,3.655383586883545,2.853562355041504,-0.34104230999946594,4.646072837902985,94.46146544292293,13.8,50.900000000000006
10.495222,34,12,-1.9964796304702759,3.822390556335449,-1.7289856672286987,-0.34104230999946594,4.646072741308235,117.57859574744944,13.8,50.900000000000006
10.802502,35,0,-0.11562623083591461,0.041088078171014786,-0.026646822690963745,0.0,0.12556953684963282,160.43719982142832,35.2,53.5
10.802502,35,1,-0.8787593245506287,2.1187732219696045,-0.6562961935997009,0.0,2.3858211605972466,112.52618637984922,15.100000000000001,55.2
10.802502,35,2,-1.8500198125839233,1.478461742401123,1.8638075590133667,0.0,3.0136690342060097,141.36955211232993,14.8,62.800000000000004
10.802502,35,3,-2.570756673812866,2.090803623199463,1.5100975036621094,0.0,3.641516735826423,140.87844523935826,11.5,70.8
10.802502,35,4,-1.2294923067092896,2.689805030822754,-2.124603748321533,0.0,3.64151665154488,114.56483057988699,11.5,70.8
10.802502,35,5,1.2950139045715332,5.1440253257751465,2.861948013305664,0.0,6.027338052251089,75.86936802886311,12.4,68.9
10.802502,35,6,3.7000396251678467,3.9907050132751465,-2.5909042358398438,0.0,6.02733809322859,47.16441685212512,12.4,68.9
10.802502,35,7,-0.42781707644462585,3.4708847999572754,3.0587453842163086,-0.596824049949646,4.646072757817795,97.02676649266111,23.8,40.900000000000006
10.802502,35,8,-2.139085292816162,3.8158023357391357,-1.5652347803115845,-0.596824049949646,4.646072887167366,119.27437886994701,23.8,40.900000000000006
10.802502,35,9,0.0,4.34421968460083,2.2606279850006104,-0.42630288004875183,4.897211814353271,90.0,15.700000000000001,47.1
10.802502,35,10,-1.653455138206482,4.150777339935303,-2.004948616027832,-0.42630288004875183,4.897211999974447,111.71978126516112,15.700000000000001,47.1
10.802502,35,11,-0.3931291997432709,4.019886493682861,1.3832695484161377,-0.25578173995018005,4.2693644296733515,95.58554181220485,22.200000000000003,49.5
11.100775,36,0,-0.11562623083591461,0.041110824793577194,-0.02661171182990074,0.0,0.12556953603102183,160.42719264381202,35.6,53.1
11.100775,36,1,-0.8787593245506287,2.1155169010162354,-0.6667181849479675,0.0,2.385821210214698,112.55738869458798,15.3,55.0
11.100775,36,2,-1.8500198125839233,1.4705259799957275,1.8700752258300781,0.0,3.013669078558372,141.51985088800657,14.8,62.800000000000004
11.100775,36,3,-2.570756673812866,2.0969560146331787,1.501542329788208,0.0,3.641516685586578,140.79601120271056,11.600000000000001,70.7
11.100775,36,4,-1.2294923067092896,2.7019355297088623,-2.1091556549072266,0.0,3.641516787766819,114.46749642471178,11.600000000000001,70.7
11.100775,36,5,1.4800158739089966,4.915124893188477,3.1590981483459473,0.0,6.0273377882400485,73.24218479452747,12.3,68.9
11.100775,36,6,3.7000396251678467,3.9255106449127197,-2.688657283782959,0.0,6.027338138911277,46.693618774119045,12.3,68.9
11.100775,36,7,-0.13875149190425873,4.043509006500244,2.016366958618164,-1.278908610343933,4.520503597383959,91.96531200218101,19.900000000000002,41.800000000000004
11.100775,36,8,-1.9425207376480103,3.296383857727051,-2.407367706298828,-1.278908610343933,4.520503581129709,120.5103512148268,19.900000000000002,41.800000000000004
11.100775,36,9,-0.40469181537628174,3.6883890628814697,2.3553030490875244,-0.42630288004875183,4.394933651109785,96.26147411502541,24.700000000000003,49.5
11.100775,36,10,-2.023458957672119,3.462550163269043,-1.7977218627929688,-0.42630288004875183,4.39493386554358,120.30133229708213,24.700000000000003,49.5
11.100775,36,11,0.0,3.715775489807129,0.6196370720863342,-0.34104230999946594,3.7670860876485333,90.0,32.800000000000004,40.800000000000004
11.100775,36,12,-0.25437769293785095,3.98125958442688,1.1206684112548828,-0.25578173995018005,4.143794586757386,93.65587395784368,24.200000000000003,49.300000000000004
11.400544,37,0,-0.11562623083591461,0.04111615568399429,-0.02660347893834114,0.0,0.12556953693939238,160.4248475449428,35.6,53.1
11.400544,37,1,-0.8787593245506287,2.1133275032043457,-0.6736257076263428,0.0,2.385821175247567,112.57841376925866,15.100000000000001,55.1
11.400544,37,2,-1.8500198125839233,1.4672578573226929,1.8726404905319214,0.0,3.0136690816358502,141.58193011912024,14.8,62.800000000000004
11.400544,37,3,-2.570756673812866,2.09656023979187,1.5020948648452759,0.0,3.641516675510917,140.80130825743217,11.5,70.7
11.400544,37,4,-1.2294923067092896,2.6995458602905273,-2.112213373184204,0.0,3.6415167880880692,114.48661364867138,11.5,70.7
11.400544,37,5,1.4800158739089966,4.932403087615967,3.1320533752441406,0.0,6.0273381812475355,73.29761254203609,12.3,69.0
11.400544,37,6,3.7000396251678467,3.9321985244750977,-2.6788666248321533,0.0,6.027338123694071,46.742296895760575,12.3,69.0
11.400544,37,7,-0.3931291997432709,3.8063840866088867,1.893241286277771,-0.34104230999946594,4.269364466820192,95.8966886863562,19.8,53.1
11.400544,37,8,-0.10791782289743423,3.4478402137756348,0.6801735162734985,-0.25578173995018005,3.5159471566659235,91.79277964034304,28.8,41.5
11.400544,37,9,4.50942325592041,1.8461500406265259,0.4894050359725952,-0.25578173995018005,4.897211998961908,22.264107401410765,12.4,56.5
11.705879,38,0,-0.11562623083591461,0.04111076891422272,-0.026611799374222755,0.0,0.1255695362895504,160.42721722592265,35.2,53.400000000000006
11.705879,38,1,-0.8787593245506287,2.11191725730896,-0.6780343055725098,0.0,2.385821236332947,112.5919762243026,15.100000000000001,55.2
11.705879,38,2,-1.8500198125839233,1.468664526939392,1.871537446975708,0.0,3.013669061970062,141.55519680250546,14.8,62.800000000000004
11.705879,38,3,-2.570756673812866,2.0786452293395996,1.5267901420593262,0.0,3.641516717426848,141.04192087575973,11.700000000000001,70.7
11.705879,38,4,-1.2294923067092896,2.6864116191864014,-2.1288928985595703,0.0,3.6415166748889676,114.59218919136835,11.700000000000001,70.7
11.705879,38,5,1.4800158739089966,4.98535680770874,3.0470592975616455,0.0,6.027337708312631,73.46528812956707,12.5,68.8
11.705879,38,6,3.7000396251678467,3.9579248428344727,-2.6407086849212646,0.0,6.027338106324972,46.928730935407394,12.5,68.8
11.705879,38,7,-0.9442808628082275,4.086808681488037,-1.3121633529663086,-0.34104230999946594,4.394933925762665,103.01020501475193,20.200000000000003,47.7
11.705879,38,8,-0.3584413230419159,3.510622501373291,1.6431124210357666,-0.25578173995018005,3.8926557717546153,95.82980732099689,26.700000000000003,44.5
12.003807,39,0,-0.11562623083591461,0.041107628494501114,-0.026616651564836502,0.0,0.1255695365854555,160.4285987525954,35.1,53.5
12.003807,39,1,-0.8787593245506287,2.114264726638794,-0.6706779599189758,0.0,2.3858210768443575,112.56940894429383,15.0,55.2
12.003807,39,2,-1.8500198125839233,1.4652347564697266,1.8742238283157349,0.0,3.0136690523590084,141.62041323771513,14.9,62.800000000000004
12.003807,39,3,-1.2294923067092896,2.6501243114471436,-2.173898458480835,0.0,3.6415168139342535,114.88835806587677,11.8,70.7
12.003807,39,4,-2.570756673812866,2.042731761932373,1.5745161771774292,0.0,3.6415167333618217,141.52922990993818,11.8,70.7
12.003807,39,5,1.2950139045715332,5.16868782043457,2.8171639442443848,0.0,6.027338341829904,75.93411002581358,12.700000000000001,68.5
12.003807,39,6,3.7000396251678467,3.9488635063171387,-2.6542396545410156,0.0,6.027338082692352,46.863212568579,12.700000000000001,68.5
12.003807,39,7,-0.3584413230419159,3.3513402938842773,1.9475126266479492,-0.25578173995018005,3.8926555689438525,96.10484048699588,30.1,42.6
12.003807,39,8,-1.4838699102401733,3.9653825759887695,-1.1786919832229614,-0.17052115499973297,4.394933864779491,110.51615013818753,14.200000000000001,56.300000000000004
12.003807,39,9,-0.13489727675914764,3.5385334491729736,2.6030800342559814,-0.17052115499973297,4.394933663997119,92.1831936176797,14.200000000000001,56.300000000000004
12.304382,40,0,-0.11562623083591461,0.04111054167151451,-0.02661215327680111,0.0,0.12556953689439768,160.42731719324988,35.5,53.2
12.304382,40,1,-0.8787593245506287,2.1153907775878906,-0.6671178936958313,0.0,2.3858211115835446,112.55859886699477,15.200000000000001,55.0
12.304382,40,2,-1.8500198125839233,1.4632033109664917,1.8758102655410767,0.0,3.013669090740661,141.65909632747244,14.700000000000001,62.900000000000006
12.304382,40,3,-2.570756673812866,2.0940005779266357,1.505661129951477,0.0,3.641516680527117,140.83558609476174,11.5,70.8
12.304382,40,4,-1.2294923067092896,2.71242094039917,-2.095654010772705,0.0,3.641516775059669,114.38394385514839,11.5,70.8
12.304382,40,5,1.2950139045715332,5.235182285308838,2.6915817260742188,0.0,6.027338281661462,76.1058034554151,12.9,68.4
12.304382,40,6,3.7000396251678467,4.043889045715332,-2.507084369659424,0.0,6.027338042491002,47.54240312462471,12.9,68.4
12.304382,40,7,-0.24666929244995117,3.467735528945923,2.014968156814575,-0.42630288004875183,4.018224995135084,94.06874867229809,30.0,40.900000000000006
12.304382,40,8,-1.7266851663589478,3.0165507793426514,-2.0162127017974854,-0.42630288004875183,4.018225221035563,119.78698640637137,30.0,40.900000000000006
12.304382,40,9,-0.4779217541217804,3.2704343795776367,2.0563602447509766,-0.25578173995018005,3.8926556090127593,98.31401408953671,27.900000000000002,44.5
12.61665,41,0,-0.11562623083591461,0.04109412059187889,-0.026637500151991844,0.0,0.1255695361896645,160.43454139003464,35.0,53.6
12.61665,41,1,-0.8787593245506287,2.109703779220581,-0.6848905682563782,0.0,2.3858212583990497,112.61329459409319,15.200000000000001,55.2
12.61665,41,2,-1.8500198125839233,1.4603261947631836,1.8780509233474731,0.0,3.0136690549479503,141.71395357694578,14.9,62.800000000000004
12.61665,41,3,-2.570756673812866,2.082470655441284,1.5215682983398438,0.0,3.641516716045699,140.99040454326396,11.700000000000001,70.8
12.61665,41,4,-1.2294923067092896,2.692016124725342,-2.1218016147613525,0.0,3.641516749987903,114.54703483930255,11.700000000000001,70.8
12.61665,41,5,1.2950139045715332,5.200336933135986,2.7583043575286865,0.0,6.027338397662234,76.0163458875807,13.0,68.3
12.61665,41,6,3.7000396251678467,4.0561203956604,-2.4872472286224365,0.0,6.0273381080037725,47.62857004248039,13.0,68.3
12.61665,41,7,-0.3584413230419159,3.518991470336914,1.6251111030578613,-0.42630288004875183,3.892655552145596,95.81603785923069,38.900000000000006,40.6
12.61665,41,8,-4.162544250488281,3.639780282974243,-3.9247753620147705,-0.34104230999946594,6.780754883335578,138.8331486198188,11.3,47.900000000000006
12.899932,42,0,-0.11562623083591461,0.04111965373158455,-0.026598067954182625,0.0,0.1255695361113552,160.42330876453724,35.5,53.2
12.899932,42,1,-0.8787593245506287,2.108128786087036,-0.6897230744361877,0.0,2.38582121053175,112.62848683814155,15.100000000000001,55.2
12.899932,42,2,-1.8500198125839233,1.4591583013534546,1.8789584636688232,0.0,3.013669053422167,141.73624519774498,14.8,62.800000000000004
12.899932,42,3,-2.570756673812866,2.119554042816162,1.4694710969924927,0.0,3.641516788546779,140.4948810759162,11.600000000000001,70.8
12.899932,42,4,-1.2294923067092896,2.7239878177642822,-2.080596685409546,0.0,3.6415166525669953,114.29239311479026,11.600000000000001,70.8
12.899932,42,5,1.4800158739089966,5.019989013671875,2.989659547805786,0.0,6.0273377950962095,73.57319031861824,12.700000000000001,68.60000000000001
12.899932,42,6,3.7000396251678467,3.9860126972198486,-2.5981173515319824,0.0,6.027338071034479,47.13080718534309,12.700000000000001,68.60000000000001
12.899932,42,7,-0.4470881223678589,3.0804738998413086,1.889824628829956,-0.25578173995018005,3.6415167670214315,98.2580272733484,32.7,42.0
13.18088,43,0,-0.11562623083591461,0.0410943329334259,-0.026637176051735878,0.0,0.12556953692904435,160.43444796956422,35.0,53.7
13.18088,43,1,-0.8787593245506287,2.1079113483428955,-0.6903877258300781,0.0,2.3858213292143793,112.63058574281875,14.9,55.5
13.18088,43,2,-1.8500198125839233,1.4605540037155151,1.8778737783432007,0.0,3.0136690647965056,141.70960697486012,14.8,62.800000000000004
13.18088,43,3,-1.2294923067092896,2.674499034881592,-2.1438395977020264,0.0,3.6415168049200433,114.68868571989108,11.700000000000001,70.7
13.18088,43,4,-2.570756673812866,2.076352119445801,1.529906988143921,0.0,3.6415166335267597,141.07283773441253,11.700000000000001,70.7
13.18088,43,5,1.4800158739089966,5.031454086303711,2.9703240394592285,0.0,6.027337895704397,73.60861047285566,12.700000000000001,68.60000000000001
13.18088,43,6,3.7000396251678467,4.014675140380859,-2.5536046028137207,0.0,6.027338233259829,47.33544629579735,12.700000000000001,68.60000000000001
13.18088,43,7,-0.46250492334365845,2.880812406539917,2.3828442096710205,-0.25578173995018005,3.7670860692787658,99.12081601177286,30.200000000000003,44.6
13.494218,44,0,-0.11562623083591461,0.04110271483659744,-0.02662423811852932,0.0,0.12556953643161628,160.43076040590967,35.4,53.300000000000004
13.494218,44,1,-0.8787593245506287,2.107499837875366,-0.6916422843933105,0.0,2.3858211514466396,112.63455902188028,15.100000000000001,55.2
13.494218,44,2,-1.8500198125839233,1.4631015062332153,1.8758896589279175,0.0,3.013669082193275,141.66103599641127,14.700000000000001,62.900000000000006
13.494218,44,3,-2.570756673812866,2.0909600257873535,1.5098809003829956,0.0,3.6415167222924305,140.87634725430368,11.600000000000001,70.7
13.494218,44,4,-1.2294923067092896,2.700277090072632,-2.1112782955169678,0.0,3.6415166808006636,114.4807608747111,11.600000000000001,70.7
13.494218,44,5,1.2950139045715332,5.148412227630615,2.8540492057800293,0.0,6.027338247324739,75.88092682765817,12.600000000000001,68.7
13.494218,44,6,3.7000396251678467,3.9688258171081543,-2.6242964267730713,0.0,6.027337996987587,47.00733903360894,12.600000000000001,68.7
13.494218,44,7,-0.43167129158973694,2.8819773197174072,1.9671682119369507,-0.5115634799003601,3.5159471198246854,98.51860723799102,34.800000000000004,41.2
13.494218,44,8,-2.4666929244995117,2.998047351837158,-1.0359883308410645,-0.5115634799003601,4.018225196435934,129.4464033518933,20.0,51.1
13.494218,44,9,-1.1100119352340698,3.8282690048217773,-0.508294403553009,-0.5115634799003601,4.018225139327625,106.16959011558399,20.0,51.1
13.494218,44,10,0.0,3.259896755218506,0.17900718748569489,-0.34104230999946594,3.2648078699757637,90.0,33.2,41.2
13.494218,44,11,-1.2333464622497559,1.2988314628601074,3.596946954727173,-0.25578173995018005,4.018225237586912,133.51859618250543,12.4,54.5
13.494218,44,12,0.37000396847724915,3.6666646003723145,-1.6014994382858276,-0.25578173995018005,4.018225065765008,84.23777554701027,12.4,54.5
13.80093,45,0,-0.11562623083591461,0.04109599068760872,-0.026634618639945984,0.0,0.1255695369825484,160.43371863803497,35.0,53.7
13.80093,45,1,-0.8787593245506287,2.1110451221466064,-0.6807446479797363,0.0,2.385821186505123,112.60037135198769,14.9,55.400000000000006
13.80093,45,2,-1.8500198125839233,1.4643850326538086,1.8748878240585327,0.0,3.0136690567506728,141.63658877649948,14.8,62.900000000000006
13.80093,45,3,-2.570756673812866,2.093431234359741,1.5064527988433838,0.0,3.6415167504886483,140.84321503249592,11.5,70.8
13.80093,45,4,-1.2294923067092896,2.7132370471954346,-2.094597339630127,0.0,3.641516802338929,114.37746320850863,11.5,70.8
13.80093,45,5,1.4800158739089966,5.117233753204346,2.8199775218963623,0.0,6.027337844849681,73.86897492324758,12.3,68.9
13.80093,45,6,3.7000396251678467,4.026327133178711,-2.5351927280426025,0.0,6.027338183601731,47.41818645770948,12.3,68.9
13.80093,45,7,-0.31219086050987244,2.979830265045166,1.58676016330719,-0.34104230999946594,3.3903774653751606,95.98094502753142,37.300000000000004,40.7
13.80093,45,8,-2.389608860015869,2.8869752883911133,-1.052573561668396,-0.25578173995018005,3.892655638811451,129.61525735733576,14.3,55.5
13.80093,45,9,-1.0753239393234253,3.5331461429595947,-1.2301726341247559,-0.25578173995018005,3.8926556425840895,106.92778899601956,14.3,55.5
14.094548,46,0,-0.11562623083591461,0.041087087243795395,-0.026648351922631264,0.0,0.1255695371325859,160.4376357994325,35.0,53.7
14.094548,46,1,-0.8787593245506287,2.1096854209899902,-0.6849468946456909,0.0,2.3858211949991484,112.61347156461883,14.700000000000001,55.6
14.094548,46,2,-1.8500198125839233,1.4574062824249268,1.8803178071975708,0.0,3.013669098469336,141.76971171555007,14.8,62.900000000000006
14.094548,46,3,-2.570756673812866,2.0811893939971924,1.523320198059082,0.0,3.641516661427564,141.00765071315698,11.5,70.8
14.094548,46,4,-1.2294923067092896,2.7159295082092285,-2.091104745864868,0.0,3.6415166461239097,114.35610548495553,11.5,70.8
14.094548,46,5,1.4800158739089966,5.015855312347412,2.996589422225952,0.0,6.027337693113173,73.56038313829063,12.5,68.8
14.094548,46,6,3.7000396251678467,4.018858432769775,-2.54701566696167,0.0,6.027338146993675,47.36518150804968,12.5,68.8
14.094548,46,7,-0.09250099211931229,2.9979724884033203,0.29292434453964233,-0.25578173995018005,3.013668884663714,91.76727291109222,32.300000000000004,41.6
14.094548,46,8,-0.4162544310092926,2.6292927265167236,2.099574327468872,-0.25578173995018005,3.390377611655519,98.99607516907943,34.1,43.6
14.094548,46,9,-1.560954213142395,2.664019823074341,-1.400385856628418,-0.25578173995018005,3.3903775926443567,120.3677186065503,34.1,43.6
14.395698,47,0,-0.11562623083591461,0.041106197983026505,-0.02661885879933834,0.0,0.1255695361690848,160.42922806797117,35.1,53.6
14.395698,47,1,-0.8787593245506287,2.1090924739837646,-0.6867707967758179,0.0,2.385821271932105,112.61918889446005,14.9,55.5
14.395698,47,2,-1.8500198125839233,1.4482189416885376,1.887402892112732,0.0,3.0136690407498343,141.94571054979312,14.700000000000001,63.0
14.395698,47,3,-2.570756673812866,2.0345022678375244,1.5851354598999023,0.0,3.641516686769607,141.64183368481807,11.5,70.8
14.395698,47,4,-1.2294923067092896,2.703078508377075,-2.1076905727386475,0.0,3.6415167588683057,114.45836255870736,11.5,70.8
14.395698,47,5,1.4800158739089966,5.0335612297058105,2.9667515754699707,0.0,6.027337766441635,73.61510411952396,12.4,68.9
14.395698,47,6,3.7000396251678467,4.005425453186035,-2.5680882930755615,0.0,6.027338033483316,47.269579624117796,12.4,68.9
14.395698,47,7,0.0,3.1204214096069336,0.34320202469825745,-0.25578173995018005,3.1392383476394885,90.0,37.0,41.400000000000006
14.700471,48,0,-0.11562623083591461,0.041096653789281845,-0.02663358859717846,0.0,0.12556953552339062,160.43342690727107,35.4,53.300000000000004
14.700471,48,1,-0.8787593245506287,2.1131937503814697,-0.6740450859069824,0.0,2.3858211489907055,112.57969941912792,15.200000000000001,55.2
14.700471,48,2,-1.8500198125839233,1.4510507583618164,1.8852267265319824,0.0,3.0136690960896737,141.89137183486508,14.8,62.900000000000006
14.700471,48,3,-2.570756673812866,2.099364757537842,1.498172640800476,0.0,3.6415166514501047,140.76378978362408,11.700000000000001,70.8
14.700471,48,4,-1.2294923067092896,2.718696355819702,-2.0875062942504883,0.0,3.6415166807169874,114.3341942789688,11.700000000000001,70.8
14.700471,48,5,1.2950139045715332,5.238818168640137,2.6844985485076904,0.0,6.027338490083952,76.11507315845073,12.9,68.4
14.700471,48,6,3.7000396251678467,4.005629062652588,-2.5677711963653564,0.0,6.027338246047159,47.27103128683317,12.9,68.4
14.700471,48,7,0.0,4.147544860839844,1.0125935077667236,-0.5115634799003601,4.269364587927613,90.0,13.200000000000001,49.6
14.700471,48,8,4.062335014343262,1.3006601333618164,-0.18218177556991577,-0.5115634799003601,4.269364443406753,17.753792399307823,13.200000000000001,49.6
14.700471,48,9,-0.28906556963920593,2.6004929542541504,1.7345589399337769,-0.42630288004875183,3.139238319207464,96.34284493551057,42.5,40.300000000000004
14.700471,48,10,-1.4453279972076416,2.5177574157714844,-1.194462776184082,-0.42630288004875183,3.139238243248502,119.85813879480222,42.5,40.300000000000004
14.700471,48,11,-2.1968982219696045,2.0229721069335938,-2.2961182594299316,-0.34104230999946594,3.767086009691323,137.36016618267365,13.5,58.400000000000006
14.700471,48,12,-1.0406360626220703,3.609895706176758,-0.2768876552581787,-0.34104230999946594,3.767086035377654,106.08085197258805,13.5,58.400000000000006
14.992516,49,0,-0.11562623083591461,0.04108927771449089,-0.02664497122168541,0.0,0.12556953648008426,160.43667206173572,35.4,53.300000000000004
14.992516,49,1,-0.8787593245506287,2.112870931625366,-0.6750561594963074,0.0,2.385821104497574,112.58280296747004,15.100000000000001,55.300000000000004
14.992516,49,2,-1.8500198125839233,1.4600434303283691,1.8782707452774048,0.0,3.013669045858059,141.7193494555729,14.700000000000001,62.900000000000006
14.992516,49,3,-2.570756673812866,2.192758798599243,1.3578153848648071,0.0,3.6415166681155466,139.53706839049116,11.600000000000001,70.8
14.992516,49,4,-1.2294923067092896,2.6655960083007812,-2.1548993587493896,0.0,3.6415168073297313,114.76126834514959,11.600000000000001,70.8
14.992516,49,5,1.4800158739089966,5.080051422119141,2.8864223957061768,0.0,6.0273380264285406,73.75711161703632,12.600000000000001,68.7
14.992516,49,6,3.7000396251678467,4.00998592376709,-2.5609617233276367,0.0,6.027338159168745,47.30207507427175,12.600000000000001,68.7
14.992516,49,7,0.27750298380851746,2.9613864421844482,-0.4851624071598053,-0.42630288004875183,3.0136688814960393,84.64661061362854,34.2,40.400000000000006
14.992516,49,8,0.0,3.812297821044922,1.6240133047103882,-0.42630288004875183,4.143794624522337,90.0,13.4,50.900000000000006
14.992516,49,9,3.942854166030884,1.0769360065460205,-0.6820146441459656,-0.42630288004875183,4.143794651235982,15.276921510822966,13.4,50.900000000000006
14.992516,49,10,-0.19271038472652435,2.6894118785858154,1.6077136993408203,-0.25578173995018005,3.1392382649470996,94.09853633927747,32.4,43.300000000000004
15.310568,50,0,-0.11562623083591461,0.04111415892839432,-0.026606565341353416,0.0,0.1255695370739782,160.42572592478385,35.7,53.0
15.310568,50,1,-0.8787593245506287,2.119966983795166,-0.6524295806884766,0.0,2.3858210998781093,112.51476815126148,15.5,55.0
15.310568,50,2,-1.8500198125839233,1.4314197301864624,1.9001750946044922,0.0,3.0136690496926386,142.26972885803488,15.0,62.800000000000004
15.310568,50,3,-1.2294923067092896,2.778872489929199,-2.006704092025757,0.0,3.6415168488550966,113.86665245805538,11.5,70.8
15.310568,50,4,-2.570756673812866,2.025139331817627,1.5970799922943115,0.0,3.641516674548523,141.77037362607265,11.5,70.8
15.310568,50,5,1.2950139045715332,5.170278072357178,2.814244031906128,0.0,6.027338204352757,75.93826468360969,13.0,68.3
15.310568,50,6,3.7000396251678467,3.9855377674102783,-2.5988457202911377,0.0,6.027338019486006,47.12740303479223,13.0,68.3
15.310568,50,7,-0.0886467844247818,2.8218047618865967,0.6088332533836365,-0.17052115499973297,2.8880994264430075,91.79935083611683,37.6,40.400000000000006
15.610683,51,0,-0.11562623083591461,0.041123516857624054,-0.02659209817647934,0.0,0.12556953683711275,160.42160942139645,35.4,53.2
15.610683,51,1,-0.8787593245506287,2.1195240020751953,-0.6538679003715515,0.0,2.38582127934886,112.51900395238401,15.200000000000001,55.300000000000004
15.610683,51,2,-1.8500198125839233,1.4883594512939453,1.8559132814407349,0.0,3.0136690713210674,141.18297440215022,14.8,62.900000000000006
15.610683,51,3,-2.570756673812866,2.0873303413391113,1.5148946046829224,0.0,3.6415166473772533,140.92506807064873,11.5,70.8
15.610683,51,4,-1.2294923067092896,2.7388381958007812,-2.061009168624878,0.0,3.6415168251966676,114.17579654540639,11.5,70.8
15.610683,51,5,1.2950139045715332,5.202652454376221,2.753934144973755,0.0,6.027338288906045,76.02232546926473,13.100000000000001,68.3
15.610683,51,6,3.7000396251678467,3.965136766433716,-2.6298673152923584,0.0,6.027338127264778,46.980762752563166,13.100000000000001,68.3
15.610683,51,7,-2.185335874557495,2.589628219604492,0.11309986561536789,-0.34104230999946594,3.3903773801749737,130.16035562728234,23.400000000000002,51.300000000000004
15.610683,51,8,-0.9365724921226501,3.258315086364746,-0.02957521192729473,-0.34104230999946594,3.390377549505877,106.03680700824299,23.400000000000002,51.300000000000004
15.610683,51,9,-2.1506478786468506,2.779463052749634,1.6739376783370972,-0.34104230999946594,3.8926557143530047,127.73140675285414,11.3,58.2
15.610683,51,10,-0.18500198423862457,2.575453996658325,1.5540308952331543,-0.25578173995018005,3.0136690339874295,94.10865720234742,35.300000000000004,43.6
15.901296,52,0,-0.11562623083591461,0.04108670353889465,-0.02664893865585327,0.0,0.12556953610050753,160.4378046186162,34.9,53.7
15.901296,52,1,-0.8787593245506287,2.131920337677002,-0.6122424602508545,0.0,2.385821264642328,112.4010376821302,15.0,55.6
15.901296,52,2,-1.8500198125839233,1.4666125774383545,1.8731458187103271,0.0,3.0136690291744728,141.5942000857942,14.600000000000001,63.0
15.901296,52,3,1.2950139045715332,5.209843635559082,2.7403056621551514,0.0,6.027338288336624,76.04086399964781,12.8,68.4
15.901296,52,4,3.7000396251678467,4.065433502197266,-2.4719955921173096,0.0,6.0273381352009405,47.69398868834986,12.8,68.4
15.901296,52,5,0.0,2.7855679988861084,0.7627118825912476,-0.6820846199989319,2.888099460244443,90.0,24.8,40.0
15.901296,52,6,-0.7824041843414307,3.4094018936157227,1.0121594667434692,-0.6820846199989319,3.6415167672254207,102.92469808681562,16.2,50.2
15.901296,52,7,-3.353160858154297,1.2042580842971802,0.7528073191642761,-0.6820846199989319,3.641516735378334,160.24469774356496,16.2,50.2
15.901296,52,8,-1.0791782140731812,3.2336766719818115,0.8605771064758301,-0.5115634799003601,3.515947012234379,108.45545356624012,19.400000000000002,52.7
15.901296,52,9,-3.3454525470733643,0.7273341417312622,0.800510048866272,-0.5115634799003601,3.515947103809085,167.73421482330815,19.400000000000002,52.7
15.901296,52,10,-2.1043975353240967,2.4053215980529785,-0.667015016078949,-0.42630288004875183,3.2648078057388106,131.18243260384,17.7,53.0
15.901296,52,11,-0.9018846154212952,3.1315956115722656,0.196685791015625,-0.42630288004875183,3.2648081466358376,106.06614845365797,17.7,53.0
15.901296,52,12,0.0,2.6355793476104736,-0.08532622456550598,-0.34104230999946594,2.636960193508702,90.0,37.2,40.800000000000004
15.901296,52,13,-4.135564804077148,0.9668819308280945,-1.883676290512085,-0.25578173995018005,4.646072888399503,166.84079520950198,11.4,53.300000000000004
16.197431,53,0,-0.11562623083591461,0.041067179292440414,-0.02667902037501335,0.0,0.12556953691293138,160.4463951953214,35.0,53.7
16.197431,53,1,-1.8500198125839233,1.479670524597168,1.862848162651062,0.0,3.0136691001845493,141.34671359222435,14.5,63.0
16.197431,53,2,-2.374191999435425,2.056936025619507,1.5792754888534546,0.0,3.515947174427948,139.09522436520456,12.8,69.2
16.197431,53,3,-1.0791782140731812,2.672407388687134,-2.013826370239258,0.0,3.5159470300774998,111.98996433718425,12.8,69.2
16.197431,53,4,1.4800158739089966,5.049899578094482,2.9388551712036133,0.0,6.027337924255754,73.66528516138946,12.200000000000001,69.0
16.197431,53,5,3.7000396251678467,4.036682605743408,-2.5186710357666016,0.0,6.027338008916807,47.491502508161375,12.200000000000001,69.0
16.197431,53,6,-0.07322994619607925,2.3838388919830322,0.06397128850221634,-0.17052115499973297,2.3858212032135615,91.75953492280388,36.2,41.0
16.197431,53,7,-0.24281509220600128,2.1072916984558105,1.5664998292922974,-0.17052115499973297,2.6369602170978195,96.57298392743185,37.7,41.1
16.197431,53,8,-2.1043975353240967,2.380383014678955,0.7511710524559021,-0.17052115499973297,3.264807840179558,131.4785595545029,18.2,60.900000000000006
16.197431,53,9,-1.002094030380249,3.1071887016296387,-0.012498041614890099,-0.17052115499973297,3.264807846459393,107.87494018991467,18.2,60.900000000000006
16.509767,54,0,-0.11562623083591461,0.04108534753322601,-0.02665102854371071,0.0,0.12556953596188788,160.4384012251655,35.2,53.400000000000006
16.509767,54,1,-1.8500198125839233,1.5376335382461548,1.815299153327942,0.0,3.0136690629472884,140.26852627294758,14.700000000000001,63.1
16.509767,54,2,-1.0791782140731812,2.8185207843780518,-1.803662657737732,0.0,3.515947100372642,110.95125100595979,12.200000000000001,69.60000000000001
16.509767,54,3,-2.482109785079956,1.6900076866149902,1.8289037942886353,0.0,3.515947106367043,145.75001122741855,12.200000000000001,69.60000000000001
16.509767,54,4,1.2950139045715332,5.156493663787842,2.8394222259521484,0.0,6.027338259542833,75.90217171685137,12.0,69.10000000000001
16.509767,54,5,3.7000396251678467,3.9807770252227783,-2.6061322689056396,0.0,6.0273380820545475,47.09325541371046,12.0,69.10000000000001
16.509767,54,6,-0.40469181537628174,1.107310175895691,2.358738660812378,-0.17052115499973297,2.636960250190675,110.07598620454523,42.2,41.0
16.509767,54,7,-1.375952124595642,2.2204136848449707,-0.3606640100479126,-0.17052115499973297,2.6369603161917174,121.78578225573295,42.2,41.0
16.800253,55,0,-0.11562623083591461,0.04111061617732048,-0.026612035930156708,0.0,0.12556953641766433,160.42728441706336,35.4,53.300000000000004
16.800253,55,1,-0.8055294156074524,2.1408302783966064,-0.6783146858215332,0.0,2.3858211863653445,110.6197945047026,15.5,55.1
16.800253,55,2,-1.8500198125839233,1.3803677558898926,1.9375790357589722,0.0,3.0136690210217547,143.2720282030402,14.100000000000001,63.1
16.800253,55,3,1.4800158739089966,5.012678623199463,3.0019004344940186,0.0,6.027337736108609,73.5505278037307,12.4,68.9
16.800253,55,4,3.7000396251678467,3.9870641231536865,-2.596503496170044,0.0,6.027338048888145,47.13834193252689,12.4,68.9
16.800253,55,5,0.0,3.4619297981262207,0.6139435768127441,-0.34104230999946594,3.515947189970845,90.0,16.6,53.7
16.800253,55,6,3.3454525470733643,1.0809739828109741,-0.036419544368982315,-0.34104230999946594,3.5159470814342364,17.9065482836528,16.6,53.7
16.800253,55,7,-0.30833661556243896,1.1734830141067505,2.1988518238067627,-0.25578173995018005,2.5113906896283362,104.72188420925984,38.1,39.800000000000004
16.800253,55,8,-1.310430645942688,2.1375510692596436,-0.14398056268692017,-0.25578173995018005,2.5113907409940133,121.51047614788632,38.1,39.800000000000004
16.800253,55,9,-1.6727261543273926,1.0450993776321411,-3.3559682369232178,-0.25578173995018005,3.892655687796639,148.0033486597993,12.600000000000001,56.5
16.800253,55,10,-2.119814395904541,2.2465739250183105,0.5604549050331116,-0.17052115499973297,3.139238311156384,133.3371275737145,21.900000000000002,56.6
17.087088,56,0,-0.11562623083591461,0.0410919114947319,-0.026640910655260086,0.0,0.12556953678401717,160.43551329714052,35.2,53.5
17.087088,56,1,-0.8787593245506287,2.1376659870147705,-0.5918694138526917,0.0,2.38582128953089,112.3467575496207,15.3,55.400000000000006
17.087088,56,2,-1.8500198125839233,1.5460530519485474,1.808133840560913,0.0,3.0136690813315967,140.1146508578023,14.700000000000001,63.2
17.087088,56,3,-2.374191999435425,1.9782320261001587,1.67681086063385,0.0,3.5159471357816448,140.19815071276304,12.3,69.4
17.087088,56,4,-1.0791782140731812,2.70576810836792,-1.9687755107879639,0.0,3.5159470539058892,111.74426731102398,12.3,69.4
17.087088,56,5,1.2950139045715332,5.200260162353516,2.758448839187622,0.0,6.027338282161551,76.01614754950961,12.4,68.8
17.087088,56,6,3.7000396251678467,4.057926654815674,-2.484299421310425,0.0,6.0273381835101185,47.641270682344675,12.4,68.8
17.087088,56,7,-0.2659403383731842,8.660189628601074,0.021339992061257362,0.42630288004875183,8.66429824406829,91.75890745499615,11.9,47.5
17.087088,56,8,0.0,2.1302402019500732,0.1376378834247589,-0.42630288004875183,2.134682061797011,90.0,34.9,40.800000000000004
17.087088,56,9,-0.5126096606254578,0.8470408916473389,2.1706900596618652,-0.42630288004875183,2.3858210895631085,121.18136135475476,35.7,40.800000000000004
17.087088,56,10,-1.3181389570236206,1.9717918634414673,-0.2582423985004425,-0.42630288004875183,2.385821158247314,123.76264917448643,35.7,40.800000000000004
17.087088,56,11,-0.3237534463405609,1.5123364925384521,2.1357858180999756,-0.42630288004875183,2.636960185796873,102.0832139992941,28.8,46.6
17.087088,56,12,-1.2140754461288452,2.1689538955688477,-0.8804655075073242,-0.42630288004875183,2.636960314435233,119.23799129298487,28.8,46.6
17.087088,56,13,0.10406360775232315,3.377943754196167,0.27078932523727417,-0.42630288004875183,3.390377574789242,88.23545896303983,15.9,55.300000000000004
17.087088,56,14,-1.9425207376480103,2.275148868560791,0.3640204668045044,-0.25578173995018005,3.013668875400645,130.49067986673393,31.3,47.0
17.400997,57,0,-0.11562623083591461,0.04110090434551239,-0.026627032086253166,0.0,0.1255695362461036,160.43155690537338,35.6,53.0
17.400997,57,1,-0.8055294156074524,2.177889108657837,-0.5477803945541382,0.0,2.385821026329762,110.29777310745615,15.8,55.0
17.400997,57,2,-1.8500198125839233,1.4153773784637451,1.9121544361114502,0.0,3.013669029266594,142.58181898037614,14.3,63.1
17.400997,57,3,1.2950139045715332,5.1571364402771,2.838254451751709,0.0,6.027338186094751,75.90385879140239,12.3,68.8
17.400997,57,4,3.7000396251678467,4.003396511077881,-2.5712504386901855,0.0,6.027338191207396,47.255109640766044,12.3,68.8
17.400997,57,5,-1.2449090480804443,2.0336058139801025,0.0824088305234909,-0.25578173995018005,2.3858211081291243,121.47364776551125,36.300000000000004,41.300000000000004
17.400997,57,6,-0.3661497235298157,1.7774927616119385,-1.548740267753601,-0.25578173995018005,2.385821148909803,101.63967415678096,36.300000000000004,41.300000000000004
17.400997,57,7,-2.0350217819213867,1.930163860321045,1.102431297302246,-0.17052115499973297,3.013669017303567,136.51481342912302,19.6,55.6
17.693609,58,0,-0.11562623083591461,0.04109623655676842,-0.02663423679769039,0.0,0.1255695364578747,160.433610468078,36.0,52.6
17.693609,58,1,-1.8500198125839233,1.4572906494140625,1.8804073333740234,0.0,3.0136690400953987,141.77192158538807,14.5,63.1
17.693609,58,2,-2.482109785079956,1.643729567527771,1.8706063032150269,0.0,3.5159470726935704,146.48624704679912,12.100000000000001,69.7
17.693609,58,3,-1.1870959997177124,2.797239065170288,-1.7686550617218018,0.0,3.5159471025051974,112.99546063378351,12.100000000000001,69.7
17.693609,58,4,1.2950139045715332,5.0624237060546875,3.0039327144622803,0.0,6.027338263750825,75.65093052822284,12.200000000000001,69.0
17.693609,58,5,3.7000396251678467,4.01468563079834,-2.5535876750946045,0.0,6.02733804895212,47.33552090452671,12.200000000000001,69.0
17.693609,58,6,-0.45865076780319214,0.7065826058387756,1.9614404439926147,-0.25578173995018005,2.134682206093056,122.98805855430541,37.6,40.7
17.693609,58,7,-4.6597371101379395,1.1596769094467163,0.9616051316261292,-0.25578173995018005,4.897211951618009,166.02461427025892,12.4,52.5
17.693609,58,8,0.0,4.89352560043335,-0.1899786740541458,-0.25578173995018005,4.8972119311596005,90.0,12.4,52.5
18.00892,59,0,-0.11562623083591461,0.04110713303089142,-0.026617417111992836,0.0,0.12556953666018453,160.42881671804162,35.4,53.300000000000004
18.00892,59,1,-0.8787593245506287,2.1067426204681396,-0.6939457058906555,0.0,2.385821255271593,112.64187367866752,15.3,55.2
18.00892,59,2,-1.8500198125839233,1.4240925312042236,1.9056726694107056,0.0,3.013669054047513,142.4119486880601,14.3,62.800000000000004
18.00892,59,3,-1.2294923067092896,2.744854211807251,-2.052989959716797,0.0,3.641516682789097,114.1288611775189,11.3,70.5
18.00892,59,4,-2.570756673812866,2.027395009994507,1.5942156314849854,0.0,3.6415167007958495,141.73936468931015,11.3,70.5
18.00892,59,5,1.2950139045715332,5.170231342315674,2.8143298625946045,0.0,6.0273381953884675,75.93814263200913,12.4,68.9
18.00892,59,6,3.7000396251678467,4.132606029510498,-2.3579819202423096,0.0,6.02733809895781,48.16101095076798,12.4,68.9
18.00892,59,7,-3.330035448074341,0.7361007928848267,-2.1248888969421387,-0.5115634799003601,4.018225141410736,167.53526903058975,16.5,49.7
18.00892,59,8,-1.1793875694274902,1.7764588594436646,-0.10053430497646332,-0.34104230999946594,2.1346822397474217,123.58010627293991,39.1,41.0
18.00892,59,9,-0.3931291997432709,0.8468172550201416,1.9196921586990356,-0.34104230999946594,2.134682181323767,114.90276749581233,39.1,41.0
18.00892,59,10,-2.4898180961608887,3.9133670330047607,-1.1202384233474731,-0.25578173995018005,4.771642255253714,122.46591501286215,11.8,53.800000000000004
18.314327,60,0,-0.11562623083591461,0.04107290878891945,-0.026670198887586594,0.0,0.12556953692041128,160.44387414891875,35.4,53.300000000000004
18.314327,60,1,-0.8787593245506287,2.1350176334381104,-0.6013525128364563,0.0,2.3858212611742453,112.37174596146552,15.200000000000001,55.300000000000004
18.314327,60,2,-1.8500198125839233,1.384919285774231,1.9343284368515015,0.0,3.013669065553621,143.1815839544378,14.200000000000001,62.6
18.314327,60,3,-1.2294923067092896,2.7997260093688965,-1.9775052070617676,0.0,3.6415167037582594,113.70855314280175,11.5,70.5
18.314327,60,4,-2.570756673812866,1.9374220371246338,1.7024247646331787,0.0,3.641516731408204,142.9969021122433,11.5,70.5
18.314327,60,5,1.2950139045715332,5.15674352645874,2.838968276977539,0.0,6.0273381926346685,75.90282757028349,11.8,69.4
18.314327,60,6,3.7000396251678467,4.074347019195557,-2.4572763442993164,0.0,6.027338043688354,47.75644712494926,11.8,69.4
18.314327,60,7,-0.27750298380851746,9.001296043395996,-0.7996690273284912,0.34104230999946594,9.04100707444406,91.76582520003522,11.9,46.2
18.314327,60,8,-1.9502291679382324,1.9354368448257446,0.28681278228759766,-0.34104230999946594,2.762529847778959,135.218117971666,16.8,56.6
18.314327,60,9,-1.1793875694274902,1.7616965770721436,0.24967613816261292,-0.25578173995018005,2.1346821877168476,123.80077488131315,43.1,43.6
18.314327,60,10,-0.3931291997432709,0.799222469329834,-1.9399899244308472,-0.25578173995018005,2.134682184791372,116.19209192745726,43.1,43.6
18.314327,60,11,-0.7400079369544983,2.5781729221343994,1.3739043474197388,-0.25578173995018005,3.013668946490563,106.01496368688781,14.9,57.6
18.314327,60,12,4.2473368644714355,1.736093282699585,-1.3094574213027954,-0.25578173995018005,4.771642176938421,22.232223833201346,12.3,53.6
18.607585,61,0,-0.11562623083591461,0.041084203869104385,-0.02665279246866703,0.0,0.1255695361592778,160.43890441049484,34.800000000000004,53.900000000000006
18.607585,61,1,1.4800158739089966,4.9640936851501465,3.0815789699554443,0.0,6.027337890813973,73.39835411545796,12.3,68.9
18.607585,61,2,3.7000396251678467,3.987112522125244,-2.5964293479919434,0.0,6.027338123169631,47.13868871869335,12.3,68.9
18.607585,61,3,-1.0483444929122925,1.6882723569869995,0.29537007212638855,-0.17052115499973297,2.0091125420677454,121.83850184031047,43.2,40.7
18.607585,61,4,-0.24666929244995117,1.0076614618301392,1.720553994178772,-0.17052115499973297,2.009112592260558,103.75515552271322,43.2,40.7
18.607585,61,5,-1.9425207376480103,0.9458659291267395,-1.51179039478302,-0.17052115499973297,2.636960251849383,154.0372955427867,11.700000000000001,59.900000000000006
18.607585,61,6,-0.9712603688240051,2.005545139312744,1.4099652767181396,-0.17052115499973297,2.6369603886710125,115.84032505992651,11.700000000000001,59.900000000000006
18.903598,62,0,-0.11562623083591461,0.04108462482690811,-0.026652144268155098,0.0,0.12556953630789022,160.43871919859146,34.7,53.900000000000006
18.903598,62,1,-1.7729356288909912,1.7370909452438354,1.4765946865081787,0.0,2.888099299619631,135.58508893285787,13.100000000000001,61.2
18.903598,62,2,-1.2294923067092896,2.753187656402588,-2.0418007373809814,0.0,3.6415166970363355,114.06412822997558,12.100000000000001,69.8
18.903598,62,3,-2.570756673812866,2.031111001968384,1.589478611946106,0.0,3.641516721931196,141.68833840117642,12.100000000000001,69.8
18.903598,62,4,1.4800158739089966,4.951167106628418,3.1023056507110596,0.0,6.0273379741985265,73.35740463329617,12.0,69.10000000000001
18.903598,62,5,3.7000396251678467,4.0184478759765625,-2.547663688659668,0.0,6.027338287359334,47.362264716615776,12.0,69.10000000000001
18.903598,62,6,-1.0791782140731812,1.337483286857605,0.3701132833957672,-0.34104230999946594,1.7579735501137663,128.89909840055776,32.2,41.6
18.903598,62,7,-0.43167129158973694,1.0098772048950195,-1.3726904392242432,-0.34104230999946594,1.7579735819650346,113.14425114681863,32.2,41.6
18.903598,62,8,-0.05010470002889633,1.585745930671692,0.38424211740493774,-0.17052115499973297,1.6324039458401973,91.80976851099868,31.200000000000003,43.2
18.903598,62,9,-0.057813115417957306,1.6591758728027344,0.8896781802177429,-0.17052115499973297,1.883542990632441,91.99563407049406,37.2,40.1
18.903598,62,10,-0.7515705227851868,1.2997426986694336,-1.1373411417007446,-0.17052115499973297,1.8835429928911245,120.03845995537009,37.2,40.1
18.903598,62,11,-1.1793875694274902,1.6926449537277222,0.5485129356384277,-0.17052115499973297,2.134682275858094,124.86770291089452,32.300000000000004,45.300000000000004
19.193247,63,0,-0.11562623083591461,0.04107831045985222,-0.02666187658905983,0.0,0.1255695365556729,160.44149742181503,35.300000000000004,53.400000000000006
19.193247,63,1,-1.9425207376480103,1.3120867013931274,1.2077256441116333,0.0,2.6369602878333467,145.96271676863643,14.600000000000001,58.400000000000006
19.193247,63,2,-1.950229287147522,0.515163779258728,2.0669615268707275,0.0,2.888099365581426,165.2029940720895,12.100000000000001,61.0
19.193247,63,3,1.2950139045715332,5.175233364105225,2.805121421813965,0.0,6.02733834931316,75.9511953632662,12.100000000000001,69.2
19.193247,63,4,3.7000396251678467,4.046249866485596,-2.503272771835327,0.0,6.027338200238895,47.55905664043417,12.100000000000001,69.2
19.193247,63,5,-1.171679139137268,1.192468285560608,1.1143252849578857,-0.6820846199989319,2.009112604572919,134.49618215977955,31.200000000000003,40.2
19.193247,63,6,0.05395891144871712,1.7544505596160889,0.09727668762207031,-0.25578173995018005,1.7579735732418333,88.23839797338769,34.800000000000004,40.5
19.485455,64,0,-0.11562623083591461,0.041093166917562485,-0.026638971641659737,0.0,0.12556953625286674,160.4349609640088,33.2,55.5
19.485455,64,1,-0.8787593245506287,2.0200531482696533,-0.9161384105682373,0.0,2.385821087097126,113.50990372381148,11.8,58.6
19.485455,64,2,1.2950139045715332,5.150055885314941,2.8510818481445312,0.0,6.027338080755045,75.88525283854592,12.0,69.2
19.485455,64,3,3.7000396251678467,4.069435119628906,-2.465402841567993,0.0,6.027338267584862,47.7220471890956,12.0,69.2
19.485455,64,4,-1.0252193212509155,1.1195526123046875,0.8865653276443481,-0.7673451900482178,1.7579734891532262,132.48158853215435,34.300000000000004,40.800000000000004
19.485455,64,5,-1.0791782140731812,1.0581474304199219,0.8978694081306458,-0.596824049949646,1.7579735709877269,135.563758854242,32.1,40.800000000000004
19.485455,64,6,0.0,1.615775465965271,0.23240526020526886,-0.25578173995018005,1.6324039210276258,90.0,37.7,42.5
19.79311,65,0,-0.11562623083591461,0.0410945788025856,-0.026636794209480286,0.0,0.12556953639334795,160.43433979862849,28.200000000000003,60.5
19.79311,65,1,1.4800158739089966,4.92429780960083,3.1447806358337402,0.0,6.02733781633127,73.27165556065515,11.8,69.4
19.79311,65,2,3.7000396251678467,4.080084800720215,-2.4477379322052,0.0,6.027338234547363,47.79657351240002,11.8,69.4
19.79311,65,3,-0.24666929244995117,1.0296560525894165,1.7074823379516602,0.08526057749986649,2.009112555554976,103.47215103592421,25.200000000000003,48.5
19.79311,65,4,-0.9866771697998047,1.6928930282592773,-0.4439762234687805,0.08526057749986649,2.0091126224128453,120.2351257057827,25.200000000000003,48.5
19.79311,65,5,0.0,10.434423446655273,1.542643666267395,-0.25578173995018005,10.547840638973659,90.0,12.5,48.800000000000004
19.79311,65,6,0.10020940005779266,1.628412127494812,-0.05454125627875328,-0.08526057749986649,1.6324039725106612,86.47856684892517,21.700000000000003,57.800000000000004
20.092992,66,0,-0.11562623083591461,0.04112621396780014,-0.026587923988699913,0.0,0.12556953625252573,160.42042301600057,26.3,62.400000000000006
20.092992,66,1,1.4800158739089966,4.915389537811279,3.158686399459839,0.0,6.027337809147563,73.24303645826576,12.0,69.3
20.092992,66,2,3.7000396251678467,3.999505043029785,-2.5772993564605713,0.0,6.027338201050691,47.22733437369547,12.0,69.3
20.092992,66,3,-0.9519892930984497,1.2653441429138184,0.39669057726860046,-0.42630288004875183,1.6324040027744624,126.95619387441491,39.300000000000004,42.800000000000004
20.092992,66,4,-0.3507328927516937,0.921270489692688,-1.3011494874954224,-0.42630288004875183,1.6324040143439296,110.84211261844867,39.300000000000004,42.800000000000004
20.092992,66,5,0.1503141075372696,1.6221792697906494,-0.10335719585418701,-0.08526057749986649,1.632403940266652,84.70598525650912,25.3,57.0
20.403335,67,0,-0.11562623083591461,0.04111027345061302,-0.02661256492137909,0.0,0.12556953632230633,160.4274351876318,35.300000000000004,53.400000000000006
20.403335,67,1,-0.8787593245506287,2.1016201972961426,-0.7093076705932617,0.0,2.38582119525546,112.69147372167653,15.0,55.400000000000006
20.403335,67,2,-1.8500198125839233,1.4359427690505981,1.8967593908309937,0.0,3.0136690477966086,142.18220908888625,14.600000000000001,62.7
20.403335,67,3,-1.2294923067092896,2.753667116165161,-2.041154146194458,0.0,3.6415167399633783,114.0604137949105,11.5,70.4
20.403335,67,4,-2.570756673812866,1.9735312461853027,1.6604301929473877,0.0,3.641516700672181,142.4870926957972,11.5,70.4
20.403335,67,5,1.4800158739089966,4.773799896240234,3.368856191635132,0.0,6.027338092083789,72.77505377011849,11.9,69.4
20.403335,67,6,3.7000396251678467,4.10050106048584,-2.4133801460266113,0.0,6.027338210528188,47.93885071071622,11.9,69.4
20.403335,67,7,-0.76313316822052,1.085750937461853,0.3829692602157593,-0.5115634799003601,1.3812649220579618,125.10192960701625,25.8,51.2
20.403335,67,8,0.13875149190425873,1.434712290763855,-0.4392023980617523,-0.25578173995018005,1.5068344568125989,84.47608531629882,36.800000000000004,43.400000000000006
20.696493,68,0,-0.11562623083591461,0.041108693927526474,-0.026615004986524582,0.0,0.1255695363700129,160.42813004694122,28.8,59.900000000000006
20.696493,68,1,-1.6033504009246826,1.1239458322525024,-0.4500516951084137,0.0,2.0091125578854627,144.969611382048,11.8,55.1
20.696493,68,2,-0.9250098466873169,1.694416880607605,0.5566343069076538,0.0,2.009112623369597,118.63084718548959,11.8,55.1
20.696493,68,3,1.4800158739089966,4.834046363830566,3.2818212509155273,0.0,6.0273378831493165,72.9772445655299,11.8,69.4
20.696493,68,4,3.7000396251678467,4.161231994628906,-2.30708909034729,0.0,6.027338136502296,48.357487785997435,11.8,69.4
20.696493,68,5,-0.6937574148178101,1.0449275970458984,-0.05998028442263603,-0.25578173995018005,1.255695292737146,123.58132497057368,26.8,53.800000000000004
20.696493,68,6,-0.23125246167182922,0.4154840111732483,1.1621816158294678,-0.25578173995018005,1.25569533436335,119.09968706129118,26.8,53.800000000000004
21.013605,69,0,-0.11562623083591461,0.04108964279294014,-0.02664441056549549,0.0,0.12556953697674575,160.43651143990635,24.1,64.60000000000001
21.013605,69,1,-1.8500198125839233,1.4143352508544922,1.9129254817962646,0.0,3.013669093923247,142.60218325169274,12.700000000000001,65.7
21.013605,69,2,-2.482109785079956,1.824506402015686,1.6947540044784546,0.0,3.5159470604492395,143.68178000553075,11.8,69.8
21.013605,69,3,-1.1870959997177124,2.691728115081787,-1.925431728363037,0.0,3.515947169491404,113.79826160773298,11.8,69.8
21.013605,69,4,1.4800158739089966,4.8535637855529785,3.252887010574341,0.0,6.027337912463283,73.04176191306875,12.0,69.3
21.013605,69,5,3.7000396251678467,4.049739360809326,-2.4976234436035156,0.0,6.027338134229606,47.58365258189388,12.0,69.3
21.013605,69,6,0.13875149190425873,1.4330447912216187,-0.4446132183074951,0.17052115499973297,1.5068345178043998,84.46969748085802,28.0,45.2
21.295685,70,0,-0.11562623083591461,0.04109581559896469,-0.026634883135557175,0.0,0.12556953578280486,160.43379566824436,25.200000000000003,63.5
21.295685,70,1,-1.8500198125839233,1.3450194597244263,1.9622819423675537,0.0,3.013669038785152,143.98173276570367,13.200000000000001,64.10000000000001
21.295685,70,2,-2.570756673812866,2.0925076007843018,1.5077353715896606,0.0,3.641516701325984,140.85559481056404,11.5,70.7
21.295685,70,3,-1.2294923067092896,2.6619625091552734,-2.159386157989502,0.0,3.641516759775002,114.79100575247747,11.5,70.7
21.295685,70,4,1.4800158739089966,4.890385627746582,3.1972618103027344,0.0,6.027337858351169,73.16219733775446,12.100000000000001,69.10000000000001
21.295685,70,5,3.7000396251678467,3.9947168827056885,-2.584714412689209,0.0,6.027338118601726,47.193118997370725,12.100000000000001,69.10000000000001
21.295685,70,6,-0.15416830778121948,0.8261080384254456,0.9330318570137024,0.08526057749986649,1.2556953470000995,100.570941343035,17.7,64.2
21.295685,70,7,-0.6166732311248779,1.076454758644104,-0.1942419409751892,0.08526057749986649,1.2556952866947229,119.80728519849687,17.7,64.2
21.295685,70,8,0.23125247657299042,1.0119199752807617,-1.0922868251800537,0.42630288004875183,1.5068345140576254,77.12734013573447,35.6,41.5
21.592911,71,0,-0.11562623083591461,0.0410861112177372,-0.026649851351976395,0.0,0.12556953599260817,160.43806522368124,26.1,62.6
21.592911,71,1,-1.8500198125839233,1.5389623641967773,1.8141727447509766,0.0,3.013669061653001,140.2441947927703,12.600000000000001,65.10000000000001
21.592911,71,2,1.4800158739089966,5.045796871185303,2.9458932876586914,0.0,6.027337746846325,73.65271238269771,11.8,69.4
21.592911,71,3,3.7000396251678467,3.9172046184539795,-2.700744152069092,0.0,6.027338071286926,46.63304046605883,11.8,69.4
21.592911,71,4,-0.07708415389060974,1.115006685256958,0.5723538398742676,0.08526057749986649,1.2556953424169253,93.95475703809161,16.6,66.10000000000001
21.592911,71,5,0.3006282150745392,0.5822587609291077,-1.4951053857803345,0.25578173995018005,1.632403964393301,62.69207032006635,36.9,42.5
21.895897,72,0,-0.11562623083591461,0.041090480983257294,-0.026643117889761925,0.0,0.12556953697311857,160.43614266650894,20.700000000000003,68.0
21.895897,72,1,-0.03854207694530487,1.19136643409729,0.39488133788108826,0.0,1.2556953225188459,91.85293824247344,12.4,68.7
21.895897,72,2,-2.570756673812866,2.0720903873443604,1.5356744527816772,0.0,3.6415167820847123,141.13036820387987,12.0,70.5
21.895897,72,3,-1.2294923067092896,2.7417116165161133,-2.057185173034668,0.0,3.6415168208523223,114.15335748247732,12.0,70.5
21.895897,72,4,1.4800158739089966,4.953805923461914,3.098090171813965,0.0,6.027337955270074,73.36577995169665,12.5,68.8
21.895897,72,5,3.7000396251678467,3.9415860176086426,-2.6650350093841553,0.0,6.027338149072389,46.81047632899465,12.5,68.8
21.895897,72,6,0.3006282150745392,1.2409255504608154,-1.017088532447815,0.08526057749986649,1.6324039415298626,76.38182412897187,20.5,58.6
21.895897,72,7,-0.1772935688495636,2.5215158462524414,1.3970117568969727,0.25578173995018005,2.888099205596294,94.02197855294656,11.4,50.2
21.895897,72,8,-1.241054892539978,2.119328498840332,-1.519653558731079,0.25578173995018005,2.8880992834143124,120.35275905521065,11.4,50.2
22.193269,73,0,-0.11562623083591461,0.041073478758335114,-0.026669317856431007,0.0,0.12556953623215691,160.44362335992562,24.6,64.10000000000001
22.193269,73,1,0.3507328927516937,0.5223644375801086,-1.5062750577926636,0.0,1.6324039688247043,56.12127234844071,16.8,61.400000000000006
22.193269,73,2,-2.570756673812866,2.088242769241333,1.513636827468872,0.0,3.6415167423358272,140.91281432462418,11.3,71.2
22.193269,73,3,-1.2294923067092896,2.6974802017211914,-2.1148507595062256,0.0,3.6415167864392974,114.5031614058713,11.3,71.2
22.193269,73,4,1.4800158739089966,4.94361686706543,3.114323139190674,0.0,6.027337997047692,73.33339565972716,13.200000000000001,68.8
22.193269,73,5,3.7000396251678467,4.084041595458984,-2.441129446029663,0.0,6.02733788280734,47.82420875622778,13.200000000000001,68.8
22.193269,73,6,0.0,2.8433263301849365,0.9988470673561096,0.25578173995018005,3.013668874294062,90.0,16.900000000000002,46.7
22.193269,73,7,0.03854207694530487,1.2487518787384033,0.12611158192157745,-0.08526057749986649,1.2556953760537277,88.23215679547116,15.700000000000001,64.7
22.491751,74,0,-0.11562623083591461,0.04106089100241661,-0.026688694953918457,0.0,0.12556953637557106,160.44916220821247,29.900000000000002,58.800000000000004
22.491751,74,1,-2.570756673812866,2.0901553630828857,1.510994553565979,0.0,3.64151669757034,140.8871423360966,11.9,70.5
22.491751,74,2,-1.2294923067092896,2.711728572845459,-2.0965499877929688,0.0,3.64151685927149,114.38944443421134,11.9,70.5
22.491751,74,3,0.24281509220600128,2.610450267791748,-0.28310826420783997,-0.42630288004875183,2.636960382500995,84.68583493666675,18.900000000000002,49.5
22.491751,74,4,-2.4281508922576904,0.6451711058616638,-0.8008724451065063,-0.42630288004875183,2.6369602167536494,165.1200525367714,18.900000000000002,49.5
22.491751,74,5,0.11562623083591461,1.1577454805374146,-0.47225716710090637,-0.25578173995018005,1.25569536705377,84.29667436585444,29.200000000000003,57.800000000000004
22.491751,74,6,0.43167129158973694,0.7805503606796265,1.5148835182189941,-0.08526057749986649,1.7579735616076266,61.05589171245862,23.5,54.300000000000004
22.792508,75,0,-0.11562623083591461,0.04108317568898201,-0.026654379442334175,0.0,0.12556953661405262,160.43935678825994,26.200000000000003,62.5
22.792508,75,1,0.48563018441200256,0.7123270630836487,1.5320653915405273,0.0,1.7579735165154342,55.71572350929895,11.700000000000001,62.1
22.792508,75,2,-2.570756673812866,2.076134443283081,1.5302023887634277,0.0,3.641516641883851,141.07577395514227,12.8,69.60000000000001
22.792508,75,3,-1.2294923067092896,2.7040274143218994,-2.106473207473755,0.0,3.6415168492630205,114.450784443739,12.8,69.60000000000001
22.792508,75,4,1.2950139045715332,4.9747633934021,3.1469786167144775,0.0,6.027338239009434,75.40878943012346,11.700000000000001,68.9
22.792508,75,5,3.7000396251678467,4.133628845214844,-2.3561880588531494,0.0,6.02733795522423,48.168057187391575,11.700000000000001,68.9
22.792508,75,6,0.1734393686056137,0.9098318219184875,-0.6475409269332886,-0.17052115499973297,1.1301258384850117,79.20731200480186,23.1,60.0
23.106886,76,0,-0.11562623083591461,0.041103266179561615,-0.02662338688969612,0.0,0.1255695364227588,160.43051785208104,26.3,62.400000000000006
23.106886,76,1,-1.8500198125839233,1.4873361587524414,1.8567334413528442,0.0,3.013669064168045,141.20221893913717,14.100000000000001,63.6
23.106886,76,2,-2.570756673812866,2.1004605293273926,1.496635913848877,0.0,3.641516630449182,140.74914158292796,12.5,69.8
23.106886,76,3,-1.2294923067092896,2.702833652496338,-2.108004570007324,0.0,3.641516765373433,114.46031873263273,12.5,69.8
23.106886,76,4,1.2950139045715332,5.268500804901123,2.625765562057495,0.0,6.027338262547118,76.1902979789206,11.5,69.0
23.106886,76,5,3.7000396251678467,3.9823861122131348,-2.603672981262207,0.0,6.027338166049346,47.10480189750569,11.5,69.0
23.106886,76,6,0.5395891070365906,1.0510380268096924,1.3017809391021729,0.25578173995018005,1.7579735355352457,62.82463188815617,35.800000000000004,43.0
23.391743,77,0,-0.11562623083591461,0.04106811434030533,-0.026677578687667847,0.0,0.12556953642275387,160.4459837577904,35.1,53.6
23.391743,77,1,-1.8500198125839233,1.475029706954956,1.8665249347686768,0.0,3.013669071989473,141.4344757689414,15.0,62.6
23.391743,77,2,-2.570756673812866,2.099583864212036,1.4978656768798828,0.0,3.6415166984084757,140.7608602915344,12.3,70.10000000000001
23.391743,77,3,-1.2294923067092896,2.702831745147705,-2.1080069541931152,0.0,3.6415167298478877,114.46033397175172,12.3,70.10000000000001
23.391743,77,4,0.2697945535182953,0.7766185998916626,-0.9491286873817444,0.25578173995018005,1.2556953515948108,70.84295395560713,19.900000000000002,61.7
23.391743,77,5,0.5781311392784119,1.326443076133728,1.2058387994766235,0.42630288004875183,1.8835429537840878,66.44998672372583,26.3,48.400000000000006
23.691527,78,0,-0.11562623083591461,0.04108622670173645,-0.026649674400687218,0.0,0.12556953622423447,160.43801441382257,35.2,53.5
23.691527,78,1,-1.8500198125839233,1.4628313779830933,1.8761003017425537,0.0,3.0136690743284125,141.66618320925315,15.200000000000001,62.400000000000006
23.691527,78,2,-2.570756673812866,2.0696053504943848,1.539021611213684,0.0,3.641516676129761,141.1639575459171,12.0,70.5
23.691527,78,3,-1.2294923067092896,2.698796033859253,-2.113171339035034,0.0,3.6415167818851093,114.49261799812851,12.0,70.5
23.691527,78,4,3.7925405502319336,7.403439044952393,-6.068592071533203,0.25578173995018005,10.296702542472264,62.87541561828861,11.3,49.1
23.691527,78,5,-1.8962702751159668,9.825948715209961,-2.4242477416992188,0.25578173995018005,10.296702686945876,100.92299899539638,11.3,49.1
23.691527,78,6,0.3854207694530487,0.5383673310279846,1.0669499635696411,0.34104230999946594,1.255695336220229,54.40087130677667,15.100000000000001,60.400000000000006
23.691527,78,7,0.5550059676170349,1.4098312854766846,1.3194231986999512,0.34104230999946594,2.0091126038296045,68.51200992119855,12.0,55.900000000000006
23.991774,79,0,-0.11562623083591461,0.04111400246620178,-0.02660680189728737,0.0,0.1255695359683731,160.42579475345957,32.800000000000004,55.900000000000006
23.991774,79,1,-1.8500198125839233,1.466015338897705,1.8736133575439453,0.0,3.0136690751314257,141.60556026223858,12.5,65.2
23.991774,79,2,-2.570756673812866,2.06748366355896,1.5418707132339478,0.0,3.641516699311584,141.1926607325831,11.3,71.2
23.991774,79,3,-1.2294923067092896,2.7057650089263916,-2.104240655899048,0.0,3.6415167655423777,114.43691915360884,11.3,71.2
23.991774,79,4,1.2950139045715332,4.984451770782471,3.1316111087799072,0.0,6.027338434576562,75.43594358163604,11.3,69.3
23.991774,79,5,3.515037775039673,4.187305450439453,-2.537673234939575,0.0,6.027337964853514,49.9881879106009,11.3,69.3
23.991774,79,6,0.4663591682910919,0.948247492313385,0.8895103335380554,0.25578173995018005,1.3812649325885187,63.81150286092091,21.900000000000002,57.5
24.296268,80,0,-0.11562623083591461,0.0410701185464859,-0.02667449228465557,0.0,0.12556953624739867,160.44510187883822,34.5,54.2
24.296268,80,1,-0.8055294156074524,2.042904853820801,-0.932633101940155,0.0,2.3858211131616693,111.51960973892695,15.700000000000001,56.0
24.296268,80,2,-2.570756673812866,2.085752010345459,1.5170670747756958,0.0,3.6415166941786774,140.94627482999093,12.200000000000001,70.2
24.296268,80,3,-1.2294923067092896,2.7056195735931396,-2.1044275760650635,0.0,3.641516721391065,114.43807910172121,12.200000000000001,70.2
24.296268,80,4,0.6166732311248779,1.325978398323059,1.3776897192001343,0.08526057749986649,2.0091126273046833,65.05825851590849,28.5,49.0
24.296268,80,5,0.5550059676170349,1.2571284770965576,0.6181800365447998,0.25578173995018005,1.5068344931014028,66.17916159478833,36.300000000000004,43.7
24.296268,80,6,1.1100119352340698,0.532556414604187,-0.8687965273857117,0.25578173995018005,1.5068345088614155,25.630545770570386,36.300000000000004,43.7
24.606535,81,0,-0.11562623083591461,0.04115240275859833,-0.026547374203801155,0.0,0.12556953686003125,160.4089039939138,34.6,54.1
24.606535,81,1,-0.8055294156074524,2.0789268016815186,-0.8493103384971619,0.0,2.3858211033597625,111.18003827629367,14.5,56.1
24.606535,81,2,-1.8500198125839233,1.4378089904785156,1.8953450918197632,0.0,3.0136690291303005,142.14615848492227,11.700000000000001,65.9
24.606535,81,3,-2.570756673812866,2.020876884460449,1.6024702787399292,0.0,3.6415167516221576,141.8290419969276,11.700000000000001,70.60000000000001
24.606535,81,4,-1.2294923067092896,2.694396495819092,-2.1187779903411865,0.0,3.6415167144053817,114.52790370694066,11.700000000000001,70.60000000000001
24.606535,81,5,1.2950139045715332,5.199028491973877,2.760769844055176,0.0,6.027338418011238,76.0129647629316,12.200000000000001,69.2
24.606535,81,6,3.7000396251678467,4.037192344665527,-2.5178539752960205,0.0,6.027338043991902,47.49510614904042,12.200000000000001,69.2
24.606535,81,7,0.6166732311248779,1.4315264225006104,1.2676670551300049,0.08526057749986649,2.0091126237633796,66.69457959456788,26.3,48.0
24.606535,81,8,0.6012564301490784,1.2667639255523682,0.5516793131828308,0.25578173995018005,1.5068344973720038,64.60912834210296,35.800000000000004,42.800000000000004
24.890439,82,0,-0.11562623083591461,0.04113353416323662,-0.026576602831482887,0.0,0.12556953734142987,160.4172030949621,34.800000000000004,53.900000000000006
24.890439,82,1,0.655215322971344,1.4827076196670532,1.3889344930648804,0.0,2.134682184986931,66.15914400076737,24.6,52.400000000000006
24.890439,82,2,-1.2294923067092896,2.6899220943450928,-2.124455690383911,0.0,3.641516742554921,114.56388780056345,12.100000000000001,70.0
24.890439,82,3,-2.570756673812866,2.094284772872925,1.5052658319473267,0.0,3.6415166909776575,140.83177863434514,12.100000000000001,70.0
24.890439,82,4,0.7014657855033875,1.4690717458724976,0.12048548460006714,0.25578173995018005,1.632403992506777,64.47603195143004,38.400000000000006,41.7
25.207234,83,0,-0.11562623083591461,0.0411427803337574,-0.0265622828155756,0.0,0.1255695365098026,160.41313618277843,35.2,53.5
25.207234,83,1,0.6166732311248779,1.332350730895996,1.3715280294418335,0.0,2.0091126099971826,65.1631289113242,27.3,52.2
25.207234,83,2,-2.570756673812866,2.0880191326141357,1.5139451026916504,0.0,3.641516654922796,140.91581733134967,12.100000000000001,70.10000000000001
25.207234,83,3,-1.2294923067092896,2.7068755626678467,-2.102811813354492,0.0,3.641516739822695,114.42806512055633,12.100000000000001,70.10000000000001
25.207234,83,4,1.2950139045715332,4.998547554016113,3.1090621948242188,0.0,6.027338251175163,75.4752744826804,11.8,69.4
25.207234,83,5,3.515037775039673,4.230554580688477,-2.464898109436035,0.0,6.027338161248417,50.277849707716406,11.8,69.4
25.207234,83,6,0.7554247379302979,1.5862265825271606,0.06074220687150955,0.25578173995018005,1.7579735269589458,64.53433636793135,37.800000000000004,42.400000000000006
25.512791,84,0,-0.11562623083591461,0.041098255664110184,-0.02663111872971058,0.0,0.1255695359581643,160.4327221687708,35.5,53.2
25.512791,84,1,-2.570756673812866,2.1035139560699463,1.49234139919281,0.0,3.6415166745573444,140.70835585388735,11.700000000000001,70.7
25.512791,84,2,-1.2294923067092896,2.711671829223633,-2.096623182296753,0.0,3.6415167458363467,114.389895342547,11.700000000000001,70.7
25.512791,84,3,1.4800158739089966,4.959505081176758,3.088958501815796,0.0,6.027337908494991,73.383840538407,12.600000000000001,69.0
25.512791,84,4,3.7000396251678467,3.945925712585449,-2.6586053371429443,0.0,6.027338160062048,46.84193633757109,12.600000000000001,69.0
25.512791,84,5,0.655215322971344,1.3781083822250366,1.4927754402160645,0.08526057749986649,2.1346822591495007,64.57146274799426,35.5,47.7
25.512791,84,6,1.3297016620635986,1.168084740638733,-2.282233476638794,0.25578173995018005,2.888099394636298,41.29789112101397,17.6,54.300000000000004
25.512791,84,7,2.304816246032715,1.6613110303878784,-0.518638014793396,0.25578173995018005,2.888099315822364,35.78405475126828,17.6,54.300000000000004
25.512791,84,8,0.7515705227851868,1.619638442993164,0.5997060537338257,0.34104230999946594,1.8835430145409258,65.10700329224623,34.0,40.6
25.80328,85,0,-0.11562623083591461,0.04114610329270363,-0.026557136327028275,0.0,0.12556953676503874,160.4116746351858,35.6,53.1
25.80328,85,1,0.5896937847137451,0.6593999266624451,1.9427611827850342,0.0,2.1346821862630425,48.1940994332365,27.400000000000002,51.7
25.80328,85,2,-2.570756673812866,2.073655128479004,1.5335606336593628,0.0,3.6415166737130797,141.10923443815236,11.600000000000001,70.8
25.80328,85,3,-1.2294923067092896,2.7227373123168945,-2.08223295211792,0.0,3.6415166992649732,114.30225960299597,11.600000000000001,70.8
25.80328,85,4,1.4800158739089966,4.911414623260498,3.1648635864257812,0.0,6.027337895728389,73.2302357630026,12.8,68.5
25.80328,85,5,3.7000396251678467,4.110363483428955,-2.3965444564819336,0.0,6.027338262086567,48.00730087991695,12.8,68.5
25.80328,85,6,0.7515705227851868,1.6400014162063599,0.5415453910827637,0.17052115499973297,1.8835430195462615,65.37922982677964,39.400000000000006,40.2
26.097619,86,0,-0.11562623083591461,0.041119255125522614,-0.02659868635237217,0.0,0.12556953657264924,160.42348410863744,35.2,53.400000000000006
26.097619,86,1,-1.8500198125839233,1.479811668395996,1.8627359867095947,0.0,3.0136690656170204,141.34404779487733,12.200000000000001,65.5
26.097619,86,2,-2.570756673812866,2.0862960815429688,1.5163187980651855,0.0,3.6415167050531,140.93896314544935,11.4,71.0
26.097619,86,3,-1.2294923067092896,2.682088851928711,-2.134336471557617,0.0,3.641516732862643,114.62712339719194,11.4,71.0
26.097619,86,4,1.4800158739089966,5.011039733886719,3.004635810852051,0.0,6.0273379329077486,73.54543883259082,12.8,68.7
26.097619,86,5,3.7000396251678467,4.030250072479248,-2.528951406478882,0.0,6.027338060111007,47.44598466161807,12.8,68.7
26.097619,86,6,0.30833661556243896,9.541951179504395,-3.1256086826324463,-0.17052115499973297,10.045562872108718,88.14920016992305,13.3,45.5
26.408322,87,0,-0.11562623083591461,0.0410962738096714,-0.026634179055690765,0.0,0.12556953640246624,160.43359407870324,35.300000000000004,53.400000000000006
26.408322,87,1,-0.8787593245506287,2.117340326309204,-0.6609045267105103,0.0,2.3858212006196706,112.53990640825555,15.600000000000001,55.400000000000006
26.408322,87,2,-1.8500198125839233,1.4662467241287231,1.8734322786331177,0.0,3.0136690703519093,141.60115862048852,14.5,63.2
26.408322,87,3,-2.570756673812866,2.0946333408355713,1.5047810077667236,0.0,3.641516797960544,140.8271093086334,12.0,70.10000000000001
26.408322,87,4,-1.2294923067092896,2.682023048400879,-2.1344192028045654,0.0,3.6415167578512873,114.62765590390335,12.0,70.10000000000001
26.408322,87,5,1.4800158739089966,4.97988224029541,3.0559988021850586,0.0,6.027337952461996,73.44810498303067,12.9,68.60000000000001
26.408322,87,6,3.7000396251678467,4.069408893585205,-2.4654459953308105,0.0,6.0273382124197505,47.72186339591517,12.9,68.60000000000001
26.408322,87,7,0.3931291997432709,1.096163272857666,-1.789062261581421,0.17052115499973297,2.1346822396477756,70.27007995449196,33.0,41.400000000000006
26.408322,87,8,1.375952124595642,1.1466742753982544,-1.9353173971176147,0.25578173995018005,2.6369602899219915,39.80673850123621,27.200000000000003,46.800000000000004
26.408322,87,9,0.8016752004623413,1.772373080253601,0.5025377869606018,0.42630288004875183,2.009112662338086,65.66193237342083,32.0,40.400000000000006
26.408322,87,10,2.123668670654297,1.4316401481628418,2.5886447429656982,0.42630288004875183,3.641516681526292,33.9853027794637,14.200000000000001,48.5
26.408322,87,11,2.162210464477539,3.239875555038452,-1.4138906002044678,-0.25578173995018005,4.14379467809138,56.28186284779901,14.8,42.900000000000006
26.690642,88,0,-0.11562623083591461,0.04110947623848915,-0.02661379985511303,0.0,0.12556953705676838,160.42778589417583,35.0,53.7
26.690642,88,1,-0.8787593245506287,2.113154411315918,-0.6741687655448914,0.0,2.3858212508452774,112.58007757784937,15.0,55.400000000000006
26.690642,88,2,-1.8500198125839233,1.4785573482513428,1.8637317419052124,0.0,3.013669050311619,141.367745221904,15.0,62.7
26.690642,88,3,-2.570756673812866,2.0959396362304688,1.5029608011245728,0.0,3.641516717576938,140.80961603072817,11.600000000000001,70.7
26.690642,88,4,-1.2294923067092896,2.7123842239379883,-2.0957014560699463,0.0,3.6415167311847827,114.38423549403156,11.600000000000001,70.7
26.690642,88,5,1.4800158739089966,5.012201309204102,3.002697706222534,0.0,6.027337925316946,73.54904599568657,12.600000000000001,68.9
26.690642,88,6,3.7000396251678467,3.9856297969818115,-2.5987048149108887,0.0,6.027338120716518,47.128062708444816,12.600000000000001,68.9
26.690642,88,7,0.48563018441200256,1.2363389730453491,-1.8287612199783325,0.25578173995018005,2.260251829327764,68.55525115460546,31.0,41.6
26.690642,88,8,0.7862583994865417,1.7754135131835938,0.8868894577026367,0.42630288004875183,2.134682253578299,66.11339637550364,34.2,41.1
26.690642,88,9,1.5725167989730835,0.7209606766700745,-1.2507096529006958,0.42630288004875183,2.134682181547432,24.63030345381668,34.2,41.1
26.690642,88,10,1.2025128602981567,2.3812880516052246,-4.106837749481201,0.596824049949646,4.897212091023226,63.206945338353314,15.5,44.0
26.993737,89,0,-0.11562623083591461,0.04110671207308769,-0.02661806344985962,0.0,0.12556953586201033,160.42900190719226,35.9,52.800000000000004
26.993737,89,1,-0.8787593245506287,2.105710744857788,-0.6970701217651367,0.0,2.3858211261852555,112.65184872406698,15.5,54.900000000000006
26.993737,89,2,-1.8500198125839233,1.4793704748153687,1.8630863428115845,0.0,3.013669031177702,141.35238132237004,15.0,62.7
26.993737,89,3,-2.570756673812866,2.0874063968658447,1.5147898197174072,0.0,3.6415166537514745,140.92404649569437,11.600000000000001,70.7
26.993737,89,4,-1.2294923067092896,2.7109832763671875,-2.097513437271118,0.0,3.6415167549433027,114.39536811654978,11.600000000000001,70.7
26.993737,89,5,1.4800158739089966,4.81342887878418,3.3119869232177734,0.0,6.027337881494754,72.90857144116197,13.200000000000001,68.60000000000001
26.993737,89,6,3.7000396251678467,4.060919761657715,-2.4794037342071533,0.0,6.027338170007947,47.66230300820267,13.200000000000001,68.60000000000001
26.993737,89,7,0.8325088620185852,1.9486762285232544,0.7863384485244751,0.25578173995018005,2.260251801144946,66.86697174122055,33.800000000000004,40.900000000000006
26.993737,89,8,0.6475068926811218,1.636350393295288,-1.9638359546661377,0.25578173995018005,2.6369602656366795,68.41120235866248,23.900000000000002,43.900000000000006
26.993737,89,9,1.0521987676620483,1.0448189973831177,2.1805481910705566,0.596824049949646,2.636960257103484,44.79836701801178,21.0,41.300000000000004
27.295106,90,0,-0.11562623083591461,0.04111158847808838,-0.026610536500811577,0.0,0.12556953698000534,160.42685668905145,35.4,53.300000000000004
27.295106,90,1,-1.8500198125839233,1.492630958557129,1.8524795770645142,0.0,3.013669037707583,141.10275457205265,14.3,63.400000000000006
27.295106,90,2,-1.2294923067092896,2.7245302200317383,-2.0798864364624023,0.0,3.6415166951016156,114.28811590042736,12.100000000000001,70.2
27.295106,90,3,-2.570756673812866,2.1002817153930664,1.4968870878219604,0.0,3.6415167325794267,140.75153153738793,12.100000000000001,70.2
27.295106,90,4,1.4800158739089966,4.965819835662842,3.078796625137329,0.0,6.027337910408056,73.40380748666102,12.700000000000001,68.7
27.295106,90,5,3.7000396251678467,3.9517457485198975,-2.649946689605713,0.0,6.027338147682572,46.88407010576887,12.700000000000001,68.7
27.295106,90,6,0.5126096606254578,1.1866791248321533,-2.005284547805786,0.08526057749986649,2.385821059331066,66.63710900120064,26.8,50.800000000000004
27.295106,90,7,0.6783405542373657,2.3009252548217773,-1.3700978755950928,0.5115634799003601,2.762529841379076,73.5738464563305,25.3,41.400000000000006
27.295106,90,8,0.5935479998588562,8.729415893554688,-4.1148200035095215,-0.34104230999946594,9.668854365025037,86.11021716391981,14.0,43.800000000000004
27.579262,91,0,-0.11562623083591461,0.04108422249555588,-0.026652762666344643,0.0,0.1255695359278398,160.43889621526887,35.0,53.6
27.579262,91,1,-0.8787593245506287,2.1177170276641846,-0.6596964001655579,0.0,2.3858211794128454,112.53629794429277,15.5,55.400000000000006
27.579262,91,2,-1.8500198125839233,1.465555191040039,1.8739732503890991,0.0,3.0136690375871313,141.61431524877366,14.600000000000001,63.0
27.579262,91,3,-2.570756673812866,1.9437180757522583,1.6952327489852905,0.0,3.641516704230763,142.9075140330772,12.600000000000001,70.0
27.579262,91,4,-1.2294923067092896,2.690497875213623,-2.1237263679504395,0.0,3.6415166942792276,114.55925169658731,12.600000000000001,70.0
27.579262,91,5,1.2950139045715332,5.203360557556152,2.752596139907837,0.0,6.027338352407321,76.02415306809888,13.100000000000001,68.0
27.579262,91,6,3.7000396251678467,3.9326415061950684,-2.6782162189483643,0.0,6.027338098986858,46.745518063791046,13.100000000000001,68.0
27.579262,91,7,0.43937966227531433,1.4418864250183105,-1.8493380546569824,0.17052115499973297,2.3858210726447457,73.05268070393018,29.700000000000003,41.0
27.579262,91,8,0.8055294156074524,1.9697797298431396,1.0785325765609741,0.34104230999946594,2.3858211044026434,67.75819190200582,30.8,41.400000000000006
27.579262,91,9,1.684288740158081,1.140057921409607,-1.2472296953201294,0.34104230999946594,2.3858211452831983,34.093205089479284,30.8,41.400000000000006
27.579262,91,10,1.7035598754882812,2.208289623260498,-1.6971479654312134,0.34104230999946594,3.2648078850279916,52.352018809791495,12.5,51.5
27.579262,91,11,0.292919784784317,8.551336288452148,-4.226480007171631,-0.5115634799003601,9.543284946470905,88.03814195934277,15.100000000000001,43.0
27.579262,91,12,1.7343934774398804,3.3520431518554688,5.017465114593506,-0.34104230999946594,6.278476742224181,62.642329693748266,17.8,40.900000000000006
27.899437,92,0,-0.11562623083591461,0.041098352521657944,-0.02663097344338894,0.0,0.12556953684655034,160.43267955687298,35.0,53.7
27.899437,92,1,-1.8500198125839233,1.45597243309021,1.8814282417297363,0.0,3.0136690696972566,141.79712359439864,14.600000000000001,63.2
27.899437,92,2,-2.570756673812866,1.986303687095642,1.645129680633545,0.0,3.6415167004181876,142.30841254759338,12.700000000000001,69.7
27.899437,92,3,-1.2294923067092896,2.723248243331909,-2.0815649032592773,0.0,3.641516823186248,114.2982274477652,12.700000000000001,69.7
27.899437,92,4,1.2950139045715332,5.198340892791748,2.762063980102539,0.0,6.027338258376113,76.01118730503279,11.5,68.60000000000001
27.899437,92,5,3.515037775039673,4.06892204284668,-2.7234511375427246,0.0,6.027337990299052,49.17710367747603,11.5,68.60000000000001
27.899437,92,6,0.6937574148178101,1.6470706462860107,1.7643531560897827,0.08526057749986649,2.511390675278477,67.15884148290965,24.400000000000002,52.5
27.899437,92,7,1.45689058303833,2.826155185699463,-1.1768500804901123,0.25578173995018005,3.390377474050834,62.72877316997328,11.8,53.300000000000004
28.203843,93,0,-0.11562623083591461,0.041109781712293625,-0.026613328605890274,0.0,0.12556953718652364,160.42765151111405,35.2,53.5
28.203843,93,1,-1.8500198125839233,1.4650417566299438,1.8743747472763062,0.0,3.013669084164604,141.62408659252966,14.700000000000001,62.900000000000006
28.203843,93,2,-2.570756673812866,2.0158116817474365,1.6088372468948364,0.0,3.641516703136068,141.8988825124118,11.9,70.5
28.203843,93,3,-1.2294923067092896,2.690683126449585,-2.1234917640686035,0.0,3.6415167569688642,114.55776042953305,11.9,70.5
28.203843,93,4,0.46250492334365845,0.6186637282371521,-2.3896501064300537,0.17052115499973297,2.5113906991773667,53.21869011866271,29.700000000000003,41.1
28.203843,93,5,1.0599071979522705,1.6979459524154663,2.4183452129364014,0.596824049949646,3.1392383303163696,58.026391842190364,24.3,40.5
28.491741,94,0,-0.11562623083591461,0.041133321821689606,-0.026576926931738853,0.0,0.12556953637941762,160.41729649543876,35.2,53.5
28.491741,94,1,-1.8500198125839233,1.4679992198944092,1.8720593452453613,0.0,3.0136690609096646,141.56783828794448,14.5,63.300000000000004
28.491741,94,2,-1.2294923067092896,2.7086679935455322,-2.1005024909973145,0.0,3.641516764509156,114.41378743187188,11.700000000000001,70.4
28.491741,94,3,-2.570756673812866,1.9848774671554565,1.6468501091003418,0.0,3.6415166781738977,142.32832210834027,11.700000000000001,70.4
28.491741,94,4,1.4800158739089966,4.597408771514893,3.6058542728424072,0.0,6.0273376739984075,72.15539086522004,11.700000000000001,69.10000000000001
28.491741,94,5,3.7000396251678467,4.043107986450195,-2.5083439350128174,0.0,6.027338111822263,47.53689110746971,11.700000000000001,69.10000000000001
28.491741,94,6,0.30833661556243896,2.17034649848938,-1.2254008054733276,0.08526057749986649,2.51139055625689,81.91421721640702,24.900000000000002,52.7
28.491741,94,7,1.3528269529342651,2.2760210037231445,2.1176040172576904,0.25578173995018005,3.390377434428242,59.27349303279653,13.700000000000001,49.0
28.491741,94,8,2.601590156555176,1.049653172492981,-1.9038424491882324,0.25578173995018005,3.390377441604461,21.9724004216472,13.700000000000001,49.0
28.491741,94,9,0.6937574148178101,1.631001591682434,1.7792181968688965,0.42630288004875183,2.5113906376258415,66.95720073625294,35.4,40.6
28.796513,95,0,-0.11562623083591461,0.04115461930632591,-0.026543933898210526,0.0,0.12556953601236803,160.4079291309904,35.0,53.6
28.796513,95,1,-0.8055294156074524,2.1168558597564697,-0.7497904896736145,0.0,2.3858210638686184,110.83337475882033,14.3,55.400000000000006
28.796513,95,2,-1.8500198125839233,1.4903483390808105,1.8543165922164917,0.0,3.013669109727106,141.14560014377224,15.0,62.7
28.796513,95,3,-2.570756673812866,2.0441110134124756,1.5727250576019287,0.0,3.6415166919728046,141.51039200262926,11.9,70.3
28.796513,95,4,-1.2294923067092896,2.705579996109009,-2.104478359222412,0.0,3.6415166637045626,114.43839477762297,11.9,70.3
28.796513,95,5,0.3237534463405609,2.3212850093841553,-1.2084615230560303,0.17052115499973297,2.6369603033636833,82.06008215021818,31.900000000000002,40.300000000000004
28.796513,95,6,1.6765804290771484,3.2108192443847656,-0.37465059757232666,0.25578173995018005,3.641516885246775,62.42797011871933,12.0,57.0
28.796513,95,7,0.7400079369544983,1.8139804601669312,2.289992094039917,0.42630288004875183,3.013668967784685,67.80714247864499,26.6,42.300000000000004
28.796513,95,8,0.76313316822052,0.9910328984260559,2.4631388187408447,0.5115634799003601,2.762529869266409,52.40235560719463,25.900000000000002,41.300000000000004
29.090124,96,0,-0.11562623083591461,0.04114891216158867,-0.026552783325314522,0.0,0.12556953663896134,160.41043922215206,35.2,53.5
29.090124,96,1,-0.8787593245506287,2.1049118041992188,-0.6994790434837341,0.0,2.385821155538446,112.65957772988801,14.8,55.400000000000006
29.090124,96,2,-1.8500198125839233,1.4689487218856812,1.8713144063949585,0.0,3.013669069765947,141.549798169641,14.9,62.800000000000004
29.090124,96,3,-2.570756673812866,2.0993874073028564,1.4981410503387451,0.0,3.6415167126631838,140.76348694122134,12.700000000000001,69.60000000000001
29.090124,96,4,-1.2294923067092896,2.7057886123657227,-2.104210138320923,0.0,3.6415166693670247,114.43673090948289,12.700000000000001,69.60000000000001
29.090124,96,5,0.24281509220600128,2.358503580093384,-1.1541496515274048,0.25578173995018005,2.6369603190865702,84.12193530148636,38.0,41.0
29.090124,96,6,0.8325088620185852,2.262047529220581,1.8089417219161987,0.25578173995018005,3.013668890751198,69.79470345912361,25.700000000000003,46.1
29.392898,97,0,-0.11562623083591461,0.0411187969148159,-0.026599392294883728,0.0,0.12556953606468094,160.4236856728877,35.300000000000004,53.400000000000006
29.392898,97,1,0.620527446269989,1.9443132877349854,2.0434553623199463,0.0,2.888099425267649,72.29952062402481,17.2,60.900000000000006
29.392898,97,2,-1.7729356288909912,1.6305969953536987,1.5934146642684937,0.0,2.8880993053829505,137.39476282171444,17.2,60.900000000000006
29.392898,97,3,-2.570756673812866,2.0454673767089844,1.5709606409072876,0.0,3.6415167170306884,141.49187630436174,12.100000000000001,70.10000000000001
29.392898,97,4,-1.2294923067092896,2.6985907554626465,-2.113433599472046,0.0,3.6415168511354103,114.49426227797433,12.100000000000001,70.10000000000001
29.392898,97,5,1.4800158739089966,4.7048258781433105,3.4645299911499023,0.0,6.027337852671503,72.5377803662098,11.4,69.10000000000001
29.392898,97,6,3.7000396251678467,4.056077003479004,-2.4873178005218506,0.0,6.027338029906427,47.62826485612477,11.4,69.10000000000001
29.392898,97,7,0.24281509220600128,2.437448024749756,-0.9764465689659119,0.08526057749986649,2.6369603607951326,84.3110454996108,24.5,53.900000000000006
29.392898,97,8,1.0791782140731812,1.5867968797683716,-2.946070909500122,0.34104230999946594,3.515947064330704,55.78043798807283,19.0,43.0
29.392898,97,9,1.2140754461288452,3.3734683990478516,2.541883945465088,0.34104230999946594,4.394933699213287,70.20673479828609,13.3,46.0
29.392898,97,10,2.9677398204803467,2.74226713180542,-1.7285642623901367,0.34104230999946594,4.394933796254206,42.738719865491326,13.3,46.0
29.711727,98,0,-0.11562623083591461,0.04110225662589073,-0.02662494406104088,0.0,0.12556953612765456,160.43096198836324,35.2,53.5
29.711727,98,1,-1.8500198125839233,1.5049740076065063,1.8424659967422485,0.0,3.01366902955113,140.87196459546433,14.8,62.800000000000004
29.711727,98,2,1.4800158739089966,4.853208541870117,3.2534170150756836,0.0,6.027337920831024,73.04059185098163,11.700000000000001,68.9
29.711727,98,3,3.7000396251678467,3.9883270263671875,-2.5945634841918945,0.0,6.027338166269181,47.14738934987646,11.700000000000001,68.9
29.711727,98,4,0.24281509220600128,2.481557846069336,-0.8581789135932922,0.08526057749986649,2.6369602879314384,84.41152110349482,21.6,54.0
29.711727,98,5,2.7750296592712402,2.408453941345215,-0.8303595781326294,0.25578173995018005,3.767086012611466,40.95477998278703,25.1,45.5
29.711727,98,6,1.5031410455703735,1.742820143699646,-2.982294797897339,0.25578173995018005,3.7670860512774564,49.22300931887881,25.1,45.5
29.711727,98,7,3.013990640640259,2.588158130645752,4.193061828613281,-0.25578173995018005,5.776198541399745,40.65317193558433,11.700000000000001,50.5
29.711727,98,8,0.5318806767463684,5.1978888511657715,-2.4624228477478027,-0.25578173995018005,5.776198736581004,84.15747061146077,11.700000000000001,50.5
30.007381,99,0,-0.11562623083591461,0.04109295830130577,-0.026639293879270554,0.0,0.12556953634404808,160.43505274610678,35.0,53.7
30.007381,99,1,1.4800158739089966,4.748015880584717,3.4050991535186768,0.0,6.027337889533063,72.68709101718595,13.200000000000001,68.4
30.007381,99,2,3.7000396251678467,4.019585609436035,-2.545867681503296,0.0,6.0273380485186365,47.37034692668554,13.200000000000001,68.4
30.007381,99,3,1.1100119352340698,2.5059144496917725,2.9384348392486572,0.34104230999946594,4.0182251094290855,66.10872484003909,14.700000000000001,49.400000000000006
30.007381,99,4,-3.353160858154297,1.4890989065170288,-0.8543031215667725,-0.25578173995018005,3.767086024710214,156.05456152678792,23.200000000000003,46.900000000000006
30.007381,99,5,0.5318806767463684,1.3570464849472046,-2.4933202266693115,-0.08526057749986649,2.8880993697104755,68.59780496726839,22.400000000000002,56.800000000000004
30.293455,100,0,-0.11562623083591461,0.04110177978873253,-0.026625679805874825,0.0,0.12556953605172969,160.43117176576087,34.9,53.7
30.293455,100,1,-0.8787593245506287,2.091855764389038,-0.7376071810722351,0.0,2.385821209366212,112.78659426573478,15.100000000000001,55.6
30.293455,100,2,-1.8500198125839233,1.4487926959991455,1.8869625329971313,0.0,3.01366905679248,141.93469445942216,14.600000000000001,63.0
30.293455,100,3,1.2950139045715332,5.328675746917725,2.501391887664795,0.0,6.0273383515858825,76.34037263574646,12.5,68.8
30.293455,100,4,3.7000396251678467,3.9211959838867188,-2.694946050643921,0.0,6.027338167694162,46.66216761942839,12.5,68.8
30.293455,100,5,0.2081272155046463,3.3646504878997803,-0.36120566725730896,0.34104230999946594,3.3903774683089116,86.46036441083217,16.3,42.0
30.293455,100,6,0.3237534463405609,5.125127792358398,-1.2010341882705688,0.42630288004875183,5.273920202602293,86.38543818126732,14.600000000000001,46.1
30.293455,100,7,-3.642226219177246,0.8590766787528992,-2.304694890975952,-0.42630288004875183,4.394933800653878,166.72844619233484,19.8,41.7
30.293455,100,8,0.22354406118392944,2.3989675045013428,-2.730499505996704,-0.25578173995018005,3.6415167975985296,84.67635492994923,28.3,43.900000000000006
30.293455,100,9,-3.353160858154297,1.4115794897079468,-0.15620386600494385,-0.25578173995018005,3.6415167230396044,157.17037667289293,28.3,43.900000000000006
30.599329,101,0,-0.11562623083591461,0.041067615151405334,-0.02667834423482418,0.0,0.12556953580648422,160.44620340943825,35.0,53.6
30.599329,101,1,0.08479256927967072,2.745745897293091,0.29199379682540894,0.0,2.7625297626797445,88.23118633737968,17.400000000000002,59.7
30.599329,101,2,-1.8500198125839233,1.4413235187530518,1.8926738500595093,0.0,3.0136690421084427,142.07836243663309,15.200000000000001,62.7
30.599329,101,3,1.2950139045715332,5.403812408447266,2.3346426486968994,0.0,6.02733820652506,76.5233272276258,12.200000000000001,68.9
30.599329,101,4,0.46250495314598083,1.4181584119796753,-2.618609666824341,0.25578173995018005,3.0136689765697833,71.93726421604254,30.700000000000003,41.7
30.599329,101,5,0.5318806767463684,7.884134769439697,-3.553530693054199,-0.42630288004875183,8.664297923286247,86.14055144615627,17.7,41.400000000000006
30.599329,101,6,0.5318806767463684,7.953075408935547,-3.396432876586914,-0.34104230999946594,8.664298113504172,86.17390698558829,15.4,43.7
30.890788,102,0,-0.11562623083591461,0.041105493903160095,-0.026619944721460342,0.0,0.1255695358887519,160.42953781093746,35.300000000000004,53.400000000000006
30.890788,102,1,-0.8787593245506287,2.1137855052948,-0.6721867322921753,0.0,2.3858210569840943,112.57401244323992,15.0,55.2
30.890788,102,2,-1.8500198125839233,1.468664526939392,1.871537446975708,0.0,3.013669061970062,141.55519680250546,15.0,62.7
30.890788,102,3,-2.570756673812866,2.1588327884674072,1.411132574081421,0.0,3.64151672056425,139.97761881025724,11.4,70.8
30.890788,102,4,-1.2294923067092896,2.7028353214263916,-2.1080024242401123,0.0,3.6415167619564275,114.46030539841823,11.4,70.8
30.890788,102,5,1.4800158739089966,5.017452239990234,2.99391508102417,0.0,6.027337843525083,73.56533309752476,11.8,69.4
30.890788,102,6,3.7000396251678467,3.9971187114715576,-2.580998659133911,0.0,6.027338160403755,47.21028757390127,11.8,69.4
30.890788,102,7,0.5550059676170349,2.028738021850586,-2.1583306789398193,0.34104230999946594,3.0136690105327713,74.69984107694911,31.6,40.5
30.890788,102,8,0.8633425831794739,3.1529202461242676,-1.2944566011428833,0.34104230999946594,3.5159471535553126,74.68645486656891,16.7,48.7
30.890788,102,9,2.798154830932617,2.864305019378662,1.0663584470748901,0.42630288004875183,4.143794642541702,45.66931233201826,13.4,53.6
31.195237,103,0,-0.11562623083591461,0.04115680232644081,-0.026540551334619522,0.0,0.1255695365134534,160.40696902543354,35.6,53.1
31.195237,103,1,-0.8787593245506287,2.1076698303222656,-0.6911244988441467,0.0,2.3858212709752458,112.63291752447317,15.200000000000001,55.1
31.195237,103,2,-1.8500198125839233,1.4746217727661133,1.8668471574783325,0.0,3.0136690244706466,141.4422004528697,14.9,62.800000000000004
31.195237,103,3,-2.570756673812866,2.0978198051452637,1.5003355741500854,0.0,3.6415168056557654,140.78445299533385,11.600000000000001,70.7
31.195237,103,4,-1.2294923067092896,2.714872360229492,-2.0924770832061768,0.0,3.641516663196588,114.36448703210267,11.600000000000001,70.7
31.195237,103,5,1.4800158739089966,4.683593273162842,3.493180513381958,0.0,6.027337972480908,72.46345938339465,12.0,69.4
31.195237,103,6,3.7000396251678467,4.077024936676025,-2.4528310298919678,0.0,6.027338187234167,47.775182480754225,12.0,69.4
31.195237,103,7,0.5010470151901245,2.906461238861084,-1.4001445770263672,0.17052115499973297,3.2648077862271134,80.21887546899087,33.1,41.400000000000006
31.195237,103,8,-0.08479256927967072,2.7205145359039307,0.4724210798740387,0.34104230999946594,2.762529782025703,91.78520792550276,35.7,40.1
31.195237,103,9,-1.5416830778121948,4.546019554138184,1.478259801864624,0.5115634799003601,5.022781355068927,108.73324284181415,11.4,48.7
31.489848,104,0,-0.11562623083591461,0.04112134501338005,-0.026595450937747955,0.0,0.1255695356510161,160.42256478540418,35.5,53.2
31.489848,104,1,-0.8787593245506287,2.1029534339904785,-0.7053453326225281,0.0,2.385821270395041,112.67854428550082,15.0,55.2
31.489848,104,2,-1.8500198125839233,1.4375265836715698,1.895559310913086,0.0,3.0136690407051674,142.1516115965958,14.9,62.800000000000004
31.489848,104,3,-2.570756673812866,2.088325262069702,1.5135231018066406,0.0,3.6415167795651135,140.9117066702781,11.5,70.8
31.489848,104,4,-1.2294923067092896,2.7020554542541504,-2.109001874923706,0.0,3.641516705790822,114.46653777311398,11.5,70.8
31.489848,104,5,1.4800158739089966,4.654520034790039,3.531826972961426,0.0,6.027338177688584,72.3606942465437,12.4,69.10000000000001
31.489848,104,6,3.7000396251678467,4.011170387268066,-2.559105634689331,0.0,6.027337949128715,47.31050839231298,12.4,69.10000000000001
31.489848,104,7,-2.0118966102600098,1.5062755346298218,-2.6351563930511475,0.25578173995018005,3.641516603345151,143.17837626777094,31.700000000000003,43.400000000000006
31.489848,104,8,-0.09250099211931229,2.870067596435547,0.9145256876945496,0.42630288004875183,3.0136691382939773,91.84597830140686,32.300000000000004,41.2
31.489848,104,9,0.558860182762146,3.465810775756836,-0.9677168130874634,0.5115634799003601,3.6415168360947194,80.83993378506851,14.200000000000001,50.0
31.808414,105,0,-0.11562623083591461,0.041102103888988495,-0.02662517875432968,0.0,0.12556953589593864,160.43102918262647,35.6,53.1
31.808414,105,1,-0.8787593245506287,2.1014010906219482,-0.7099561095237732,0.0,2.385821068647421,112.69359990608878,15.3,54.900000000000006
31.808414,105,2,-1.8500198125839233,1.5081346035003662,1.8398798704147339,0.0,3.0136690639128907,140.81310980349937,14.8,62.7
31.808414,105,3,-2.570756673812866,2.1098473072052,1.4833738803863525,0.0,3.6415166626952145,140.62391023997543,11.600000000000001,70.7
31.808414,105,4,-1.2294923067092896,2.7358367443084717,-2.0649914741516113,0.0,3.6415166911720385,114.1992773063929,11.600000000000001,70.7
31.808414,105,5,1.4800158739089966,4.825078964233398,3.2949910163879395,0.0,6.027337703844665,72.94744168967513,12.4,68.9
31.808414,105,6,3.7000396251678467,3.9539475440979004,-2.646660089492798,0.0,6.027338055775871,46.89999262628369,12.4,68.9
31.808414,105,7,-0.18500198423862457,2.85095477104187,0.9591832160949707,0.25578173995018005,3.013669073195815,93.71278853695101,34.6,41.1
31.808414,105,8,0.0,2.9305851459503174,1.4389723539352417,0.596824049949646,3.2648079167164754,90.0,24.200000000000003,40.900000000000006
31.808414,105,9,-1.2025128602981567,2.450446844100952,-1.7911572456359863,0.596824049949646,3.264807987239229,116.13866787531948,24.200000000000003,40.900000000000006
31.808414,105,10,0.10406360775232315,3.1018435955047607,1.3646966218948364,0.9378663301467896,3.390377529898921,88.07850721964694,24.900000000000002,40.6
31.808414,105,11,-1.1446996927261353,2.4986884593963623,-1.9851645231246948,0.9378663301467896,3.3903774992647606,114.61347296757594,24.900000000000002,40.6
32.093361,106,0,-0.11562623083591461,0.04113028198480606,-0.02658163011074066,0.0,0.12556953616548128,160.4186336088749,35.300000000000004,53.400000000000006
32.093361,106,1,-0.8787593245506287,2.1000020503997803,-0.7140840888023376,0.0,2.3858211684970487,112.70718492439771,14.600000000000001,55.400000000000006
32.093361,106,2,-1.8500198125839233,1.5369601249694824,1.8158693313598633,0.0,3.0136690530435786,140.28086337489228,14.700000000000001,62.6
32.093361,106,3,-2.570756673812866,2.3258512020111084,1.1145719289779663,0.0,3.6415167546937877,137.8632815312299,11.5,70.60000000000001
32.093361,106,4,-1.2294923067092896,2.481665849685669,-2.364387273788452,0.0,3.6415167035462312,116.35520615316439,11.5,70.60000000000001
32.093361,106,5,1.2950139045715332,5.0643439292907715,3.000694513320923,0.0,6.027338385178999,75.65614666435974,12.5,68.8
32.093361,106,6,3.7000396251678467,3.9917452335357666,-2.589301347732544,0.0,6.027338111192809,47.17186188728151,12.5,68.8
32.093361,106,7,-0.13104306161403656,3.7621572017669678,2.014068603515625,0.17052115499973297,4.269364289267387,91.99491400724825,12.700000000000001,55.900000000000006
32.093361,106,8,2.620861291885376,2.1965458393096924,2.556119203567505,0.17052115499973297,4.269364463048145,39.96639887113293,12.700000000000001,55.900000000000006
32.093361,106,9,0.558860182762146,3.332564115524292,-1.3573265075683594,0.25578173995018005,3.64151665327853,80.480262902889,24.1,49.7
32.411284,107,0,-0.11562623083591461,0.04108512029051781,-0.026651378720998764,0.0,0.12556953593263231,160.4385012063653,35.2,53.5
32.411284,107,1,-0.8787593245506287,2.1113007068634033,-0.6799510717391968,0.0,2.3858210505496564,112.59791049443348,14.9,55.400000000000006
32.411284,107,2,-1.8500198125839233,1.5115480422973633,1.8370765447616577,0.0,3.0136690300096785,140.74965723917447,14.5,62.800000000000004
32.411284,107,3,-2.570756673812866,2.2567033767700195,1.2486567497253418,0.0,3.6415166737656515,138.72216605042945,11.600000000000001,70.7
32.411284,107,4,-1.2294923067092896,2.483515977859497,-2.3624439239501953,0.0,3.6415167497005885,116.3382246133849,11.600000000000001,70.7
32.411284,107,5,1.2950139045715332,5.158246994018555,2.836235284805298,0.0,6.027338023962955,75.9067726936769,12.4,68.8
32.411284,107,6,3.7000396251678467,3.962620973587036,-2.6336565017700195,0.0,6.027338117066238,46.96262356918238,12.4,68.8
32.411284,107,7,-0.37000396847724915,2.701324224472046,1.2838010787963867,0.25578173995018005,3.0136689785587234,97.79934581753248,24.200000000000003,41.6
32.411284,107,8,-0.10020940005779266,2.9038150310516357,1.4888876676559448,0.25578173995018005,3.264807826705779,91.97646820577987,27.700000000000003,42.300000000000004
32.411284,107,9,0.4470881223678589,3.480250120162964,-0.9739686250686646,0.25578173995018005,3.6415166580251817,82.67962794736557,21.3,47.5
32.70892,108,0,-0.11562623083591461,0.04111828655004501,-0.02660018391907215,0.0,0.12556953663472797,160.42391018000407,35.4,53.300000000000004
32.70892,108,1,-0.8787593245506287,2.0965371131896973,-0.7241939306259155,0.0,2.385821172389473,112.74089670748599,14.8,55.2
32.70892,108,2,-1.8500198125839233,1.4721781015396118,1.8687748908996582,0.0,3.013669069832131,141.48850884113307,15.0,62.7
32.70892,108,3,-2.570756673812866,2.096238374710083,1.5025441646575928,0.0,3.641516739808722,140.8056166921719,11.600000000000001,70.60000000000001
32.70892,108,4,-1.2294923067092896,2.6814401149749756,-2.1351516246795654,0.0,3.6415168381906637,114.63237416184381,11.600000000000001,70.60000000000001
32.70892,108,5,1.2950139045715332,5.192896842956543,2.7722854614257812,0.0,6.027338161597903,75.99709868046902,12.9,68.4
32.70892,108,6,3.7000396251678467,3.9379522800445557,-2.6704015731811523,0.0,6.027338214317221,46.784105718158145,12.9,68.4
33.008538,109,0,-0.11562623083591461,0.041043754667043686,-0.02671504206955433,0.0,0.12556953662121534,160.4567031279017,35.2,53.5
33.008538,109,1,-0.8787593245506287,2.1103591918945312,-0.6828678846359253,0.0,2.38582112011055,112.60697823552994,14.9,55.400000000000006
33.008538,109,2,-1.8500198125839233,1.4743127822875977,1.8670912981033325,0.0,3.0136690930529912,141.44805263375386,14.8,62.900000000000006
33.008538,109,3,-2.570756673812866,2.1155784130096436,1.4751888513565063,0.0,3.6415167231130936,140.54767031379365,11.600000000000001,70.7
33.008538,109,4,-1.2294923067092896,2.7025535106658936,-2.1083638668060303,0.0,3.641516854982708,114.4625571691564,11.600000000000001,70.7
33.008538,109,5,1.2950139045715332,5.235097408294678,2.691746711730957,0.0,6.0273382390141075,76.10558691610389,12.4,68.9
33.008538,109,6,3.7000396251678467,3.9994418621063232,-2.577397346496582,0.0,6.027338178492089,47.22688318095133,12.4,68.9
33.008538,109,7,-3.942854166030884,1.2379145622253418,-0.3041423559188843,0.25578173995018005,4.143794639050124,162.56958502323528,14.8,55.900000000000006
33.008538,109,8,-4.440047740936279,0.6656365990638733,-0.5271205902099609,0.25578173995018005,4.520503527310865,171.47391107338086,13.600000000000001,54.800000000000004
33.008538,109,9,0.0,4.19448184967041,1.685607671737671,0.25578173995018005,4.520503424424695,90.0,13.600000000000001,54.800000000000004
33.008538,109,10,-0.10020940005779266,3.2609095573425293,-0.12408904731273651,0.34104230999946594,3.264807981595667,91.760174342225,26.0,42.7
33.008538,109,11,-0.22354406118392944,3.1284661293029785,1.8502354621887207,0.42630288004875183,3.6415166531305707,94.08711447911159,22.6,43.1
33.008538,109,12,-1.5648083686828613,2.7331888675689697,-1.8280309438705444,0.42630288004875183,3.641516682407359,119.79204893650564,22.6,43.1
33.008538,109,13,-0.11177203059196472,3.1872761249542236,1.7576749324798584,0.596824049949646,3.6415166142410964,92.00843670607668,24.700000000000003,41.300000000000004
33.008538,109,14,-1.4530364274978638,2.7875900268554688,-1.8381160497665405,0.596824049949646,3.6415166661528793,117.53086135476799,24.700000000000003,41.300000000000004
33.290234,110,0,-0.11562623083591461,0.04111902788281441,-0.026599038392305374,0.0,0.12556953673062274,160.42358407133267,35.4,53.300000000000004
33.290234,110,1,-0.8787593245506287,2.1100616455078125,-0.6837868094444275,0.0,2.3858211372812517,112.60984534217513,15.0,55.2
33.290234,110,2,-1.8500198125839233,1.4661376476287842,1.873517632484436,0.0,3.0136690641106574,141.6032335162068,15.0,62.7
33.290234,110,3,-2.570756673812866,2.085244655609131,1.5177642107009888,0.0,3.641516627585906,140.95309445249282,11.700000000000001,70.7
33.290234,110,4,-1.2294923067092896,2.681509017944336,-2.1350650787353516,0.0,3.641516831762462,114.63181637348765,11.700000000000001,70.7
33.290234,110,5,1.2950139045715332,5.217105388641357,2.7264552116394043,0.0,6.027338357044506,76.05953561378895,12.8,68.60000000000001
33.290234,110,6,3.7000396251678467,3.9075136184692383,-2.7147464752197266,0.0,6.0273380800360545,46.56218930816229,12.8,68.60000000000001
33.290234,110,7,-4.062335014343262,1.2398037910461426,-0.4333513081073761,0.17052115499973297,4.269364421701435,163.0280798896365,11.3,58.300000000000004
33.290234,110,8,0.2389608770608902,3.8224740028381348,0.6959588527679443,0.25578173995018005,3.8926557165879925,86.42282573656075,21.1,50.5
33.594754,111,0,-0.11562623083591461,0.041079990565776825,-0.026659289374947548,0.0,0.12556953687969752,160.44075819201183,35.300000000000004,53.400000000000006
33.594754,111,1,-0.8787593245506287,2.1018238067626953,-0.7087041735649109,0.0,2.3858212151767426,112.68949825851465,14.9,55.300000000000004
33.594754,111,2,-1.8500198125839233,1.4669678211212158,1.8728677034378052,0.0,3.013669080993894,141.58744462830023,15.100000000000001,62.6
33.594754,111,3,-2.570756673812866,2.1036534309387207,1.4921449422836304,0.0,3.641516739249768,140.70649397115722,11.600000000000001,70.7
33.594754,111,4,-1.2294923067092896,2.7253894805908203,-2.0787603855133057,0.0,3.641516702357942,114.2813429362343,11.600000000000001,70.7
33.594754,111,5,1.2950139045715332,5.280069828033447,2.6024229526519775,0.0,6.02733802158404,76.21940137362981,12.8,68.60000000000001
33.594754,111,6,3.7000396251678467,3.9744484424591064,-2.6157734394073486,0.0,6.027338080437067,47.04779416558351,12.8,68.60000000000001
33.594754,111,7,0.11177203059196472,3.547684669494629,0.8136858344078064,0.34104230999946594,3.6415167359365235,88.19545743874221,31.400000000000002,41.2
33.594754,111,8,-1.2333464622497559,3.810743808746338,-0.32128313183784485,0.42630288004875183,4.018225320044419,107.93416356940327,14.100000000000001,52.0
33.594754,111,9,-0.37000396847724915,3.539797067642212,1.8652255535125732,0.42630288004875183,4.018225053708863,95.96727986148551,14.100000000000001,52.0
33.594754,111,10,-0.5203180313110352,2.5788447856903076,2.1385715007781982,0.5115634799003601,3.39037746369489,101.40708171020172,34.5,41.5
33.912454,112,0,-0.11562623083591461,0.041147638112306595,-0.026554754003882408,0.0,0.1255695358745435,160.41099957956058,35.300000000000004,53.400000000000006
33.912454,112,1,-0.8787593245506287,2.1060526371002197,-0.696036696434021,0.0,2.3858211885018235,112.64854276136825,14.8,55.300000000000004
33.912454,112,2,-1.8500198125839233,1.468311071395874,1.8718147277832031,0.0,3.0136690403033413,141.5619122527318,15.0,62.7
33.912454,112,3,-2.570756673812866,2.1038012504577637,1.491936445236206,0.0,3.64151670791239,140.70452080181218,11.700000000000001,70.60000000000001
33.912454,112,4,-1.2294923067092896,2.725914478302002,-2.0780720710754395,0.0,3.64151680043599,114.2772064839295,11.700000000000001,70.60000000000001
33.912454,112,5,1.4800158739089966,4.922267436981201,3.1479578018188477,0.0,6.027337889169666,73.26514105554551,12.5,68.7
33.912454,112,6,3.7000396251678467,3.9593050479888916,-2.638638973236084,0.0,6.027338162234048,46.938696523072245,12.5,68.7
33.912454,112,7,-0.14260569214820862,4.098029136657715,2.184447765350342,0.25578173995018005,4.646072667089134,91.99300891507471,14.600000000000001,54.900000000000006
33.912454,112,8,-1.1100119352340698,3.8051252365112305,-0.6595671772956848,0.34104230999946594,4.0182251583581685,106.26275445582303,19.8,47.2
33.912454,112,9,-2.4666929244995117,2.897529125213623,-1.2906911373138428,0.34104230999946594,4.018225059298904,130.4080533908763,19.8,47.2
34.1943,113,0,-0.11562623083591461,0.04112786799669266,-0.02658536657691002,0.0,0.1255695365098648,160.41969545006543,35.2,53.5
34.1943,113,1,-0.8787593245506287,2.091782569885254,-0.7378144860267639,0.0,2.385821134526093,112.7873101433897,14.8,55.300000000000004
34.1943,113,2,-1.8500198125839233,1.467222809791565,1.872667908668518,0.0,3.013669055600271,141.5825964392637,15.0,62.7
34.1943,113,3,-2.570756673812866,2.091947078704834,1.50851309299469,0.0,3.6415167455047475,140.86310980435752,11.8,70.60000000000001
34.1943,113,4,-1.2294923067092896,2.737947940826416,-2.0621914863586426,0.0,3.6415167149613645,114.18275666149262,11.8,70.60000000000001
34.1943,113,5,1.4800158739089966,5.0257887840271,2.9798996448516846,0.0,6.027337868583642,73.59112669429216,12.4,68.9
34.1943,113,6,3.7000396251678467,3.930652379989624,-2.6811349391937256,0.0,6.027338212038185,46.73105099682967,12.4,68.9
34.1943,113,7,-0.10791782289743423,3.495065689086914,0.3670881390571594,0.17052115499973297,3.515947116975447,91.76857101547537,37.800000000000004,41.800000000000004
34.1943,113,8,0.0,4.266018867492676,2.1376750469207764,0.25578173995018005,4.7716424409244285,90.0,12.100000000000001,56.6
34.1943,113,9,2.636277914047241,1.1057771444320679,-3.820453643798828,0.25578173995018005,4.771642314513668,22.755435168730973,12.100000000000001,56.6
34.510731,114,0,-0.11562623083591461,0.04105345532298088,-0.026700133457779884,0.0,0.12556953682298685,160.4524342250698,35.4,53.300000000000004
34.510731,114,1,-0.8787593245506287,2.1028952598571777,-0.7055183053016663,0.0,2.385821138210113,112.67910815423949,15.100000000000001,55.1
34.510731,114,2,-1.8500198125839233,1.4636270999908447,1.8754795789718628,0.0,3.0136690670876822,141.65102306052955,15.100000000000001,62.6
34.510731,114,3,-1.2294923067092896,2.6770389080047607,-2.140666961669922,0.0,3.641516674136449,114.66805227382993,11.9,70.60000000000001
34.510731,114,4,-2.570756673812866,2.0377674102783203,1.5809355974197388,0.0,3.6415166150293357,141.5971148909047,11.9,70.60000000000001
34.510731,114,5,1.4800158739089966,4.993916988372803,3.0330100059509277,0.0,6.027338016900956,73.49208675506128,12.4,68.9
34.510731,114,6,3.7000396251678467,3.978743314743042,-2.609236240386963,0.0,6.027338164610756,47.07865475083461,12.4,68.9
34.510731,114,7,-0.21583564579486847,3.4386708736419678,0.7006012201309204,0.25578173995018005,3.5159471658257657,93.59158237913725,31.5,40.900000000000006
34.510731,114,8,0.1194804385304451,3.870473861694336,0.39739707112312317,0.25578173995018005,3.8926556386852065,88.23185691763074,27.1,42.300000000000004
34.510731,114,9,-0.34687870740890503,3.339358329772949,1.7085950374603271,0.5115634799003601,3.7670858623492656,95.93037923355672,30.900000000000002,41.300000000000004
34.510731,114,10,-0.48563018441200256,5.047801971435547,1.4484810829162598,0.5115634799003601,5.273920635201756,95.49530052298961,11.8,48.300000000000004
34.806545,115,0,-0.11562623083591461,0.041106563061475754,-0.026618298143148422,0.0,0.12556953683152947,160.4290674609759,35.4,53.300000000000004
34.806545,115,1,-0.8787593245506287,2.0928518772125244,-0.7347763180732727,0.0,2.3858212774719694,112.77685603192594,14.9,55.2
34.806545,115,2,-1.8500198125839233,1.4790412187576294,1.8633477687835693,0.0,3.0136690497079828,141.3586017705946,15.0,62.7
34.806545,115,3,-2.570756673812866,2.0878701210021973,1.514150619506836,0.0,3.6415166643419408,140.9178184106152,11.9,70.60000000000001
34.806545,115,4,-1.2294923067092896,2.8078441619873047,-1.965961217880249,0.0,3.6415166731010187,113.64753850610788,11.9,70.60000000000001
34.806545,115,5,1.4800158739089966,4.951197624206543,3.1022567749023438,0.0,6.027337886529891,73.35750153961997,12.3,69.0
34.806545,115,6,3.7000396251678467,3.9913361072540283,-2.5899319648742676,0.0,6.027338113260234,47.16893394918329,12.3,69.0
34.806545,115,7,-0.12718884646892548,3.967298984527588,1.189704418182373,0.25578173995018005,4.1437947388767205,91.83623392523131,22.6,46.1
34.806545,115,8,-0.4779217541217804,3.398280620574951,1.8374024629592896,0.42630288004875183,3.89265567320396,98.0053660793239,29.5,40.6
35.078705,116,0,-0.11562623083591461,0.04108000546693802,-0.02665926143527031,0.0,0.12556953582281793,160.44075163568024,35.6,53.1
35.078705,116,1,-0.8787593245506287,2.1006765365600586,-0.7120974659919739,0.0,2.385821171590786,112.7006335783897,15.100000000000001,55.1
35.078705,116,2,-1.8500198125839233,1.4666340351104736,1.87312912940979,0.0,3.0136690985144607,141.59379200218473,14.8,62.900000000000006
35.078705,116,3,1.4800158739089966,4.9788618087768555,3.0576608180999756,0.0,6.027337851528083,73.44489829282017,12.4,68.8
35.078705,116,4,3.7000396251678467,3.9845376014709473,-2.600379228591919,0.0,6.027338156918058,47.120232728252006,12.4,68.8
35.078705,116,5,-2.023458957672119,3.2862913608551025,-2.1026997566223145,0.17052115499973297,4.394933825248563,121.62173690358145,17.900000000000002,52.7
35.078705,116,6,-0.40469181537628174,3.8658714294433594,2.051025152206421,0.17052115499973297,4.394933622866489,95.97613933428016,17.900000000000002,52.7
35.387585,117,0,-0.11562623083591461,0.04106903076171875,-0.02667616866528988,0.0,0.12556953659103073,160.44558051826263,35.300000000000004,53.400000000000006
35.387585,117,1,-0.8787593245506287,2.1025326251983643,-0.7065980434417725,0.0,2.385821071560888,112.68262368899518,14.8,55.300000000000004
35.387585,117,2,-1.8500198125839233,1.4595180749893188,1.8786790370941162,0.0,3.013669066535086,141.72937672753773,14.8,62.900000000000006
35.387585,117,3,-2.570756673812866,2.0536351203918457,1.5602684020996094,0.0,3.6415167952723615,141.38057962070712,11.9,70.8
35.387585,117,4,-1.2294923067092896,2.7388417720794678,-2.061004400253296,0.0,3.6415168161918703,114.17576859324129,11.9,70.8
35.387585,117,5,1.2950139045715332,5.210309028625488,2.739420175552368,0.0,6.0273380596274215,76.0420621008846,12.4,68.9
35.387585,117,6,3.7000396251678467,4.06695556640625,-2.4694910049438477,0.0,6.0273382707820184,47.70466464303123,12.4,68.9
35.387585,117,7,-0.49333858489990234,3.5586061477661133,1.7997424602508545,0.25578173995018005,4.018225180039019,97.89275207355242,28.5,42.0
35.387585,117,8,-0.40469181537628174,3.2339107990264893,2.948472023010254,0.25578173995018005,4.394933650462414,97.13291801815399,22.3,47.1
35.387585,117,9,-2.023458957672119,3.709716320037842,-1.2079163789749146,0.25578173995018005,4.3949338228390324,118.61018980015892,22.3,47.1
35.689826,118,0,-0.11562623083591461,0.04111868515610695,-0.026599567383527756,0.0,0.12556953655755082,160.42373483497647,35.5,53.2
35.689826,118,1,-0.8787593245506287,2.101625680923462,-0.7092912793159485,0.0,2.3858211525836,112.69142051406688,15.0,55.1
35.689826,118,2,-1.8500198125839233,1.466234564781189,1.8734418153762817,0.0,3.013669082947316,141.60138991444077,14.9,62.800000000000004
35.689826,118,3,-2.570756673812866,2.1075804233551025,1.4865930080413818,0.0,3.6415167016533907,140.65411225412348,11.9,70.7
35.689826,118,4,-1.2294923067092896,2.8569998741149902,-1.8938171863555908,0.0,3.6415166000289227,113.28432927027427,11.9,70.7
35.689826,118,5,1.2950139045715332,5.163493633270264,2.8266725540161133,0.0,6.02733815556122,75.920523028882,12.600000000000001,68.60000000000001
35.689826,118,6,3.7000396251678467,4.046962738037109,-2.50212025642395,0.0,6.0273382523697885,47.56408324269363,12.600000000000001,68.60000000000001
35.689826,118,7,0.12718884646892548,4.136429309844971,0.21168822050094604,0.25578173995018005,4.143794920204123,88.23879771725606,24.0,42.0
35.689826,118,8,-2.709507942199707,2.5694727897644043,-2.7644834518432617,0.25578173995018005,4.646072799870682,136.5195247815133,18.3,50.300000000000004
35.689826,118,9,-0.4162544310092926,3.1385982036590576,3.226590394973755,0.5115634799003601,4.520503513136963,97.55472539024322,29.3,40.400000000000006
35.689826,118,10,-2.0812723636627197,3.7970685958862305,-1.2982780933380127,0.5115634799003601,4.520503354854747,118.7282969489526,29.3,40.400000000000006
35.996398,119,0,-0.11562623083591461,0.04107724130153656,-0.0266635250300169,0.0,0.12556953682040564,160.44196784430912,35.6,53.1
35.996398,119,1,-0.8787593245506287,2.104459285736084,-0.7008392214775085,0.0,2.3858211270266483,112.6639576408716,15.100000000000001,55.1
35.996398,119,2,-1.8500198125839233,1.4692089557647705,1.8711100816726685,0.0,3.0136690595335054,141.5448554151539,14.9,62.800000000000004
35.996398,119,3,-2.570756673812866,2.0890963077545166,1.512458324432373,0.0,3.641516640381,140.90135530568784,11.600000000000001,70.7
35.996398,119,4,-1.2294923067092896,2.7054901123046875,-2.1045939922332764,0.0,3.6415167104079256,114.43911173265306,11.600000000000001,70.7
35.996398,119,5,1.2950139045715332,5.232600688934326,2.69659686088562,0.0,6.0273381863810975,76.09921429285413,11.9,69.3
35.996398,119,6,3.7000396251678467,4.0447235107421875,-2.5057380199432373,0.0,6.027338096602171,47.5482907514246,11.9,69.3
36.312536,120,0,-0.11562623083591461,0.04112770035862923,-0.02658562920987606,0.0,0.12556953720785316,160.41976918955683,35.1,53.6
36.312536,120,1,-0.8787593245506287,2.0993099212646484,-0.7161164283752441,0.0,2.3858212076754155,112.7139113622936,14.8,55.400000000000006
36.312536,120,2,-1.8500198125839233,1.4717237949371338,1.8691326379776,0.0,3.01366903522771,141.4971246768273,14.9,62.800000000000004
36.312536,120,3,-2.570756673812866,2.093672513961792,1.5061172246932983,0.0,3.6415166574094266,140.83998179656177,11.600000000000001,70.7
36.312536,120,4,-1.2294923067092896,2.705047130584717,-2.10516357421875,0.0,3.6415168522415766,114.4426457377769,11.600000000000001,70.7
36.312536,120,5,1.2950139045715332,5.279486179351807,2.603607177734375,0.0,6.027338190855919,76.21793601041917,12.100000000000001,69.10000000000001
36.312536,120,6,3.7000396251678467,4.054784774780273,-2.489424228668213,0.0,6.02733820088789,47.619174705708645,12.100000000000001,69.10000000000001
36.312536,120,7,0.0,3.764491558074951,0.13978376984596252,0.25578173995018005,3.7670859020109857,90.0,32.4,41.400000000000006
36.312536,120,8,-0.13104306161403656,4.174862861633301,0.8836402893066406,0.25578173995018005,4.269364397463409,91.7978434893703,24.700000000000003,50.1
36.60848,121,0,-0.11562623083591461,0.04113170877099037,-0.026579424738883972,0.0,0.12556953668462656,160.41800601487734,35.1,53.6
36.60848,121,1,-0.8787593245506287,2.094367504119873,-0.7304449677467346,0.0,2.3858212514152255,112.76205401435232,14.700000000000001,55.300000000000004
36.60848,121,2,-1.8500198125839233,1.4670416116714478,1.872809886932373,0.0,3.0136690710693936,141.58604155578257,14.9,62.800000000000004
36.60848,121,3,-2.570756673812866,2.095193386077881,1.5040007829666138,0.0,3.6415166560352397,140.8196083866763,11.5,70.7
36.60848,121,4,-1.2294923067092896,2.703477621078491,-2.1071786880493164,0.0,3.641516799810044,114.45517464358875,11.5,70.7
36.60848,121,5,1.2950139045715332,5.213023662567139,2.7342512607574463,0.0,6.027338274601169,76.04904660035459,12.3,69.0
36.60848,121,6,3.7000396251678467,3.9942455291748047,-2.5854427814483643,0.0,6.027338131487944,47.18974839804883,12.3,69.0
36.60848,121,7,-0.2620861232280731,4.168858528137207,0.8828365802764893,0.34104230999946594,4.269364237340886,93.59731377122164,28.6,41.800000000000004
36.60848,121,8,-2.7056539058685303,1.270749807357788,-3.879087209701538,0.42630288004875183,4.897212034587797,154.84221844268103,18.0,48.1
36.60848,121,9,-3.9775421619415283,1.1272459030151367,3.4731781482696533,0.5115634799003601,5.399489922715359,164.17713085046796,15.3,47.7
36.60848,121,10,-0.20041880011558533,6.51548957824707,0.37961989641189575,-0.5115634799003601,6.529615869669343,91.76188320368028,21.200000000000003,40.300000000000004
36.899227,122,0,-0.11562623083591461,0.04109865799546242,-0.026630502194166183,0.0,0.1255695368847942,160.43254516565054,35.6,53.1
36.899227,122,1,-0.8787593245506287,2.0990846157073975,-0.7167764902114868,0.0,2.3858211817535797,112.71610180244963,14.9,55.1
36.899227,122,2,-1.8500198125839233,1.4719568490982056,1.8689491748809814,0.0,3.013669074541608,141.4927045927951,14.9,62.800000000000004
36.899227,122,3,-2.570756673812866,2.105964422225952,1.4888813495635986,0.0,3.641516675330926,140.6756584156372,11.5,70.7
36.899227,122,4,-1.2294923067092896,2.72906231880188,-2.0739364624023438,0.0,3.641516843602892,114.25243241980806,11.5,70.7
36.899227,122,5,1.2950139045715332,5.187363147735596,2.782626152038574,0.0,6.0273381970425355,75.98274953337256,12.3,69.0
36.899227,122,6,3.7000396251678467,4.031885147094727,-2.526343584060669,0.0,6.027337967287034,47.45756223927464,12.3,69.0
36.899227,122,7,-0.2697945535182953,4.351939678192139,0.5507039427757263,0.17052115499973297,4.394933776101747,93.54745992433888,19.8,50.900000000000006
36.899227,122,8,-0.7322994470596313,1.463221788406372,4.482330799102783,0.5115634799003601,4.771642261823112,116.58661660024416,18.400000000000002,40.7
36.899227,122,9,-0.3931291997432709,6.3843584060668945,0.31181254982948303,-0.25578173995018005,6.4040463685890785,93.52364921807124,14.9,44.7
37.193016,123,0,-0.11562623083591461,0.041065994650125504,-0.02668084390461445,0.0,0.12556953693227807,160.4469164618207,35.300000000000004,53.400000000000006
37.193016,123,1,-0.8787593245506287,2.106297731399536,-0.6952947974205017,0.0,2.3858212294938457,112.6461733590141,15.0,55.300000000000004
37.193016,123,2,-1.8500198125839233,1.4636179208755493,1.8754867315292358,0.0,3.013669060365344,141.65119790547163,14.8,62.900000000000006
37.193016,123,3,-2.570756673812866,2.1191272735595703,1.4700863361358643,0.0,3.641516732515557,140.5005439683149,11.4,70.8
37.193016,123,4,-1.2294923067092896,2.7460458278656006,-2.051395893096924,0.0,3.6415167349897386,114.11958482683686,11.4,70.8
37.193016,123,5,1.2950139045715332,5.162273406982422,2.8289005756378174,0.0,6.027338235765061,75.91732741967539,12.5,68.8
37.193016,123,6,3.7000396251678467,4.00689697265625,-2.5657923221588135,0.0,6.027338286320352,47.280069240247215,12.5,68.8
37.488975,124,0,-0.11562623083591461,0.041077736765146255,-0.026662761345505714,0.0,0.12556953674213445,160.4417498432999,35.5,53.2
37.488975,124,1,-0.8787593245506287,2.101670980453491,-0.7091569900512695,0.0,2.38582113686328,112.69098098198386,15.0,55.1
37.488975,124,2,-1.8500198125839233,1.4667086601257324,1.8730705976486206,0.0,3.0136690369741395,141.59237281395826,15.100000000000001,62.6
37.488975,124,3,-2.570756673812866,2.1073458194732666,1.486925721168518,0.0,3.641516769023227,140.65723940637275,11.5,70.7
37.488975,124,4,-1.2294923067092896,2.7114415168762207,-2.096920967102051,0.0,3.641516713399727,114.39172566062251,11.5,70.7
37.488975,124,5,1.2950139045715332,5.122406005859375,2.900465726852417,0.0,6.0273381964631225,75.81213263164717,12.100000000000001,69.2
37.488975,124,6,3.7000396251678467,3.9580156803131104,-2.6405725479125977,0.0,6.027338113479805,46.929386929359744,12.100000000000001,69.2
37.806821,125,0,-0.11562623083591461,0.04106341302394867,-0.02668481320142746,0.0,0.12556953612278213,160.44805244105004,35.4,53.300000000000004
37.806821,125,1,-0.8787593245506287,2.104971170425415,-0.6993005871772766,0.0,2.3858212192101282,112.65900324517328,14.9,55.2
37.806821,125,2,-1.8500198125839233,1.4684199094772339,1.8717293739318848,0.0,3.013669057269167,141.55984425919695,14.8,62.900000000000006
37.806821,125,3,-2.570756673812866,2.0911154747009277,1.509665608406067,0.0,3.6415167243459337,140.8742621856603,11.5,70.8
37.806821,125,4,-1.2294923067092896,2.7082488536834717,-2.1010429859161377,0.0,3.641516828795738,114.41712470562958,11.5,70.8
37.806821,125,5,1.2950139045715332,5.115993976593018,2.9117610454559326,0.0,6.027338365099828,75.79506988235038,12.9,68.4
37.806821,125,6,3.7000396251678467,3.9451804161071777,-2.6597111225128174,0.0,6.027338135418173,46.83653603418464,12.9,68.4
37.806821,125,7,0.0,4.850680828094482,0.6734820604324341,0.34104230999946594,4.897211715023937,90.0,16.3,42.5
38.091311,126,0,-0.11562623083591461,0.041083402931690216,-0.02665402740240097,0.0,0.1255695362360464,160.43925680599915,35.6,53.1
38.091311,126,1,-0.8787593245506287,2.1055655479431152,-0.6975091099739075,0.0,2.3858212811663537,112.65325299739374,15.0,55.1
38.091311,126,2,-1.8500198125839233,1.465017318725586,1.8743938207626343,0.0,3.0136690671724566,141.62455174436033,14.8,62.900000000000006
38.091311,126,3,-1.2294923067092896,2.6217293739318848,-2.208059787750244,0.0,3.641516753864282,115.12480795815992,11.4,70.7
38.091311,126,4,-2.570756673812866,2.0415732860565186,1.5760178565979004,0.0,3.641516667902049,141.54506005904926,11.4,70.7
38.091311,126,5,1.2950139045715332,5.125463485717773,2.895059108734131,0.0,6.027338069125064,75.82025461829781,12.5,68.7
38.091311,126,6,3.7000396251678467,3.9871537685394287,-2.5963659286499023,0.0,6.027338088845229,47.138984252102475,12.5,68.7
38.403301,127,0,-0.11562623083591461,0.0410672165453434,-0.026678962633013725,0.0,0.12556953682830913,160.44637880334776,35.1,53.6
38.403301,127,1,-0.8787593245506287,2.100919485092163,-0.7113803029060364,0.0,2.3858211518651773,112.6982746740004,15.0,55.300000000000004
38.403301,127,2,-1.8500198125839233,1.4686248302459717,1.8715685606002808,0.0,3.013669038895192,141.5559509543589,14.700000000000001,63.0
38.403301,127,3,1.2950139045715332,5.215287208557129,2.729931592941284,0.0,6.027338399568433,76.05486525656035,12.5,68.8
38.403301,127,4,3.7000396251678467,3.970754384994507,-2.62137770652771,0.0,6.027338110148277,47.02122210716106,12.5,68.8
38.403301,127,5,-4.856301784515381,1.9496757984161377,-0.6552357077598572,0.25578173995018005,5.273920417861881,158.12585392533524,14.600000000000001,47.1
38.700025,128,0,-0.11562623083591461,0.0410795696079731,-0.02665993757545948,0.0,0.1255695367835046,160.44094340859897,35.0,53.7
38.700025,128,1,-0.8787593245506287,2.1130781173706055,-0.6744076609611511,0.0,2.3858211948422015,112.58081101079796,14.8,55.5
38.700025,128,2,-1.8500198125839233,1.4623595476150513,1.8764680624008179,0.0,3.0136690499562544,141.67517554993285,14.8,62.900000000000006
38.700025,128,3,-2.570756673812866,2.094147205352783,1.5054572820663452,0.0,3.6415167199625555,140.83362162369318,11.3,70.8
38.700025,128,4,-1.2294923067092896,2.6919429302215576,-2.121894359588623,0.0,3.6415166819721105,114.54762354994907,11.3,70.8
38.700025,128,5,1.2950139045715332,5.0470356941223145,3.0297152996063232,0.0,6.027338144442118,75.60899568561364,12.4,68.8
38.700025,128,6,3.7000396251678467,3.9270782470703125,-2.6863670349121094,0.0,6.02733810505828,46.70503653978181,12.4,68.8
38.700025,128,7,0.13875149190425873,4.234832286834717,-1.5754034519195557,0.34104230999946594,4.520503568237002,88.12341281917965,21.200000000000003,46.800000000000004
38.700025,128,8,2.8598222732543945,6.007336139678955,0.15757820010185242,-0.34104230999946594,6.655186084463914,64.54298372676362,23.700000000000003,41.900000000000006
38.990111,129,0,-0.11562623083591461,0.04106675833463669,-0.026679668575525284,0.0,0.12556953696153988,160.4465804248551,35.4,53.300000000000004
38.990111,129,1,-0.8787593245506287,2.0988962650299072,-0.7173279523849487,0.0,2.385821215664316,112.71793327113079,14.9,55.2
38.990111,129,2,-1.8500198125839233,1.461997389793396,1.8767502307891846,0.0,3.0136690434556703,141.68207921918045,14.8,62.900000000000006
38.990111,129,3,-2.570756673812866,2.093705177307129,1.5060720443725586,0.0,3.6415167510635738,140.8395441184872,11.5,70.8
38.990111,129,4,-1.2294923067092896,2.7030844688415527,-2.107682943344116,0.0,3.641516767449172,114.45831494372369,11.5,70.8
38.990111,129,5,1.2950139045715332,5.123317241668701,2.8988561630249023,0.0,6.02733835334643,75.81455422055791,13.0,68.4
38.990111,129,6,3.7000396251678467,4.010061264038086,-2.5608437061309814,0.0,6.027338140205974,47.302611573194156,13.0,68.4
38.990111,129,7,-3.9929592609405518,1.9457274675369263,-1.3625028133392334,0.25578173995018005,4.646072852831292,154.02050805441067,11.9,56.5
39.298641,130,0,-0.11562623083591461,0.041075218468904495,-0.026666641235351562,0.0,0.1255695368485661,160.44285788461934,35.300000000000004,53.400000000000006
39.298641,130,1,-0.8787593245506287,2.0926759243011475,-0.7352766990661621,0.0,2.385821095309531,112.77857561597475,14.600000000000001,55.2
39.298641,130,2,-1.8500198125839233,1.4625616073608398,1.8763105869293213,0.0,3.0136690563003152,141.6713243375114,14.700000000000001,63.0
39.298641,130,3,-2.570756673812866,2.0731515884399414,1.5342414379119873,0.0,3.6415167409213822,141.11603399785866,11.5,70.8
39.298641,130,4,-1.2294923067092896,2.6854214668273926,-2.1301419734954834,0.0,3.6415168012796464,114.60018284412675,11.5,70.8
39.298641,130,5,1.4800158739089966,4.795126438140869,3.338430643081665,0.0,6.027338027972781,72.84715739148606,12.600000000000001,68.9
39.298641,130,6,3.7000396251678467,3.9779574871063232,-2.61043381690979,0.0,6.027338028475231,47.073010896757204,12.600000000000001,68.9
39.605189,131,0,-0.11562623083591461,0.04103919491171837,-0.02672204189002514,0.0,0.1255695357126659,160.45870978697613,35.0,53.7
39.605189,131,1,-0.8787593245506287,2.1017887592315674,-0.7088077664375305,0.0,2.3858211141405823,112.68983827404266,14.8,55.400000000000006
39.605189,131,2,-1.8500198125839233,1.4627737998962402,1.8761451244354248,0.0,3.0136690303612896,141.66728043699717,14.700000000000001,63.0
39.605189,131,3,-2.374191999435425,2.0888137817382812,1.5368647575378418,0.0,3.5159470911725634,138.65868608284165,12.8,69.3
39.605189,131,4,-1.0791782140731812,2.650888681411743,-2.042069435119629,0.0,3.515947098125464,112.15126488425592,12.8,69.3
39.605189,131,5,1.4800158739089966,4.904785633087158,3.1751270294189453,0.0,6.027337782678815,73.20884565705498,13.100000000000001,68.3
39.605189,131,6,3.7000396251678467,3.993600606918335,-2.5864391326904297,0.0,6.027338253533075,47.18513593340632,13.100000000000001,68.3
39.605189,131,7,2.505234956741333,5.744495868682861,0.3792521357536316,-0.5115634799003601,6.278476499618908,66.43747870873415,20.700000000000003,41.800000000000004
39.605189,131,8,2.6979453563690186,5.64582633972168,0.5147875547409058,-0.34104230999946594,6.2784767603905625,64.45847596184367,16.2,49.300000000000004
39.901655,132,0,-0.11562623083591461,0.0410890094935894,-0.02664538286626339,0.0,0.1255695360609979,160.4367900698143,35.0,53.7
39.901655,132,1,-0.8787593245506287,2.104290246963501,-0.7013471126556396,0.0,2.38582127712467,112.6655941729804,14.8,55.5
39.901655,132,2,-1.8500198125839233,1.467359185218811,1.8725610971450806,0.0,3.013669084013747,141.58000375246854,14.8,62.900000000000006
39.901655,132,3,-2.570756673812866,2.0735440254211426,1.5337110757827759,0.0,3.641516767130404,141.1107346078782,11.5,70.7
39.901655,132,4,-1.2294923067092896,2.7051186561584473,-2.105071544647217,0.0,3.6415167834622473,114.44207505844665,11.5,70.7
39.901655,132,5,1.4800158739089966,4.79259729385376,3.3420603275299072,0.0,6.027337973013153,72.83863713772664,12.4,68.9
39.901655,132,6,3.7000396251678467,4.046810150146484,-2.502366781234741,0.0,6.027338146061489,47.56300739558573,12.4,68.9
39.901655,132,7,0.6166732311248779,4.782467365264893,-1.40572190284729,0.25578173995018005,5.022781504500701,82.65256218128413,19.400000000000002,44.1
39.901655,132,8,2.4551303386688232,5.542818069458008,1.0525084733963013,-0.42630288004875183,6.152907541767006,66.109578740644,20.5,46.2
40.202018,133,0,-0.11562623083591461,0.04108431935310364,-0.026652613654732704,0.0,0.12556953598965181,160.4388536001073,35.300000000000004,53.400000000000006
40.202018,133,1,-0.8787593245506287,2.1105904579162598,-0.6821531057357788,0.0,2.3858212194539665,112.60475027111019,15.0,55.300000000000004
40.202018,133,2,-1.8500198125839233,1.4680622816085815,1.8720098733901978,0.0,3.013669048801682,141.56663986366792,14.700000000000001,63.0
40.202018,133,3,-2.374191999435425,2.085099220275879,1.5419007539749146,0.0,3.5159471474535375,138.70925527549898,12.8,69.3
40.202018,133,4,-1.0791782140731812,2.646867036819458,-2.0472793579101562,0.0,3.5159470271402866,112.18165999572443,12.8,69.3
40.202018,133,5,1.4800158739089966,4.8106184005737305,3.316067934036255,0.0,6.027337963488081,72.89916859109971,11.9,69.4
40.202018,133,6,3.7000396251678467,4.119567394256592,-2.380688190460205,0.0,6.027338135846615,48.071017170059676,11.9,69.4
40.202018,133,7,0.46250492334365845,4.807896137237549,-1.377881646156311,0.42630288004875183,5.02278149050855,84.50522865642859,19.3,41.900000000000006
40.489237,134,0,-0.11562623083591461,0.04109476879239082,-0.026636501774191856,0.0,0.125569536537278,160.43425621209576,35.6,53.1
40.489237,134,1,-0.8787593245506287,2.109464406967163,-0.6856269240379333,0.0,2.3858210984295782,112.61560231189719,15.100000000000001,55.1
40.489237,134,2,-1.8500198125839233,1.4814541339874268,1.861430048942566,0.0,3.0136691067812693,141.31304096490138,14.600000000000001,63.1
40.489237,134,3,-2.570756673812866,2.0940511226654053,1.5055910348892212,0.0,3.641516764293202,140.8349088988455,11.5,70.8
40.489237,134,4,-1.2294923067092896,2.7103652954101562,-2.0983119010925293,0.0,3.6415167445842753,114.4002819328793,11.5,70.8
40.489237,134,5,1.4800158739089966,4.577951431274414,3.630525827407837,0.0,6.027338059011243,72.08438582320288,12.200000000000001,69.2
40.489237,134,6,3.7000396251678467,4.022513389587402,-2.5412395000457764,0.0,6.027338168197887,47.391133854059184,12.200000000000001,69.2
40.78974,135,0,-0.11562623083591461,0.041057564318180084,-0.026693813502788544,0.0,0.12556953660973413,160.45062607510192,35.4,53.300000000000004
40.78974,135,1,-0.8787593245506287,2.109055280685425,-0.6868847012519836,0.0,2.3858211836358945,112.61954761199966,14.8,55.2
40.78974,135,2,-1.8500198125839233,1.4755736589431763,1.866094946861267,0.0,3.0136690728447877,141.42417802093735,15.0,62.7
40.78974,135,3,-2.570756673812866,2.0894482135772705,1.511972188949585,0.0,3.641516663882185,140.89663194512693,11.700000000000001,70.60000000000001
40.78974,135,4,-1.2294923067092896,2.7084639072418213,-2.1007654666900635,0.0,3.641516664128627,114.4154123000557,11.700000000000001,70.60000000000001
40.78974,135,5,1.4800158739089966,4.807300090789795,3.3208768367767334,0.0,6.0273380621108705,72.88805379006081,11.5,69.7
40.78974,135,6,3.7000396251678467,4.053519248962402,-2.4914844036102295,0.0,6.027338223706544,47.61026933138154,11.5,69.7
40.78974,135,7,0.5781311392784119,2.8396339416503906,-2.40690279006958,0.34104230999946594,3.767086085772532,78.49222913447909,30.700000000000003,41.2
41.102873,136,0,-0.11562623083591461,0.041099950671195984,-0.02662850357592106,0.0,0.12556953613511437,160.4319764638118,35.300000000000004,53.400000000000006
41.102873,136,1,-0.8787593245506287,2.0897552967071533,-0.7435369491577148,0.0,2.3858211050627918,112.80715479225692,14.5,55.5
41.102873,136,2,-1.8500198125839233,1.4624093770980835,1.8764292001724243,0.0,3.0136690323320483,141.67422577339252,14.9,62.900000000000006
41.102873,136,3,-2.570756673812866,2.096146821975708,1.502671718597412,0.0,3.641516671540136,140.8068422990257,11.600000000000001,70.7
41.102873,136,4,-1.2294923067092896,2.709049701690674,-2.1000101566314697,0.0,3.641516754930971,114.41074894176853,11.600000000000001,70.7
41.102873,136,5,1.2950139045715332,5.164561748504639,2.8247203826904297,0.0,6.027338078085355,75.92331911352734,12.100000000000001,69.10000000000001
41.102873,136,6,3.7000396251678467,3.9021949768066406,-2.722386121749878,0.0,6.02733814056616,46.5232257545194,12.100000000000001,69.10000000000001
41.102873,136,7,0.6166732311248779,2.930094003677368,-2.679626226425171,0.34104230999946594,4.0182251626455265,78.11487462568482,29.3,40.400000000000006
41.102873,136,8,0.7515705823898315,2.7174739837646484,-4.004143238067627,0.42630288004875183,4.897212090946664,74.54017595069992,19.3,54.5
41.102873,136,9,2.374191999435425,4.979890823364258,0.30031296610832214,-0.25578173995018005,5.525060012382083,64.51025569248024,27.0,43.5
41.387845,137,0,-0.11562623083591461,0.04111034795641899,-0.026612447574734688,0.0,0.12556953584502914,160.42740241139728,34.7,54.0
41.387845,137,1,-0.8787593245506287,2.106727361679077,-0.6939915418624878,0.0,2.3858211138114767,112.6420211233307,14.200000000000001,55.7
41.387845,137,2,-1.8500198125839233,1.4775102138519287,1.8645620346069336,0.0,3.0136690793594734,141.38754036809266,14.5,63.2
41.387845,137,3,-2.570756673812866,2.0918378829956055,1.5086644887924194,0.0,3.641516736805176,140.86457399242894,11.600000000000001,70.8
41.387845,137,4,-1.2294923067092896,2.7129786014556885,-2.0949318408966064,0.0,3.6415166678481974,114.37951515796549,11.600000000000001,70.8
41.387845,137,5,1.4800158739089966,5.0750203132629395,2.895259380340576,0.0,6.027338139386588,73.7418594300027,12.0,69.3
41.387845,137,6,3.7000396251678467,3.9531824588775635,-2.6478028297424316,0.0,6.027338102859463,46.8944609023839,12.0,69.3
41.387845,137,7,2.374191999435425,4.981620788574219,0.27009454369544983,-0.34104230999946594,5.5250596733313255,64.51798541527133,17.0,45.800000000000004
41.704055,138,0,-0.11562623083591461,0.04108935594558716,-0.02664485201239586,0.0,0.12556953678383084,160.43663764274535,35.0,53.7
41.704055,138,1,-0.8787593245506287,2.100806474685669,-0.7117140889167786,0.0,2.3858211875428856,112.69937188874201,14.3,55.6
41.704055,138,2,-1.8500198125839233,1.46603524684906,1.8735977411270142,0.0,3.0136690507607318,141.60518153216387,14.9,62.800000000000004
41.704055,138,3,-2.570756673812866,2.0922303199768066,1.5081199407577515,0.0,3.6415166268321233,140.85931215056505,11.700000000000001,70.7
41.704055,138,4,-1.2294923067092896,2.714348554611206,-2.093156576156616,0.0,3.641516697817677,114.36864200702927,11.700000000000001,70.7
41.704055,138,5,1.4800158739089966,5.064408779144287,2.913780927658081,0.0,6.02733793342304,73.70959820383187,12.3,69.0
41.704055,138,6,3.7000396251678467,3.9248733520507812,-2.689587354660034,0.0,6.0273380688159275,46.68897561573733,12.3,69.0
41.704055,138,7,3.1565961837768555,3.726576089859009,-0.36223748326301575,-0.34104230999946594,4.897211943057416,49.73373351697815,19.8,46.300000000000004
41.704055,138,8,1.653455138206482,4.259302139282227,1.762702226638794,-0.34104230999946594,4.897212242444974,68.78385735524343,19.8,46.300000000000004
41.704055,138,9,2.32023286819458,4.868216514587402,-0.2673555910587311,-0.34104230999946594,5.399489939579694,64.51713909761682,15.4,49.6
42.001536,139,0,-0.11562623083591461,0.04107840359210968,-0.02666173130273819,0.0,0.12556953617440764,160.44145644437577,34.7,54.0
42.001536,139,1,-0.8787593245506287,2.106027841567993,-0.6961121559143066,0.0,2.3858213163512225,112.64878249360657,14.4,55.7
42.001536,139,2,-1.8500198125839233,1.4678903818130493,1.8721446990966797,0.0,3.0136690684824887,141.56990673949292,14.700000000000001,63.0
42.001536,139,3,-2.570756673812866,2.0851707458496094,1.5178660154342651,0.0,3.6415167384086953,140.95408802244148,11.700000000000001,70.7
42.001536,139,4,-1.2294923067092896,2.713104009628296,-2.0947697162628174,0.0,3.6415168355357457,114.37851942980843,11.700000000000001,70.7
42.001536,139,5,1.4800158739089966,5.068240642547607,2.9071106910705566,0.0,6.027337950366706,73.72126220867646,11.9,69.3
42.001536,139,6,3.7000396251678467,3.9578442573547363,-2.64082932472229,0.0,6.02733804557213,46.928148964067226,11.9,69.3
42.001536,139,7,0.7400079369544983,1.7673455476760864,-3.5319981575012207,-0.34104230999946594,4.018225107710886,67.28037778853162,33.800000000000004,40.300000000000004
42.001536,139,8,3.075657606124878,3.6386284828186035,-0.2632153630256653,-0.34104230999946594,4.771642198805917,49.792852568227644,12.8,54.800000000000004
42.306081,140,0,-0.11562623083591461,0.04109025001525879,-0.02664346992969513,0.0,0.1255695360886997,160.436244283899,35.300000000000004,53.400000000000006
42.306081,140,1,-0.8787593245506287,2.096395969390869,-0.7246019840240479,0.0,2.3858210423698054,112.7422719622195,14.5,55.400000000000006
42.306081,140,2,-1.8500198125839233,1.461921215057373,1.8768095970153809,0.0,3.0136690610345584,141.6835314749864,14.8,62.900000000000006
42.306081,140,3,-2.570756673812866,2.086496353149414,1.5160433053970337,0.0,3.641516746013721,140.9362721090963,11.700000000000001,70.7
42.306081,140,4,-1.2294923067092896,2.7153306007385254,-2.0918827056884766,0.0,3.641516834771317,114.36085322916078,11.700000000000001,70.7
42.306081,140,5,1.4800158739089966,5.1157708168029785,2.8226306438446045,0.0,6.0273378691298065,73.86460202089319,11.9,69.4
42.306081,140,6,3.7000396251678467,3.899235486984253,-2.726623296737671,0.0,6.027338153205124,46.50152075467899,11.9,69.4
42.306081,140,7,4.154836177825928,4.531430721282959,0.24847888946533203,-0.42630288004875183,6.152907426970447,47.48251337595414,11.9,51.400000000000006
42.306081,140,8,3.279930830001831,3.2546207904815674,-0.485273540019989,-0.34104230999946594,4.646072873737012,44.77807946493235,16.400000000000002,49.6
42.306081,140,9,1.8538739681243896,4.166624069213867,0.8879121541976929,-0.34104230999946594,4.646072838151979,66.01407813050501,16.400000000000002,49.6
42.306081,140,10,0.8633425831794739,1.7123560905456543,-3.5310919284820557,-0.25578173995018005,4.018225230639882,63.24348846205789,31.3,41.6
42.594509,141,0,-0.11562623083591461,0.04107510298490524,-0.02666681818664074,0.0,0.12556953665097334,160.44290869753016,34.800000000000004,53.900000000000006
42.594509,141,1,-0.8787593245506287,2.1055476665496826,-0.6975630521774292,0.0,2.3858212712524343,112.65342594886616,14.3,55.7
42.594509,141,2,-1.8500198125839233,1.4495197534561157,1.8864041566848755,0.0,3.01366910343032,141.92073971042177,14.700000000000001,63.0
42.594509,141,3,-2.570756673812866,2.0927577018737793,1.5073882341384888,0.0,3.641516711910652,140.85224218973542,11.600000000000001,70.8
42.594509,141,4,-1.2294923067092896,2.7113780975341797,-2.0970029830932617,0.0,3.641516721250561,114.39222970654005,11.600000000000001,70.8
42.594509,141,5,1.2950139045715332,5.255061149597168,2.652560234069824,0.0,6.0273380935872245,76.1563370571933,12.100000000000001,69.10000000000001
42.594509,141,6,3.7000396251678467,3.857910394668579,-2.784787178039551,0.0,6.027338174358361,46.19662257598672,12.100000000000001,69.10000000000001
42.594509,141,7,0.8363630771636963,0.7580528259277344,3.7254021167755127,-0.42630288004875183,3.8926556764521596,42.188158875664406,29.700000000000003,40.2
42.594509,141,8,1.52626633644104,4.020364761352539,-1.3936033248901367,-0.34104230999946594,4.520503508595393,69.21154565579045,21.200000000000003,47.800000000000004
42.594509,141,9,3.05253267288208,3.3289313316345215,-0.187647745013237,-0.34104230999946594,4.520503423951713,47.48008680931411,21.200000000000003,47.800000000000004
42.89619,142,0,-0.11562623083591461,0.04108300432562828,-0.026654643937945366,0.0,0.12556953669261686,160.43943218480086,35.1,53.6
42.89619,142,1,-0.8787593245506287,2.1086058616638184,-0.6882632970809937,0.0,2.385821241509198,112.62388296789251,14.9,55.2
42.89619,142,2,-1.8500198125839233,1.445743441581726,1.8892998695373535,0.0,3.0136690931261,141.99327822325031,14.700000000000001,63.0
42.89619,142,3,-2.570756673812866,2.089494466781616,1.5119082927703857,0.0,3.6415166741911595,140.89601117108316,11.600000000000001,70.8
42.89619,142,4,-1.2294923067092896,2.7151832580566406,-2.092073917388916,0.0,3.6415168176060106,114.36202153136347,11.600000000000001,70.8
42.89619,142,5,1.4800158739089966,5.13945198059082,2.7792787551879883,0.0,6.027338056460813,73.93510550667848,12.600000000000001,68.60000000000001
42.89619,142,6,3.7000396251678467,3.9702811241149902,-2.6220946311950684,0.0,6.027338192540553,47.017815938897776,12.600000000000001,68.60000000000001
42.89619,142,7,0.6706321835517883,6.411473751068115,-3.389075517654419,0.25578173995018005,7.283033437422586,84.02864684401106,14.9,45.300000000000004
42.89619,142,8,0.6937574148178101,1.5009053945541382,-3.3848073482513428,-0.34104230999946594,3.7670860275274696,65.19239526202504,30.700000000000003,40.5
42.89619,142,9,0.6937574744224548,3.1137118339538574,-3.2028815746307373,-0.25578173995018005,4.520503423218523,77.4392557157315,22.8,52.1
43.201044,143,0,-0.11562623083591461,0.04108845815062523,-0.026646234095096588,0.0,0.12556953628156226,160.4370326425183,35.300000000000004,53.400000000000006
43.201044,143,1,-0.8787593245506287,2.099885940551758,-0.7144257426261902,0.0,2.3858212538953123,112.70831307134861,14.700000000000001,55.2
43.201044,143,2,-1.8500198125839233,1.4692988395690918,1.8710395097732544,0.0,3.013669065117249,141.5431483636609,14.9,62.800000000000004
43.201044,143,3,-2.570756673812866,2.085627317428589,1.5172384977340698,0.0,3.6415166953021236,140.94795077116748,11.700000000000001,70.8
43.201044,143,4,-1.2294923067092896,2.717649459838867,-2.088869094848633,0.0,3.6415167189281945,114.34248049703716,11.700000000000001,70.8
43.201044,143,5,1.4800158739089966,4.99757719039917,3.026975154876709,0.0,6.027337998591214,73.50351967848383,13.200000000000001,68.10000000000001
43.201044,143,6,3.7000396251678467,3.8901615142822266,-2.739553689956665,0.0,6.027338073741175,46.434863753939034,13.200000000000001,68.10000000000001
43.201044,143,7,0.5241722464561462,2.903017282485962,-3.0862932205200195,-0.5115634799003601,4.269364323806871,79.76488476461137,27.0,41.6
43.201044,143,8,0.5550059676170349,3.7134077548980713,-2.517443895339966,-0.42630288004875183,4.520503571994177,81.4994950075839,19.3,47.900000000000006
43.201044,143,9,-3.804103136062622,4.506629943847656,-0.2235061526298523,-0.34104230999946594,5.901768304571877,130.16813338365742,14.700000000000001,54.2
43.201044,143,10,0.7400079369544983,2.5036673545837402,-3.054532766342163,-0.25578173995018005,4.018225029764,73.53392294186949,25.1,44.2
43.201044,143,11,2.254711389541626,5.146473407745361,-0.5997477769851685,-0.25578173995018005,5.650629113891438,66.34138750669291,13.700000000000001,54.400000000000006
43.484075,144,0,-0.11562623083591461,0.04109412059187889,-0.026637500151991844,0.0,0.1255695361896645,160.43454139003464,35.2,53.5
43.484075,144,1,-0.8787593245506287,2.096195936203003,-0.7251811027526855,0.0,2.3858212391602733,112.74422128392796,14.5,55.5
43.484075,144,2,-1.8500198125839233,1.468863844871521,1.8713810443878174,0.0,3.0136690785515654,141.55141042842035,15.0,62.7
43.484075,144,3,-2.570756673812866,2.0797410011291504,1.5252974033355713,0.0,3.641516809840826,141.0271566492896,11.9,70.7
43.484075,144,4,-1.2294923067092896,2.71702241897583,-2.0896847248077393,0.0,3.6415167727980324,114.34744608537358,11.9,70.7
43.484075,144,5,1.2950139045715332,5.2335076332092285,2.694835901260376,0.0,6.027338027240109,76.10152983886094,13.200000000000001,68.4
43.484075,144,6,3.7000396251678467,3.9618496894836426,-2.6348166465759277,0.0,6.027338131459647,46.957060048803186,13.200000000000001,68.4
43.484075,144,7,0.655215322971344,3.0729711055755615,-2.8905038833618164,-0.25578173995018005,4.269364265893515,77.96369963756945,21.5,51.7
43.798965,145,0,-0.11562623083591461,0.041074950248003006,-0.026667052879929543,0.0,0.12556953653054984,160.4429759017517,35.7,53.0
43.798965,145,1,-0.8787593245506287,2.096903085708618,-0.7231338620185852,0.0,2.385821259804874,112.73733153559007,14.8,55.0
43.798965,145,2,-1.8500198125839233,1.4727809429168701,1.8682998418807983,0.0,3.0136690780415782,141.47707925516158,15.0,62.7
43.798965,145,3,-2.570756673812866,2.0844194889068604,1.518897533416748,0.0,3.6415167442574816,140.96418876627618,11.9,70.60000000000001
43.798965,145,4,-1.2294923067092896,2.7226181030273438,-2.0823888778686523,0.0,3.6415167315090846,114.30320055735787,11.9,70.60000000000001
43.798965,145,5,1.4800158739089966,4.978934288024902,3.0575428009033203,0.0,6.02733785438052,73.4451260975766,12.3,68.8
43.798965,145,6,3.7000396251678467,3.843899965286255,-2.8040945529937744,0.0,6.027338254409591,46.092478446163916,12.3,68.8
43.798965,145,7,0.655215322971344,3.455383062362671,-2.4204323291778564,-0.25578173995018005,4.269364342293665,79.26295875223742,17.0,54.300000000000004
44.086921,146,0,-0.11562623083591461,0.04110600799322128,-0.02661915123462677,0.0,0.12556953596677387,160.42931164928922,34.7,54.0
44.086921,146,1,-0.8787593245506287,2.0945048332214355,-0.7300506830215454,0.0,2.3858211262902453,112.7607137216178,14.4,55.5
44.086921,146,2,-1.8500198125839233,1.4728175401687622,1.868270993232727,0.0,3.0136690790026397,141.47638550551252,14.9,62.800000000000004
44.086921,146,3,-2.570756673812866,2.085853099822998,1.5169280767440796,0.0,3.641516692260121,140.944916190365,11.700000000000001,70.7
44.086921,146,4,-1.2294923067092896,2.717639446258545,-2.0888819694519043,0.0,3.6415166310781895,114.34255978046086,11.700000000000001,70.7
44.086921,146,5,1.4800158739089966,4.882488250732422,3.2093091011047363,0.0,6.0273380037954105,73.13650703763085,12.200000000000001,69.10000000000001
44.086921,146,6,3.7000396251678467,3.8810389041900635,-2.752462148666382,0.0,6.0273380594994155,46.36768468311664,12.200000000000001,69.10000000000001
44.086921,146,7,0.3931291997432709,3.884978771209717,-1.7262275218963623,-0.596824049949646,4.2693643646090225,84.22178826084999,20.700000000000003,43.300000000000004
44.086921,146,8,0.7130284309387207,3.335207462310791,-3.154991865158081,-0.34104230999946594,4.646072753325564,77.93249262876833,15.3,59.2
44.086921,146,9,0.6475068926811218,1.8301643133163452,-2.9314019680023193,-0.25578173995018005,3.51594711106611,70.51636645879418,34.6,40.0
44.086921,146,10,0.49333858489990234,3.255037546157837,-2.3037970066070557,-0.25578173995018005,4.01822510990859,81.38175221127302,21.400000000000002,47.900000000000006
44.399667,147,0,-0.11562623083591461,0.04103996232151985,-0.026720864698290825,0.0,0.12556953601449813,160.45837206145063,35.4,53.300000000000004
44.399667,147,1,-0.8787593245506287,2.0964725017547607,-0.7243810296058655,0.0,2.3858211955533037,112.74152623866952,14.600000000000001,55.2
44.399667,147,2,-1.8500198125839233,1.4754737615585327,1.8661739826202393,0.0,3.013669102839498,141.42606899248315,15.0,62.7
44.399667,147,3,-2.570756673812866,2.0583064556121826,1.5541003942489624,0.0,3.6415166313739333,141.31708112048054,11.3,70.8
44.399667,147,4,-1.2294923067092896,2.712500810623169,-2.095550537109375,0.0,3.6415167215691966,114.38330946850976,11.3,70.8
44.399667,147,5,1.4800158739089966,4.959503650665283,3.088960647583008,0.0,6.027337831107637,73.38383600990925,12.100000000000001,69.10000000000001
44.399667,147,6,3.7000396251678467,3.9084408283233643,-2.713411331176758,0.0,6.027338051617453,46.56897618257295,12.100000000000001,69.10000000000001
44.399667,147,7,0.7554247379302979,2.1435160636901855,-2.6826398372650146,-0.42630288004875183,3.515947119405551,70.58636118008447,26.0,40.300000000000004
44.399667,147,8,0.49333858489990234,3.348217010498047,-2.166146993637085,-0.17052115499973297,4.018225094090984,81.61813946750654,24.6,52.1
44.692781,148,0,-0.11562623083591461,0.04107147455215454,-0.026672406122088432,0.0,0.12556953662234369,160.44450522271123,35.7,53.0
44.692781,148,1,-0.8787593245506287,2.0775396823883057,-0.7770162224769592,0.0,2.3858213035294873,112.92742727443986,14.700000000000001,54.900000000000006
44.692781,148,2,-1.8500198125839233,1.4681912660598755,1.8719086647033691,0.0,3.013669017937953,141.56418876815584,15.100000000000001,62.6
44.692781,148,3,-2.570756673812866,2.0911924839019775,1.509558916091919,0.0,3.641516717225684,140.87322929093472,11.600000000000001,70.7
44.692781,148,4,-1.2294923067092896,2.7033867835998535,-2.107295274734497,0.0,3.6415168280426813,114.45590013994178,11.600000000000001,70.7
44.692781,148,5,1.4800158739089966,5.021281719207764,2.987488031387329,0.0,6.02733787242388,73.5771914427084,12.100000000000001,69.2
44.692781,148,6,3.7000396251678467,3.943417549133301,-2.6623239517211914,0.0,6.027338054110873,46.82375825049207,12.100000000000001,69.2
44.692781,148,7,0.5010470151901245,2.0558571815490723,-2.486236810684204,-0.34104230999946594,3.2648078566983068,76.30307639835286,36.6,40.6
44.692781,148,8,-3.9544169902801514,1.8571873903274536,-1.9188567399978638,-0.25578173995018005,4.771642267023258,154.84295688704285,15.100000000000001,61.1
44.692781,148,9,0.7322994470596313,2.2654175758361816,-4.135237693786621,-0.25578173995018005,4.771642280932742,72.08649998675789,15.100000000000001,61.1
44.989826,149,0,-0.11562623083591461,0.041067615151405334,-0.02667834423482418,0.0,0.12556953580648422,160.44620340943825,35.1,53.6
44.989826,149,1,-0.8787593245506287,2.0811009407043457,-0.7674267292022705,0.0,2.3858212130374072,112.89224007754616,14.100000000000001,55.5
44.989826,149,2,-1.8500198125839233,1.4677081108093262,1.872287631034851,0.0,3.0136690891361364,141.57337103822408,14.9,62.800000000000004
44.989826,149,3,-2.570756673812866,2.0898144245147705,1.511466145515442,0.0,3.6415167326133075,140.89171725003234,11.700000000000001,70.60000000000001
44.989826,149,4,-1.2294923067092896,2.712550163269043,-2.095486640930176,0.0,3.6415167146156384,114.38291748986929,11.700000000000001,70.60000000000001
44.989826,149,5,1.4800158739089966,4.8907999992370605,3.1966280937194824,0.0,6.027337952124179,73.16354319665258,12.4,68.8
44.989826,149,6,3.7000396251678467,3.9163413047790527,-2.701996088027954,0.0,6.0273381606683625,46.62673627169434,12.4,68.8
44.989826,149,7,0.6744863390922546,1.647747278213501,-2.585500717163086,-0.7673451900482178,3.139238263167182,67.73882700737364,26.700000000000003,40.5
44.989826,149,8,0.28906556963920593,2.584806203842163,-1.7578495740890503,-0.596824049949646,3.1392383057195303,83.61897797807754,29.700000000000003,40.400000000000006
44.989826,149,9,0.6243817210197449,2.480109691619873,-2.2257275581359863,-0.5115634799003601,3.390377527511705,75.86911948134934,28.0,40.1
44.989826,149,10,0.34687870740890503,3.341827869415283,-1.7037599086761475,-0.42630288004875183,3.7670858993214527,84.07397199185266,30.700000000000003,44.0
44.989826,149,11,-3.850353717803955,1.8318424224853516,-1.8452973365783691,-0.42630288004875183,4.6460728226543075,154.5567863121295,11.5,58.800000000000004
44.989826,149,12,0.5704227685928345,3.285508871078491,-3.235126256942749,-0.42630288004875183,4.646072812088181,80.1506143629581,11.5,58.800000000000004
44.989826,149,13,-3.9544169902801514,2.14111065864563,-1.5958698987960815,-0.34104230999946594,4.771642203630283,151.56676459963703,11.700000000000001,58.6
45.286371,150,0,-0.11562623083591461,0.04108390212059021,-0.026653261855244637,0.0,0.1255695370633287,160.43903717327146,34.9,53.800000000000004
45.286371,150,1,-0.8787593245506287,2.086425542831421,-0.7528302073478699,0.0,2.385821203979775,112.83982030789797,13.9,55.900000000000006
45.286371,150,2,-1.8500198125839233,1.4639865159988403,1.8751990795135498,0.0,3.013669094938584,141.64417752291158,14.8,62.800000000000004
45.286371,150,3,-2.570756673812866,2.0953726768493652,1.5037509202957153,0.0,3.6415166292535965,140.81720740799187,12.100000000000001,70.5
45.286371,150,4,-1.2294923067092896,2.713066816329956,-2.094817638397217,0.0,3.641516692295696,114.37881473285478,12.100000000000001,70.5
45.286371,150,5,1.4800158739089966,4.815781116485596,3.308566093444824,0.0,6.027338081078131,72.91643347489598,11.9,69.3
45.286371,150,6,3.7000396251678467,3.911210060119629,-2.709418296813965,0.0,6.027338124686842,46.589235951316745,11.9,69.3
45.286371,150,7,0.33531609177589417,3.303711175918579,-1.4945563077926636,-0.5115634799003601,3.6415165758864836,84.2045086511819,31.0,43.7
45.286371,150,8,0.655215322971344,2.543013095855713,-3.366192102432251,-0.34104230999946594,4.269364354986274,75.5518062287315,12.5,57.300000000000004
45.286371,150,9,-3.4071197509765625,1.2668616771697998,-2.2392115592956543,-0.34104230999946594,4.269364345410139,159.60346883612803,12.5,57.300000000000004
45.286371,150,10,0.46250495314598083,1.835246205329895,-2.3452422618865967,-0.25578173995018005,3.0136689819556004,75.85528399517035,35.0,40.0
