timestamp_s,frame_number,point_index,x,y,z,doppler,range,aoa,snr,noise
0.0,1,0,-0.11562623083591461,0.04112526401877403,-0.026589393615722656,0.0,0.12556953631667958,160.42084087778596,35.1,53.6
0.0,1,1,-0.8787593245506287,2.0106544494628906,-0.9365857839584351,0.0,2.3858210738323677,113.60780018798721,14.100000000000001,55.5
0.0,1,2,-1.8500198125839233,1.482716679573059,1.8604243993759155,0.0,3.01366902705497,141.28922460281524,15.200000000000001,62.400000000000006
0.0,1,3,-2.374191999435425,1.8106907606124878,1.8564739227294922,0.0,3.515947113727002,142.66884337582474,12.700000000000001,69.8
0.0,1,4,-1.0791782140731812,2.911816358566284,-1.6488126516342163,0.0,3.515946996746887,110.33572768324137,12.700000000000001,69.8
0.0,1,5,1.4800158739089966,4.804803371429443,3.3244879245758057,0.0,6.027337918664649,72.87968169191477,11.600000000000001,70.0
0.0,1,6,3.7000396251678467,4.098544120788574,-2.4167020320892334,0.0,6.027338206021547,47.92524697506266,11.600000000000001,70.0
0.311249,2,0,-0.11562623083591461,0.04114815220236778,-0.026553960517048836,0.0,0.12556953653705355,160.4107734699614,34.7,54.0
0.311249,2,1,-0.8787593245506287,2.0177454948425293,-0.9212101101875305,0.0,2.3858212212053362,113.53386915245879,14.100000000000001,55.5
0.311249,2,2,-1.7575188875198364,1.661331295967102,1.7981396913528442,0.0,3.01366897063483,136.6115621680489,15.4,62.5
0.311249,2,3,-2.482109785079956,0.9832340478897095,2.2878518104553223,0.0,3.5159471106265157,158.3900776353617,12.8,69.7
0.311249,2,4,-1.1870959997177124,2.9834342002868652,-1.432413101196289,0.0,3.5159470747532438,111.69740259088937,12.8,69.7
0.311249,2,5,1.4800158739089966,4.756988525390625,3.3925530910491943,0.0,6.027337993949578,72.71780003362424,11.5,70.10000000000001
0.311249,2,6,3.7000396251678467,4.15049934387207,-2.3263421058654785,0.0,6.027338187360764,48.28400019686029,11.5,70.10000000000001
0.610748,3,0,-0.11562623083591461,0.04111122339963913,-0.026611095294356346,0.0,0.12556953587355718,160.42701729164028,34.5,54.2
0.610748,3,1,-0.8787593245506287,2.0146987438201904,-0.9278542995452881,0.0,2.385821154240193,113.56558091922484,13.700000000000001,55.900000000000006
0.610748,3,2,-1.9425207376480103,1.136501669883728,2.0042898654937744,0.0,3.0136689809536357,149.6695742747371,14.600000000000001,62.6
0.610748,3,3,-2.374191999435425,1.9650278091430664,1.692265510559082,0.0,3.5159471695570983,140.38674435069893,12.700000000000001,69.7
0.610748,3,4,-1.0791782140731812,2.9336864948272705,-1.6095778942108154,0.0,3.515946965640156,110.19641770861894,12.700000000000001,69.7
0.610748,3,5,1.4800158739089966,4.6926374435424805,3.481020927429199,0.0,6.027337709201266,72.49519169217896,11.9,69.60000000000001
0.610748,3,6,3.7000396251678467,4.169119358062744,-2.292804718017578,0.0,6.027337963359065,48.41135859353817,11.9,69.60000000000001
0.893963,4,0,-0.11562623083591461,0.04113628715276718,-0.02657233737409115,0.0,0.12556953647902683,160.4159921757823,34.9,53.800000000000004
0.893963,4,1,-0.8787593245506287,2.0148913860321045,-0.9274359345436096,0.0,2.385821171142932,113.56357343784566,14.0,55.6
0.893963,4,2,-1.8500198125839233,1.5019718408584595,1.844914197921753,0.0,3.0136690454291872,140.92796045090765,15.100000000000001,62.6
0.893963,4,3,-2.374191999435425,1.8360296487808228,1.8314179182052612,0.0,3.5159471145779064,142.2842073503612,12.4,70.0
0.893963,4,4,-1.0791782140731812,2.859008550643921,-1.7387720346450806,0.0,3.515947055751697,110.67981119211441,12.4,70.0
0.893963,4,5,1.4800158739089966,4.781219482421875,3.3583176136016846,0.0,6.027338045932087,72.80020548480671,11.600000000000001,69.9
0.893963,4,6,3.7000396251678467,4.149716377258301,-2.327738046646118,0.0,6.027338023812988,48.27863085042404,11.600000000000001,69.9
1.199173,5,0,-0.11562623083591461,0.04108937457203865,-0.02664482221007347,0.0,0.1255695365550416,160.43662944774982,35.1,53.6
1.199173,5,1,-0.8787593245506287,2.0115742683410645,-0.9346088171005249,0.0,2.3858211644083065,113.59818547341419,14.3,55.400000000000006
1.199173,5,2,-0.1772935688495636,2.4241652488708496,1.5598419904708862,0.0,2.8880992362840754,94.18293248707076,17.3,60.900000000000006
1.199173,5,3,-2.482109785079956,1.7957913875579834,1.7251516580581665,0.0,3.515947089493517,144.11448962950902,12.3,70.10000000000001
1.199173,5,4,-1.0791782140731812,2.8741955757141113,-1.7135512828826904,0.0,3.51594707358539,110.57972047920103,12.3,70.10000000000001
1.199173,5,5,1.4800158739089966,4.773626327514648,3.3691022396087646,0.0,6.027338152343901,72.77446453422989,11.700000000000001,69.7
1.199173,5,6,3.7000396251678467,4.106919765472412,-2.4024405479431152,0.0,6.027338033845572,47.98342036437921,11.700000000000001,69.7
1.505268,6,0,-0.11562623083591461,0.04111461341381073,-0.026605861261487007,0.0,0.12556953669960247,160.42552599420208,35.1,53.6
1.505268,6,1,-0.8787593245506287,2.012044906616211,-0.9335949420928955,0.0,2.385821068862112,113.59326882433379,14.5,55.2
1.505268,6,2,-1.8500198125839233,1.5425196886062622,1.8111491203308105,0.0,3.0136690980872607,140.17914289439963,15.4,62.400000000000006
1.505268,6,3,-2.374191999435425,2.223071813583374,1.3353084325790405,0.0,3.5159471766010286,136.8827355894928,12.200000000000001,70.0
1.505268,6,4,-1.0791782140731812,2.5574254989624023,-2.1579694747924805,0.0,3.515946964134898,112.87869226651505,12.200000000000001,70.0
1.505268,6,5,1.4800158739089966,4.766589164733887,3.3790507316589355,0.0,6.0273379778726435,72.75054161531888,11.5,70.0
1.505268,6,6,3.7000396251678467,4.137160301208496,-2.349982500076294,0.0,6.027338246388087,48.192370716867835,11.5,70.0
1.811927,7,0,-0.11562623083591461,0.04109785705804825,-0.026631737127900124,0.0,0.12556953665015075,160.4328975333566,35.0,53.7
1.811927,7,1,-0.8787593245506287,2.0188310146331787,-0.9188288450241089,0.0,2.385821255370537,113.5225900813306,14.200000000000001,55.400000000000006
1.811927,7,2,-0.1772935688495636,2.5472300052642822,1.3495571613311768,0.0,2.8880994167400735,93.98150812571504,18.1,61.1
1.811927,7,3,0.7091742753982544,0.981940507888794,2.621828079223633,0.0,2.888099338825627,54.16253802754173,18.1,61.1
1.811927,7,4,-2.482109785079956,1.691178321838379,1.8278213739395142,0.0,3.5159471094537067,145.7315522308956,11.4,70.8
1.811927,7,5,-1.1870959997177124,2.9184303283691406,-1.5605933666229248,0.0,3.5159471199149284,112.13444579340307,11.4,70.8
1.811927,7,6,1.4800158739089966,4.787571430206299,3.3492555618286133,0.0,6.0273377211493715,72.82168147466936,11.3,70.0
1.811927,7,7,3.7000396251678467,4.12574577331543,-2.369964599609375,0.0,6.0273380208217935,48.113700173717106,11.3,70.0
2.11136,8,0,-0.11562623083591461,0.04110221937298775,-0.026625003665685654,0.0,0.12556953657198547,160.43097837720276,34.7,54.0
2.11136,8,1,-0.8787593245506287,2.0180091857910156,-0.9206322431564331,0.0,2.385821190190254,113.53112833910212,13.8,55.7
2.11136,8,2,0.2659403383731842,0.9637514352798462,-2.7095344066619873,0.0,2.8880993392650356,74.5735365314194,18.8,61.0
2.11136,8,3,-2.482109785079956,1.7792673110961914,1.7421891689300537,0.0,3.515947134110854,144.36565799921323,11.3,70.9
2.11136,8,4,-1.1870959997177124,2.910919666290283,-1.5745583772659302,0.0,3.5159471411782697,112.18602248090114,11.3,70.9
2.11136,8,5,1.4800158739089966,4.812019348144531,3.3140344619750977,0.0,6.027337854235359,72.90385691247762,11.8,69.60000000000001
2.11136,8,6,3.7000396251678467,4.148460865020752,-2.3299753665924072,0.0,6.027338217268745,48.270018573510846,11.8,69.60000000000001
2.413701,9,0,-0.11562623083591461,0.041090019047260284,-0.026643823832273483,0.0,0.12556953560091574,160.43634590141707,34.7,54.0
2.413701,9,1,-0.8787593245506287,2.024414539337158,-0.9064604640007019,0.0,2.385821189938744,113.46473534930783,14.0,55.7
2.413701,9,2,-1.4183485507965088,2.373037815093994,0.8355218768119812,0.0,2.888099355985533,120.86647360702429,17.0,61.2
2.413701,9,3,-0.3545871376991272,2.4749162197113037,1.4457436800003052,0.0,2.8880992228579294,98.15341652023199,17.0,61.2
2.413701,9,4,-2.482109785079956,1.611790657043457,1.8981953859329224,0.0,3.5159470744735737,147.00179063838428,12.600000000000001,69.8
2.413701,9,5,-1.1870959997177124,2.849543333053589,-1.683089256286621,0.0,3.5159470365924745,112.61620323137906,12.600000000000001,69.8
2.413701,9,6,1.4800158739089966,4.859190464019775,3.244476079940796,0.0,6.027338051408044,73.06027356378556,11.4,70.0
2.413701,9,7,3.7000396251678467,4.124721050262451,-2.3717479705810547,0.0,6.027338169229079,48.10662582944447,11.4,70.0
2.71283,10,0,-0.11562623083591461,0.04113167151808739,-0.026579484343528748,0.0,0.125569537098613,160.41802240108143,35.5,53.2
2.71283,10,1,-0.8787593245506287,1.9719469547271729,-1.0155540704727173,0.0,2.385821203023427,114.01920145110408,14.600000000000001,55.1
2.71283,10,2,-0.25437772274017334,2.3341057300567627,1.4556143283843994,0.0,2.7625297569272003,96.21971601164513,19.1,59.5
2.71283,10,3,1.4800158739089966,4.885331153869629,3.204979181289673,0.0,6.027337639662473,73.14576381327586,11.600000000000001,69.8
2.71283,10,4,3.7000396251678467,4.0844035148620605,-2.440523862838745,0.0,6.027337888746168,47.82673502406696,11.600000000000001,69.8
3.012208,11,0,-0.11562623083591461,0.041129179298877716,-0.026583336293697357,0.0,0.12556953617666686,160.4191186457065,34.6,54.1
3.012208,11,1,-0.8787593245506287,2.0204861164093018,-0.9151834845542908,0.0,2.3858212228682083,113.50541239412806,13.700000000000001,56.0
3.012208,11,2,-1.59564208984375,2.129880666732788,1.1218969821929932,0.0,2.888099404808772,126.83943950267388,16.900000000000002,61.5
3.012208,11,3,-2.374191999435425,2.1327366828918457,1.4753072261810303,0.0,3.515947215240533,138.0666466004392,12.4,69.9
3.012208,11,4,-1.0791782140731812,2.8605153560638428,-1.7362921237945557,0.0,3.5159471069909802,110.66983894646118,12.4,69.9
3.012208,11,5,1.4800158739089966,4.866400718688965,3.2336511611938477,0.0,6.027337950884238,73.08393787603922,11.4,70.0
3.012208,11,6,3.7000396251678467,4.158177375793457,-2.312589645385742,0.0,6.027337984908274,48.33659403972483,11.4,70.0
3.295541,12,0,-0.11562623083591461,0.041096124798059464,-0.02663441188633442,0.0,0.1255695370194093,160.43365963622227,35.0,53.7
3.295541,12,1,-0.8787593245506287,2.005098819732666,-0.9484217166900635,0.0,2.38582123807869,113.6660296422862,14.3,55.6
3.295541,12,2,0.797821044921875,0.7749193906784058,-2.665351629257202,0.0,2.8880993385535834,44.16573938732226,17.1,60.900000000000006
3.295541,12,3,-1.7729356288909912,1.7544726133346558,1.4558992385864258,0.0,2.8880992863904393,135.29989248068807,17.1,60.900000000000006
3.295541,12,4,-2.374191999435425,1.9438964128494263,1.7164974212646484,0.0,3.515947142845045,140.6907122029684,12.600000000000001,69.7
3.295541,12,5,-1.0791782140731812,2.815786361694336,-1.8079283237457275,0.0,3.5159469956522442,110.96982876690157,12.600000000000001,69.7
3.295541,12,6,1.4800158739089966,4.897674560546875,3.1860854625701904,0.0,6.027338024605202,73.18584099804421,11.9,69.60000000000001
3.295541,12,7,3.7000396251678467,4.121454238891602,-2.377419948577881,0.0,6.027338042866504,48.084059852413674,11.9,69.60000000000001
3.59753,13,0,-0.11562623083591461,0.041120853275060654,-0.02659621648490429,0.0,0.1255695367623102,160.4227810958093,35.9,52.800000000000004
3.59753,13,1,-0.8787593245506287,1.9528363943099976,-1.051833987236023,0.0,2.385821173124922,114.22732924348465,14.9,55.0
3.59753,13,2,0.7091742753982544,0.5767219662666321,2.7396316528320312,0.0,2.888099370253776,39.11905213316378,17.6,60.7
3.59753,13,3,-1.7729356288909912,1.7183218002319336,1.4983948469161987,0.0,2.8880993179959074,135.89620623746706,17.6,60.7
3.59753,13,4,-2.482109785079956,1.6911706924438477,1.8278284072875977,0.0,3.5159470961119688,145.7316725077022,12.5,69.9
3.59753,13,5,-1.1870959997177124,2.873701572418213,-1.6415014266967773,0.0,3.515947180165291,112.44500680327711,12.5,69.9
3.59753,13,6,1.4800158739089966,4.879909992218018,3.2132277488708496,0.0,6.02733781078226,73.12810343022635,11.9,69.60000000000001
3.59753,13,7,3.7000396251678467,4.122261047363281,-2.376020908355713,0.0,6.027338112912228,48.089634841880276,11.9,69.60000000000001
3.902557,14,0,-0.11562623083591461,0.04111839830875397,-0.026600008830428123,0.0,0.12556953614064362,160.42386101780826,34.800000000000004,53.900000000000006
3.902557,14,1,-0.8787593245506287,1.9768462181091309,-1.0059839487075806,0.0,2.3858211637912734,113.96638561490505,13.9,55.800000000000004
3.902557,14,2,-1.8500198125839233,1.5640687942504883,1.7925726175308228,0.0,3.0136690410897042,139.78770106578324,14.600000000000001,63.0
3.902557,14,3,-2.482109785079956,1.6453304290771484,1.8691984415054321,0.0,3.515947101388642,146.4605666569869,13.3,69.0
3.902557,14,4,-1.0791782140731812,2.793684482574463,-1.8418970108032227,0.0,3.515946985424179,111.1211521421391,13.3,69.0
3.902557,14,5,1.4800158739089966,4.783956527709961,3.354417085647583,0.0,6.0273378062396485,72.80946584018321,11.8,69.8
3.902557,14,6,3.7000396251678467,4.14473295211792,-2.3366000652313232,0.0,6.027338080531353,48.24442956975049,11.8,69.8
4.194482,15,0,-0.11562623083591461,0.04114260897040367,-0.02656254731118679,0.0,0.1255695363130357,160.41321155478627,34.6,54.1
4.194482,15,1,-0.8787593245506287,2.006939172744751,-0.9445209503173828,0.0,2.385821162445022,113.64671063953048,14.100000000000001,55.7
4.194482,15,2,-1.8500198125839233,1.463898777961731,1.875267505645752,0.0,3.013669052301819,141.64584848664765,15.5,62.300000000000004
4.194482,15,3,-2.482109785079956,1.4715484380722046,2.0088703632354736,0.0,3.5159470882065667,149.3379115314769,13.4,69.10000000000001
4.194482,15,4,-1.1870959997177124,2.8203883171081543,-1.731501579284668,0.0,3.5159472252710593,112.82613161098853,13.4,69.10000000000001
4.194482,15,5,1.4800158739089966,4.808935642242432,3.318507671356201,0.0,6.027337900192936,72.89353388112363,11.600000000000001,69.9
4.194482,15,6,3.7000396251678467,4.101658344268799,-2.4114127159118652,0.0,6.027338192550964,47.94689224277785,11.600000000000001,69.9
4.512739,16,0,-0.11562623083591461,0.04110812395811081,-0.026615887880325317,0.0,0.12556953691215741,160.42838078773877,35.7,53.0
4.512739,16,1,-0.8787593245506287,1.996155858039856,-0.9671022891998291,0.0,2.385821241804813,113.76033291539926,14.600000000000001,55.1
4.512739,16,2,-0.33917027711868286,2.4893810749053955,1.1487022638320923,0.0,2.7625299100481935,97.75859551195128,17.3,59.2
4.512739,16,3,0.5935479998588562,0.7608728408813477,-2.5885024070739746,0.0,2.762529894780337,52.04262381410346,17.3,59.2
4.512739,16,4,-1.8500198125839233,1.4810222387313843,1.8617736101150513,0.0,3.0136690518188636,141.321191776742,15.700000000000001,62.300000000000004
4.512739,16,5,-2.374191999435425,1.9915728569030762,1.6609437465667725,0.0,3.5159471304039154,140.00865068309244,12.700000000000001,69.8
4.512739,16,6,-1.0791782140731812,2.759873151779175,-1.892183542251587,0.0,3.51594709704362,111.35671947617907,12.700000000000001,69.8
4.512739,16,7,1.4800158739089966,4.8623948097229,3.239671468734741,0.0,6.027337845017212,73.07079827002237,11.5,69.9
4.512739,16,8,3.7000396251678467,4.154130935668945,-2.3198509216308594,0.0,6.027338165150974,48.30888979309251,11.5,69.9
4.81725,17,0,-0.11562623083591461,0.041131842881441116,-0.026579217985272408,0.0,0.12556953685051322,160.41794702457028,34.7,54.0
4.81725,17,1,-0.8787593245506287,1.9696171283721924,-1.020065188407898,0.0,2.385821152446981,114.04439472583638,14.100000000000001,55.800000000000004
4.81725,17,2,-1.8500198125839233,1.4745808839797974,1.8668795824050903,0.0,3.0136691035269116,141.44297481871217,15.100000000000001,62.6
4.81725,17,3,-2.374191999435425,2.0362470149993896,1.6058624982833862,0.0,3.515947087154479,139.3816635316401,13.100000000000001,69.4
4.81725,17,4,-1.0791782140731812,2.9204843044281006,-1.6334103345870972,0.0,3.51594702907723,110.28029435219605,13.100000000000001,69.4
4.81725,17,5,1.4800158739089966,4.81089973449707,3.315659761428833,0.0,6.027337960987827,72.90011028534754,11.5,70.0
4.81725,17,6,3.7000396251678467,4.151636600494385,-2.3243117332458496,0.0,6.027338112606685,48.29179714604527,11.5,70.0
5.113219,18,0,-0.11562623083591461,0.04113064333796501,-0.026581071317195892,0.0,0.12556953623823316,160.41847466162974,34.9,53.800000000000004
5.113219,18,1,-0.8787593245506287,1.9167890548706055,-1.1161741018295288,0.0,2.385821212277102,114.62927095625334,14.100000000000001,55.900000000000006
5.113219,18,2,-1.8500198125839233,1.4932990074157715,1.8519411087036133,0.0,3.0136690433105544,141.090224829603,14.200000000000001,63.1
5.113219,18,3,-2.374191999435425,1.9931890964508057,1.6590039730072021,0.0,3.5159471848773896,139.98576389159504,13.100000000000001,69.3
5.113219,18,4,-1.0791782140731812,2.883723497390747,-1.6974680423736572,0.0,3.515947181345812,110.5173981539297,13.100000000000001,69.3
5.113219,18,5,1.4800158739089966,4.8048272132873535,3.324453353881836,0.0,6.027337856691419,72.87976167695713,11.600000000000001,69.9
5.113219,18,6,3.7000396251678467,4.109192371368408,-2.3985514640808105,0.0,6.027338077341335,47.99918226546344,11.600000000000001,69.9
5.413457,19,0,-0.11562623083591461,0.0411081425845623,-0.02661585807800293,0.0,0.12556953669302642,160.42837259358274,34.7,54.0
5.413457,19,1,-0.8787593245506287,1.9329615831375122,-1.0879266262054443,0.0,2.385821195390995,114.44740430044361,14.4,55.800000000000004
5.413457,19,2,-1.9425207376480103,1.255010724067688,1.932294487953186,0.0,3.013668980145586,147.1345780845364,14.3,63.0
5.413457,19,3,-2.374191999435425,2.1833107471466064,1.3993752002716064,0.0,3.515947158295223,137.39830945187356,13.100000000000001,69.4
5.413457,19,4,-1.0791782140731812,2.684225082397461,-1.9980474710464478,0.0,3.5159470427264603,111.90232724892458,13.100000000000001,69.4
5.413457,19,5,1.4800158739089966,4.8687849044799805,3.23006010055542,0.0,6.027337860640868,73.09174874398664,11.3,70.10000000000001
5.413457,19,6,3.7000396251678467,4.132099628448486,-2.358869791030884,0.0,6.0273383228647806,48.1575216079256,11.3,70.10000000000001
5.715716,20,0,-0.11562623083591461,0.04110785573720932,-0.026616299524903297,0.0,0.12556953635747323,160.4284987836782,35.0,53.7
5.715716,20,1,-0.8787593245506287,1.949449896812439,-1.058097243309021,0.0,2.385821164078493,114.264564647296,14.5,55.5
5.715716,20,2,-1.8500198125839233,1.5738704204559326,1.7839730978012085,0.0,3.013669096138066,139.61113499740796,14.5,62.800000000000004
5.715716,20,3,-2.374191999435425,1.9805245399475098,1.674102544784546,0.0,3.51594716029288,140.16551206098185,12.5,69.9
5.715716,20,4,-1.0791782140731812,2.779841899871826,-1.8627231121063232,0.0,3.5159470983489287,111.21699297579025,12.5,69.9
5.715716,20,5,1.4800158739089966,4.891725540161133,3.195211410522461,0.0,6.027337862209175,73.16654855521259,11.5,69.9
5.715716,20,6,3.7000396251678467,4.112656593322754,-2.3926072120666504,0.0,6.027338281003207,48.02319023062184,11.5,69.9
6.0031,21,0,-0.11562623083591461,0.04111931100487709,-0.026598598808050156,0.0,0.12556953632703924,160.42345952766584,34.800000000000004,53.900000000000006
6.0031,21,1,-0.8787593245506287,1.9233115911483765,-1.104896903038025,0.0,2.385821157059639,114.55561789603722,14.200000000000001,55.800000000000004
6.0031,21,2,-1.8500198125839233,1.5140279531478882,1.8350332975387573,0.0,3.01366905166148,140.70362996284757,14.5,62.7
6.0031,21,3,-2.374191999435425,2.082404375076294,1.545538306236267,0.0,3.5159471394723414,138.74599142155887,13.0,69.3
6.0031,21,4,-1.0791782140731812,2.745227575302124,-1.9133695363998413,0.0,3.5159469621642905,111.46031844619688,13.0,69.3
6.0031,21,5,1.4800158739089966,4.874693870544434,3.2211360931396484,0.0,6.027338139599689,73.11107704732542,11.4,70.0
6.0031,21,6,3.7000396251678467,4.1351823806762695,-2.3534603118896484,0.0,6.027337885742544,48.17875588056202,11.4,70.0
6.315391,22,0,-0.11562623083591461,0.041116874665021896,-0.026602361351251602,0.0,0.12556953559284154,160.42453126499427,35.0,53.7
6.315391,22,1,-0.8787593245506287,1.9271416664123535,-1.0982029438018799,0.0,2.3858211707255794,114.51256060694541,14.3,55.6
6.315391,22,2,0.7091742753982544,2.2289419174194336,-1.6941096782684326,0.0,2.8880993449185284,72.35068147536536,16.2,61.1
6.315391,22,3,-1.7729356288909912,1.7451379299163818,1.4670754671096802,0.0,2.8880992996811963,135.45270733003,16.2,61.1
6.315391,22,4,1.4800158739089966,4.902010917663574,3.1794090270996094,0.0,6.0273377029595725,73.19987659736505,11.700000000000001,69.8
6.315391,22,5,3.7000396251678467,4.09564208984375,-2.421616792678833,0.0,6.027338155976983,47.905060222238696,11.700000000000001,69.8
6.615658,23,0,-0.11562623083591461,0.0410907082259655,-0.02664276398718357,0.0,0.12556953624469752,160.43604268823415,34.6,54.1
6.615658,23,1,-0.8787593245506287,1.937373399734497,-1.0800505876541138,0.0,2.38582122389241,114.39822848910873,13.9,56.0
6.615658,23,2,-1.6842888593673706,1.7479315996170044,1.5649358034133911,0.0,2.888099359013435,133.93770152051576,16.7,61.300000000000004
6.615658,23,3,0.620527446269989,0.5895057320594788,2.758359432220459,0.0,2.8880993883564514,43.531425356392816,16.7,61.300000000000004
6.615658,23,4,-1.8500198125839233,1.5734895467758179,1.7843090295791626,0.0,3.0136690883047454,139.617978815958,15.3,62.7
6.615658,23,5,-2.482109785079956,1.3598802089691162,2.086082696914673,0.0,3.5159471250720404,151.2828679402263,12.4,69.7
6.615658,23,6,-1.1870959997177124,2.764694929122925,-1.8191066980361938,0.0,3.5159471188435063,113.23756560762364,12.4,69.7
6.615658,23,7,1.4800158739089966,4.870462894439697,3.227529525756836,0.0,6.027337939154289,73.09724183560074,11.3,70.2
6.615658,23,8,3.7000396251678467,4.121427536010742,-2.3774664402008057,0.0,6.0273381219806215,48.08387531673259,11.3,70.2
6.910216,24,0,-0.11562623083591461,0.04110225662589073,-0.02662494406104088,0.0,0.12556953612765456,160.43096198836324,34.7,54.0
6.910216,24,1,-0.8787593245506287,1.9358071088790894,-1.0828553438186646,0.0,2.3858212022086094,114.41566569441318,14.0,55.900000000000006
6.910216,24,2,-1.8500198125839233,1.517957329750061,1.8317842483520508,0.0,3.0136690751317867,140.63082425480232,14.9,62.7
6.910216,24,3,-2.482109785079956,1.8041229248046875,1.7164368629455566,0.0,3.515947101063079,143.98844974818468,13.0,69.3
6.910216,24,4,-1.0791782140731812,2.9295005798339844,-1.617183804512024,0.0,3.5159469169135384,110.22293975333038,13.0,69.3
6.910216,24,5,1.4800158739089966,4.83783483505249,3.2762339115142822,0.0,6.027337846945875,72.98980507861673,11.8,69.60000000000001
6.910216,24,6,3.7000396251678467,4.141715049743652,-2.341944932937622,0.0,6.027337957174584,48.22369542338916,11.8,69.60000000000001
7.215645,25,0,-0.11562623083591461,0.04110850393772125,-0.02661529928445816,0.0,0.12556953654975053,160.42821362712039,34.9,53.800000000000004
7.215645,25,1,-0.8787593245506287,1.9594683647155762,-1.0394269227981567,0.0,2.3858211480837066,114.15471929048527,14.200000000000001,55.7
7.215645,25,2,-2.374191999435425,2.1571457386016846,1.4393815994262695,0.0,3.5159472090060615,137.74231097927503,12.100000000000001,70.10000000000001
7.215645,25,3,-1.0791782140731812,2.648461103439331,-2.0452167987823486,0.0,3.515947040013939,112.16960275914207,12.100000000000001,70.10000000000001
7.215645,25,4,1.4800158739089966,4.8551154136657715,3.250570774078369,0.0,6.027337971636402,73.0468706564685,11.8,69.7
7.215645,25,5,3.7000396251678467,4.133269309997559,-2.3568191528320312,0.0,6.027338130214349,48.16558054910551,11.8,69.7
7.50995,26,0,-0.11562623083591461,0.041126079857349396,-0.026588130742311478,0.0,0.1255695361069855,160.4204820081212,35.1,53.6
7.50995,26,1,-0.8787593245506287,1.9263231754302979,-1.0996379852294922,0.0,2.385821163717876,114.52175008689034,14.600000000000001,55.300000000000004
7.50995,26,2,-1.8500198125839233,1.5091688632965088,1.8390315771102905,0.0,3.013669043957132,140.79387178982012,15.4,62.1
7.50995,26,3,-2.374191999435425,1.721901297569275,1.939111351966858,0.0,3.51594717879559,144.04820698340123,12.9,69.3
7.50995,26,4,-1.0791782140731812,2.8228955268859863,-1.7968080043792725,0.0,3.5159470670140234,110.9215941523577,12.9,69.3
7.50995,26,5,1.4800158739089966,4.860389709472656,3.2426788806915283,0.0,6.027337840062822,73.06421398482536,11.4,70.0
7.50995,26,6,3.7000396251678467,4.144880294799805,-2.336338758468628,0.0,6.027338109012524,48.24544144029931,11.4,70.0
7.818247,27,0,-0.11562623083591461,0.04108374938368797,-0.02665349841117859,0.0,0.12556953730223183,160.43910437426638,35.1,53.6
7.818247,27,1,-0.8787593245506287,1.9449671506881714,-1.0663150548934937,0.0,2.385821234718405,114.31401925700898,14.3,55.400000000000006
7.818247,27,2,-1.8500198125839233,1.5026763677597046,1.844340443611145,0.0,3.013669066954152,140.9148117577991,15.3,62.2
7.818247,27,3,-2.5900275707244873,1.5091630220413208,1.8374080657958984,0.0,3.515947133342836,149.77140516718333,13.100000000000001,69.0
7.818247,27,4,-1.1870959997177124,2.6758148670196533,-1.947486162185669,0.0,3.5159471649917986,113.92394402928285,13.100000000000001,69.0
7.818247,27,5,1.4800158739089966,4.870307445526123,3.227764129638672,0.0,6.02733795946037,73.09673310147778,11.600000000000001,69.9
7.818247,27,6,3.7000396251678467,4.1356282234191895,-2.3526771068573,0.0,6.027338019331919,48.18182543006587,11.600000000000001,69.9
8.1128,28,0,-0.11562623083591461,0.041112251579761505,-0.0266095083206892,0.0,0.12556953619547473,160.42656498312726,35.2,53.5
8.1128,28,1,-0.8787593245506287,1.953293800354004,-1.0509843826293945,0.0,2.3858211989830576,114.22230817755569,14.4,55.300000000000004
8.1128,28,2,-1.8500198125839233,1.6480846405029297,1.7156471014022827,0.0,3.013669070379955,138.30384837165673,15.100000000000001,62.2
8.1128,28,3,-2.6825287342071533,1.8603557348251343,1.6136170625686646,0.0,3.6415167024958874,145.25837370979397,11.3,70.7
8.1128,28,4,-1.2294923067092896,2.770355463027954,-2.0184457302093506,0.0,3.641516701813479,113.93179597234473,11.3,70.7
8.1128,28,5,1.4800158739089966,4.831082344055176,3.2861831188201904,0.0,6.027337977290062,72.96740492797842,11.700000000000001,69.8
8.1128,28,6,3.7000396251678467,4.142886638641357,-2.339872360229492,0.0,6.027338184523185,48.23174668386594,11.700000000000001,69.8
8.413096,29,0,-0.11562623083591461,0.041098371148109436,-0.02663094364106655,0.0,0.12556953662238954,160.43267136227982,34.7,54.0
8.413096,29,1,-0.8787593245506287,1.9600311517715454,-1.038365364074707,0.0,2.385821178485422,114.14857645944697,13.8,55.900000000000006
8.413096,29,2,-1.8500198125839233,1.555729627609253,1.7998148202896118,0.0,3.0136690874262237,139.9386504509905,14.5,62.6
8.413096,29,3,-2.482109785079956,1.5385048389434814,1.9580647945404053,0.0,3.5159470792747625,148.20781108930163,12.700000000000001,69.4
8.413096,29,4,-1.1870959997177124,2.7593367099761963,-1.8272241353988647,0.0,3.515947103207354,113.27788930320028,12.700000000000001,69.4
8.413096,29,5,1.4800158739089966,4.853549003601074,3.252908945083618,0.0,6.027337847041976,73.0417132290462,11.700000000000001,69.7
8.413096,29,6,3.7000396251678467,4.115266799926758,-2.3881144523620605,0.0,6.027338110639902,48.04126488516583,11.700000000000001,69.7
8.706552,30,0,-0.11562623083591461,0.041096046566963196,-0.02663453109562397,0.0,0.12556953670153434,160.43369405394108,34.300000000000004,54.400000000000006
8.706552,30,1,-0.8787593245506287,1.9903101921081543,-0.9790762662887573,0.0,2.3858212310448175,113.8223588107977,13.8,56.1
8.706552,30,2,-1.8500198125839233,1.5695828199386597,1.787746548652649,0.0,3.0136690690616823,139.68825809921992,14.600000000000001,62.900000000000006
8.706552,30,3,-2.482109785079956,1.6238621473312378,1.8878788948059082,0.0,3.515947095759329,146.80622272302344,13.0,69.10000000000001
8.706552,30,4,-1.1870959997177124,2.852476119995117,-1.6781141757965088,0.0,3.5159471148891575,112.59528829062744,13.0,69.10000000000001
8.706552,30,5,1.4800158739089966,4.779536247253418,3.3607125282287598,0.0,6.027337921771571,72.79450572134773,12.0,69.4
8.706552,30,6,3.7000396251678467,4.158549785614014,-2.311920642852783,0.0,6.027338268762705,48.33914225870132,12.0,69.4
9.081513,31,0,-0.11562623083591461,0.041124846786260605,-0.02659003995358944,0.0,0.12556953653353628,160.42102440992196,34.5,54.2
9.081513,31,1,-0.8787593245506287,1.998603105545044,-0.9620345830917358,0.0,2.385821213553828,113.73445646799472,13.600000000000001,56.1
9.081513,31,2,-1.8500198125839233,1.4101759195327759,1.9159936904907227,0.0,3.0136690682593907,142.68357129530276,15.100000000000001,62.7
9.081513,31,3,-2.374191999435425,2.2047765254974365,1.365304708480835,0.0,3.5159471162928013,137.11889774354066,12.9,69.2
9.081513,31,4,-1.0791782140731812,2.564004898071289,-2.1501481533050537,0.0,3.515947072443622,112.82600823212267,12.9,69.2
9.081513,31,5,1.4800158739089966,4.796555519104004,3.3363771438598633,0.0,6.027338075878952,72.85196809298735,12.0,69.4
9.081513,31,6,3.7000396251678467,4.152742862701416,-2.3223345279693604,0.0,6.02733806678607,48.29937931584816,12.0,69.4
9.610816,32,0,-0.11562623083591461,0.04107096046209335,-0.026673197746276855,0.0,0.12556953662656814,160.44473142698712,35.300000000000004,53.400000000000006
9.610816,32,1,-0.8787593245506287,2.0086843967437744,-0.9408036470413208,0.0,2.385821128771566,113.62841769349033,14.200000000000001,55.5
9.610816,32,2,0.7091742753982544,1.110978364944458,2.5698087215423584,0.0,2.888099365599541,57.44856199655297,16.8,61.1
9.610816,32,3,1.4800158739089966,4.839372158050537,3.2739624977111816,0.0,6.027337746265474,72.99489687750517,11.700000000000001,69.7
9.610816,32,4,3.7000396251678467,4.138763904571533,-2.3471567630767822,0.0,6.027338115292148,48.20340366694694,11.700000000000001,69.7
9.919352,33,0,-0.11562623083591461,0.04110677167773247,-0.026617975905537605,0.0,0.12556953681682997,160.42897568569373,34.7,54.0
9.919352,33,1,-0.8787593245506287,2.019247531890869,-0.9179131984710693,0.0,2.3858212811230084,113.51826497383475,13.8,55.800000000000004
9.919352,33,2,-1.9425207376480103,1.364269733428955,1.8567665815353394,0.0,3.013669003067409,144.91889304895844,14.8,62.5
9.919352,33,3,1.4800158739089966,4.868388652801514,3.2306573390960693,0.0,6.02733787873257,73.09045106297057,11.4,70.10000000000001
9.919352,33,4,3.7000396251678467,4.0708537101745605,-2.4630589485168457,0.0,6.02733793156839,47.73198679731398,11.4,70.10000000000001
10.215325,34,0,-0.11562623083591461,0.04110303893685341,-0.026623738929629326,0.0,0.12556953667891652,160.43061782350304,34.800000000000004,53.900000000000006
10.215325,34,1,-0.8787593245506287,2.036895513534546,-0.8780556321144104,0.0,2.3858212373582552,113.33637759959895,13.8,55.800000000000004
10.215325,34,2,-1.8500198125839233,1.474998950958252,1.8665492534637451,0.0,3.0136690806867072,141.4350581097964,14.600000000000001,62.6
10.215325,34,3,-2.482109785079956,1.7291923761367798,1.791900873184204,0.0,3.515947098321808,145.13652654546078,12.8,69.60000000000001
10.215325,34,4,-1.1870959997177124,2.8122169971466064,-1.7447413206100464,0.0,3.5159470455952775,112.8856319184291,12.8,69.60000000000001
10.215325,34,5,1.4800158739089966,4.811470031738281,3.3148322105407715,0.0,6.027338005900847,72.90201890264298,11.9,69.60000000000001
10.215325,34,6,3.7000396251678467,4.150369644165039,-2.3265738487243652,0.0,6.027338325047546,48.28311083379601,11.9,69.60000000000001
10.215325,34,7,-0.08479256927967072,2.397268772125244,1.3702130317687988,-0.42630288004875183,2.76252983658837,92.02573525380748,21.0,41.0
10.215325,34,8,-1.102303385734558,2.1931002140045166,-1.2676000595092773,-0.42630288004875183,2.7625298575285027,116.68517065515935,21.0,41.0
10.215325,34,9,-0.8016752004623413,3.076003074645996,0.744642972946167,-0.25578173995018005,3.2648079881405065,104.60761219070429,16.6,44.300000000000004
10.215325,34,10,-2.004188060760498,2.535940647125244,-0.4595716595649719,-0.25578173995018005,3.26480793599137,128.31979274076738,16.6,44.300000000000004
10.513322,35,0,-0.11562623083591461,0.04110690578818321,-0.02661776915192604,0.0,0.12556953689260786,160.42891668735325,34.800000000000004,53.900000000000006
10.513322,35,1,-0.8787593245506287,2.0327112674713135,-0.8876993060112,0.0,2.385821264320166,113.37926156275905,13.9,55.800000000000004
10.513322,35,2,-1.8500198125839233,1.440405249595642,1.893372893333435,0.0,3.0136691097772434,142.0960640100526,15.100000000000001,62.6
10.513322,35,3,1.4800158739089966,4.78261661529541,3.356327533721924,0.0,6.0273379853416404,72.80493366921951,11.5,69.7
10.513322,35,4,3.7000396251678467,4.107190132141113,-2.4019784927368164,0.0,6.027338109724705,47.985296025947044,11.5,69.7
10.814955,36,0,-0.11562623083591461,0.04112919792532921,-0.02658330835402012,0.0,0.12556953636271032,160.41911045249253,34.7,54.0
10.814955,36,1,-0.8787593245506287,2.0266377925872803,-0.9014784693717957,0.0,2.3858210585810156,113.44177337218471,13.700000000000001,55.900000000000006
10.814955,36,2,-1.8500198125839233,1.2494667768478394,2.024465560913086,0.0,3.01366908281628,145.9656868058203,15.4,62.6
10.814955,36,3,-2.374191999435425,2.2700793743133545,1.2537291049957275,0.0,3.5159471959316284,136.28420899202493,13.0,69.2
10.814955,36,4,-1.0791782140731812,2.5951619148254395,-2.1124374866485596,0.0,3.5159469729915873,112.57960968789916,13.0,69.2
10.814955,36,5,1.4800158739089966,4.893777370452881,3.192068576812744,0.0,6.0273381967212245,73.17320741639122,11.9,69.5
10.814955,36,6,3.7000396251678467,4.106622695922852,-2.4029488563537598,0.0,6.027338251727103,47.98135929510598,11.9,69.5
10.814955,36,7,-0.3237534463405609,1.3682143688201904,2.2308590412139893,0.17052115499973297,2.636960165575055,103.31274112774838,29.0,40.7
10.814955,36,8,-1.2950137853622437,2.266327381134033,-0.37451186776161194,0.17052115499973297,2.6369603034271076,119.74430130516785,29.0,40.7
10.814955,36,9,0.5781311392784119,2.538540840148926,-1.753964900970459,0.7673451900482178,3.1392384562412077,77.17019614446083,24.6,41.400000000000006
11.112174,37,0,-0.11562623083591461,0.041105419397354126,-0.026620063930749893,0.0,0.12556953677078608,160.42957058804058,34.800000000000004,53.900000000000006
11.112174,37,1,-0.8787593245506287,2.048153877258301,-0.8514636158943176,0.0,2.3858211468181585,113.22172587061605,13.5,56.1
11.112174,37,2,-1.9425207376480103,1.2221488952636719,1.9532450437545776,0.0,3.013669016222353,147.82369655713657,14.8,62.7
11.112174,37,3,-1.2294923067092896,2.8131511211395264,-1.9583598375320435,0.0,3.6415166916937833,113.60781207795192,11.4,70.7
11.112174,37,4,-2.570756673812866,2.042445421218872,1.5748875141143799,0.0,3.641516697301373,141.5331420045726,11.4,70.7
11.112174,37,5,1.4800158739089966,4.829277038574219,3.288835048675537,0.0,6.0273376941830135,72.96140645617638,11.8,69.60000000000001
11.112174,37,6,3.7000396251678467,4.102618217468262,-2.4097795486450195,0.0,6.027338296394394,47.95356014466806,11.8,69.60000000000001
11.414618,38,0,-0.11562623083591461,0.041066356003284454,-0.02668028511106968,0.0,0.12556953637852086,160.44675745878934,34.4,54.300000000000004
11.414618,38,1,-0.8787593245506287,2.028776168823242,-0.8966559171676636,0.0,2.3858211432254457,113.41972798641336,13.600000000000001,56.1
11.414618,38,2,-1.8500198125839233,1.4408334493637085,1.8930469751358032,0.0,3.0136690571177835,142.08780849699988,15.100000000000001,62.800000000000004
11.414618,38,3,-2.374191999435425,2.0208728313446045,1.6251676082611084,0.0,3.5159471562569125,139.59612261057333,13.4,68.9
11.414618,38,4,-1.0791782140731812,2.75823974609375,-1.8945637941360474,0.0,3.5159471106250546,111.36822649696647,13.4,68.9
11.414618,38,5,1.4800158739089966,4.872089385986328,3.2250733375549316,0.0,6.027337721139488,73.10256303514133,11.4,70.0
11.414618,38,6,3.7000396251678467,4.080603122711182,-2.446873188018799,0.0,6.0273380087014985,47.80019527702687,11.4,70.0
11.414618,38,7,0.21583564579486847,2.015625,2.8727259635925293,-0.25578173995018005,3.515947045750165,83.88798618913145,16.900000000000002,46.7
11.414618,38,8,-0.9712603688240051,3.238543748855591,0.9645575284957886,-0.25578173995018005,3.515947033599578,106.69433006532843,16.900000000000002,46.7
11.709519,39,0,-0.11562623083591461,0.04107886180281639,-0.026661023497581482,0.0,0.1255695357890348,160.44125483567802,34.800000000000004,53.900000000000006
11.709519,39,1,-0.8787593245506287,2.0612192153930664,-0.8193291425704956,0.0,2.3858212104547123,113.08999984899901,13.9,56.0
11.709519,39,2,-1.7575188875198364,1.3449690341949463,2.04557728767395,0.0,3.0136689902475626,142.57440693884126,15.3,63.0
11.709519,39,3,-2.374191999435425,2.1810319423675537,1.4029241800308228,0.0,3.5159471325271547,137.42811988262852,13.5,68.9
11.709519,39,4,-1.0791782140731812,2.6179449558258057,-2.0841360092163086,0.0,3.515947143285297,112.4026034689768,13.5,68.9
11.709519,39,5,1.4800158739089966,4.971039772033691,3.070361375808716,0.0,6.027337918204137,73.42027749634734,11.8,69.5
11.709519,39,6,3.7000396251678467,4.021010398864746,-2.543616533279419,0.0,6.0273379633104245,47.38046482743587,11.8,69.5
11.709519,39,7,0.8363630771636963,1.9099664688110352,-3.2871406078338623,-0.25578173995018005,3.89265571101473,66.35167165827248,15.700000000000001,47.2
11.709519,39,8,0.7400079369544983,2.39949107170105,-3.137031078338623,-0.25578173995018005,4.018225122661881,72.86013082216625,13.5,49.400000000000006
12.013013,40,0,-0.11562623083591461,0.041100770235061646,-0.02662723883986473,0.0,0.12556953619198702,160.4316159056468,35.5,53.2
12.013013,40,1,-0.8787593245506287,2.0219385623931885,-0.911969780921936,0.0,2.385821112718243,113.49035748104484,14.600000000000001,55.2
12.013013,40,2,-1.59564208984375,2.007497549057007,1.3285319805145264,0.0,2.888099255842962,128.47912975244566,17.7,60.5
12.013013,40,3,0.3545871376991272,1.3267756700515747,-2.540679454803467,0.0,2.888099341941497,75.0371282099108,17.7,60.5
12.013013,40,4,-2.482109785079956,1.6332660913467407,1.8797491788864136,0.0,3.5159471107877707,146.65447383438786,12.8,69.3
12.013013,40,5,-1.1870959997177124,2.737462043762207,-1.8598356246948242,0.0,3.5159470849926824,113.44388855500442,12.8,69.3
12.013013,40,6,1.4800158739089966,4.799347877502441,3.3323588371276855,0.0,6.027337924464894,72.8613604325025,11.3,70.10000000000001
12.013013,40,7,3.7000396251678467,4.129890441894531,-2.3627350330352783,0.0,6.027338145997472,48.142293714120335,11.3,70.10000000000001
12.310236,41,0,-0.11562623083591461,0.041111454367637634,-0.02661074325442314,0.0,0.1255695368873175,160.4269156858836,35.800000000000004,52.900000000000006
12.310236,41,1,-0.8787593245506287,2.004366159439087,-0.9499689936637878,0.0,2.3858211878747038,113.673728984719,14.9,54.800000000000004
12.310236,41,2,-1.9425207376480103,1.308131217956543,1.8967357873916626,0.0,3.013668984271051,146.04290923315645,14.9,62.0
12.310236,41,3,-2.374191999435425,2.0911097526550293,1.533739447593689,0.0,3.515947147062531,138.62746847738947,13.0,69.2
12.310236,41,4,-1.0791782140731812,2.707775115966797,-1.9660143852233887,0.0,3.5159471354507708,111.72965247867616,13.0,69.2
12.310236,41,5,1.4800158739089966,4.647401332855225,3.5411887168884277,0.0,6.027338024722443,72.33535381867362,11.700000000000001,70.0
12.310236,41,6,3.7000396251678467,4.104104995727539,-2.4072458744049072,0.0,6.027338031304318,47.96388487490299,11.700000000000001,70.0
12.611069,42,0,-0.11562623083591461,0.04108754172921181,-0.026647645980119705,0.0,0.12556953603064608,160.4374358393033,35.1,53.6
12.611069,42,1,-0.0886467844247818,2.6543943881988525,1.134658694267273,0.0,2.8880994049663054,91.91275254737916,17.5,60.800000000000004
12.611069,42,2,-1.0637613534927368,2.489581346511841,-1.0057408809661865,0.0,2.8880994127160946,113.13630331530251,17.5,60.800000000000004
12.611069,42,3,1.4800158739089966,4.576954364776611,3.631782054901123,0.0,6.027337649291941,72.0807325371196,12.0,69.7
12.611069,42,4,3.7000396251678467,4.169842720031738,-2.291489839553833,0.0,6.0273383198881705,48.416293460220096,12.0,69.7
12.611069,42,5,0.33917027711868286,2.4682936668395996,-1.1933403015136719,-0.17052115499973297,2.7625298510347327,82.17593791254787,33.1,41.7
12.913607,43,0,-0.11562623083591461,0.04111531749367714,-0.026604773476719856,0.0,0.1255695367582188,160.42521626665754,35.0,53.7
12.913607,43,1,-0.8787593245506287,2.0365073680877686,-0.8789554238319397,0.0,2.3858212103684617,113.34034941680477,14.100000000000001,55.800000000000004
12.913607,43,2,-1.9425207376480103,1.2768352031707764,1.9179431200027466,0.0,3.0136689871010383,146.68274527915273,14.9,62.800000000000004
12.913607,43,3,-2.5900275707244873,1.5807232856750488,1.776219367980957,0.0,3.515947122210313,148.60380846784864,12.8,69.60000000000001
12.913607,43,4,-1.1870959997177124,2.773618459701538,-1.8054718971252441,0.0,3.5159472470234756,113.17070301045513,12.8,69.60000000000001
12.913607,43,5,1.4800158739089966,4.785483360290527,3.352238655090332,0.0,6.02733788494738,72.81462743347205,11.600000000000001,69.9
12.913607,43,6,3.7000396251678467,4.102044105529785,-2.4107561111450195,0.0,6.027338060781636,47.94957219753104,11.600000000000001,69.9
13.211347,44,0,-0.11562623083591461,0.041108328849077225,-0.0266155656427145,0.0,0.12556953568666937,160.42829065206814,35.1,53.6
13.211347,44,1,-0.8787593245506287,2.0129973888397217,-0.9315394759178162,0.0,2.3858210815468652,113.5833243712996,14.4,55.5
13.211347,44,2,-1.8500198125839233,1.5698339939117432,1.78752601146698,0.0,3.013669078891211,139.68373524869006,14.9,62.5
13.211347,44,3,-2.482109785079956,1.9293253421783447,1.574394702911377,0.0,3.515947090289707,142.14234436652023,12.600000000000001,69.8
13.211347,44,4,-1.1870959997177124,2.788801908493042,-1.7819290161132812,0.0,3.515947100828833,113.05776780929126,12.600000000000001,69.8
13.211347,44,5,1.4800158739089966,4.480983734130859,3.749552011489868,0.0,6.027337928093601,71.72222237334795,11.700000000000001,70.10000000000001
13.211347,44,6,3.7000396251678467,4.09072208404541,-2.4299187660217285,0.0,6.027338185814166,47.87080026874717,11.700000000000001,70.10000000000001
13.509985,45,0,-0.11562623083591461,0.041109226644039154,-0.026614181697368622,0.0,0.12556953627377837,160.42789569513653,35.800000000000004,52.900000000000006
13.509985,45,1,0.16187672317028046,2.4684321880340576,-0.913344144821167,0.0,2.6369601944864587,86.24798624956323,20.1,57.5
13.509985,45,2,-1.8500198125839233,1.3065556287765503,1.9880996942520142,0.0,3.0136690781049094,144.76878129215504,15.200000000000001,62.2
13.509985,45,3,-2.5900275707244873,2.070713758468628,1.1686686277389526,0.0,3.51594719074185,141.35784351034292,11.8,71.10000000000001
13.509985,45,4,-1.1870959997177124,3.0001041889190674,-1.3971623182296753,0.0,3.515947183960028,111.58795872026096,11.8,71.10000000000001
13.509985,45,5,1.4800158739089966,4.7244062423706055,3.43778133392334,0.0,6.02733787254744,72.6057790123564,11.4,70.3
13.509985,45,6,3.7000396251678467,4.085826396942139,-2.4381420612335205,0.0,6.027338325041779,47.83666463433418,11.4,70.3
13.818193,46,0,-0.11562623083591461,0.04109732434153557,-0.026632560417056084,0.0,0.12556953690972075,160.43313189970715,34.9,53.800000000000004
13.818193,46,1,-1.9425207376480103,1.1623960733413696,1.9893841743469238,0.0,3.0136689998495183,149.10387889869136,14.9,62.300000000000004
13.818193,46,2,1.4800158739089966,4.74196720123291,3.413517475128174,0.0,6.02733784332658,72.6663295535935,11.4,70.3
13.818193,46,3,3.7000396251678467,4.0574116706848145,-2.485139846801758,0.0,6.027337948994019,47.63765022094827,11.4,70.3
13.818193,46,4,0.40469181537628174,2.0216686725616455,-1.6439708471298218,0.08526057749986649,2.636960339721184,78.68030986718631,22.400000000000002,53.900000000000006
14.17763,47,0,-0.11562623083591461,0.041075658053159714,-0.02666596509516239,0.0,0.1255695370552776,160.44266446802592,34.800000000000004,53.900000000000006
14.17763,47,1,-0.1772935688495636,2.7071352005004883,0.9905071258544922,0.0,2.8880994390278114,93.74701911882757,17.3,61.1
14.17763,47,2,-1.241054892539978,2.6053411960601807,0.11444316059350967,0.0,2.8880992419223306,115.4708061719418,17.3,61.1
14.17763,47,3,1.4800158739089966,4.668325424194336,3.5135583877563477,0.0,6.0273378698538895,72.40963715793194,11.4,70.4
14.17763,47,4,3.7000396251678467,4.030876159667969,-2.5279533863067627,0.0,6.027338066321786,47.45041843956885,11.4,70.4
14.17763,47,5,0.6359442472457886,3.0187253952026367,-2.7665693759918213,-0.5115634799003601,4.143794663037987,78.1036522967392,17.2,43.800000000000004
14.17763,47,6,-3.3069100379943848,1.9055041074752808,-1.613826036453247,-0.5115634799003601,4.143794683490917,150.04864026795954,17.2,43.800000000000004
14.17763,47,7,-3.3069100379943848,1.883303165435791,-1.6396796703338623,-0.34104230999946594,4.143794665959531,150.33825298528893,12.700000000000001,48.2
14.17763,47,8,0.6359442472457886,3.2337753772735596,-2.5118331909179688,-0.34104230999946594,4.143794668569246,78.8743636539357,12.700000000000001,48.2
14.713752,48,0,-0.11562623083591461,0.04109465703368187,-0.026636676862835884,0.0,0.12556953710327712,160.43430538063393,35.2,53.5
14.713752,48,1,-0.8787593245506287,2.0405209064483643,-0.8695971965789795,0.0,2.3858212012712836,113.29934119665289,14.100000000000001,55.6
14.713752,48,2,-0.08093836158514023,2.6333091259002686,0.11265740543603897,0.0,2.636960307233559,91.76050997501302,15.100000000000001,58.400000000000006
14.713752,48,3,-1.8500198125839233,1.3563636541366577,1.9544578790664673,0.0,3.013669071125925,143.75255797699998,14.8,62.6
15.023388,49,0,-0.11562623083591461,0.041123684495687485,-0.026591835543513298,0.0,0.1255695361200093,160.42153568022025,35.0,53.7
15.023388,49,1,-0.8787593245506287,2.0333781242370605,-0.886170506477356,0.0,2.3858211821427098,113.37241704475932,14.0,55.7
15.023388,49,2,-1.8500198125839233,1.441681981086731,1.892400860786438,0.0,3.0136690693320105,142.07145463121068,15.100000000000001,62.800000000000004
15.312833,50,0,-0.11562623083591461,0.04110974073410034,-0.02661338821053505,0.0,0.12556953640349958,160.42766953809715,35.1,53.6
15.312833,50,1,-1.8500198125839233,1.4814598560333252,1.8614253997802734,0.0,3.0136690480108275,141.31293298979324,14.600000000000001,62.800000000000004
15.312833,50,2,1.4800158739089966,4.724265098571777,3.4379756450653076,0.0,6.027338072869999,72.6052906849062,11.8,69.9
15.312833,50,3,3.7000396251678467,4.02114200592041,-2.5434088706970215,0.0,6.027338130811158,47.3813992167736,11.8,69.9
15.312833,50,4,-0.16187672317028046,2.4516537189483643,0.9574704170227051,0.17052115499973297,2.6369603012960443,93.77761744114697,30.6,41.800000000000004
15.312833,50,5,0.42396286129951477,2.2060189247131348,-1.6078890562057495,-0.08526057749986649,2.7625298588467753,79.12127433217277,22.400000000000002,55.400000000000006
15.610434,51,0,-0.11562623083591461,0.04109663888812065,-0.026633618399500847,0.0,0.12556953696765402,160.43343346300696,35.1,53.6
15.610434,51,1,-0.8787593245506287,2.036855936050415,-0.8781474828720093,0.0,2.385821254072261,113.3367825299015,14.200000000000001,55.5
15.610434,51,2,0.3545871376991272,2.2088563442230225,-1.8265647888183594,0.0,2.8880992564984695,80.88013119653162,17.1,61.300000000000004
15.610434,51,3,1.4800158739089966,4.716070652008057,3.4492077827453613,0.0,6.027338028541744,72.57689402477189,11.3,70.4
15.610434,51,4,3.7000396251678467,4.139369010925293,-2.3460891246795654,0.0,6.0273379876493225,48.20756562394852,11.3,70.4
15.910528,52,0,-0.11562623083591461,0.041144490242004395,-0.026559635996818542,0.0,0.12556953690636158,160.41238410508674,35.300000000000004,53.400000000000006
15.910528,52,1,-1.8500198125839233,1.5228230953216553,1.8277411460876465,0.0,3.0136690567645057,140.5408785353406,15.0,62.7
15.910528,52,2,1.4800158739089966,4.7952961921691895,3.338186502456665,0.0,6.027337860352512,72.84772896985801,11.8,69.9
15.910528,52,3,3.7000396251678467,4.076392650604248,-2.45388126373291,0.0,6.0273380132702,47.770760072138806,11.8,69.9
15.910528,52,4,-0.16958513855934143,2.5852887630462646,0.9586942791938782,0.17052115499973297,2.7625299687989893,93.75300911952132,35.7,40.5
16.211607,53,0,-0.11562623083591461,0.04114340618252754,-0.02656131237745285,0.0,0.12556953629297707,160.41286091169704,34.800000000000004,53.900000000000006
16.211607,53,1,0.48563018441200256,1.5988978147506714,-2.0399138927459717,0.0,2.636960293186936,73.10499042441023,18.0,58.400000000000006
16.211607,53,2,-1.8500198125839233,1.3380942344665527,1.9670108556747437,0.0,3.0136690584083667,144.1222945388003,14.600000000000001,63.0
16.211607,53,3,1.4800158739089966,4.695673942565918,3.476923942565918,0.0,6.027337792450601,72.50582059993492,11.600000000000001,70.2
16.211607,53,4,3.7000396251678467,4.11555290222168,-2.3876211643218994,0.0,6.0273380312635005,48.04324526013986,11.600000000000001,70.2
16.509061,54,0,-0.11562623083591461,0.041093263775110245,-0.026638822630047798,0.0,0.12556953633794363,160.4349183509274,34.5,54.2
16.509061,54,1,-0.8787593245506287,1.9869557619094849,-0.9858658909797668,0.0,2.3858211804884513,113.85808914255543,14.100000000000001,56.0
16.509061,54,2,-1.8500198125839233,1.4167908430099487,1.9111074209213257,0.0,3.013669055170202,142.55421608120318,14.5,63.1
16.509061,54,3,-2.374191999435425,1.899034857749939,1.7660020589828491,0.0,3.5159471431556213,141.34488236759944,11.9,70.10000000000001
16.509061,54,4,-1.0791782140731812,2.4548959732055664,-2.2739269733428955,0.0,3.515947061189555,113.73040693019135,11.9,70.10000000000001
16.509061,54,5,1.4800158739089966,4.806934356689453,3.3214058876037598,0.0,6.027337883904716,72.88682789260147,11.5,70.2
16.509061,54,6,3.7000396251678467,4.11757755279541,-2.384127616882324,0.0,6.027337938483112,48.05725536312344,11.5,70.2
16.813495,55,0,-0.11562623083591461,0.041098158806562424,-0.026631267741322517,0.0,0.12556953586009484,160.43276478069112,35.0,53.7
16.813495,55,1,-0.8787593245506287,2.0758819580078125,-0.7814341187477112,0.0,2.3858212707598274,112.9438414329775,15.200000000000001,55.300000000000004
16.813495,55,2,-1.8500198125839233,1.2821143865585327,2.00394868850708,0.0,3.0136690185457766,145.27698089035897,15.200000000000001,62.2
16.813495,55,3,-2.374191999435425,1.8558586835861206,1.811321496963501,0.0,3.515947193714275,141.9859672737527,11.9,70.5
16.813495,55,4,-1.0791782140731812,2.8409674167633057,-1.76809561252594,0.0,3.5159470382635787,110.7999282491835,11.9,70.5
16.813495,55,5,1.4800158739089966,4.888036251068115,3.200852394104004,0.0,6.027337839180742,73.15456272176137,11.8,69.8
16.813495,55,6,3.7000396251678467,4.059689044952393,-2.4814186096191406,0.0,6.027338275365245,47.65365690967909,11.8,69.8
17.115509,56,0,-0.11562623083591461,0.041091471910476685,-0.026641588658094406,0.0,0.12556953678068902,160.4357066965797,35.9,52.800000000000004
17.115509,56,1,-0.8787593245506287,1.9824556112289429,-0.994884192943573,0.0,2.385821191612394,113.90618211055488,14.9,54.800000000000004
17.115509,56,2,0.42396286129951477,2.370100736618042,-1.3544182777404785,0.0,2.762529797225026,79.85821353501476,18.5,59.400000000000006
17.115509,56,3,-1.8500198125839233,1.4352471828460693,1.89728581905365,0.0,3.0136690697557875,142.19565504320394,14.700000000000001,62.6
17.115509,56,4,1.4800158739089966,4.92544412612915,3.1429851055145264,0.0,6.027337903264502,73.27533137240086,11.5,69.9
17.115509,56,5,3.7000396251678467,4.050920486450195,-2.4957075119018555,0.0,6.02733821851051,47.59197259554507,11.5,69.9
17.115509,56,6,2.6594033241271973,2.583118200302124,0.6678404808044434,0.25578173995018005,3.7670859540116655,44.166334908869935,16.1,47.5
17.115509,56,7,1.7343934774398804,2.602762222290039,-2.0996298789978027,0.25578173995018005,3.7670860819931513,56.32184177001495,16.1,47.5
17.115509,56,8,0.5087554454803467,2.1030938625335693,-1.7174794673919678,-0.25578173995018005,2.762529930850573,76.40093958372715,16.3,40.900000000000006
17.115509,56,9,0.31219086050987244,3.3738975524902344,0.11836714297533035,-0.25578173995018005,3.390377354900429,84.71340524931874,11.9,45.1
17.404668,57,0,-0.11562623083591461,0.04109044373035431,-0.02664317563176155,0.0,0.12556953703435605,160.43615905640192,35.300000000000004,53.400000000000006
17.404668,57,1,-1.4183485507965088,2.3184995651245117,0.9767113924026489,0.0,2.8880993731307494,121.45632607377229,18.3,60.800000000000004
17.404668,57,2,-0.3545871376991272,2.5973591804504395,1.212068796157837,0.0,2.888099291421842,97.77386732554591,18.3,60.800000000000004
17.720545,58,0,-0.11562623083591461,0.04109484702348709,-0.026636382564902306,0.0,0.12556953685248604,160.43422179413687,35.2,53.5
17.720545,58,1,-0.8787593245506287,2.0403082370758057,-0.87009596824646,0.0,2.385821168219195,113.30151072600675,14.8,55.300000000000004
17.720545,58,2,-1.8500198125839233,1.4731101989746094,1.8680402040481567,0.0,3.0136690543615345,141.4708382491866,14.4,62.6
17.720545,58,3,-0.5550059676170349,2.961409091949463,0.06500830501317978,0.0,3.0136691115137624,100.61482864788275,14.4,62.6
17.720545,58,4,0.42396286129951477,2.3288533687591553,-1.4241727590560913,0.08526057749986649,2.7625297407592875,79.6824134371308,21.200000000000003,56.400000000000006
18.014972,59,0,-0.11562623083591461,0.041111644357442856,-0.026610448956489563,0.0,0.12556953672272192,160.42683210705079,34.0,54.7
18.014972,59,1,-0.8787593245506287,1.9691166877746582,-1.0210310220718384,0.0,2.3858212063334463,114.04981266209985,13.200000000000001,56.300000000000004
18.014972,59,2,-1.8500198125839233,1.3662114143371582,1.9475867748260498,0.0,3.013669056332418,143.55469773179252,14.600000000000001,62.900000000000006
18.014972,59,3,-2.374191999435425,1.9857341051101685,1.6679198741912842,0.0,3.515947140260094,140.09145837177846,12.600000000000001,69.8
18.014972,59,4,-1.0791782140731812,2.70235013961792,-1.9734644889831543,0.0,3.5159470963171096,111.76919972340251,12.600000000000001,69.8
18.304537,60,0,-0.11562623083591461,0.041145097464323044,-0.02655869536101818,0.0,0.12556953691858636,160.41211702907844,35.5,53.2
18.304537,60,1,-0.8787593245506287,2.008916139602661,-0.9403089880943298,0.0,2.3858212421578693,113.62599063654477,14.5,55.1
18.304537,60,2,-0.2659403383731842,2.785191535949707,0.7163106203079224,0.0,2.888099212330811,95.45427621796759,18.2,60.7
18.304537,60,3,1.4800158739089966,4.911562919616699,3.1646335124969482,0.0,6.027337933847338,73.23071367323809,11.700000000000001,70.10000000000001
18.304537,60,4,3.7000396251678467,4.050476551055908,-2.4964280128479004,0.0,6.027338246838126,47.58884576299666,11.700000000000001,70.10000000000001
18.603051,61,0,-0.11562623083591461,0.04109150916337967,-0.02664152905344963,0.0,0.1255695363252972,160.43569030677872,34.7,54.0
18.603051,61,1,-0.8787593245506287,2.0743184089660645,-0.7855749130249023,0.0,2.3858211911696703,112.9593434891083,13.8,55.900000000000006
18.603051,61,2,0.25437772274017334,2.621721029281616,-0.8327311873435974,0.0,2.762529712343129,84.4581099255175,18.1,60.300000000000004
18.603051,61,3,-2.374191999435425,1.88555908203125,1.7803829908370972,0.0,3.5159471406828287,141.54375541861845,11.700000000000001,70.8
18.603051,61,4,-1.0791782140731812,2.8123903274536133,-1.813206672668457,0.0,3.5159470146027854,110.99294538475398,11.700000000000001,70.8
18.603051,61,5,1.4800158739089966,4.797726631164551,3.3346924781799316,0.0,6.027337864964762,72.85590844536642,11.5,70.10000000000001
18.603051,61,6,3.7000396251678467,4.052628040313721,-2.4929332733154297,0.0,6.027338016583476,47.60399616784118,11.5,70.10000000000001
18.909385,62,0,-0.11562623083591461,0.04109856113791466,-0.026630649343132973,0.0,0.125569536390655,160.4325877774773,35.0,53.7
18.909385,62,1,-0.8787593245506287,2.0515260696411133,-0.8433061838150024,0.0,2.3858211342350066,113.18759133994311,14.0,55.6
18.909385,62,2,0.0,2.5804755687713623,0.5428675413131714,0.0,2.636960244000143,90.0,15.0,58.300000000000004
18.909385,62,3,-1.8500198125839233,1.4656744003295898,1.8738800287246704,0.0,3.013669045663065,141.61204691408665,14.9,62.7
19.203083,63,0,-0.11562623083591461,0.041124504059553146,-0.02659057080745697,0.0,0.12556953670110754,160.4211751687751,35.6,53.1
19.203083,63,1,-0.8787593245506287,2.0405163764953613,-0.8696079850196838,0.0,2.3858212591978534,113.29938740462471,14.8,55.0
19.203083,63,2,-0.25437772274017334,2.5642855167388916,0.9956416487693787,0.0,2.7625297337671366,95.66522002047951,17.8,59.1
19.203083,63,3,-1.8500198125839233,1.532462239265442,1.819666862487793,0.0,3.0136690780780286,140.36337907810494,15.5,62.2
19.203083,63,4,-2.374191999435425,1.8215563297271729,1.8458139896392822,0.0,3.5159471550210184,142.5034218093896,11.9,70.5
19.203083,63,5,-1.0791782140731812,2.713300943374634,-1.958380937576294,0.0,3.515947030845326,111.68951037889639,11.9,70.5
19.4995,64,0,-0.11562623083591461,0.0411016084253788,-0.026625944301486015,0.0,0.12556953604445314,160.4312471546465,35.5,53.2
19.4995,64,1,-0.8787593245506287,2.04685378074646,-0.8545841574668884,0.0,2.38582112331041,113.23491127857231,14.600000000000001,55.0
19.4995,64,2,-0.2659403383731842,2.5089914798736572,1.4054731130599976,0.0,2.8880992332652298,96.05046990951253,19.5,60.7
19.4995,64,3,-1.3297016620635986,2.554611921310425,0.21672579646110535,0.0,2.8880994874567145,117.4974389020426,19.5,60.7
19.4995,64,4,1.4800158739089966,4.912313461303711,3.1634678840637207,0.0,6.0273376861289965,73.2331320157643,11.3,70.4
19.4995,64,5,3.7000396251678467,4.071272850036621,-2.4623661041259766,0.0,6.027337942906974,47.734922849739164,11.3,70.4
19.814768,65,0,-0.11562623083591461,0.04111094027757645,-0.026611536741256714,0.0,0.1255695367338668,160.4271418408071,34.800000000000004,53.900000000000006
19.814768,65,1,-0.8787593245506287,2.037684917449951,-0.8762217164039612,0.0,2.385821089182002,113.32830371800873,13.8,55.7
19.814768,65,2,0.2659403383731842,2.758868932723999,-0.8118097186088562,0.0,2.8880992141461292,84.49400236457612,17.7,61.1
19.814768,65,3,-1.7729356288909912,1.5749486684799194,1.6484397649765015,0.0,2.8880993250394886,138.38441226699285,17.7,61.1
19.814768,65,4,1.4800158739089966,4.814219951629639,3.3108365535736084,0.0,6.02733767215432,72.91121627765106,11.4,70.2
19.814768,65,5,3.7000396251678467,4.149885654449463,-2.327436685562134,0.0,6.027338193441456,48.27979179745638,11.4,70.2
19.814768,65,6,0.5550059676170349,2.074944019317627,-2.113948106765747,0.25578173995018005,3.0136690106066717,75.02508639626028,16.6,41.0
20.110111,66,0,-0.11562623083591461,0.04107586666941643,-0.026665642857551575,0.0,0.12556953686691044,160.44257267726255,34.7,54.0
20.110111,66,1,0.08479256927967072,2.156836748123169,-1.7240755558013916,0.0,2.7625298296980345,87.74866790665641,19.700000000000003,60.1
20.110111,66,2,1.4800158739089966,4.974194526672363,3.0652477741241455,0.0,6.027337894375338,73.4302160235873,11.3,70.4
20.411545,67,0,-0.11562623083591461,0.041106387972831726,-0.026618564501404762,0.0,0.12556953597751574,160.4291444867398,35.6,53.1
20.411545,67,1,-0.8787593245506287,2.0736212730407715,-0.7874130010604858,0.0,2.3858211099600464,112.9662617429403,14.8,55.0
20.411545,67,2,0.5087554454803467,2.076312303543091,-1.749761939048767,0.0,2.762529950696286,76.23216520758815,22.1,59.2
20.411545,67,3,1.4800158739089966,4.837605953216553,3.2765722274780273,0.0,6.027338044900017,72.98904674132498,11.600000000000001,70.10000000000001
20.411545,67,4,3.7000396251678467,4.092212200164795,-2.42740797996521,0.0,6.027338004474993,47.88118132419759,11.600000000000001,70.10000000000001
20.713343,68,0,-0.11562623083591461,0.04108920320868492,-0.02664508856832981,0.0,0.12556953700025716,160.43670484174024,35.0,53.7
20.713343,68,1,-0.8787593245506287,2.054809093475342,-0.8352751135826111,0.0,2.3858212163705974,113.15445037381168,14.3,55.6
20.713343,68,2,-1.7575188875198364,1.6168409585952759,1.838247299194336,0.0,3.0136689364254203,137.38729330851055,14.4,62.900000000000006
20.713343,68,3,-0.5550059676170349,2.9621212482452393,-0.0026598842814564705,0.0,3.0136690243589865,100.61233459466207,14.4,62.900000000000006
20.713343,68,4,-2.374191999435425,2.014517307281494,1.633039116859436,0.0,3.5159471538566827,139.68517908391436,12.5,69.7
20.713343,68,5,-1.0791782140731812,2.772702693939209,-1.8733333349227905,0.0,3.5159470460234283,111.26674712996657,12.5,69.7
20.713343,68,6,1.4800158739089966,4.6772379875183105,3.50168514251709,0.0,6.027337805053893,72.44109453312451,11.4,70.2
20.713343,68,7,3.7000396251678467,4.032844066619873,-2.524812936782837,0.0,6.027338123851134,47.46434975125459,11.4,70.2
20.996795,69,0,-0.11562623083591461,0.04108820855617523,-0.02664661779999733,0.0,0.12556953603424317,160.437142456077,34.300000000000004,54.400000000000006
20.996795,69,1,-0.8787593245506287,2.0733389854431152,-0.7881562113761902,0.0,2.3858211820196904,112.96906423706895,13.4,56.2
20.996795,69,2,-1.8500198125839233,1.4146735668182373,1.9126752614974976,0.0,3.0136690700127993,142.5955709877012,14.200000000000001,63.2
20.996795,69,3,-2.482109785079956,1.8481440544128418,1.6689453125,0.0,3.5159470825322336,143.32914850849176,12.600000000000001,69.7
20.996795,69,4,-1.1870959997177124,2.711284637451172,-1.897794246673584,0.0,3.5159471413165306,113.64549843892328,12.600000000000001,69.7
21.310045,70,0,-0.11562623083591461,0.04110690578818321,-0.02661776915192604,0.0,0.12556953689260786,160.42891668735325,34.7,54.0
21.310045,70,1,-0.8787593245506287,2.0473525524139404,-0.853388786315918,0.0,2.3858212097662115,113.2298511299971,13.8,55.800000000000004
21.310045,70,2,0.42396286129951477,2.3075573444366455,-1.458425760269165,0.0,2.762529837638223,79.58926713486497,19.8,60.1
21.595189,71,0,-0.11562623083591461,0.04110831394791603,-0.02661559358239174,0.0,0.12556953673046536,160.42829720738624,34.5,54.2
21.595189,71,1,-0.8787593245506287,2.070998430252075,-0.7942860126495361,0.0,2.38582118325786,112.99232573650673,13.200000000000001,56.1
21.595189,71,2,-0.0886467844247818,2.8334641456604004,0.5520336031913757,0.0,2.8880994470731665,91.7919515486583,17.1,61.5
21.595189,71,3,-1.8615823984146118,1.4560778141021729,1.6599597930908203,0.0,2.8880993995161903,141.9684742120993,17.1,61.5
21.929366,72,0,-0.11562623083591461,0.041095662862062454,-0.026635119691491127,0.0,0.12556953597259396,160.4338628648701,35.2,53.5
21.929366,72,1,-0.8787593245506287,2.0619378089904785,-0.8175190687179565,0.0,2.385821222628931,113.08279589033613,14.100000000000001,55.5
21.929366,72,2,-0.2659403383731842,2.7596852779388428,0.8090307116508484,0.0,2.8880993385340314,95.50437890528133,16.400000000000002,61.2
21.929366,72,3,1.4800158739089966,4.769528865814209,3.3749001026153564,0.0,6.027337993798816,72.76054299559912,11.3,70.3
21.929366,72,4,3.7000396251678467,4.045618057250977,-2.504293203353882,0.0,6.02733798134233,47.554600818682054,11.3,70.3
22.210519,73,0,-0.11562623083591461,0.041089944541454315,-0.026643941178917885,0.0,0.12556953611957655,160.43637868128897,36.0,52.7
22.210519,73,1,-0.8787593245506287,2.0703377723693848,-0.7960065007209778,0.0,2.3858211985339888,112.99889972013189,14.8,54.800000000000004
22.210519,73,2,0.0,2.745847225189209,0.8952318429946899,0.0,2.8880992082667363,90.0,20.200000000000003,60.6
22.210519,73,3,1.4800158739089966,4.904248237609863,3.175956964492798,0.0,6.027337754218887,73.20710929275016,11.5,70.10000000000001
22.210519,73,4,3.7000396251678467,4.129549503326416,-2.363330841064453,0.0,6.027338134911802,48.139942823981286,11.5,70.10000000000001
22.510382,74,0,-0.11562623083591461,0.041091375052928925,-0.026641733944416046,0.0,0.12556953590989228,160.43574931007785,35.1,53.6
22.510382,74,1,-0.8787593245506287,2.0649261474609375,-0.8099413514137268,0.0,2.385821229196027,113.05288308339829,14.200000000000001,55.5
22.510382,74,2,0.08479256927967072,1.0799920558929443,-2.541259288787842,0.0,2.7625298900550206,85.51079036565145,18.6,59.800000000000004
22.510382,74,3,-1.0791782140731812,2.848907470703125,-1.7552733421325684,0.0,3.5159470843514544,110.74689980683662,11.5,71.0
22.510382,74,4,-2.374191999435425,1.9149917364120483,1.7486861944198608,0.0,3.515947156494851,141.11081337140993,11.5,71.0
22.808947,75,0,-0.11562623083591461,0.04105473682284355,-0.026698162779211998,0.0,0.12556953678619054,160.4518703008767,35.0,53.7
22.808947,75,1,-0.8787593245506287,2.069162607192993,-0.7990561723709106,0.0,2.385821160962077,113.01060218248548,14.3,55.400000000000006
22.808947,75,2,-0.3545871376991272,2.8662490844726562,0.001173939905129373,0.0,2.8880992418192455,97.052298567448,16.6,61.2
22.808947,75,3,-1.5069953203201294,2.097234010696411,1.292939305305481,0.0,2.888099277776362,125.69963614201454,16.6,61.2
22.808947,75,4,-2.374191999435425,2.0131664276123047,1.6347039937973022,0.0,3.515947079064945,139.7041385541568,12.4,70.0
22.808947,75,5,-1.0791782140731812,2.8838140964508057,-1.697313904762268,0.0,3.5159470775194976,110.51680727720004,12.4,70.0
23.11262,76,0,-0.11562623083591461,0.041090574115514755,-0.026642970740795135,0.0,0.1255695362273736,160.43610169179118,34.800000000000004,53.900000000000006
23.11262,76,1,-0.8787593245506287,2.0588583946228027,-0.8252431750297546,0.0,2.385821061506217,113.11369721541884,14.0,55.7
23.11262,76,2,-0.1772935688495636,1.8736578226089478,2.190682888031006,0.0,2.888099403014201,95.40547852642668,17.1,61.5
23.11262,76,3,0.5318806767463684,1.600450873374939,-2.3445208072662354,0.0,2.8880993521842524,71.61671333510061,17.1,61.5
23.11262,76,4,-1.0791782140731812,2.836577892303467,-1.7751293182373047,0.0,3.5159470777161306,110.82935546742571,12.0,70.60000000000001
23.11262,76,5,-2.374191999435425,1.6374293565750122,2.0109505653381348,0.0,3.515947201564694,145.40680261636751,12.0,70.60000000000001
23.11262,76,6,1.4800158739089966,4.965545654296875,3.0792391300201416,0.0,6.027338073459659,73.40294150700517,11.4,70.10000000000001
23.11262,76,7,3.7000396251678467,4.184289932250977,-2.265001058578491,0.0,6.027338157122992,48.514653837856926,11.4,70.10000000000001
23.412628,77,0,-0.11562623083591461,0.04108786582946777,-0.026647144928574562,0.0,0.12556953575045587,160.4372932450879,35.0,53.7
23.412628,77,1,-0.8787593245506287,2.061016082763672,-0.8198396563529968,0.0,2.385821096818491,113.09203704061444,14.200000000000001,55.6
23.412628,77,2,-0.2659403383731842,2.6764986515045166,1.0520212650299072,0.0,2.8880993814539457,95.67435736327916,18.0,61.300000000000004
23.412628,77,3,-2.374191999435425,1.8918921947479248,1.7736517190933228,0.0,3.5159471195360714,141.45015543820534,12.3,70.10000000000001
23.412628,77,4,-1.0791782140731812,2.6373915672302246,-2.059471845626831,0.0,3.5159471241127713,112.25358853011527,12.3,70.10000000000001
23.70087,78,0,-0.11562623083591461,0.041104331612586975,-0.0266217403113842,0.0,0.1255695360819833,160.43004913526448,34.9,53.800000000000004
23.70087,78,1,-0.8787593245506287,2.0582754611968994,-0.8266966342926025,0.0,2.385821273649957,113.11955564374742,14.100000000000001,55.5
23.70087,78,2,-0.1772935688495636,2.464932441711426,1.4945878982543945,0.0,2.8880993641779975,94.11399103978754,18.2,61.2
24.008058,79,0,-0.11562623083591461,0.04107344150543213,-0.026669375598430634,0.0,0.12556953631048628,160.44363975133925,35.300000000000004,53.400000000000006
24.008058,79,1,-0.8787593245506287,2.053335189819336,-0.8388915657997131,0.0,2.385821118903297,113.169317831123,14.4,55.300000000000004
24.008058,79,2,-0.1772935688495636,2.736330032348633,0.906742513179779,0.0,2.8880992089428066,93.70715298311937,18.5,61.0
24.008058,79,3,1.4800158739089966,4.8341965675354,3.281599998474121,0.0,6.027337885881213,72.97774290212395,11.4,70.2
24.008058,79,4,3.7000396251678467,4.109094142913818,-2.3987200260162354,0.0,6.027338190806303,47.99850119058744,11.4,70.2
24.314028,80,0,-0.11562623083591461,0.04108613356947899,-0.026649821549654007,0.0,0.12556953698105955,160.43805538951256,35.2,53.5
24.314028,80,1,-0.8787593245506287,2.0376574993133545,-0.87628573179245,0.0,2.3858211833110334,113.32858405736994,14.100000000000001,55.5
24.314028,80,2,0.33917027711868286,2.1046807765960693,-1.7569444179534912,0.0,2.762529879663156,80.84546343037397,18.400000000000002,59.6
24.314028,80,3,-1.8500198125839233,1.3529777526855469,1.956803321838379,0.0,3.0136690837868714,143.82081967031246,15.3,62.6
24.314028,80,4,-2.374191999435425,1.9265815019607544,1.735909104347229,0.0,3.5159471486977925,140.94176605325455,11.5,70.8
24.314028,80,5,-1.0791782140731812,2.8490424156188965,-1.7550543546676636,0.0,3.5159471115993295,110.74600079735133,11.5,70.8
24.610895,81,0,-0.11562623083591461,0.04108979552984238,-0.026644175872206688,0.0,0.12556953715735975,160.43644424107268,34.7,54.0
24.610895,81,1,-0.8787593245506287,2.036731719970703,-0.8784350752830505,0.0,2.385821081117994,113.33805351177595,14.100000000000001,55.6
24.610895,81,2,0.0,2.8878989219665527,-0.03403126448392868,0.0,2.8880994287693684,90.0,19.1,61.300000000000004
24.610895,81,3,1.4800158739089966,4.901207447052002,3.180647850036621,0.0,6.027337900931322,73.19727770113674,11.5,70.0
24.610895,81,4,3.7000396251678467,4.11317253112793,-2.391719341278076,0.0,6.027337961827028,48.02676390259098,11.5,70.0
24.916294,82,0,-0.11562623083591461,0.04112950339913368,-0.026582835242152214,0.0,0.12556953626055553,160.4189760839022,34.800000000000004,53.900000000000006
24.916294,82,1,-0.8787593245506287,2.0440258979797363,-0.8613263964653015,0.0,2.3858212387654794,113.26364018753449,14.200000000000001,55.6
24.916294,82,2,0.3545871376991272,1.9190319776535034,-2.129014253616333,0.0,2.8880992818080005,79.53130492078029,18.5,61.300000000000004
24.916294,82,3,1.4800158739089966,4.9017462730407715,3.1798176765441895,0.0,6.027338049948301,73.19902066733589,11.9,69.7
24.916294,82,4,3.7000396251678467,4.07978630065918,-2.448235273361206,0.0,6.027338172077999,47.79448752000478,11.9,69.7
25.211333,83,0,-0.11562623083591461,0.04113126918673515,-0.026580102741718292,0.0,0.12556953620999076,160.41819937229783,34.7,54.0
25.211333,83,1,-0.8787593245506287,2.0376157760620117,-0.8763825297355652,0.0,2.385821103890059,113.32901067295133,14.0,55.7
25.211333,83,2,0.5318806767463684,1.7759333848953247,-2.2145612239837646,0.0,2.888099350204977,73.32737853719951,16.5,61.400000000000006
25.211333,83,3,-1.8615823984146118,1.3832828998565674,1.721091866493225,0.0,2.88809934386472,143.38512915628874,16.5,61.400000000000006
25.211333,83,4,-2.374191999435425,2.005805492401123,1.6437278985977173,0.0,3.515947202128917,139.8076357636924,11.4,70.60000000000001
25.211333,83,5,-1.0791782140731812,2.8362138271331787,-1.7757107019424438,0.0,3.5159469546545408,110.83179972116517,11.4,70.60000000000001
25.211333,83,6,1.4800158739089966,4.952497482299805,3.1001813411712646,0.0,6.027337940364301,73.36162812548176,11.5,70.10000000000001
25.211333,83,7,3.7000396251678467,4.051924228668213,-2.494077205657959,0.0,6.027338076668947,47.599041016913645,11.5,70.10000000000001
25.510017,84,0,-0.11562623083591461,0.041117142885923386,-0.026601949706673622,0.0,0.12556953621248285,160.42441327486517,34.7,54.0
25.510017,84,1,-0.8787593245506287,2.0423130989074707,-0.8653795123100281,0.0,2.3858211258976763,113.2810734331105,13.9,55.900000000000006
25.510017,84,2,0.3545871376991272,2.2012486457824707,-1.835726022720337,0.0,2.8880993177647905,80.84914454345422,18.1,61.6
25.510017,84,3,1.4800158739089966,4.901539325714111,3.1801369190216064,0.0,6.02733818300158,73.19835128645829,11.3,70.2
25.510017,84,4,3.7000396251678467,4.099722385406494,-2.4147021770477295,0.0,6.027338008528672,47.93343858065473,11.3,70.2
25.810359,85,0,-0.11562623083591461,0.04109025001525879,-0.02664346992969513,0.0,0.1255695360886997,160.436244283899,35.0,53.7
25.810359,85,1,-0.8787593245506287,2.0465171337127686,-0.8553903698921204,0.0,2.3858212451834655,113.23832781417264,14.0,55.7
25.810359,85,2,0.0,2.724207878112793,0.9590669870376587,0.0,2.888099383469568,90.0,18.400000000000002,61.400000000000006
26.107857,86,0,-0.11562623083591461,0.04109873250126839,-0.026630384847521782,0.0,0.1255695363838624,160.4325123873376,34.800000000000004,53.900000000000006
26.107857,86,1,-0.8787593245506287,2.0409297943115234,-0.8686370849609375,0.0,2.3858211922025063,113.2951710319148,14.3,55.6
26.107857,86,2,-1.7575188875198364,1.5897608995437622,1.8617165088653564,0.0,3.013668979348755,137.86913248883005,15.200000000000001,62.6
26.107857,86,3,-0.46250495314598083,2.9708173274993896,0.20624016225337982,0.0,3.013669097558901,98.84892885447225,15.200000000000001,62.6
26.409652,87,0,-0.11562623083591461,0.041095245629549026,-0.02663576602935791,0.0,0.1255695365231706,160.43404642666985,35.0,53.7
26.409652,87,1,-0.8787593245506287,2.061189651489258,-0.8194034695625305,0.0,2.3858211952747417,113.09029632054855,14.200000000000001,55.400000000000006
26.409652,87,2,-1.8500198125839233,1.3986568450927734,1.924418568611145,0.0,3.0136690436232865,142.90989439647234,15.200000000000001,62.6
26.409652,87,3,-2.374191999435425,2.124455213546753,1.4872078895568848,0.0,3.515947228174707,138.17744231896071,11.600000000000001,70.2
26.409652,87,4,-1.0791782140731812,2.5948965549468994,-2.1127634048461914,0.0,3.5159469497509117,112.5816869429124,11.600000000000001,70.2
26.409652,87,5,1.2950139045715332,4.981939315795898,3.135606050491333,0.0,6.027338190543515,75.42891128573794,11.200000000000001,70.3
26.409652,87,6,3.7000396251678467,4.083175182342529,-2.4425790309906006,0.0,6.027338145495501,47.81816002504659,11.200000000000001,70.3
26.711631,88,0,-0.11562623083591461,0.041101742535829544,-0.0266257394105196,0.0,0.12556953649655128,160.43118815464305,35.5,53.2
26.711631,88,1,-0.3545871376991272,2.630202531814575,1.1390432119369507,0.0,2.888099173374264,97.67796014013649,18.5,60.7
26.711631,88,2,-1.4183485507965088,2.379455804824829,0.8170647621154785,0.0,2.8880992649408634,120.79836926421005,18.5,60.7
27.017303,89,0,-0.11562623083591461,0.04115397855639458,-0.026544932276010513,0.0,0.12556953706165513,160.40821093889116,35.300000000000004,53.400000000000006
27.017303,89,1,-0.8787593245506287,2.0853946208953857,-0.755681574344635,0.0,2.385821308721186,112.84995180854345,14.5,55.1
27.017303,89,2,-1.8500198125839233,1.4199455976486206,1.9087646007537842,0.0,3.0136690442590917,142.4926817212536,15.8,62.0
27.017303,89,3,-2.482109785079956,1.8156321048736572,1.7042579650878906,0.0,3.5159471180612387,143.8149990394323,12.200000000000001,70.10000000000001
27.017303,89,4,-1.0791782140731812,2.8107337951660156,-1.815773606300354,0.0,3.515947080710335,111.00423897590565,12.200000000000001,70.10000000000001
27.30566,90,0,-0.11562623083591461,0.041096046566963196,-0.02663453109562397,0.0,0.12556953670153434,160.43369405394108,35.4,53.300000000000004
27.30566,90,1,-0.8787593245506287,2.059424638748169,-0.8238294720649719,0.0,2.3858211987092734,113.10800919928862,14.8,55.1
27.30566,90,2,-1.4183485507965088,2.301588296890259,1.0159214735031128,0.0,2.888099330053157,121.64335741781737,17.900000000000002,60.7
27.30566,90,3,-0.3545871376991272,2.8505101203918457,0.2999618947505951,0.0,2.888099223188213,97.09084220804834,17.900000000000002,60.7
27.30566,90,4,-2.374191999435425,1.7087273597717285,1.9507299661636353,0.0,3.515947132865399,144.25709478588348,11.9,70.5
27.30566,90,5,-1.0791782140731812,2.6471636295318604,-2.046895980834961,0.0,3.5159471064856467,112.17941567828686,11.9,70.5
27.603341,91,0,-0.11562623083591461,0.04110328480601311,-0.026623357087373734,0.0,0.12556953620112743,160.4305096577077,35.0,53.7
27.603341,91,1,-0.8787593245506287,2.0363430976867676,-0.8793361186981201,0.0,2.3858212782243964,113.34203074843661,14.4,55.400000000000006
27.603341,91,2,-1.8500198125839233,1.4622310400009155,1.8765681982040405,0.0,3.013669046827467,141.67762508851334,15.3,62.400000000000006
27.907279,92,0,-0.11562623083591461,0.041078004986047745,-0.026662349700927734,0.0,0.12556953708017138,160.44163182796188,35.1,53.6
27.907279,92,1,-0.8787593245506287,1.9802796840667725,-0.9992081522941589,0.0,2.3858211394032414,113.9295016895,14.5,55.400000000000006
27.907279,92,2,0.0886467844247818,2.884636640548706,-0.11013802886009216,0.0,2.8880992340614204,88.23981689842934,19.5,60.7
28.207842,93,0,-0.11562623083591461,0.041097722947597504,-0.02663194201886654,0.0,0.1255695362119888,160.43295653461144,35.6,53.1
28.207842,93,1,-0.8787593245506287,2.0501770973205566,-0.8465806245803833,0.0,2.3858212076300545,113.20123473394908,14.8,55.1
28.207842,93,2,-0.2659403383731842,2.6037936210632324,1.220922827720642,0.0,2.888099381238982,95.83172357041354,19.5,60.800000000000004
28.207842,93,3,1.4800158739089966,4.856664657592773,3.248255491256714,0.0,6.027337913192916,73.05196856994482,11.600000000000001,69.9
28.207842,93,4,3.7000396251678467,4.141762733459473,-2.3418612480163574,0.0,6.027338207952714,48.224023159473525,11.600000000000001,69.9
28.514671,94,0,-0.11562623083591461,0.041129257529973984,-0.026583217084407806,0.0,0.12556953656378558,160.41908423421341,35.300000000000004,53.400000000000006
28.514671,94,1,-0.8787593245506287,2.0043814182281494,-0.94993656873703,0.0,2.385821096571754,113.67356858580898,14.600000000000001,55.2
28.514671,94,2,-0.1772935688495636,2.806856155395508,0.656690776348114,0.0,2.8880992473212816,93.61425573426764,19.3,60.900000000000006
28.514671,94,3,1.4800158739089966,4.909738063812256,3.167464017868042,0.0,6.027337981792484,73.22483092402484,11.4,70.10000000000001
28.514671,94,4,3.7000396251678467,4.12629508972168,-2.3690083026885986,0.0,6.027338113419636,48.11749166813839,11.4,70.10000000000001
28.808971,95,0,-0.11562623083591461,0.04109823703765869,-0.026631148532032967,0.0,0.12556953618238378,160.4327303633691,34.7,54.0
28.808971,95,1,-0.8787593245506287,2.0378079414367676,-0.8759360909461975,0.0,2.3858212825124894,113.32704592578507,13.9,55.800000000000004
28.808971,95,2,-0.0886467844247818,2.7087748050689697,0.9978967905044556,0.0,2.8880992367757004,91.87438046699053,17.900000000000002,61.2
28.808971,95,3,1.4800158739089966,4.874791622161865,3.220987319946289,0.0,6.027337692694586,73.111396433385,11.3,70.3
28.808971,95,4,3.7000396251678467,4.141103744506836,-2.3430261611938477,0.0,6.027338139064336,48.219493474973696,11.3,70.3
29.109715,96,0,-0.11562623083591461,0.04112805798649788,-0.02658507041633129,0.0,0.12556953603522725,160.41961187872343,35.4,53.300000000000004
29.109715,96,1,-0.8787593245506287,1.98905611038208,-0.9816214442253113,0.0,2.385821204637085,113.83570509186687,14.4,55.300000000000004
29.109715,96,2,-1.8500198125839233,1.3203198909759521,1.9789854288101196,0.0,3.0136690675823345,144.4853551903106,15.5,62.300000000000004
29.406054,97,0,-0.11562623083591461,0.04111756384372711,-0.02660130150616169,0.0,0.12556953673397425,160.424228096261,35.2,53.5
29.406054,97,1,-0.8787593245506287,2.0497562885284424,-0.8475992679595947,0.0,2.385821307619708,113.20549386345681,14.600000000000001,55.1
29.406054,97,2,0.5318806767463684,2.5557198524475098,-1.235522985458374,0.0,2.8880993864627427,78.24376441566277,17.3,60.6
29.406054,97,3,-1.6842888593673706,1.806497573852539,1.4969485998153687,0.0,2.888099298260595,132.99495467062533,17.3,60.6
29.406054,97,4,-2.374191999435425,1.8947539329528809,1.7705942392349243,0.0,3.5159471094764054,141.4079402521126,12.0,70.2
29.406054,97,5,-1.0791782140731812,2.6208508014678955,-2.0804805755615234,0.0,3.5159470938246353,112.3802164500096,12.0,70.2
29.715115,98,0,-0.11562623083591461,0.04110810533165932,-0.026615915820002556,0.0,0.12556953673648905,160.42838898189567,35.300000000000004,53.400000000000006
29.715115,98,1,-0.8787593245506287,2.051891326904297,-0.8424172401428223,0.0,2.3858211949766064,113.18389976611716,14.9,55.1
29.715115,98,2,0.2659403383731842,2.4773757457733154,-1.4604802131652832,0.0,2.888099254244432,83.87289897246809,17.3,60.400000000000006
30.00203,99,0,-0.11562623083591461,0.04111889377236366,-0.02659924514591694,0.0,0.12556953661105755,160.42364306576837,35.7,53.0
30.00203,99,1,-0.8787593245506287,2.0313122272491455,-0.8908959031105042,0.0,2.3858212056303887,113.39363340499712,14.700000000000001,55.0
30.00203,99,2,0.4432339072227478,2.448932409286499,-1.4653983116149902,0.0,2.8880994535247195,79.74105616126639,19.400000000000002,60.6
30.00203,99,3,-1.5069953203201294,2.1362905502319336,1.2273327112197876,0.0,2.8880993394457786,125.20014525754436,19.400000000000002,60.6
30.00203,99,4,1.4800158739089966,4.869907855987549,3.2283670902252197,0.0,6.027338017904845,73.09542523744123,11.4,70.10000000000001
30.00203,99,5,3.7000396251678467,4.12333345413208,-2.374159336090088,0.0,6.027338098607107,48.09704322617746,11.4,70.10000000000001
30.311439,100,0,-0.11562623083591461,0.04112277179956436,-0.026593245565891266,0.0,0.12556953582588037,160.4219371607741,35.0,53.7
30.311439,100,1,-0.8787593245506287,2.0517303943634033,-0.8428090214729309,0.0,2.3858211601701087,113.18552613860216,14.200000000000001,55.5
30.311439,100,2,-1.9425207376480103,1.090230941772461,2.02983021736145,0.0,3.0136690319118107,150.69687888734447,15.200000000000001,62.5
30.311439,100,3,-2.374191999435425,1.7660123109817505,1.899025321006775,0.0,3.5159471416031227,143.35675749007254,12.3,70.10000000000001
30.311439,100,4,-1.0791782140731812,2.7610597610473633,-1.890451431274414,0.0,3.515946989903657,111.34836745397186,12.3,70.10000000000001
30.611195,101,0,-0.11562623083591461,0.04108014330267906,-0.026659054681658745,0.0,0.12556953702076204,160.44069098963848,35.0,53.7
30.611195,101,1,0.5935479998588562,1.859697699546814,-1.9546858072280884,0.0,2.7625298852347435,72.29880447203806,19.400000000000002,59.7
30.611195,101,2,-1.8500198125839233,1.4799853563308716,1.862597942352295,0.0,3.0136690357041322,141.34076760541106,14.700000000000001,62.6
30.611195,101,3,1.4800158739089966,4.865346908569336,3.235236406326294,0.0,6.027337897659868,73.0804832394043,11.4,70.3
30.611195,101,4,3.7000396251678467,4.114049911499023,-2.3902103900909424,0.0,6.027338186215872,48.03283998889637,11.4,70.3
30.907166,102,0,-0.11562623083591461,0.041120950132608414,-0.02659606747329235,0.0,0.12556953691947978,160.4227384891684,35.6,53.1
30.907166,102,1,-0.8787593245506287,2.0361151695251465,-0.8798633813858032,0.0,2.3858211382999257,113.3443640053879,14.8,55.1
30.907166,102,2,0.5087554454803467,1.7217618227005005,-2.0995893478393555,0.0,2.7625298744041387,73.5383603806527,18.6,59.2
30.907166,102,3,-0.08479256927967072,2.1475307941436768,1.7356534004211426,0.0,2.7625298221003685,92.26107774855429,18.6,59.2
31.207853,103,0,-0.11562623083591461,0.04108613356947899,-0.026649821549654007,0.0,0.12556953698105955,160.43805538951256,34.7,54.0
31.207853,103,1,-0.8787593245506287,2.0344202518463135,-0.8837757110595703,0.0,2.3858212881659733,113.36172837485564,13.9,56.0
31.207853,103,2,0.42396286129951477,2.2591941356658936,-1.532275676727295,0.0,2.7625298912190117,79.37142800279317,21.5,60.1
31.207853,103,3,1.4800158739089966,4.852248191833496,3.254849433898926,0.0,6.027338080738976,73.03742797233778,11.600000000000001,70.0
31.207853,103,4,3.7000396251678467,4.075013637542725,-2.4561705589294434,0.0,6.027337985257105,47.76111220927465,11.600000000000001,70.0
31.511888,104,0,-0.11562623083591461,0.04114243760704994,-0.02656281180679798,0.0,0.12556953611705976,160.41328692686463,35.6,53.1
31.511888,104,1,-0.8787593245506287,2.0308468341827393,-0.8919562697410583,0.0,2.3858212006613395,113.39841791942261,15.0,54.900000000000006
31.511888,104,2,0.16958513855934143,2.358933925628662,-1.4276703596115112,0.0,2.7625298261584983,85.8880470637458,18.6,59.2
31.511888,104,3,-1.8500198125839233,1.4378364086151123,1.8953243494033813,0.0,3.0136690651651867,142.1456290995624,15.200000000000001,62.400000000000006
31.511888,104,4,-2.374191999435425,1.9540783166885376,1.7048972845077515,0.0,3.515947165225523,140.5439175702666,11.600000000000001,70.60000000000001
31.511888,104,5,-1.0791782140731812,2.848902702331543,-1.75528085231781,0.0,3.515946969963524,110.74693157531864,11.600000000000001,70.60000000000001
31.511888,104,6,1.4800158739089966,4.64794397354126,3.5404765605926514,0.0,6.027338089431113,72.33728793699701,11.600000000000001,70.10000000000001
31.511888,104,7,3.7000396251678467,4.074749946594238,-2.456608533859253,0.0,6.027338205519255,47.759266964770745,11.600000000000001,70.10000000000001
31.811858,105,0,-0.11562623083591461,0.04109978303313255,-0.0266287662088871,0.0,0.12556953696059545,160.43205021454426,35.2,53.5
31.811858,105,1,-0.8787593245506287,2.0356156826019287,-0.8810186386108398,0.0,2.3858212421133507,113.3494786975747,14.8,55.1
31.811858,105,2,0.25437772274017334,2.3102028369903564,-1.4932600259780884,0.0,2.7625297607535106,83.71644282801168,20.900000000000002,59.1
31.811858,105,3,-1.8500198125839233,1.4589765071868896,1.8790996074676514,0.0,3.0136690412620615,141.7397163402588,15.700000000000001,62.2
32.114267,106,0,-0.11562623083591461,0.04109311103820801,-0.02663905918598175,0.0,0.12556953653825811,160.4349855484891,35.0,53.7
32.114267,106,1,0.42396286129951477,1.9419995546340942,-1.9184536933898926,0.0,2.7625298824884434,77.68483474248572,21.3,59.5
32.413304,107,0,-0.11562623083591461,0.0411432720720768,-0.026561519131064415,0.0,0.12556953608525853,160.41291989827812,34.5,54.2
32.413304,107,1,0.3237534463405609,1.8095762729644775,-1.8905493021011353,0.0,2.636960228249279,79.85646407155558,17.1,58.6
32.413304,107,2,-1.8615823984146118,1.3275692462921143,1.764423131942749,0.0,2.888099395506043,144.5058054883553,16.2,61.400000000000006
32.413304,107,3,0.3545871376991272,1.3205556869506836,-2.5439178943634033,0.0,2.888099308164763,74.96983329798536,16.2,61.400000000000006
32.413304,107,4,-1.0791782140731812,2.8936538696289062,-1.6804836988449097,0.0,3.5159470697142177,110.45282668464105,11.5,70.9
32.413304,107,5,-2.374191999435425,2.014186143875122,1.633447527885437,0.0,3.5159471410584033,139.68982594673935,11.5,70.9
32.413304,107,6,1.4800158739089966,4.737804889678955,3.419292449951172,0.0,6.02733797110976,72.65201479564541,11.3,70.2
32.413304,107,7,3.7000396251678467,4.136198043823242,-2.3516757488250732,0.0,6.027338244461763,48.18574800904529,11.3,70.2
32.712029,108,0,-0.11562623083591461,0.04110261797904968,-0.02662438526749611,0.0,0.1255695359270073,160.4308030167928,35.1,53.6
32.712029,108,1,0.40469181537628174,1.791378140449524,-1.8922865390777588,0.0,2.6369602677112574,77.26995131663786,20.1,58.1
32.712029,108,2,-1.8500198125839233,1.554991602897644,1.800452470779419,0.0,3.0136690746614754,139.9520419497241,14.700000000000001,62.5
32.712029,108,3,1.4800158739089966,4.807769775390625,3.3201963901519775,0.0,6.027337826052266,72.88962786742651,11.5,70.10000000000001
32.712029,108,4,3.7000396251678467,4.115816593170166,-2.3871665000915527,0.0,6.027337999115899,48.045070370902536,11.5,70.10000000000001
33.007888,109,0,-0.11562623083591461,0.04114002734422684,-0.02656654641032219,0.0,0.12556953649422994,160.41434705900818,35.0,53.7
33.007888,109,1,0.42396286129951477,2.135033369064331,-1.7010170221328735,0.0,2.7625298015343196,78.76863111878156,18.6,59.300000000000004
33.007888,109,2,-1.8500198125839233,1.5627015829086304,1.793764591217041,0.0,3.0136690184693857,139.81240336312655,15.200000000000001,62.2
33.31005,110,0,-0.11562623083591461,0.04109947383403778,-0.026629239320755005,0.0,0.12556953608880225,160.43218624385003,35.4,53.300000000000004
33.31005,110,1,0.5087554454803467,2.0347979068756104,-1.7978700399398804,0.0,2.7625298741633,75.96227327886324,21.1,59.300000000000004
33.60728,111,0,-0.11562623083591461,0.0410887636244297,-0.026645762845873833,0.0,0.12556953623846437,160.43689824403808,35.1,53.6
33.60728,111,1,-0.8787593245506287,2.0415539741516113,-0.8671688437461853,0.0,2.385821113039075,113.28880786540533,14.600000000000001,55.300000000000004
33.60728,111,2,0.5318806767463684,1.9452263116836548,-2.067441701889038,0.0,2.888099314198252,74.70748212358419,17.6,60.5
33.60728,111,3,-1.8615823984146118,1.1488176584243774,1.8856953382492065,0.0,2.888099365861493,148.3204808681473,17.6,60.5
33.919501,112,0,-0.11562623083591461,0.04107191413640976,-0.026671728119254112,0.0,0.12556953638927013,160.44431180216694,35.9,52.800000000000004
33.919501,112,1,-0.8787593245506287,2.0331921577453613,-0.8865971565246582,0.0,2.3858212042731797,113.37432539659517,14.8,55.0
33.919501,112,2,-1.8500198125839233,1.4885032176971436,1.8557980060577393,0.0,3.013669088558942,141.18027149417455,14.8,62.300000000000004
33.919501,112,3,-2.374191999435425,1.8744730949401855,1.7920511960983276,0.0,3.5159471729926866,141.70818678156294,13.0,69.3
33.919501,112,4,-1.1870959997177124,2.7160391807556152,-1.8909834623336792,0.0,3.51594712684433,113.60863791051547,13.0,69.3
33.919501,112,5,-1.2294923067092896,2.777885913848877,-2.0080695152282715,0.0,3.6415168076786966,113.87418130202157,11.4,70.9
33.919501,112,6,-2.570756673812866,1.9799787998199463,1.6527365446090698,0.0,3.641516718288707,142.39678732222447,11.4,70.9
34.214648,113,0,-0.11562623083591461,0.0411265566945076,-0.02658739499747753,0.0,0.12556953649519717,160.42027225855526,35.1,53.6
34.214648,113,1,-0.8787593245506287,2.0481083393096924,-0.8515735268592834,0.0,2.3858212824271106,113.22218747159786,14.3,55.400000000000006
34.214648,113,2,0.0886467844247818,2.748021125793457,-0.8841038942337036,0.0,2.888099384715698,88.15237012101883,17.0,60.6
34.214648,113,3,-1.7729356288909912,1.70928955078125,1.5086901187896729,0.0,2.8880992689197265,136.04710220617153,17.0,60.6
34.513638,114,0,-0.11562623083591461,0.04107265919446945,-0.026670582592487335,0.0,0.12556953677722926,160.44398397179526,35.4,53.300000000000004
34.513638,114,1,0.40469181537628174,1.7123935222625732,-1.9640499353408813,0.0,2.6369602175671694,76.7031961716816,18.900000000000002,57.7
34.513638,114,2,-1.9425207376480103,1.3398295640945435,1.874478816986084,0.0,3.013669011743641,145.4045114724763,14.4,62.1
34.513638,114,3,0.2659403383731842,2.469160795211792,-1.474326252937317,-0.25578173995018005,2.8880992358790514,83.85266980121072,15.9,41.1
34.807757,115,0,-0.11562623083591461,0.04113619029521942,-0.026572486385703087,0.0,0.12556953628186693,160.4160347788544,35.800000000000004,52.900000000000006
34.807757,115,1,-0.8787593245506287,2.026700019836426,-0.9013389348983765,0.0,2.3858211995984497,113.4411312930883,15.200000000000001,54.6
34.807757,115,2,-1.8500198125839233,1.558589220046997,1.7973390817642212,0.0,3.013669099061278,139.88681266860488,15.100000000000001,61.900000000000006
34.807757,115,3,0.46250495314598083,2.059224843978882,-2.1512515544891357,0.42630288004875183,3.013669032995551,77.34135148291627,17.7,40.5
35.112922,116,0,-0.11562623083591461,0.04112868383526802,-0.02658410184085369,0.0,0.12556953596325238,160.4193365855043,35.5,53.2
35.112922,116,1,0.42396286129951477,1.9384019374847412,-1.922088623046875,0.0,2.7625298647891756,77.6626775246528,21.700000000000003,58.800000000000004
35.112922,116,2,-1.8500198125839233,1.451171636581421,1.8851336240768433,0.0,3.0136690605301286,141.8890541429881,15.8,61.900000000000006
35.417529,117,0,-0.11562623083591461,0.041097305715084076,-0.02663259021937847,0.0,0.12556953713442057,160.43314009434712,35.7,53.0
35.417529,117,1,-0.8787593245506287,2.0301547050476074,-0.8935304284095764,0.0,2.3858211800982523,113.40553683096448,14.9,54.800000000000004
35.417529,117,2,-1.8500198125839233,1.5889586210250854,1.7705475091934204,0.0,3.0136690741675705,139.3411354451469,15.200000000000001,62.0
35.417529,117,3,-1.2294923067092896,2.8118808269500732,-1.9601832628250122,0.0,3.6415166539624764,113.61730968947428,11.5,70.60000000000001
35.417529,117,4,-2.570756673812866,2.081268310546875,1.5232124328613281,0.0,3.641516685676912,141.00658822933266,11.5,70.60000000000001
35.708488,118,0,-0.11562623083591461,0.04108512029051781,-0.026651378720998764,0.0,0.12556953593263231,160.4385012063653,35.5,53.2
35.708488,118,1,-0.8787593245506287,2.0369274616241455,-0.8779811859130859,0.0,2.385821115930658,113.33605073782674,14.9,54.900000000000006
35.708488,118,2,0.4432339072227478,2.2169463634490967,-1.797167420387268,0.0,2.888099411693362,78.69392847844294,17.2,60.300000000000004
35.708488,118,3,-1.8615823984146118,1.4593783617019653,1.6570587158203125,0.0,2.8880993432302624,141.90550280855632,17.2,60.300000000000004
35.999876,119,0,-0.11562623083591461,0.041122641414403915,-0.02659345231950283,0.0,0.1255695369127701,160.42199451530226,35.6,53.1
35.999876,119,1,-0.8787593245506287,2.0373687744140625,-0.8769569993019104,0.0,2.385821253167711,113.33153653896622,14.9,54.900000000000006
35.999876,119,2,-1.8500198125839233,1.5589910745620728,1.7969905138015747,0.0,3.013669090031304,139.8795343031051,15.600000000000001,62.0
36.307848,120,0,-0.11562623083591461,0.04111849516630173,-0.026599861681461334,0.0,0.1255695366859903,160.42381841059623,35.800000000000004,52.900000000000006
36.307848,120,1,-1.8500198125839233,1.54831862449646,1.8061941862106323,0.0,3.013669077423192,140.07336265998381,15.700000000000001,61.900000000000006
36.603875,121,0,-0.11562623083591461,0.04113658890128136,-0.026571867987513542,0.0,0.12556953600335985,160.4158594509714,34.9,53.800000000000004
36.603875,121,1,-0.8787593245506287,2.046696901321411,-0.8549595475196838,0.0,2.385821029385567,113.23650328544464,14.5,55.300000000000004
36.603875,121,2,0.1772935688495636,1.780631184577942,-2.266944408416748,0.0,2.88809926697453,84.3139247169404,18.5,60.7
36.603875,121,3,-2.374191999435425,1.7121858596801758,1.9476951360702515,0.0,3.5159471570749807,144.20214977859172,11.4,71.2
36.603875,121,4,-1.0791782140731812,2.8280138969421387,-1.7887414693832397,0.0,3.515947136024567,110.88699781415045,11.4,71.2
36.893598,122,0,-0.11562623083591461,0.04113875702023506,-0.026568515226244926,0.0,0.12556953686231928,160.4149058050596,34.800000000000004,53.900000000000006
36.893598,122,1,-0.8787593245506287,2.0407955646514893,-0.8689520359039307,0.0,2.385821059486116,113.29653985768431,14.3,55.5
36.893598,122,2,0.0,2.8559372425079346,0.42981427907943726,0.0,2.888099348645126,90.0,19.5,60.800000000000004
36.893598,122,3,1.4800158739089966,4.976930618286133,3.060803174972534,0.0,6.027337840388453,73.43882624987641,11.700000000000001,69.9
36.893598,122,4,3.7000396251678467,4.112795829772949,-2.392367124557495,0.0,6.027337988189602,48.02415470847746,11.700000000000001,69.9
37.20775,123,0,-0.11562623083591461,0.041090935468673706,-0.026642411947250366,0.0,0.12556953591288736,160.43594271008328,34.9,53.800000000000004
37.20775,123,1,-0.8787593245506287,2.042295455932617,-0.8654214143753052,0.0,2.3858212221931145,113.28125313557804,14.200000000000001,55.5
37.20775,123,2,-0.16958513855934143,2.5262701511383057,1.1048851013183594,0.0,2.7625298338421307,93.84042735972956,21.700000000000003,59.5
37.20775,123,3,1.4800158739089966,4.730624198913574,3.429219961166382,0.0,6.027337873425653,72.62726547811866,11.5,70.0
37.20775,123,4,3.7000396251678467,4.150515556335449,-2.3263132572174072,0.0,6.027338216982704,48.284111365065705,11.5,70.0
37.490852,124,0,-0.11562623083591461,0.04113634303212166,-0.026572249829769135,0.0,0.12556953625936612,160.4159675970971,35.0,53.7
37.490852,124,1,-0.8787593245506287,2.0426881313323975,-0.8644937872886658,0.0,2.3858210873055046,113.27725416109604,14.4,55.5
37.490852,124,2,-0.16958513855934143,2.7247862815856934,0.4223169684410095,0.0,2.7625298227116,93.56137874285447,18.5,59.6
37.490852,124,3,-1.0791782140731812,2.972918748855591,-1.5359078645706177,0.0,3.5159471659109367,109.95104549492274,11.600000000000001,70.8
37.490852,124,4,-2.482109785079956,1.9354307651519775,1.5668832063674927,0.0,3.515947129051134,142.05459466080148,11.600000000000001,70.8
37.490852,124,5,1.4800158739089966,4.850497245788574,3.257457733154297,0.0,6.027337837031527,73.03165652078007,11.4,70.2
37.490852,124,6,3.7000396251678467,4.1568193435668945,-2.315030097961426,0.0,6.027338105443515,48.32729952825625,11.4,70.2
37.808982,125,0,-0.11562623083591461,0.04111308977007866,-0.026608211919665337,0.0,0.125569535912675,160.42619625523994,34.6,54.1
37.808982,125,1,-0.8787593245506287,2.035308361053467,-0.8817282915115356,0.0,2.385821211891343,113.3526266885522,14.3,55.6
37.808982,125,2,-0.25437772274017334,2.6616082191467285,0.694769561290741,0.0,2.76252983356778,95.45934417225637,19.900000000000002,59.7
38.106372,126,0,-0.11562623083591461,0.04110484570264816,-0.02662094496190548,0.0,0.12556953574901647,160.42982297218123,35.2,53.5
38.106372,126,1,0.5087554454803467,1.7988107204437256,-2.033966302871704,0.0,2.762529824727105,74.2075699781898,21.200000000000003,59.6
38.106372,126,2,1.4800158739089966,4.772164344787598,3.3711724281311035,0.0,6.027337974668089,72.76949980322195,11.700000000000001,69.8
38.106372,126,3,3.7000396251678467,4.068812370300293,-2.466430425643921,0.0,6.027338249763568,47.71768258624589,11.700000000000001,69.8
38.410041,127,0,-0.11562623083591461,0.04110538214445114,-0.02662012167274952,0.0,0.12556953681699062,160.42958697659714,34.6,54.1
38.410041,127,1,-0.8787593245506287,2.0501708984375,-0.8465954065322876,0.0,2.3858211260792945,113.20129746394825,14.3,55.6
38.410041,127,2,-0.16958513855934143,2.7198898792266846,0.4527819752693176,0.0,2.7625299258955955,93.56777346561024,21.6,59.6
38.410041,127,3,1.4800158739089966,4.6919121742248535,3.4819986820220947,0.0,6.027337858396989,72.49265112093497,11.700000000000001,70.0
38.410041,127,4,3.7000396251678467,4.074016571044922,-2.4578239917755127,0.0,6.027337971568224,47.754134294448576,11.700000000000001,70.0
38.715681,128,0,-0.11562623083591461,0.041151490062475204,-0.026548784226179123,0.0,0.12556953585790792,160.40930541149055,34.4,54.300000000000004
38.715681,128,1,-0.8787593245506287,2.0484254360198975,-0.8508103489875793,0.0,2.3858212354160884,113.21897354191867,13.9,55.900000000000006
38.715681,128,2,-0.0886467844247818,2.7349026203155518,0.9238871932029724,0.0,2.88809939939092,91.85648621697524,16.900000000000002,61.1
38.715681,128,3,-2.374191999435425,1.9868232011795044,1.6666224002838135,0.0,3.515947142386548,140.07599712923607,11.9,70.2
38.715681,128,4,-1.0791782140731812,2.7387139797210693,-1.9226813316345215,0.0,3.515947010901287,111.50670218562276,11.9,70.2
38.715681,128,5,1.4800158739089966,4.660940647125244,3.5233490467071533,0.0,6.027337986871078,72.38348938379688,11.3,70.4
38.715681,128,6,3.7000396251678467,4.100799083709717,-2.4128739833831787,0.0,6.0273383190637375,47.94092180180287,11.3,70.4
39.000811,129,0,-0.11562623083591461,0.04110322892665863,-0.026623444631695747,0.0,0.12556953647113014,160.43053424083024,35.1,53.6
39.000811,129,1,0.42396286129951477,1.8618754148483276,-1.9963082075119019,0.0,2.7625298238312808,77.1720529697031,17.900000000000002,59.900000000000006
39.000811,129,2,-1.8500198125839233,1.4558823108673096,1.8814979791641235,0.0,3.0136690687014847,141.79884721250613,15.0,62.6
39.000811,129,3,1.4800158739089966,4.672771453857422,3.507643222808838,0.0,6.0273378058247395,72.42534329285913,11.600000000000001,70.10000000000001
39.000811,129,4,3.7000396251678467,4.127770900726318,-2.366436004638672,0.0,6.027338152181726,48.12767524748748,11.600000000000001,70.10000000000001
39.000811,129,5,3.7038936614990234,0.7362386584281921,0.9444006681442261,-0.42630288004875183,3.8926556795904834,11.242387057101801,13.200000000000001,45.2
39.000811,129,6,2.2701284885406494,0.8577821850776672,-3.0435988903045654,-0.42630288004875183,3.8926556277923754,20.699384066827843,13.200000000000001,45.2
39.301155,130,0,-0.11562623083591461,0.041119445115327835,-0.02659839205443859,0.0,0.12556953644811425,160.42340053336451,34.300000000000004,54.400000000000006
39.301155,130,1,-0.8787593245506287,2.0568902492523193,-0.8301368951797485,0.0,2.3858211820445843,113.13348816431397,14.100000000000001,55.900000000000006
39.301155,130,2,0.40469181537628174,1.7682210206985474,-1.9139431715011597,0.0,2.63696027789739,77.10877060796257,15.600000000000001,58.5
39.301155,130,3,-0.1772935688495636,2.720081329345703,0.9543803334236145,0.0,2.888099248404783,93.7292357609098,17.2,61.300000000000004
39.301155,130,4,-1.7729356288909912,1.7316572666168213,1.48296320438385,0.0,2.888099288247264,135.67481920277177,17.2,61.300000000000004
39.301155,130,5,-2.374191999435425,1.991698145866394,1.6607935428619385,0.0,3.515947147845474,140.00687597763795,11.600000000000001,70.5
39.301155,130,6,-1.0791782140731812,2.7431657314300537,-1.9163247346878052,0.0,3.5159471464455563,111.47498033777711,11.600000000000001,70.5
39.301155,130,7,1.4800158739089966,4.703092575073242,3.4668824672698975,0.0,6.0273377869997535,72.53173613045598,11.200000000000001,70.5
39.301155,130,8,3.7000396251678467,4.074445724487305,-2.457113265991211,0.0,6.0273382841445935,47.75713793054541,11.200000000000001,70.5
39.301155,130,9,-0.8633425831794739,3.2591660022735596,0.997176468372345,0.34104230999946594,3.5159471491167733,104.83670097078199,16.5,45.5
39.602682,131,0,-0.11562623083591461,0.04115976020693779,-0.026535963639616966,0.0,0.12556953644851884,160.40566814982878,34.5,54.2
39.602682,131,1,0.25437772274017334,1.8460439443588257,-2.0393588542938232,0.0,2.762529783896815,82.15427163957129,19.6,59.7
39.911781,132,0,-0.11562623083591461,0.04111320525407791,-0.02660803683102131,0.0,0.12556953662248316,160.4261454528633,35.300000000000004,53.400000000000006
39.911781,132,1,-0.8787593245506287,2.037482976913452,-0.8766916394233704,0.0,2.3858212553189344,113.33036862746896,14.700000000000001,55.2
39.911781,132,2,-1.8500198125839233,1.3540446758270264,1.9560651779174805,0.0,3.013669071306589,143.79929704199557,16.400000000000002,62.400000000000006
40.210852,133,0,-0.11562623083591461,0.04111586883664131,-0.02660392038524151,0.0,0.12556953654201472,160.42497372951746,34.9,53.800000000000004
40.210852,133,1,-0.8787593245506287,2.076167583465576,-0.7806748747825623,0.0,2.3858212517359165,112.94101169280205,14.100000000000001,55.5
40.210852,133,2,-0.1772935688495636,2.6231040954589844,1.195412039756775,0.0,2.88809938367165,93.86669631998033,18.3,60.800000000000004
40.210852,133,3,-1.8615823984146118,1.2758502960205078,1.8021750450134277,0.0,2.888099357157206,145.57489987553123,18.3,60.800000000000004
40.210852,133,4,1.4800158739089966,4.808370590209961,3.319326639175415,0.0,6.027338057331632,72.89164099853564,11.9,69.8
40.210852,133,5,3.7000396251678467,4.039243698120117,-2.514561653137207,0.0,6.027337985217307,47.509603360621746,11.9,69.8
40.507832,134,0,-0.11562623083591461,0.04109669476747513,-0.026633530855178833,0.0,0.12556953668762577,160.43340887900007,35.0,53.7
40.507832,134,1,-0.8787593245506287,2.057771682739258,-0.8279492259025574,0.0,2.3858210681945278,113.1246208332223,14.3,55.5
40.507832,134,2,-1.8500198125839233,1.3513323068618774,1.9579399824142456,0.0,3.013669073614088,143.8540358090862,15.5,62.400000000000006
40.507832,134,3,1.4800158739089966,4.7402777671813965,3.415863513946533,0.0,6.027338039546812,72.66052212092217,11.5,70.10000000000001
40.507832,134,4,3.7000396251678467,4.073720455169678,-2.458315134048462,0.0,6.027338124991145,47.75206158334755,11.5,70.10000000000001
40.507832,134,5,0.5087554454803467,1.8566046953201294,-1.981352686882019,0.08526057749986649,2.7625299216126606,74.67571626570339,20.700000000000003,55.300000000000004
40.80787,135,0,-0.11562623083591461,0.04109875112771988,-0.026630355045199394,0.0,0.12556953615989766,160.43250419276146,34.9,53.7
40.80787,135,1,-0.8787593245506287,2.0554065704345703,-0.8338040113449097,0.0,2.385821294566117,113.14842868094874,14.200000000000001,55.6
40.80787,135,2,-1.8500198125839233,1.462242841720581,1.8765590190887451,0.0,3.0136690573517604,141.67740012398477,15.100000000000001,62.800000000000004
40.80787,135,3,-2.482109785079956,2.008230209350586,1.4724217653274536,0.0,3.515947015236148,141.02430353407985,12.9,69.2
40.80787,135,4,-1.1870959997177124,2.908296585083008,-1.5793981552124023,0.0,3.515947165706507,112.20408933126039,12.9,69.2
40.80787,135,5,1.4800158739089966,4.844899654388428,3.265777349472046,0.0,6.027337832280549,73.01318019509685,11.3,70.10000000000001
40.80787,135,6,3.7000396251678467,4.05673360824585,-2.4862470626831055,0.0,6.027338156498603,47.63288251476971,11.3,70.10000000000001
41.113861,136,0,-0.11562623083591461,0.04113839566707611,-0.026569074019789696,0.0,0.12556953671034302,160.41506474526054,35.1,53.6
41.113861,136,1,-0.8787593245506287,2.048239231109619,-0.8512582778930664,0.0,2.3858211487918934,113.22086071756489,14.200000000000001,55.6
41.113861,136,2,-0.0886467844247818,2.825652599334717,0.5907169580459595,0.0,2.8880992692494085,91.79690217436448,17.8,61.1
41.113861,136,3,1.4800158739089966,4.76071310043335,3.387324333190918,0.0,6.027337915687789,72.7305164506438,11.4,70.2
41.113861,136,4,3.7000396251678467,4.037129878997803,-2.517954111099243,0.0,6.027338035427465,47.49466456949827,11.4,70.2
41.396307,137,0,-0.11562623083591461,0.04112562537193298,-0.026588834822177887,0.0,0.12556953634044304,160.42068192618467,34.9,53.800000000000004
41.396307,137,1,-0.8787593245506287,2.050159215927124,-0.8466236591339111,0.0,2.385821112602722,113.20141568674089,14.200000000000001,55.6
41.396307,137,2,-1.8500198125839233,1.4108524322509766,1.9154956340789795,0.0,3.013669095424576,142.67032155772358,15.100000000000001,62.7
41.396307,137,3,-2.374191999435425,2.0155699253082275,1.631739616394043,0.0,3.5159470914250077,139.67041306429195,11.9,70.2
41.396307,137,4,-1.0791782140731812,2.5701663494110107,-2.1427793502807617,0.0,3.515947102185206,112.77687872433127,11.9,70.2
41.699973,138,0,-0.11562623083591461,0.04115217179059982,-0.02654772624373436,0.0,0.12556953559329392,160.4090055769481,35.2,53.5
41.699973,138,1,-0.8787593245506287,2.0591516494750977,-0.8245117664337158,0.0,2.3858212671967567,113.11075109143474,14.5,55.300000000000004
41.699973,138,2,-1.8500198125839233,1.4911197423934937,1.8536962270736694,0.0,3.013669042110605,141.1311148522738,14.700000000000001,62.5
41.699973,138,3,-2.374191999435425,1.915245771408081,1.7484079599380493,0.0,3.51594715680632,141.10709938340906,12.5,69.8
41.699973,138,4,-1.0791782140731812,2.8296382427215576,-1.7861707210540771,0.0,3.5159471052837765,110.87604129391775,12.5,69.8
42.010592,139,0,-0.11562623083591461,0.0411333404481411,-0.026576897129416466,0.0,0.12556953617327124,160.41728830241016,35.1,53.6
42.010592,139,1,-0.8787593245506287,2.0615742206573486,-0.8184352517127991,0.0,2.3858211330713424,113.08644036148183,14.5,55.400000000000006
42.010592,139,2,-1.7575188875198364,1.6064553260803223,1.8473303318023682,0.0,3.013668978085988,137.5712127884209,15.3,62.400000000000006
42.311648,140,0,-0.11562623083591461,0.041132260113954544,-0.026578573510050774,0.0,0.12556953710686122,160.4177634994469,35.300000000000004,53.400000000000006
42.311648,140,1,-0.8787593245506287,2.0584113597869873,-0.8263575434684753,0.0,2.385821046564902,113.11818962429247,14.200000000000001,55.5
42.311648,140,2,-1.9425207376480103,1.2072808742523193,1.9624695777893066,0.0,3.013668988007235,148.13895866549683,14.4,62.900000000000006
42.604241,141,0,-0.11562623083591461,0.04109795019030571,-0.026631589978933334,0.0,0.12556953592321302,160.43285656028837,35.5,53.2
42.604241,141,1,-0.8787593245506287,2.0295400619506836,-0.8949254751205444,0.0,2.385821120613864,113.41186218598324,14.600000000000001,55.1
42.604241,141,2,-0.2659403383731842,2.5919220447540283,1.2459269762039185,0.0,2.888099406130022,95.85824880368372,18.2,61.1
42.907527,142,0,-0.11562623083591461,0.04114464297890663,-0.02655939944088459,0.0,0.12556953691816483,160.4123169263755,35.5,53.2
42.907527,142,1,-0.8787593245506287,2.0329787731170654,-0.8870866298675537,0.0,2.3858213116910116,113.37651547042557,14.700000000000001,55.0
42.907527,142,2,-1.8500198125839233,1.4015072584152222,1.9223437309265137,0.0,3.013669079739193,142.85376396437354,15.4,62.2
42.907527,142,3,-2.374191999435425,2.0516347885131836,1.5861561298370361,0.0,3.5159471304102854,139.1683848325444,11.9,70.4
42.907527,142,4,-1.0791782140731812,2.7616689205169678,-1.889561414718628,0.0,3.5159469825742535,111.34408226621318,11.9,70.4
43.207092,143,0,-0.11562623083591461,0.04112569987773895,-0.026588717475533485,0.0,0.12556953589445097,160.42064915269762,36.1,52.6
43.207092,143,1,0.42396286129951477,2.09794020652771,-1.7465605735778809,0.0,2.762529901214374,78.57523057086765,22.8,59.300000000000004
43.207092,143,2,1.4800158739089966,4.831795692443848,3.2851340770721436,0.0,6.0273379285454185,72.96977403453849,11.600000000000001,70.10000000000001
43.207092,143,3,3.7000396251678467,3.997141122817993,-2.5809640884399414,0.0,6.027338219259935,47.21044772072737,11.600000000000001,70.10000000000001
43.508411,144,0,-0.11562623083591461,0.04112054780125618,-0.026596685871481895,0.0,0.12556953614687716,160.4229154707474,35.5,53.2
43.508411,144,1,-0.8787593245506287,2.039123058319092,-0.8728702068328857,0.0,2.385821283212506,113.31360822146291,14.8,55.0
43.508411,144,2,0.42396286129951477,1.9617340564727783,-1.8982691764831543,0.0,2.7625297975718643,77.8049961484938,21.900000000000002,59.300000000000004
43.508411,144,3,-1.8500198125839233,1.2778047323226929,2.006699562072754,0.0,3.013669088224901,145.3672452522425,15.9,62.400000000000006
43.508411,144,4,1.4800158739089966,4.812849521636963,3.312828540802002,0.0,6.0273377577248874,72.90663394127684,11.5,70.0
43.508411,144,5,3.7000396251678467,4.042028903961182,-2.510082244873047,0.0,6.0273380330206106,47.52927400219503,11.5,70.0
43.805295,145,0,-0.11562623083591461,0.04115672782063484,-0.026540668681263924,0.0,0.12556953689597908,160.40700179335252,34.9,53.800000000000004
43.805295,145,1,0.25437772274017334,2.3729662895202637,-1.3913642168045044,0.0,2.7625298950111032,83.8813613403909,19.200000000000003,59.800000000000004
43.805295,145,2,-1.8500198125839233,1.4470736980438232,1.8882811069488525,0.0,3.013669048416442,141.96770916204883,15.100000000000001,62.7
43.805295,145,3,1.4800158739089966,4.786648750305176,3.350574254989624,0.0,6.02733781067728,72.81856511557159,11.5,70.0
43.805295,145,4,3.7000396251678467,4.012893199920654,-2.556403398513794,0.0,6.027338002610649,47.32276992568893,11.5,70.0
44.112767,146,0,-0.11562623083591461,0.041127413511276245,-0.026586070656776428,0.0,0.12556953672135143,160.41989536617655,34.5,54.2
44.112767,146,1,-0.8787593245506287,2.0456278324127197,-0.8575148582458496,0.0,2.3858212236751184,113.24735764819033,14.0,55.900000000000006
44.112767,146,2,-1.8500198125839233,1.4818520545959473,1.86111319065094,0.0,3.0136690473703656,141.30553297255491,14.8,62.900000000000006
44.112767,146,3,-1.0791782140731812,2.8176348209381104,-1.8050462007522583,0.0,3.515947011651808,110.95726682816499,12.3,70.10000000000001
44.112767,146,4,-2.374191999435425,1.9637995958328247,1.6936906576156616,0.0,3.5159471762913217,140.40433917291,12.3,70.10000000000001
44.413042,147,0,-0.11562623083591461,0.04115649685263634,-0.026541022583842278,0.0,0.1255695359961854,160.4071033739861,35.2,53.5
44.413042,147,1,0.40469181537628174,1.8403569459915161,-1.8446869850158691,0.0,2.6369602247244286,77.59812615604567,20.6,58.1
44.413042,147,2,-1.8500198125839233,1.492537260055542,1.8525551557540894,0.0,3.013669090115605,141.10451230928967,15.100000000000001,62.5
44.413042,147,3,1.4800158739089966,4.913924217224121,3.1609654426574707,0.0,6.027337781252934,73.23831979345,11.5,70.10000000000001
44.413042,147,4,3.7000396251678467,4.142312526702881,-2.340888023376465,0.0,6.027337972494922,48.22780165337603,11.5,70.10000000000001
44.413042,147,5,0.0,3.2079262733459473,0.6067774891853333,-0.25578173995018005,3.264807788615629,90.0,14.3,40.5
44.711134,148,0,-0.11562623083591461,0.04108424484729767,-0.026652732864022255,0.0,0.12556953691526399,160.4388863809988,35.300000000000004,53.400000000000006
44.711134,148,1,-0.8787593245506287,2.047577142715454,-0.8528494834899902,0.0,2.3858211054780707,113.2275732915839,14.5,55.5
44.711134,148,2,0.0,2.880695343017578,0.20667006075382233,0.0,2.8880994050231634,90.0,17.8,61.1
44.711134,148,3,-2.374191999435425,1.9582417011260986,1.7001136541366577,0.0,3.5159471906151145,140.48407087973771,11.700000000000001,70.4
44.711134,148,4,-1.0791782140731812,2.680833339691162,-2.002595901489258,0.0,3.515947007221728,111.92741154801281,11.700000000000001,70.4
45.081902,149,0,-0.11562623083591461,0.04110134392976761,-0.026626355946063995,0.0,0.1255695367560132,160.43136351589106,35.2,53.5
45.081902,149,1,-0.8787593245506287,2.0448501110076904,-0.8593679070472717,0.0,2.3858212687952234,113.25525995095981,14.4,55.400000000000006
45.081902,149,2,0.3545871376991272,2.5153141021728516,-1.3742561340332031,0.0,2.888099200640304,81.97581444243858,17.400000000000002,60.800000000000004
45.081902,149,3,-1.7729356288909912,1.5834577083587646,1.6402678489685059,0.0,2.8880993187062756,138.23107972051784,17.400000000000002,60.800000000000004
45.081902,149,4,-1.0791782140731812,2.907696485519409,-1.6560673713684082,0.0,3.5159470428524906,110.3621770039144,12.200000000000001,70.4
45.081902,149,5,-2.482109785079956,1.7671167850494385,1.7545121908187866,0.0,3.515947062304105,144.55136096338074,12.200000000000001,70.4
45.081902,149,6,1.4800158739089966,4.836339950561523,3.2784407138824463,0.0,6.027338103911386,72.98485100266791,11.5,70.0
45.081902,149,7,3.7000396251678467,4.15932035446167,-2.310533285140991,0.0,6.027337977963057,48.3444140771453,11.5,70.0
45.598563,150,0,-0.11562623083591461,0.04115556925535202,-0.026542462408542633,0.0,0.12556953630861742,160.40751133620913,35.5,53.2
45.598563,150,1,-0.8787593245506287,2.058519124984741,-0.8260896801948547,0.0,2.385821262822733,113.11710650328483,14.600000000000001,55.1
45.598563,150,2,-1.8500198125839233,1.4489527940750122,1.8868396282196045,0.0,3.013669074240026,141.9316211660713,15.0,62.6
45.902073,151,0,-0.11562623083591461,0.04110785573720932,-0.026616299524903297,0.0,0.12556953635747323,160.4284987836782,35.1,53.6
45.902073,151,1,0.0,0.655758261680603,2.8126676082611084,0.0,2.8880993702301225,90.0,18.6,60.800000000000004
46.200639,152,0,-0.11562623083591461,0.04111727699637413,-0.026601742953062057,0.0,0.12556953632572493,160.42435427986544,35.5,53.2
46.200639,152,1,0.48563018441200256,1.519396424293518,-2.099799394607544,0.0,2.6369603083403006,72.27505662411404,18.900000000000002,57.6
46.200639,152,2,-1.8500198125839233,1.4110342264175415,1.9153616428375244,0.0,3.013669045852259,142.66676185196798,16.1,61.900000000000006
46.200639,152,3,-2.374191999435425,1.8649117946624756,1.8019990921020508,0.0,3.515947152616349,141.85060454329144,11.4,70.60000000000001
46.200639,152,4,-1.0791782140731812,2.532670259475708,-2.1869702339172363,0.0,3.5159469656129545,113.0789959075252,11.4,70.60000000000001
46.200639,152,5,1.4800158739089966,4.873907089233398,3.2223262786865234,0.0,6.027338048244509,73.10850595189075,11.3,70.3
46.200639,152,6,3.7000396251678467,4.111100196838379,-2.3952796459198,0.0,6.027337939622638,48.0124067609042,11.3,70.3
46.499256,153,0,-0.11562623083591461,0.041148267686367035,-0.02655378356575966,0.0,0.12556953696086617,160.41072267731272,35.2,53.5
46.499256,153,1,-0.8787593245506287,2.068070888519287,-0.8018773198127747,0.0,2.3858211136746506,113.0214837675853,14.4,55.300000000000004
46.499256,153,2,0.25437772274017334,2.3420844078063965,-1.442741870880127,0.0,2.7625299102646843,83.80130720015453,18.0,59.2
46.499256,153,3,-1.8500198125839233,1.4353212118148804,1.897229790687561,0.0,3.0136690539458972,142.1942238013154,15.9,62.0
46.499256,153,4,1.4800158739089966,4.886322021484375,3.2034692764282227,0.0,6.0273381595597675,73.14898785827992,11.5,70.10000000000001
46.499256,153,5,3.7000396251678467,4.096782684326172,-2.4196865558624268,0.0,6.027338103925177,47.912996164943955,11.5,70.10000000000001
46.803771,154,0,-0.11562623083591461,0.04111851379275322,-0.026599833741784096,0.0,0.12556953686677197,160.42381021690417,35.1,53.6
46.803771,154,1,-0.8787593245506287,2.0606837272644043,-0.8206749558448792,0.0,2.385821191424032,113.09537092504623,14.600000000000001,55.300000000000004
46.803771,154,2,0.3237534463405609,1.672121286392212,-2.0131452083587646,0.0,2.6369602803912673,79.04207086711959,18.400000000000002,58.0
46.803771,154,3,-1.8500198125839233,1.5438292026519775,1.8100329637527466,0.0,3.0136690667333808,140.15522710511073,15.200000000000001,62.400000000000006
46.803771,154,4,-2.374191999435425,1.890512228012085,1.7751226425170898,0.0,3.515947174009196,141.47052987385683,11.8,70.2
46.803771,154,5,-1.0791782140731812,2.628140687942505,-2.0712640285491943,0.0,3.515947065772026,112.32424058313083,11.8,70.2
46.803771,154,6,1.4800158739089966,4.9215006828308105,3.149156332015991,0.0,6.027337850295366,73.262679621963,11.5,70.10000000000001
46.803771,154,7,3.7000396251678467,4.069562911987305,-2.465191125869751,0.0,6.027337953815248,47.72294274458308,11.5,70.10000000000001
47.094841,155,0,-0.11562623083591461,0.04111752286553383,-0.026601361110806465,0.0,0.12556953594270162,160.4242461224781,35.4,53.300000000000004
47.094841,155,1,0.5087554454803467,2.0985801219940186,-1.7229918241500854,0.0,2.762529901706473,76.37277952637407,19.400000000000002,58.900000000000006
47.094841,155,2,0.5318806767463684,2.3440756797790527,-1.6011028289794922,0.0,2.8880993950683096,77.21581211298447,18.0,60.300000000000004
47.094841,155,3,-1.6842888593673706,1.848139762878418,1.4452224969863892,0.0,2.888099307627234,132.34425177731802,18.0,60.300000000000004
47.094841,155,4,1.4800158739089966,4.9619598388671875,3.0850138664245605,0.0,6.027337968422321,73.39160790829929,11.5,70.10000000000001
47.094841,155,5,3.7000396251678467,4.118634223937988,-2.3823020458221436,0.0,6.0273380638499,48.06456425069141,11.5,70.10000000000001
