timestamp_s,frame_number,point_index,x,y,z,doppler_mps,range,azimuth_deg,elevation_deg,snr_db,noise_db
0.0,1,0,-0.11562623083591461,0.04112526401877403,-0.026589393615722656,0.0,0.12556953631667958,160.42084087778596,-12.224947139709448,35.1,53.6
0.0,1,1,-0.8787593245506287,2.0106544494628906,-0.9365857839584351,0.0,2.3858210738323677,113.60780018798722,-23.114089466077619,14.100000000000001,55.5
0.0,1,2,-1.8500198125839233,1.482716679573059,1.8604243993759155,0.0,3.01366902705497,141.28922460281524,38.121323735637361,15.200000000000001,62.400000000000006
0.0,1,3,-2.374191999435425,1.8106907606124878,1.8564739227294922,0.0,3.5159471137270022,142.66884337582474,31.871455480214337,12.700000000000001,69.8
0.0,1,4,-1.0791782140731812,2.911816358566284,-1.6488126516342163,0.0,3.5159469967468868,110.33572768324137,-27.966332057048653,12.700000000000001,69.8
0.0,1,5,1.4800158739089966,4.804803371429443,3.3244879245758057,0.0,6.0273379186646494,72.879681691914769,33.474664672844945,11.600000000000001,70.0
0.0,1,6,3.7000396251678467,4.098544120788574,-2.4167020320892334,0.0,6.0273382060215468,47.925246975062663,-23.638004148600508,11.600000000000001,70.0
0.311249,2,0,-0.11562623083591461,0.04114815220236778,-0.026553960517048836,0.0,0.12556953653705355,160.41077346996141,-12.208404835641085,34.7,54.0
0.311249,2,1,-0.8787593245506287,2.0177454948425293,-0.9212101101875305,0.0,2.3858212212053362,113.53386915245879,-22.713206064273813,14.100000000000001,55.5
0.311249,2,2,-1.7575188875198364,1.661331295967102,1.7981396913528442,0.0,3.01366897063483,136.61156216804889,36.631154316945285,15.4,62.5
0.311249,2,3,-2.482109785079956,0.9832340478897095,2.2878518104553223,0.0,3.5159471106265157,158.39007763536173,40.594936757847961,12.8,69.7
0.311249,2,4,-1.1870959997177124,2.9834342002868652,-1.432413101196289,0.0,3.5159470747532438,111.69740259088937,-24.041901371712044,12.8,69.7
0.311249,2,5,1.4800158739089966,4.756988525390625,3.3925530910491943,0.0,6.0273379939495779,72.717800033624243,34.253882194529758,11.5,70.10000000000001
0.311249,2,6,3.7000396251678467,4.15049934387207,-2.3263421058654785,0.0,6.0273381873607637,48.284000196860283,-22.703667097388958,11.5,70.10000000000001
0.610748,3,0,-0.11562623083591461,0.04111122339963913,-0.026611095294356346,0.0,0.12556953587355718,160.42701729164028,-12.235079331490768,34.5,54.2
0.610748,3,1,-0.8787593245506287,2.0146987438201904,-0.9278542995452881,0.0,2.385821154240193,113.56558091922484,-22.886291827766158,13.700000000000001,55.900000000000006
0.610748,3,2,-1.9425207376480103,1.136501669883728,2.0042898654937744,0.0,3.0136689809536357,149.6695742747371,41.687416707378731,14.600000000000001,62.6
0.610748,3,3,-2.374191999435425,1.9650278091430664,1.692265510559082,0.0,3.5159471695570983,140.38674435069896,28.771087732937378,12.700000000000001,69.7
0.610748,3,4,-1.0791782140731812,2.9336864948272705,-1.6095778942108154,0.0,3.5159469656401559,110.19641770861895,-27.244821651535361,12.700000000000001,69.7
0.610748,3,5,1.4800158739089966,4.6926374435424805,3.481020927429199,0.0,6.0273377092012659,72.495191692178963,35.2776151210405,11.9,69.60000000000001
0.610748,3,6,3.7000396251678467,4.169119358062744,-2.292804718017578,0.0,6.0273379633590647,48.411358593538175,-22.35851683568119,11.9,69.60000000000001
0.893963,4,0,-0.11562623083591461,0.04113628715276718,-0.02657233737409115,0.0,0.12556953647902683,160.41599217578229,-12.216984124425498,34.9,53.800000000000004
0.893963,4,1,-0.8787593245506287,2.0148913860321045,-0.9274359345436096,0.0,2.3858211711429318,113.56357343784566,-22.87538650447868,14.0,55.6
0.893963,4,2,-1.8500198125839233,1.5019718408584595,1.844914197921753,0.0,3.0136690454291872,140.92796045090765,37.747449660846172,15.100000000000001,62.6
0.893963,4,3,-2.374191999435425,1.8360296487808228,1.8314179182052612,0.0,3.5159471145779064,142.28420735036121,31.391897837658476,12.4,70.0
0.893963,4,4,-1.0791782140731812,2.859008550643921,-1.7387720346450806,0.0,3.5159470557516972,110.67981119211441,-29.639339076918311,12.4,70.0
0.893963,4,5,1.4800158739089966,4.781219482421875,3.3583176136016846,0.0,6.0273380459320869,72.80020548480671,33.861061252588257,11.600000000000001,69.9
0.893963,4,6,3.7000396251678467,4.149716377258301,-2.327738046646118,0.0,6.0273380238129883,48.278630850424037,-22.718052891995686,11.600000000000001,69.9
1.199173,5,0,-0.11562623083591461,0.04108937457203865,-0.02664482221007347,0.0,0.12556953655504161,160.43662944774982,-12.250826563753304,35.1,53.6
1.199173,5,1,-0.8787593245506287,2.0115742683410645,-0.9346088171005249,0.0,2.3858211644083065,113.5981854734142,-23.062477484350747,14.3,55.400000000000006
1.199173,5,2,-0.1772935688495636,2.4241652488708496,1.5598419904708862,0.0,2.8880992362840754,94.182932487070744,32.689965496075722,17.3,60.900000000000006
1.199173,5,3,-2.482109785079956,1.7957913875579834,1.7251516580581665,0.0,3.5159470894935172,144.11448962950902,29.384289733502865,12.3,70.10000000000001
1.199173,5,4,-1.0791782140731812,2.8741955757141113,-1.7135512828826904,0.0,3.51594707358539,110.57972047920103,-29.167569736672249,12.3,70.10000000000001
1.199173,5,5,1.4800158739089966,4.773626327514648,3.3691022396087646,0.0,6.0273381523439014,72.774464534229892,33.984608108508532,11.700000000000001,69.7
1.199173,5,6,3.7000396251678467,4.106919765472412,-2.4024405479431152,0.0,6.027338033845572,47.983420364379207,-23.4901023450429,11.700000000000001,69.7
1.505268,6,0,-0.11562623083591461,0.04111461341381073,-0.026605861261487007,0.0,0.12556953669960247,160.42552599420208,-12.232635532505208,35.1,53.6
1.505268,6,1,-0.8787593245506287,2.012044906616211,-0.9335949420928955,0.0,2.385821068862112,113.59326882433379,-23.036017735930344,14.5,55.2
1.505268,6,2,-1.8500198125839233,1.5425196886062622,1.8111491203308105,0.0,3.0136690980872607,140.17914289439963,36.939980866017841,15.4,62.400000000000006
1.505268,6,3,-2.374191999435425,2.223071813583374,1.3353084325790405,0.0,3.5159471766010286,136.8827355894928,22.320443812176606,12.200000000000001,70.0
1.505268,6,4,-1.0791782140731812,2.5574254989624023,-2.1579694747924805,0.0,3.5159469641348982,112.87869226651506,-37.862326177686178,12.200000000000001,70.0
1.505268,6,5,1.4800158739089966,4.766589164733887,3.3790507316589355,0.0,6.0273379778726435,72.75054161531888,34.098737548868307,11.5,70.0
1.505268,6,6,3.7000396251678467,4.137160301208496,-2.349982500076294,0.0,6.0273382463880871,48.192370716867835,-22.947485667679018,11.5,70.0
1.811927,7,0,-0.11562623083591461,0.04109785705804825,-0.026631737127900124,0.0,0.12556953665015075,160.43289753335659,-12.244716939303244,35.0,53.7
1.811927,7,1,-0.8787593245506287,2.0188310146331787,-0.9188288450241089,0.0,2.3858212553705371,113.52259008133062,-22.651225682874827,14.200000000000001,55.400000000000006
1.811927,7,2,-0.1772935688495636,2.5472300052642822,1.3495571613311768,0.0,2.8880994167400735,93.981508125715038,27.858015925785349,18.1,61.1
1.811927,7,3,0.7091742753982544,0.981940507888794,2.621828079223633,0.0,2.8880993388256271,54.162538027541729,65.203620488229575,18.1,61.1
1.811927,7,4,-2.482109785079956,1.691178321838379,1.8278213739395142,0.0,3.5159471094537067,145.7315522308956,31.323263738217335,11.4,70.8
1.811927,7,5,-1.1870959997177124,2.9184303283691406,-1.5605933666229248,0.0,3.5159471199149284,112.13444579340307,-26.350517284913778,11.4,70.8
1.811927,7,6,1.4800158739089966,4.787571430206299,3.3492555618286133,0.0,6.0273377211493715,72.821681474669361,33.757387471073613,11.3,70.0
1.811927,7,7,3.7000396251678467,4.12574577331543,-2.369964599609375,0.0,6.0273380208217935,48.113700173717113,-23.153917942278071,11.3,70.0
2.11136,8,0,-0.11562623083591461,0.04110221937298775,-0.026625003665685654,0.0,0.12556953657198547,160.43097837720276,-12.241573050781374,34.7,54.0
2.11136,8,1,-0.8787593245506287,2.0180091857910156,-0.9206322431564331,0.0,2.3858211901902542,113.53112833910211,-22.698162962986434,13.8,55.7
2.11136,8,2,0.2659403383731842,0.9637514352798462,-2.7095344066619873,0.0,2.8880993392650356,74.5735365314194,-69.746826525060257,18.8,61.0
2.11136,8,3,-2.482109785079956,1.7792673110961914,1.7421891689300537,0.0,3.5159471341108541,144.36565799921323,29.703427296272103,11.3,70.9
2.11136,8,4,-1.1870959997177124,2.910919666290283,-1.5745583772659302,0.0,3.5159471411782697,112.18602248090113,-26.604758512223306,11.3,70.9
2.11136,8,5,1.4800158739089966,4.812019348144531,3.3140344619750977,0.0,6.0273378542353591,72.903856912477622,33.35561609232127,11.8,69.60000000000001
2.11136,8,6,3.7000396251678467,4.148460865020752,-2.3299753665924072,0.0,6.0273382172687446,48.270018573510846,-22.741110817020633,11.8,69.60000000000001
2.413701,9,0,-0.11562623083591461,0.041090019047260284,-0.026643823832273483,0.0,0.12556953560091574,160.43634590141707,-12.250360496192878,34.7,54.0
2.413701,9,1,-0.8787593245506287,2.024414539337158,-0.9064604640007019,0.0,2.3858211899387438,113.46473534930783,-22.329747079543026,14.0,55.7
2.413701,9,2,-1.4183485507965088,2.373037815093994,0.8355218768119812,0.0,2.888099355985533,120.86647360702429,16.815943535287889,17.0,61.2
2.413701,9,3,-0.3545871376991272,2.4749162197113037,1.4457436800003052,0.0,2.8880992228579294,98.153416520231985,30.038814665616389,17.0,61.2
2.413701,9,4,-2.482109785079956,1.611790657043457,1.8981953859329224,0.0,3.5159470744735737,147.00179063838425,32.675584124124072,12.600000000000001,69.8
2.413701,9,5,-1.1870959997177124,2.849543333053589,-1.683089256286621,0.0,3.5159470365924745,112.61620323137906,-28.600631750748196,12.600000000000001,69.8
2.413701,9,6,1.4800158739089966,4.859190464019775,3.244476079940796,0.0,6.0273380514080444,73.060273563785572,32.567536190160446,11.4,70.0
2.413701,9,7,3.7000396251678467,4.124721050262451,-2.3717479705810547,0.0,6.0273381692290791,48.106625829444468,-23.172356436116864,11.4,70.0
2.71283,10,0,-0.11562623083591461,0.04113167151808739,-0.026579484343528748,0.0,0.125569537098613,160.41802240108143,-12.220320719404441,35.5,53.2
2.71283,10,1,-0.8787593245506287,1.9719469547271729,-1.0155540704727173,0.0,2.3858212030234269,114.01920145110408,-25.192590181017408,14.600000000000001,55.1
2.71283,10,2,-0.25437772274017334,2.3341057300567627,1.4556143283843994,0.0,2.7625297569272003,96.219716011645133,31.797151249755771,19.1,59.5
2.71283,10,3,1.4800158739089966,4.885331153869629,3.204979181289673,0.0,6.0273376396624734,73.145763813275863,32.123125082596985,11.600000000000001,69.8
2.71283,10,4,3.7000396251678467,4.0844035148620605,-2.440523862838745,0.0,6.0273378887461684,47.826735024066963,-23.885429995969357,11.600000000000001,69.8
3.012208,11,0,-0.11562623083591461,0.041129179298877716,-0.026583336293697357,0.0,0.12556953617666686,160.41911864570653,-12.222119161313422,34.6,54.1
3.012208,11,1,-0.8787593245506287,2.0204861164093018,-0.9151834845542908,0.0,2.3858212228682083,113.50541239412804,-22.556397986809479,13.700000000000001,56.0
3.012208,11,2,-1.59564208984375,2.129880666732788,1.1218969821929932,0.0,2.8880994048087718,126.83943950267388,22.858406154680765,16.900000000000002,61.5
3.012208,11,3,-2.374191999435425,2.1327366828918457,1.4753072261810303,0.0,3.5159472152405331,138.06664660043921,24.809619597364208,12.4,69.9
3.012208,11,4,-1.0791782140731812,2.8605153560638428,-1.7362921237945557,0.0,3.5159471069909802,110.6698389464612,-29.592852978691369,12.4,69.9
3.012208,11,5,1.4800158739089966,4.866400718688965,3.2336511611938477,0.0,6.0273379508842382,73.083937876039215,32.445518730643506,11.4,70.0
3.012208,11,6,3.7000396251678467,4.158177375793457,-2.312589645385742,0.0,6.0273379849082742,48.336594039724829,-22.56202959490836,11.4,70.0
3.295541,12,0,-0.11562623083591461,0.041096124798059464,-0.02663441188633442,0.0,0.12556953701940929,160.43365963622227,-12.245965774818295,35.0,53.7
3.295541,12,1,-0.8787593245506287,2.005098819732666,-0.9484217166900635,0.0,2.38582123807869,113.66602964228619,-23.42349621201425,14.3,55.6
3.295541,12,2,0.797821044921875,0.7749193906784058,-2.665351629257202,0.0,2.8880993385535834,44.165739387322262,-67.349916684304475,17.1,60.900000000000006
3.295541,12,3,-1.7729356288909912,1.7544726133346558,1.4558992385864258,0.0,2.8880992863904393,135.29989248068807,30.271819252505942,17.1,60.900000000000006
3.295541,12,4,-2.374191999435425,1.9438964128494263,1.7164974212646484,0.0,3.5159471428450448,140.6907122029684,29.222565863958504,12.600000000000001,69.7
3.295541,12,5,-1.0791782140731812,2.815786361694336,-1.8079283237457275,0.0,3.5159469956522442,110.96982876690157,-30.944536055371326,12.600000000000001,69.7
3.295541,12,6,1.4800158739089966,4.897674560546875,3.1860854625701904,0.0,6.0273380246052017,73.1858409980442,31.91129845693354,11.9,69.60000000000001
3.295541,12,7,3.7000396251678467,4.121454238891602,-2.377419948577881,0.0,6.0273380428665044,48.084059852413667,-23.231019057444048,11.9,69.60000000000001
3.59753,13,0,-0.11562623083591461,0.041120853275060654,-0.02659621648490429,0.0,0.1255695367623102,160.42278109580928,-12.22813253639762,35.9,52.800000000000004
3.59753,13,1,-0.8787593245506287,1.9528363943099976,-1.051833987236023,0.0,2.3858211731249219,114.22732924348465,-26.159323649991457,14.9,55.0
3.59753,13,2,0.7091742753982544,0.5767219662666321,2.7396316528320312,0.0,2.8880993702537761,39.119052133163777,71.548748089436458,17.6,60.7
3.59753,13,3,-1.7729356288909912,1.7183218002319336,1.4983948469161987,0.0,2.8880993179959074,135.89620623746706,31.252927496119646,17.6,60.7
3.59753,13,4,-2.482109785079956,1.6911706924438477,1.8278284072875977,0.0,3.5159470961119688,145.7316725077022,31.323398041587208,12.5,69.9
3.59753,13,5,-1.1870959997177124,2.873701572418213,-1.6415014266967773,0.0,3.5159471801652908,112.44500680327712,-27.831518296193352,12.5,69.9
3.59753,13,6,1.4800158739089966,4.879909992218018,3.2132277488708496,0.0,6.02733781078226,73.128103430226346,32.215755921257539,11.9,69.60000000000001
3.59753,13,7,3.7000396251678467,4.122261047363281,-2.376020908355713,0.0,6.0273381129122283,48.089634841880276,-23.216546885936847,11.9,69.60000000000001
3.902557,14,0,-0.11562623083591461,0.04111839830875397,-0.026600008830428123,0.0,0.12556953614064362,160.42386101780826,-12.229903173404935,34.800000000000004,53.900000000000006
3.902557,14,1,-0.8787593245506287,1.9768462181091309,-1.0059839487075806,0.0,2.3858211637912734,113.96638561490504,-24.938867807631759,13.9,55.800000000000004
3.902557,14,2,-1.8500198125839233,1.5640687942504883,1.7925726175308228,0.0,3.0136690410897042,139.78770106578324,36.499375621647332,14.600000000000001,63.0
3.902557,14,3,-2.482109785079956,1.6453304290771484,1.8691984415054321,0.0,3.5159471013886421,146.46056665698694,32.115951569040256,13.3,69.0
3.902557,14,4,-1.0791782140731812,2.793684482574463,-1.8418970108032227,0.0,3.5159469854241792,111.1211521421391,-31.592162443944662,13.3,69.0
3.902557,14,5,1.4800158739089966,4.783956527709961,3.354417085647583,0.0,6.0273378062396485,72.809465840183208,33.816422766213606,11.8,69.8
3.902557,14,6,3.7000396251678467,4.14473295211792,-2.3366000652313232,0.0,6.0273380805313526,48.244429569750487,-22.809410936560006,11.8,69.8
4.194482,15,0,-0.11562623083591461,0.04114260897040367,-0.02656254731118679,0.0,0.12556953631303569,160.41321155478627,-12.212413590122011,34.6,54.1
4.194482,15,1,-0.8787593245506287,2.006939172744751,-0.9445209503173828,0.0,2.3858211624450218,113.64671063953048,-23.321445843943753,14.100000000000001,55.7
4.194482,15,2,-1.8500198125839233,1.463898777961731,1.875267505645752,0.0,3.013669052301819,141.64584848664765,38.480918135736552,15.5,62.300000000000004
4.194482,15,3,-2.482109785079956,1.4715484380722046,2.0088703632354736,0.0,3.5159470882065667,149.33791153147686,34.845094105007078,13.4,69.10000000000001
4.194482,15,4,-1.1870959997177124,2.8203883171081543,-1.731501579284668,0.0,3.5159472252710593,112.82613161098851,-29.503114292635725,13.4,69.10000000000001
4.194482,15,5,1.4800158739089966,4.808935642242432,3.318507671356201,0.0,6.0273379001929364,72.893533881123631,33.406538860069936,11.600000000000001,69.9
4.194482,15,6,3.7000396251678467,4.101658344268799,-2.4114127159118652,0.0,6.0273381925509639,47.946892242777849,-23.583130509874977,11.600000000000001,69.9
4.512739,16,0,-0.11562623083591461,0.04110812395811081,-0.026615887880325317,0.0,0.12556953691215741,160.42838078773877,-12.237316858683597,35.7,53.0
4.512739,16,1,-0.8787593245506287,1.996155858039856,-0.9671022891998291,0.0,2.385821241804813,113.76033291539926,-23.913315274909987,14.600000000000001,55.1
4.512739,16,2,-0.33917027711868286,2.4893810749053955,1.1487022638320923,0.0,2.7625299100481935,97.758595511951285,24.570671684966388,17.3,59.2
4.512739,16,3,0.5935479998588562,0.7608728408813477,-2.5885024070739746,0.0,2.7625298947803372,52.042623814103457,-69.554405163489577,17.3,59.2
4.512739,16,4,-1.8500198125839233,1.4810222387313843,1.8617736101150513,0.0,3.0136690518188636,141.321191776742,38.153936444679317,15.700000000000001,62.300000000000004
4.512739,16,5,-2.374191999435425,1.9915728569030762,1.6609437465667725,0.0,3.5159471304039154,140.00865068309244,28.190389689107025,12.700000000000001,69.8
4.512739,16,6,-1.0791782140731812,2.759873151779175,-1.892183542251587,0.0,3.51594709704362,111.35671947617907,-32.559271173222577,12.700000000000001,69.8
4.512739,16,7,1.4800158739089966,4.8623948097229,3.239671468734741,0.0,6.0273378450172119,73.070798270022379,32.51335960836213,11.5,69.9
4.512739,16,8,3.7000396251678467,4.154130935668945,-2.3198509216308594,0.0,6.0273381651509741,48.308889793092511,-22.636795478836238,11.5,69.9
4.81725,17,0,-0.11562623083591461,0.041131842881441116,-0.026579217985272408,0.0,0.12556953685051322,160.41794702457028,-12.22019639033012,34.7,54.0
4.81725,17,1,-0.8787593245506287,1.9696171283721924,-1.020065188407898,0.0,2.3858211524469808,114.04439472583638,-25.312372555459703,14.100000000000001,55.800000000000004
4.81725,17,2,-1.8500198125839233,1.4745808839797974,1.8668795824050903,0.0,3.0136691035269116,141.44297481871217,38.277489409359916,15.100000000000001,62.6
4.81725,17,3,-2.374191999435425,2.0362470149993896,1.6058624982833862,0.0,3.5159470871544789,139.3816635316401,27.17674019830087,13.100000000000001,69.4
4.81725,17,4,-1.0791782140731812,2.9204843044281006,-1.6334103345870972,0.0,3.51594702907723,110.28029435219605,-27.682522303785014,13.100000000000001,69.4
4.81725,17,5,1.4800158739089966,4.81089973449707,3.315659761428833,0.0,6.0273379609878273,72.900110285347537,33.374114398744375,11.5,70.0
4.81725,17,6,3.7000396251678467,4.151636600494385,-2.3243117332458496,0.0,6.0273381126066852,48.291797146045269,-22.682747139023686,11.5,70.0
5.113219,18,0,-0.11562623083591461,0.04113064333796501,-0.026581071317195892,0.0,0.12556953623823316,160.41847466162974,-12.221061709563784,34.9,53.800000000000004
5.113219,18,1,-0.8787593245506287,1.9167890548706055,-1.1161741018295288,0.0,2.3858212122771021,114.62927095625335,-27.893946567260997,14.100000000000001,55.900000000000006
5.113219,18,2,-1.8500198125839233,1.4932990074157715,1.8519411087036133,0.0,3.0136690433105544,141.090224829603,37.916598042828241,14.200000000000001,63.1
5.113219,18,3,-2.374191999435425,1.9931890964508057,1.6590039730072021,0.0,3.5159471848773896,139.98576389159504,28.154530558433358,13.100000000000001,69.3
5.113219,18,4,-1.0791782140731812,2.883723497390747,-1.6974680423736572,0.0,3.5159471813458119,110.51739815392972,-28.867853035213429,13.100000000000001,69.3
5.113219,18,5,1.4800158739089966,4.8048272132873535,3.324453353881836,0.0,6.0273378566914193,72.879761676957131,33.474271085667318,11.600000000000001,69.9
5.113219,18,6,3.7000396251678467,4.109192371368408,-2.3985514640808105,0.0,6.0273380773413354,47.999182265463439,-23.44979821236015,11.600000000000001,69.9
5.413457,19,0,-0.11562623083591461,0.0411081425845623,-0.02661585807800293,0.0,0.12556953669302642,160.42837259358274,-12.237302965783549,34.7,54.0
5.413457,19,1,-0.8787593245506287,1.9329615831375122,-1.0879266262054443,0.0,2.3858211953909949,114.44740430044361,-27.129082940939487,14.4,55.800000000000004
5.413457,19,2,-1.9425207376480103,1.255010724067688,1.932294487953186,0.0,3.013668980145586,147.1345780845364,39.879622992406553,14.3,63.0
5.413457,19,3,-2.374191999435425,2.1833107471466064,1.3993752002716064,0.0,3.5159471582952229,137.39830945187356,23.45370970625321,13.100000000000001,69.4
5.413457,19,4,-1.0791782140731812,2.684225082397461,-1.9980474710464478,0.0,3.5159470427264603,111.90232724892458,-34.630472526450582,13.100000000000001,69.4
5.413457,19,5,1.4800158739089966,4.8687849044799805,3.23006010055542,0.0,6.0273378606408681,73.091748743986628,32.405077479168739,11.3,70.10000000000001
5.413457,19,6,3.7000396251678467,4.132099628448486,-2.358869791030884,0.0,6.0273383228647806,48.1575216079256,-23.039259242162327,11.3,70.10000000000001
5.715716,20,0,-0.11562623083591461,0.04110785573720932,-0.026616299524903297,0.0,0.12556953635747323,160.42849878367821,-12.237509108873471,35.0,53.7
5.715716,20,1,-0.8787593245506287,1.949449896812439,-1.058097243309021,0.0,2.385821164078493,114.264564647296,-26.327022083076312,14.5,55.5
5.715716,20,2,-1.8500198125839233,1.5738704204559326,1.7839730978012085,0.0,3.0136690961380661,139.61113499740793,36.296255775364905,14.5,62.800000000000004
5.715716,20,3,-2.374191999435425,1.9805245399475098,1.674102544784546,0.0,3.51594716029288,140.16551206098183,28.433961989293937,12.5,69.9
5.715716,20,4,-1.0791782140731812,2.779841899871826,-1.8627231121063232,0.0,3.5159470983489287,111.21699297579026,-31.99144958450912,12.5,69.9
5.715716,20,5,1.4800158739089966,4.891725540161133,3.195211410522461,0.0,6.0273378622091753,73.166548555212586,32.013552597717243,11.5,69.9
5.715716,20,6,3.7000396251678467,4.112656593322754,-2.3926072120666504,0.0,6.0273382810032068,48.023190230621843,-23.3882187323192,11.5,69.9
6.0031,21,0,-0.11562623083591461,0.04111931100487709,-0.026598598808050156,0.0,0.12556953632703924,160.42345952766584,-12.229244840384746,34.800000000000004,53.900000000000006
6.0031,21,1,-0.8787593245506287,1.9233115911483765,-1.104896903038025,0.0,2.385821157059639,114.55561789603723,-27.587953057231374,14.200000000000001,55.800000000000004
6.0031,21,2,-1.8500198125839233,1.5140279531478882,1.8350332975387573,0.0,3.01366905166148,140.70362996284757,37.51025298682702,14.5,62.7
6.0031,21,3,-2.374191999435425,2.082404375076294,1.545538306236267,0.0,3.5159471394723414,138.7459914215589,26.0770550389703,13.0,69.3
6.0031,21,4,-1.0791782140731812,2.745227575302124,-1.9133695363998413,0.0,3.5159469621642905,111.46031844619689,-32.969840431280254,13.0,69.3
6.0031,21,5,1.4800158739089966,4.874693870544434,3.2211360931396484,0.0,6.0273381395996886,73.111077047325423,32.304653771076005,11.4,70.0
6.0031,21,6,3.7000396251678467,4.1351823806762695,-2.3534603118896484,0.0,6.0273378857425444,48.178755880562022,-22.983393033900928,11.4,70.0
6.315391,22,0,-0.11562623083591461,0.041116874665021896,-0.026602361351251602,0.0,0.12556953559284154,160.42453126499427,-12.231001581730446,35.0,53.7
6.315391,22,1,-0.8787593245506287,1.9271416664123535,-1.0982029438018799,0.0,2.3858211707255794,114.51256060694541,-27.406723523385505,14.3,55.6
6.315391,22,2,0.7091742753982544,2.2289419174194336,-1.6941096782684326,0.0,2.8880993449185284,72.350681475365363,-35.914893256740143,16.2,61.1
6.315391,22,3,-1.7729356288909912,1.7451379299163818,1.4670754671096802,0.0,2.8880992996811963,135.45270733003,30.528883372772309,16.2,61.1
6.315391,22,4,1.4800158739089966,4.902010917663574,3.1794090270996094,0.0,6.0273377029595725,73.199876597365048,31.836565081561258,11.700000000000001,69.8
6.315391,22,5,3.7000396251678467,4.09564208984375,-2.421616792678833,0.0,6.0273381559769827,47.905060222238696,-23.689012870569474,11.700000000000001,69.8
6.615658,23,0,-0.11562623083591461,0.0410907082259655,-0.02664276398718357,0.0,0.12556953624469752,160.43604268823415,-12.249865570945474,34.6,54.1
6.615658,23,1,-0.8787593245506287,1.937373399734497,-1.0800505876541138,0.0,2.38582122389241,114.39822848910873,-26.916757900923674,13.9,56.0
6.615658,23,2,-1.6842888593673706,1.7479315996170044,1.5649358034133911,0.0,2.888099359013435,133.93770152051573,32.810117767172436,16.7,61.300000000000004
6.615658,23,3,0.620527446269989,0.5895057320594788,2.758359432220459,0.0,2.8880993883564514,43.531425356392823,72.761170073374387,16.7,61.300000000000004
6.615658,23,4,-1.8500198125839233,1.5734895467758179,1.7843090295791626,0.0,3.0136690883047454,139.61797881595803,36.304180587408936,15.3,62.7
6.615658,23,5,-2.482109785079956,1.3598802089691162,2.086082696914673,0.0,3.5159471250720404,151.28286794022631,36.3929803528754,12.4,69.7
6.615658,23,6,-1.1870959997177124,2.764694929122925,-1.8191066980361938,0.0,3.5159471188435063,113.23756560762365,-31.157165285876818,12.4,69.7
6.615658,23,7,1.4800158739089966,4.870462894439697,3.227529525756836,0.0,6.0273379391542887,73.097241835600755,32.3765890663654,11.3,70.2
6.615658,23,8,3.7000396251678467,4.121427536010742,-2.3774664402008057,0.0,6.0273381219806215,48.083875316732595,-23.231499678007285,11.3,70.2
6.910216,24,0,-0.11562623083591461,0.04110225662589073,-0.02662494406104088,0.0,0.12556953612765456,160.43096198836321,-12.241545265149801,34.7,54.0
6.910216,24,1,-0.8787593245506287,1.9358071088790894,-1.0828553438186646,0.0,2.3858212022086094,114.41566569441318,-26.992323672255754,14.0,55.900000000000006
6.910216,24,2,-1.8500198125839233,1.517957329750061,1.8317842483520508,0.0,3.0136690751317867,140.63082425480232,37.432422091822914,14.9,62.7
6.910216,24,3,-2.482109785079956,1.8041229248046875,1.7164368629455566,0.0,3.515947101063079,143.98844974818468,29.221435481089475,13.0,69.3
6.910216,24,4,-1.0791782140731812,2.9295005798339844,-1.617183804512024,0.0,3.5159469169135384,110.22293975333037,-27.38432196984644,13.0,69.3
6.910216,24,5,1.4800158739089966,4.83783483505249,3.2762339115142822,0.0,6.0273378469458754,72.989805078616726,32.92647416747424,11.8,69.60000000000001
6.910216,24,6,3.7000396251678467,4.141715049743652,-2.341944932937622,0.0,6.0273379571745842,48.223695423389152,-22.864541117569171,11.8,69.60000000000001
7.215645,25,0,-0.11562623083591461,0.04110850393772125,-0.02661529928445816,0.0,0.12556953654975053,160.42821362712039,-12.237042081608504,34.9,53.800000000000004
7.215645,25,1,-0.8787593245506287,1.9594683647155762,-1.0394269227981567,0.0,2.3858211480837066,114.15471929048529,-25.827833916016615,14.200000000000001,55.7
7.215645,25,2,-2.374191999435425,2.1571457386016846,1.4393815994262695,0.0,3.5159472090060615,137.74231097927503,24.16630647083355,12.100000000000001,70.10000000000001
7.215645,25,3,-1.0791782140731812,2.648461103439331,-2.0452167987823486,0.0,3.515947040013939,112.16960275914207,-35.570008407666627,12.100000000000001,70.10000000000001
7.215645,25,4,1.4800158739089966,4.8551154136657715,3.250570774078369,0.0,6.0273379716364017,73.0468706564685,32.636308884451594,11.8,69.7
7.215645,25,5,3.7000396251678467,4.133269309997559,-2.3568191528320312,0.0,6.0273381302143489,48.165580549105513,-23.018078733927858,11.8,69.7
7.50995,26,0,-0.11562623083591461,0.041126079857349396,-0.026588130742311478,0.0,0.12556953610698551,160.42048200812121,-12.224357558086842,35.1,53.6
7.50995,26,1,-0.8787593245506287,1.9263231754302979,-1.0996379852294922,0.0,2.3858211637178761,114.52175008689034,-27.445550202997943,14.600000000000001,55.300000000000004
7.50995,26,2,-1.8500198125839233,1.5091688632965088,1.8390315771102905,0.0,3.0136690439571319,140.79387178982012,37.606142913867288,15.4,62.1
7.50995,26,3,-2.374191999435425,1.721901297569275,1.939111351966858,0.0,3.51594717879559,144.04820698340123,33.47127899479262,12.9,69.3
7.50995,26,4,-1.0791782140731812,2.8228955268859863,-1.7968080043792725,0.0,3.5159470670140234,110.92159415235771,-30.733477605509105,12.9,69.3
7.50995,26,5,1.4800158739089966,4.860389709472656,3.2426788806915283,0.0,6.0273378400628221,73.064213984825358,32.547268038742764,11.4,70.0
7.50995,26,6,3.7000396251678467,4.144880294799805,-2.336338758468628,0.0,6.0273381090125238,48.2454414402993,-22.806716144122852,11.4,70.0
7.818247,27,0,-0.11562623083591461,0.04108374938368797,-0.02665349841117859,0.0,0.12556953730223183,160.43910437426641,-12.25487761207823,35.1,53.6
7.818247,27,1,-0.8787593245506287,1.9449671506881714,-1.0663150548934937,0.0,2.3858212347184051,114.31401925700898,-26.547421995230614,14.3,55.400000000000006
7.818247,27,2,-1.8500198125839233,1.5026763677597046,1.844340443611145,0.0,3.0136690669541522,140.9148117577991,37.7336553007522,15.3,62.2
7.818247,27,3,-2.5900275707244873,1.5091630220413208,1.8374080657958984,0.0,3.515947133342836,149.7714051671833,31.506321343023252,13.100000000000001,69.0
7.818247,27,4,-1.1870959997177124,2.6758148670196533,-1.947486162185669,0.0,3.5159471649917986,113.92394402928286,-33.635042149166978,13.100000000000001,69.0
7.818247,27,5,1.4800158739089966,4.870307445526123,3.227764129638672,0.0,6.02733795946037,73.0967331014778,32.37922961871449,11.600000000000001,69.9
7.818247,27,6,3.7000396251678467,4.1356282234191895,-2.3526771068573,0.0,6.0273380193319186,48.181825430065878,-22.975305632753205,11.600000000000001,69.9
8.1128,28,0,-0.11562623083591461,0.041112251579761505,-0.0266095083206892,0.0,0.12556953619547473,160.42656498312726,-12.234338355220039,35.2,53.5
8.1128,28,1,-0.8787593245506287,1.953293800354004,-1.0509843826293945,0.0,2.3858211989830576,114.22230817755568,-26.136593828186619,14.4,55.300000000000004
8.1128,28,2,-1.8500198125839233,1.6480846405029297,1.7156471014022827,0.0,3.0136690703799549,138.30384837165673,34.700624587273374,15.100000000000001,62.2
8.1128,28,3,-2.6825287342071533,1.8603557348251343,1.6136170625686646,0.0,3.6415167024958874,145.25837370979397,26.302912077048514,11.3,70.7
8.1128,28,4,-1.2294923067092896,2.770355463027954,-2.0184457302093506,0.0,3.6415167018134791,113.93179597234473,-33.661625990949837,11.3,70.7
8.1128,28,5,1.4800158739089966,4.831082344055176,3.2861831188201904,0.0,6.0273379772900624,72.967404927978421,33.039221620656008,11.700000000000001,69.8
8.1128,28,6,3.7000396251678467,4.142886638641357,-2.339872360229492,0.0,6.0273381845231846,48.231746683865943,-22.843159984651717,11.700000000000001,69.8
8.413096,29,0,-0.11562623083591461,0.041098371148109436,-0.02663094364106655,0.0,0.12556953662238954,160.43267136227982,-12.244346456065808,34.7,54.0
8.413096,29,1,-0.8787593245506287,1.9600311517715454,-1.038365364074707,0.0,2.385821178485422,114.14857645944697,-25.799514257973104,13.8,55.900000000000006
8.413096,29,2,-1.8500198125839233,1.555729627609253,1.7998148202896118,0.0,3.0136690874262237,139.93865045099048,36.670848585555184,14.5,62.6
8.413096,29,3,-2.482109785079956,1.5385048389434814,1.9580647945404053,0.0,3.5159470792747625,148.20781108930163,33.842346484024112,12.700000000000001,69.4
8.413096,29,4,-1.1870959997177124,2.7593367099761963,-1.8272241353988647,0.0,3.5159471032073539,113.27788930320028,-31.3118713280459,12.700000000000001,69.4
8.413096,29,5,1.4800158739089966,4.853549003601074,3.252908945083618,0.0,6.0273378470419763,73.0417132290462,32.6627074727267,11.700000000000001,69.7
8.413096,29,6,3.7000396251678467,4.115266799926758,-2.3881144523620605,0.0,6.027338110639902,48.04126488516583,-23.341696310469516,11.700000000000001,69.7
8.706552,30,0,-0.11562623083591461,0.041096046566963196,-0.02663453109562397,0.0,0.12556953670153434,160.43369405394108,-12.246021466474087,34.300000000000004,54.400000000000006
8.706552,30,1,-0.8787593245506287,1.9903101921081543,-0.9790762662887573,0.0,2.3858212310448175,113.8223588107977,-24.228259019383028,13.8,56.1
8.706552,30,2,-1.8500198125839233,1.5695828199386597,1.787746548652649,0.0,3.0136690690616823,139.68825809921992,36.385319024282929,14.600000000000001,62.900000000000006
8.706552,30,3,-2.482109785079956,1.6238621473312378,1.8878788948059082,0.0,3.5159470957593291,146.80622272302344,32.476080612826181,13.0,69.10000000000001
8.706552,30,4,-1.1870959997177124,2.852476119995117,-1.6781141757965088,0.0,3.5159471148891575,112.59528829062742,-28.508330051615879,13.0,69.10000000000001
8.706552,30,5,1.4800158739089966,4.779536247253418,3.3607125282287598,0.0,6.0273379217715712,72.794505721347733,33.888482469187238,12.0,69.4
8.706552,30,6,3.7000396251678467,4.158549785614014,-2.311920642852783,0.0,6.0273382687627048,48.33914225870133,-22.555142050924342,12.0,69.4
9.081513,31,0,-0.11562623083591461,0.041124846786260605,-0.02659003995358944,0.0,0.12556953653353628,160.42102440992196,-12.225248876914796,34.5,54.2
9.081513,31,1,-0.8787593245506287,1.998603105545044,-0.9620345830917358,0.0,2.3858212135538279,113.73445646799472,-23.780254544277387,13.600000000000001,56.1
9.081513,31,2,-1.8500198125839233,1.4101759195327759,1.9159936904907227,0.0,3.0136690682593907,142.68357129530276,39.476952495807431,15.100000000000001,62.7
9.081513,31,3,-2.374191999435425,2.2047765254974365,1.365304708480835,0.0,3.5159471162928013,137.11889774354066,22.849865941075571,12.9,69.2
9.081513,31,4,-1.0791782140731812,2.564004898071289,-2.1501481533050537,0.0,3.5159470724436219,112.82600823212267,-37.70105959831222,12.9,69.2
9.081513,31,5,1.4800158739089966,4.796555519104004,3.3363771438598633,0.0,6.0273380758789523,72.851968092987349,33.610262888362811,12.0,69.4
9.081513,31,6,3.7000396251678467,4.152742862701416,-2.3223345279693604,0.0,6.02733806678607,48.299379315848149,-22.662377950927443,12.0,69.4
9.610816,32,0,-0.11562623083591461,0.04107096046209335,-0.026673197746276855,0.0,0.12556953662656814,160.44473142698712,-12.264075993008463,35.300000000000004,53.400000000000006
9.610816,32,1,-0.8787593245506287,2.0086843967437744,-0.9408036470413208,0.0,2.3858211287715658,113.62841769349033,-23.224267636269548,14.200000000000001,55.5
9.610816,32,2,0.7091742753982544,1.110978364944458,2.5698087215423584,0.0,2.8880993655995408,57.448561996552968,62.847165269887114,16.8,61.1
9.610816,32,3,1.4800158739089966,4.839372158050537,3.2739624977111816,0.0,6.0273377462654736,72.994896877505184,32.900754403627687,11.700000000000001,69.7
9.610816,32,4,3.7000396251678467,4.138763904571533,-2.3471567630767822,0.0,6.0273381152921477,48.20340366694694,-22.918319501226037,11.700000000000001,69.7
9.919352,33,0,-0.11562623083591461,0.04110677167773247,-0.026617975905537605,0.0,0.12556953681682997,160.42897568569373,-12.238291760630482,34.7,54.0
9.919352,33,1,-0.8787593245506287,2.019247531890869,-0.9179131984710693,0.0,2.3858212811230084,113.51826497383473,-22.627400247022265,13.8,55.800000000000004
9.919352,33,2,-1.9425207376480103,1.364269733428955,1.8567665815353394,0.0,3.0136690030674091,144.91889304895844,38.032980596210706,14.8,62.5
9.919352,33,3,1.4800158739089966,4.868388652801514,3.2306573390960693,0.0,6.02733787873257,73.090451062970573,32.411802092567655,11.4,70.10000000000001
9.919352,33,4,3.7000396251678467,4.0708537101745605,-2.4630589485168457,0.0,6.02733793156839,47.731986797313979,-24.119925839309651,11.4,70.10000000000001
10.215325,34,0,-0.11562623083591461,0.04110303893685341,-0.026623738929629326,0.0,0.12556953667891652,160.43061782350304,-12.240982531076249,34.800000000000004,53.900000000000006
10.215325,34,1,-0.8787593245506287,2.036895513534546,-0.8780556321144104,0.0,2.3858212373582552,113.33637759959895,-21.594221058907692,13.8,55.800000000000004
10.215325,34,2,-1.8500198125839233,1.474998950958252,1.8665492534637451,0.0,3.0136690806867072,141.43505810979639,38.269490135692919,14.600000000000001,62.6
10.215325,34,3,-2.482109785079956,1.7291923761367798,1.791900873184204,0.0,3.5159470983218082,145.13652654546078,30.640489580445635,12.8,69.60000000000001
10.215325,34,4,-1.1870959997177124,2.8122169971466064,-1.7447413206100464,0.0,3.5159470455952775,112.8856319184291,-29.751320854099369,12.8,69.60000000000001
10.215325,34,5,1.4800158739089966,4.811470031738281,3.3148322105407715,0.0,6.0273380059008472,72.902018902642979,33.36469453560013,11.9,69.60000000000001
10.215325,34,6,3.7000396251678467,4.150369644165039,-2.3265738487243652,0.0,6.0273383250475456,48.283110833796009,-22.706054550928631,11.9,69.60000000000001
10.215325,34,7,-0.08479256927967072,2.397268772125244,1.3702130317687988,-0.42630288004875183,2.76252983658837,92.025735253807483,29.7356708975823,21.0,41.0
10.215325,34,8,-1.102303385734558,2.1931002140045166,-1.2676000595092773,-0.42630288004875183,2.7625298575285027,116.68517065515935,-27.313233896632621,21.0,41.0
10.215325,34,9,-0.8016752004623413,3.076003074645996,0.744642972946167,-0.25578173995018005,3.2648079881405065,104.60761219070427,13.184159973082751,16.6,44.300000000000004
10.215325,34,10,-2.004188060760498,2.535940647125244,-0.4595716595649719,-0.25578173995018005,3.26480793599137,128.31979274076738,-8.0921331092315913,16.6,44.300000000000004
10.513322,35,0,-0.11562623083591461,0.04110690578818321,-0.02661776915192604,0.0,0.12556953689260786,160.42891668735325,-12.238195220348452,34.800000000000004,53.900000000000006
10.513322,35,1,-0.8787593245506287,2.0327112674713135,-0.8876993060112,0.0,2.3858212643201662,113.37926156275905,-21.84351193878306,13.9,55.800000000000004
10.513322,35,2,-1.8500198125839233,1.440405249595642,1.893372893333435,0.0,3.0136691097772434,142.09606401005257,38.921990409402675,15.100000000000001,62.6
10.513322,35,3,1.4800158739089966,4.78261661529541,3.356327533721924,0.0,6.0273379853416404,72.804933669219508,33.83828304161824,11.5,69.7
10.513322,35,4,3.7000396251678467,4.107190132141113,-2.4019784927368164,0.0,6.0273381097247052,47.985296025947044,-23.48531294531432,11.5,69.7
10.814955,36,0,-0.11562623083591461,0.04112919792532921,-0.02658330835402012,0.0,0.12556953636271032,160.41911045249253,-12.222106098750846,34.7,54.0
10.814955,36,1,-0.8787593245506287,2.0266377925872803,-0.9014784693717957,0.0,2.3858210585810156,113.44177337218471,-22.200465933015373,13.700000000000001,55.900000000000006
10.814955,36,2,-1.8500198125839233,1.2494667768478394,2.024465560913086,0.0,3.01366908281628,145.9656868058203,42.203130785646565,15.4,62.6
10.814955,36,3,-2.374191999435425,2.2700793743133545,1.2537291049957275,0.0,3.5159471959316284,136.28420899202493,20.890530758315105,13.0,69.2
10.814955,36,4,-1.0791782140731812,2.5951619148254395,-2.1124374866485596,0.0,3.5159469729915873,112.57960968789916,-36.928367636502806,13.0,69.2
10.814955,36,5,1.4800158739089966,4.893777370452881,3.192068576812744,0.0,6.0273381967212245,73.173207416391222,31.97832335856198,11.9,69.5
10.814955,36,6,3.7000396251678467,4.106622695922852,-2.4029488563537598,0.0,6.0273382517271026,47.981359295105982,-23.495370134820671,11.9,69.5
10.814955,36,7,-0.3237534463405609,1.3682143688201904,2.2308590412139893,0.17052115499973297,2.6369601655750552,103.31274112774837,57.778859107668517,29.0,40.7
10.814955,36,8,-1.2950137853622437,2.266327381134033,-0.37451186776161194,0.17052115499973297,2.6369603034271076,119.74430130516785,-8.16498815093445,29.0,40.7
10.814955,36,9,0.5781311392784119,2.538540840148926,-1.753964900970459,0.7673451900482178,3.1392384562412077,77.170196144460817,-33.96753441905674,24.6,41.400000000000006
11.112174,37,0,-0.11562623083591461,0.041105419397354126,-0.026620063930749893,0.0,0.12556953677078608,160.42957058804058,-12.239266661298869,34.800000000000004,53.900000000000006
11.112174,37,1,-0.8787593245506287,2.048153877258301,-0.8514636158943176,0.0,2.3858211468181585,113.22172587061605,-20.909011764629717,13.5,56.1
11.112174,37,2,-1.9425207376480103,1.2221488952636719,1.9532450437545776,0.0,3.0136690162223529,147.82369655713657,40.400653570641239,14.8,62.7
11.112174,37,3,-1.2294923067092896,2.8131511211395264,-1.9583598375320435,0.0,3.6415166916937833,113.60781207795192,-32.533107717729855,11.4,70.7
11.112174,37,4,-2.570756673812866,2.042445421218872,1.5748875141143799,0.0,3.6415166973013728,141.5331420045726,25.625126742768458,11.4,70.7
11.112174,37,5,1.4800158739089966,4.829277038574219,3.288835048675537,0.0,6.0273376941830135,72.961406456176377,33.069300412838643,11.8,69.60000000000001
11.112174,37,6,3.7000396251678467,4.102618217468262,-2.4097795486450195,0.0,6.0273382963943938,47.95356014466806,-23.56619152022947,11.8,69.60000000000001
11.414618,38,0,-0.11562623083591461,0.041066356003284454,-0.02668028511106968,0.0,0.12556953637852086,160.44675745878934,-12.267385436580742,34.4,54.300000000000004
11.414618,38,1,-0.8787593245506287,2.028776168823242,-0.8966559171676636,0.0,2.3858211432254457,113.41972798641338,-22.075433487870615,13.600000000000001,56.1
11.414618,38,2,-1.8500198125839233,1.4408334493637085,1.8930469751358032,0.0,3.0136690571177835,142.08780849699988,38.914027230532838,15.100000000000001,62.800000000000004
11.414618,38,3,-2.374191999435425,2.0208728313446045,1.6251676082611084,0.0,3.5159471562569125,139.59612261057333,27.530940318200674,13.4,68.9
11.414618,38,4,-1.0791782140731812,2.75823974609375,-1.8945637941360474,0.0,3.5159471106250546,111.36822649696647,-32.605304323086351,13.4,68.9
11.414618,38,5,1.4800158739089966,4.872089385986328,3.2250733375549316,0.0,6.0273377211394878,73.10256303514133,32.348948433078888,11.4,70.0
11.414618,38,6,3.7000396251678467,4.080603122711182,-2.446873188018799,0.0,6.0273380087014985,47.800195277026866,-23.951456223683362,11.4,70.0
11.414618,38,7,0.21583564579486847,2.015625,2.8727259635925293,-0.25578173995018005,3.5159470457501651,83.887986189131453,54.791174162118985,16.900000000000002,46.7
11.414618,38,8,-0.9712603688240051,3.238543748855591,0.9645575284957886,-0.25578173995018005,3.5159470335995779,106.69433006532843,15.922561268169526,16.900000000000002,46.7
11.709519,39,0,-0.11562623083591461,0.04107886180281639,-0.026661023497581482,0.0,0.12556953578903479,160.44125483567802,-12.258391452304718,34.800000000000004,53.900000000000006
11.709519,39,1,-0.8787593245506287,2.0612192153930664,-0.8193291425704956,0.0,2.3858212104547123,113.08999984899901,-20.085131598197528,13.9,56.0
11.709519,39,2,-1.7575188875198364,1.3449690341949463,2.04557728767395,0.0,3.0136689902475626,142.57440693884129,42.747321176939884,15.3,63.0
11.709519,39,3,-2.374191999435425,2.1810319423675537,1.4029241800308228,0.0,3.5159471325271547,137.42811988262852,23.516767486056448,13.5,68.9
11.709519,39,4,-1.0791782140731812,2.6179449558258057,-2.0841360092163086,0.0,3.5159471432852971,112.40260346897679,-36.353580810894783,13.5,68.9
11.709519,39,5,1.4800158739089966,4.971039772033691,3.070361375808716,0.0,6.0273379182041369,73.420277496347339,30.62426380268986,11.8,69.5
11.709519,39,6,3.7000396251678467,4.021010398864746,-2.543616533279419,0.0,6.0273379633104245,47.380464827435873,-24.961758302756493,11.8,69.5
11.709519,39,7,0.8363630771636963,1.9099664688110352,-3.2871406078338623,-0.25578173995018005,3.89265571101473,66.35167165827248,-57.612712036020255,15.700000000000001,47.2
11.709519,39,8,0.7400079369544983,2.39949107170105,-3.137031078338623,-0.25578173995018005,4.0182251226618808,72.860130822166255,-51.324773675783142,13.5,49.400000000000006
12.013013,40,0,-0.11562623083591461,0.041100770235061646,-0.02662723883986473,0.0,0.12556953619198702,160.43161590564679,-12.242616701270215,35.5,53.2
12.013013,40,1,-0.8787593245506287,2.0219385623931885,-0.911969780921936,0.0,2.3858211127182432,113.49035748104485,-22.472853941859885,14.600000000000001,55.2
12.013013,40,2,-1.59564208984375,2.007497549057007,1.3285319805145264,0.0,2.8880992558429619,128.47912975244566,27.387248772271739,17.7,60.5
12.013013,40,3,0.3545871376991272,1.3267756700515747,-2.540679454803467,0.0,2.8880993419414969,75.0371282099108,-61.606966053489728,17.7,60.5
12.013013,40,4,-2.482109785079956,1.6332660913467407,1.8797491788864136,0.0,3.5159471107877707,146.65447383438786,32.319176735427284,12.8,69.3
12.013013,40,5,-1.1870959997177124,2.737462043762207,-1.8598356246948242,0.0,3.5159470849926824,113.44388855500442,-31.935986100863268,12.8,69.3
12.013013,40,6,1.4800158739089966,4.799347877502441,3.3323588371276855,0.0,6.0273379244648941,72.8613604325025,33.564410344623347,11.3,70.10000000000001
12.013013,40,7,3.7000396251678467,4.129890441894531,-2.3627350330352783,0.0,6.0273381459974722,48.142293714120335,-23.079193562927518,11.3,70.10000000000001
12.310236,41,0,-0.11562623083591461,0.041111454367637634,-0.02661074325442314,0.0,0.12556953688731751,160.42691568588361,-12.234914866574741,35.800000000000004,52.900000000000006
12.310236,41,1,-0.8787593245506287,2.004366159439087,-0.9499689936637878,0.0,2.3858211878747038,113.673728984719,-23.463998119549693,14.9,54.800000000000004
12.310236,41,2,-1.9425207376480103,1.308131217956543,1.8967357873916626,0.0,3.0136689842710509,146.04290923315645,39.004218759896958,14.9,62.0
12.310236,41,3,-2.374191999435425,2.0911097526550293,1.533739447593689,0.0,3.5159471470625312,138.62746847738947,25.863184931004245,13.0,69.2
12.310236,41,4,-1.0791782140731812,2.707775115966797,-1.9660143852233887,0.0,3.5159471354507708,111.72965247867616,-33.998460873050412,13.0,69.2
12.310236,41,5,1.4800158739089966,4.647401332855225,3.5411887168884277,0.0,6.0273380247224431,72.335353818673624,35.981299854751306,11.700000000000001,70.0
12.310236,41,6,3.7000396251678467,4.104104995727539,-2.4072458744049072,0.0,6.0273380313043177,47.963884874902995,-23.5399186820041,11.700000000000001,70.0
12.611069,42,0,-0.11562623083591461,0.04108754172921181,-0.026647645980119705,0.0,0.12556953603064608,160.4374358393033,-12.252145093542087,35.1,53.6
12.611069,42,1,-0.0886467844247818,2.6543943881988525,1.134658694267273,0.0,2.8880994049663054,91.912752547379156,23.13343652136712,17.5,60.800000000000004
12.611069,42,2,-1.0637613534927368,2.489581346511841,-1.0057408809661865,0.0,2.8880994127160946,113.13630331530251,-20.379473577151945,17.5,60.800000000000004
12.611069,42,3,1.4800158739089966,4.576954364776611,3.631782054901123,0.0,6.0273376492919413,72.0807325371196,37.052863261979844,12.0,69.7
12.611069,42,4,3.7000396251678467,4.169842720031738,-2.291489839553833,0.0,6.0273383198881705,48.416293460220089,-22.345000829094015,12.0,69.7
12.611069,42,5,0.33917027711868286,2.4682936668395996,-1.1933403015136719,-0.17052115499973297,2.7625298510347327,82.175937912547866,-25.592882847390168,33.1,41.7
12.913607,43,0,-0.11562623083591461,0.04111531749367714,-0.026604773476719856,0.0,0.1255695367582188,160.42521626665754,-12.232127653786785,35.0,53.7
12.913607,43,1,-0.8787593245506287,2.0365073680877686,-0.8789554238319397,0.0,2.3858212103684617,113.34034941680477,-21.617462898628105,14.100000000000001,55.800000000000004
12.913607,43,2,-1.9425207376480103,1.2768352031707764,1.9179431200027466,0.0,3.0136689871010383,146.68274527915273,39.524986205504916,14.9,62.800000000000004
12.913607,43,3,-2.5900275707244873,1.5807232856750488,1.776219367980957,0.0,3.5159471222103131,148.60380846784864,30.343928812386398,12.8,69.60000000000001
12.913607,43,4,-1.1870959997177124,2.773618459701538,-1.8054718971252441,0.0,3.5159472470234756,113.17070301045514,-30.89787194047744,12.8,69.60000000000001
12.913607,43,5,1.4800158739089966,4.785483360290527,3.352238655090332,0.0,6.02733788494738,72.814627433472069,33.791501118707146,11.600000000000001,69.9
12.913607,43,6,3.7000396251678467,4.102044105529785,-2.4107561111450195,0.0,6.027338060781636,47.94957219753104,-23.576320751256528,11.600000000000001,69.9
13.211347,44,0,-0.11562623083591461,0.041108328849077225,-0.0266155656427145,0.0,0.12556953568666937,160.42829065206814,-12.237166528537996,35.1,53.6
13.211347,44,1,-0.8787593245506287,2.0129973888397217,-0.9315394759178162,0.0,2.3858210815468652,113.5833243712996,-22.982388736459736,14.4,55.5
13.211347,44,2,-1.8500198125839233,1.5698339939117432,1.78752601146698,0.0,3.0136690788912111,139.68373524869006,36.380110853273145,14.9,62.5
13.211347,44,3,-2.482109785079956,1.9293253421783447,1.574394702911377,0.0,3.515947090289707,142.14234436652023,26.601775875040349,12.600000000000001,69.8
13.211347,44,4,-1.1870959997177124,2.788801908493042,-1.7819290161132812,0.0,3.515947100828833,113.05776780929126,-30.45180238266261,12.600000000000001,69.8
13.211347,44,5,1.4800158739089966,4.480983734130859,3.749552011489868,0.0,6.0273379280936012,71.722222373347947,38.468983568844543,11.700000000000001,70.10000000000001
13.211347,44,6,3.7000396251678467,4.09072208404541,-2.4299187660217285,0.0,6.0273381858141661,47.870800268747168,-23.775221212770386,11.700000000000001,70.10000000000001
13.509985,45,0,-0.11562623083591461,0.041109226644039154,-0.026614181697368622,0.0,0.12556953627377837,160.42789569513653,-12.236520312982595,35.800000000000004,52.900000000000006
13.509985,45,1,0.16187672317028046,2.4684321880340576,-0.913344144821167,0.0,2.6369601944864587,86.24798624956324,-20.264990487250184,20.1,57.5
13.509985,45,2,-1.8500198125839233,1.3065556287765503,1.9880996942520142,0.0,3.0136690781049094,144.76878129215504,41.276546888755945,15.200000000000001,62.2
13.509985,45,3,-2.5900275707244873,2.070713758468628,1.1686686277389526,0.0,3.51594719074185,141.35784351034292,19.413953935629127,11.8,71.10000000000001
13.509985,45,4,-1.1870959997177124,3.0001041889190674,-1.3971623182296753,0.0,3.5159471839600278,111.58795872026096,-23.41440669815217,11.8,71.10000000000001
13.509985,45,5,1.4800158739089966,4.7244062423706055,3.43778133392334,0.0,6.02733787254744,72.6057790123564,34.775667980986704,11.4,70.3
13.509985,45,6,3.7000396251678467,4.085826396942139,-2.4381420612335205,0.0,6.0273383250417787,47.83666463433417,-23.860668462089155,11.4,70.3
13.818193,46,0,-0.11562623083591461,0.04109732434153557,-0.026632560417056084,0.0,0.12556953690972075,160.43313189970715,-12.24510131510095,34.9,53.800000000000004
13.818193,46,1,-1.9425207376480103,1.1623960733413696,1.9893841743469238,0.0,3.0136689998495183,149.10387889869139,41.309050477691549,14.9,62.300000000000004
13.818193,46,2,1.4800158739089966,4.74196720123291,3.413517475128174,0.0,6.02733784332658,72.6663295535935,34.495337012628525,11.4,70.3
13.818193,46,3,3.7000396251678467,4.0574116706848145,-2.485139846801758,0.0,6.0273379489940186,47.63765022094826,-24.350113127895707,11.4,70.3
13.818193,46,4,0.40469181537628174,2.0216686725616455,-1.6439708471298218,0.08526057749986649,2.6369603397211838,78.68030986718631,-38.567342488796406,22.400000000000002,53.900000000000006
14.17763,47,0,-0.11562623083591461,0.041075658053159714,-0.02666596509516239,0.0,0.1255695370552776,160.44266446802592,-12.260698733459755,34.800000000000004,53.900000000000006
14.17763,47,1,-0.1772935688495636,2.7071352005004883,0.9905071258544922,0.0,2.8880994390278114,93.747019118827566,20.057412156167949,17.3,61.1
14.17763,47,2,-1.241054892539978,2.6053411960601807,0.11444316059350967,0.0,2.8880992419223306,115.4708061719418,2.2709840479945362,17.3,61.1
14.17763,47,3,1.4800158739089966,4.668325424194336,3.5135583877563477,0.0,6.0273378698538895,72.409637157931954,35.657383372451079,11.4,70.4
14.17763,47,4,3.7000396251678467,4.030876159667969,-2.5279533863067627,0.0,6.0273380663217857,47.45041843956885,-24.797632188277017,11.4,70.4
14.17763,47,5,0.6359442472457886,3.0187253952026367,-2.7665693759918213,-0.5115634799003601,4.1437946630379869,78.1036522967392,-41.885296281389913,17.2,43.800000000000004
14.17763,47,6,-3.3069100379943848,1.9055041074752808,-1.613826036453247,-0.5115634799003601,4.143794683490917,150.04864026795954,-22.920659387492886,17.2,43.800000000000004
14.17763,47,7,-3.3069100379943848,1.883303165435791,-1.6396796703338623,-0.34104230999946594,4.1437946659595308,150.33825298528893,-23.309339127324005,12.700000000000001,48.2
14.17763,47,8,0.6359442472457886,3.2337753772735596,-2.5118331909179688,-0.34104230999946594,4.1437946685692459,78.8743636539357,-37.312893106818017,12.700000000000001,48.2
14.713752,48,0,-0.11562623083591461,0.04109465703368187,-0.026636676862835884,0.0,0.12556953710327712,160.4343053806339,-12.247023311835338,35.2,53.5
14.713752,48,1,-0.8787593245506287,2.0405209064483643,-0.8695971965789795,0.0,2.3858212012712836,113.29934119665288,-21.375921979108568,14.100000000000001,55.6
14.713752,48,2,-0.08093836158514023,2.6333091259002686,0.11265740543603897,0.0,2.6369603072335588,91.760509975013022,2.4485613286664996,15.100000000000001,58.400000000000006
14.713752,48,3,-1.8500198125839233,1.3563636541366577,1.9544578790664673,0.0,3.0136690711259249,143.75255797699998,40.430938484369449,14.8,62.6
15.023388,49,0,-0.11562623083591461,0.041123684495687485,-0.026591835543513298,0.0,0.12556953612000929,160.42153568022025,-12.226087234687542,35.0,53.7
15.023388,49,1,-0.8787593245506287,2.0333781242370605,-0.886170506477356,0.0,2.3858211821427098,113.37241704475932,-21.803964046888776,14.0,55.7
15.023388,49,2,-1.8500198125839233,1.441681981086731,1.892400860786438,0.0,3.0136690693320105,142.07145463121068,38.898241530949107,15.100000000000001,62.800000000000004
15.312833,50,0,-0.11562623083591461,0.04110974073410034,-0.02661338821053505,0.0,0.12556953640349958,160.42766953809715,-12.236149825656804,35.1,53.6
15.312833,50,1,-1.8500198125839233,1.4814598560333252,1.8614253997802734,0.0,3.0136690480108275,141.31293298979327,38.145518176897525,14.600000000000001,62.800000000000004
15.312833,50,2,1.4800158739089966,4.724265098571777,3.4379756450653076,0.0,6.0273380728699992,72.6052906849062,34.777915456917889,11.8,69.9
15.312833,50,3,3.7000396251678467,4.02114200592041,-2.5434088706970215,0.0,6.0273381308111578,47.3813992167736,-24.959580149015423,11.8,69.9
15.312833,50,4,-0.16187672317028046,2.4516537189483643,0.9574704170227051,0.17052115499973297,2.6369603012960443,93.777617441146973,21.290470018951712,30.6,41.800000000000004
15.312833,50,5,0.42396286129951477,2.2060189247131348,-1.6078890562057495,-0.08526057749986649,2.7625298588467753,79.121274332172774,-35.593801094419319,22.400000000000002,55.400000000000006
15.610434,51,0,-0.11562623083591461,0.04109663888812065,-0.026633618399500847,0.0,0.12556953696765402,160.43343346300696,-12.245595292205849,35.1,53.6
15.610434,51,1,-0.8787593245506287,2.036855936050415,-0.8781474828720093,0.0,2.385821254072261,113.3367825299015,-21.59659323019925,14.200000000000001,55.5
15.610434,51,2,0.3545871376991272,2.2088563442230225,-1.8265647888183594,0.0,2.8880992564984695,80.880131196531622,-39.230763334694437,17.1,61.300000000000004
15.610434,51,3,1.4800158739089966,4.716070652008057,3.4492077827453613,0.0,6.0273380285417444,72.576894024771889,34.908011777503752,11.3,70.4
15.610434,51,4,3.7000396251678467,4.139369010925293,-2.3460891246795654,0.0,6.0273379876493225,48.207565623948518,-22.907301697439554,11.3,70.4
15.910528,52,0,-0.11562623083591461,0.041144490242004395,-0.026559635996818542,0.0,0.12556953690636158,160.41238410508674,-12.211054381851207,35.300000000000004,53.400000000000006
15.910528,52,1,-1.8500198125839233,1.5228230953216553,1.8277411460876465,0.0,3.0136690567645057,140.5408785353406,37.335683217035808,15.0,62.7
15.910528,52,2,1.4800158739089966,4.7952961921691895,3.338186502456665,0.0,6.0273378603525121,72.847728969858011,33.630919076562577,11.8,69.9
15.910528,52,3,3.7000396251678467,4.076392650604248,-2.45388126373291,0.0,6.0273380132702,47.7707600721388,-24.024372561352049,11.8,69.9
15.910528,52,4,-0.16958513855934143,2.5852887630462646,0.9586942791938782,0.17052115499973297,2.7625299687989893,93.753009119521323,20.306062506606459,35.7,40.5
16.211607,53,0,-0.11562623083591461,0.04114340618252754,-0.02656131237745285,0.0,0.12556953629297707,160.41286091169707,-12.211837061346799,34.800000000000004,53.900000000000006
16.211607,53,1,0.48563018441200256,1.5988978147506714,-2.0399138927459717,0.0,2.6369602931869358,73.104990424410232,-50.676952413740487,18.0,58.400000000000006
16.211607,53,2,-1.8500198125839233,1.3380942344665527,1.9670108556747437,0.0,3.0136690584083667,144.1222945388003,40.745206483599972,14.600000000000001,63.0
16.211607,53,3,1.4800158739089966,4.695673942565918,3.476923942565918,0.0,6.0273377924506013,72.505820599934921,35.229922050532075,11.600000000000001,70.2
16.211607,53,4,3.7000396251678467,4.11555290222168,-2.3876211643218994,0.0,6.0273380312635005,48.043245260139862,-23.336589566655761,11.600000000000001,70.2
16.509061,54,0,-0.11562623083591461,0.041093263775110245,-0.026638822630047798,0.0,0.12556953633794363,160.4349183509274,-12.248025276595362,34.5,54.2
16.509061,54,1,-0.8787593245506287,1.9869557619094849,-0.9858658909797668,0.0,2.3858211804884513,113.85808914255544,-24.407188587135813,14.100000000000001,56.0
16.509061,54,2,-1.8500198125839233,1.4167908430099487,1.9111074209213257,0.0,3.0136690551702019,142.55421608120318,39.356704218745634,14.5,63.1
16.509061,54,3,-2.374191999435425,1.899034857749939,1.7660020589828491,0.0,3.5159471431556213,141.34488236759944,30.151187135750035,11.9,70.10000000000001
16.509061,54,4,-1.0791782140731812,2.4548959732055664,-2.2739269733428955,0.0,3.5159470611895549,113.73040693019135,-40.296759740133993,11.9,70.10000000000001
16.509061,54,5,1.4800158739089966,4.806934356689453,3.3214058876037598,0.0,6.0273378839047158,72.886827892601474,33.439548220751696,11.5,70.2
16.509061,54,6,3.7000396251678467,4.11757755279541,-2.384127616882324,0.0,6.0273379384831118,48.057255363123438,-23.300426453456584,11.5,70.2
16.813495,55,0,-0.11562623083591461,0.041098158806562424,-0.026631267741322517,0.0,0.12556953586009484,160.43276478069112,-12.244497856750405,35.0,53.7
16.813495,55,1,-0.8787593245506287,2.0758819580078125,-0.7814341187477112,0.0,2.3858212707598274,112.94384143297749,-19.119079416041558,15.200000000000001,55.300000000000004
16.813495,55,2,-1.8500198125839233,1.2821143865585327,2.00394868850708,0.0,3.0136690185457766,145.27698089035897,41.678730820664377,15.200000000000001,62.2
16.813495,55,3,-2.374191999435425,1.8558586835861206,1.811321496963501,0.0,3.515947193714275,141.98596727375269,31.009027486407746,11.9,70.5
16.813495,55,4,-1.0791782140731812,2.8409674167633057,-1.76809561252594,0.0,3.5159470382635787,110.79992824918349,-30.190650603741361,11.9,70.5
16.813495,55,5,1.4800158739089966,4.888036251068115,3.200852394104004,0.0,6.027337839180742,73.154562721761366,32.076815135487649,11.8,69.8
16.813495,55,6,3.7000396251678467,4.059689044952393,-2.4814186096191406,0.0,6.0273382753652447,47.653656909679093,-24.311289627110138,11.8,69.8
17.115509,56,0,-0.11562623083591461,0.041091471910476685,-0.026641588658094406,0.0,0.12556953678068902,160.4357066965797,-12.249316735830936,35.9,52.800000000000004
17.115509,56,1,-0.8787593245506287,1.9824556112289429,-0.994884192943573,0.0,2.3858211916123939,113.90618211055488,-24.64524358857534,14.9,54.800000000000004
17.115509,56,2,0.42396286129951477,2.370100736618042,-1.3544182777404785,0.0,2.7625297972250258,79.858213535014755,-29.359109821646882,18.5,59.400000000000006
17.115509,56,3,-1.8500198125839233,1.4352471828460693,1.89728581905365,0.0,3.0136690697557875,142.19565504320394,39.017675407880212,14.700000000000001,62.6
17.115509,56,4,1.4800158739089966,4.92544412612915,3.1429851055145264,0.0,6.0273379032645016,73.275331372400871,31.4298964756704,11.5,69.9
17.115509,56,5,3.7000396251678467,4.050920486450195,-2.4957075119018555,0.0,6.02733821851051,47.591972595545073,-24.460424982606906,11.5,69.9
17.115509,56,6,2.6594033241271973,2.583118200302124,0.6678404808044434,0.25578173995018005,3.7670859540116655,44.166334908869935,10.211544871004904,16.1,47.5
17.115509,56,7,1.7343934774398804,2.602762222290039,-2.0996298789978027,0.25578173995018005,3.7670860819931513,56.321841770014956,-33.87354426231191,16.1,47.5
17.115509,56,8,0.5087554454803467,2.1030938625335693,-1.7174794673919678,-0.25578173995018005,2.7625299308505729,76.400939583727151,-38.440770885063969,16.3,40.900000000000006
17.115509,56,9,0.31219086050987244,3.3738975524902344,0.11836714297533035,-0.25578173995018005,3.390377354900429,84.71340524931874,2.00075552557939,11.9,45.1
17.404668,57,0,-0.11562623083591461,0.04109044373035431,-0.02664317563176155,0.0,0.12556953703435605,160.43615905640192,-12.250057697145017,35.300000000000004,53.400000000000006
17.404668,57,1,-1.4183485507965088,2.3184995651245117,0.9767113924026489,0.0,2.8880993731307494,121.45632607377229,19.766322568270269,18.3,60.800000000000004
17.404668,57,2,-0.3545871376991272,2.5973591804504395,1.212068796157837,0.0,2.8880992914218422,97.7738673255459,24.81419573561255,18.3,60.800000000000004
17.720545,58,0,-0.11562623083591461,0.04109484702348709,-0.026636382564902306,0.0,0.12556953685248604,160.43422179413685,-12.246885925118482,35.2,53.5
17.720545,58,1,-0.8787593245506287,2.0403082370758057,-0.87009596824646,0.0,2.385821168219195,113.30151072600675,-21.388785767852458,14.8,55.300000000000004
17.720545,58,2,-1.8500198125839233,1.4731101989746094,1.8680402040481567,0.0,3.0136690543615345,141.47083824918661,38.305604055779675,14.4,62.6
17.720545,58,3,-0.5550059676170349,2.961409091949463,0.06500830501317978,0.0,3.0136691115137624,100.61482864788275,1.2360316586864328,14.4,62.6
17.720545,58,4,0.42396286129951477,2.3288533687591553,-1.4241727590560913,0.08526057749986649,2.7625297407592875,79.6824134371308,-31.033027936548564,21.200000000000003,56.400000000000006
18.014972,59,0,-0.11562623083591461,0.041111644357442856,-0.026610448956489563,0.0,0.12556953672272192,160.42683210705079,-12.234777477604025,34.0,54.7
18.014972,59,1,-0.8787593245506287,1.9691166877746582,-1.0210310220718384,0.0,2.3858212063334463,114.04981266209987,-25.338032693336864,13.200000000000001,56.300000000000004
18.014972,59,2,-1.8500198125839233,1.3662114143371582,1.9475867748260498,0.0,3.013669056332418,143.55469773179249,40.259539402391084,14.600000000000001,62.900000000000006
18.014972,59,3,-2.374191999435425,1.9857341051101685,1.6679198741912842,0.0,3.5159471402600939,140.09145837177843,28.319449941519313,12.600000000000001,69.8
18.014972,59,4,-1.0791782140731812,2.70235013961792,-1.9734644889831543,0.0,3.5159470963171096,111.76919972340251,-34.145028179083234,12.600000000000001,69.8
18.304537,60,0,-0.11562623083591461,0.041145097464323044,-0.02655869536101818,0.0,0.12556953691858636,160.41211702907844,-12.210615245483909,35.5,53.2
18.304537,60,1,-0.8787593245506287,2.008916139602661,-0.9403089880943298,0.0,2.3858212421578693,113.62599063654477,-23.211340323526276,14.5,55.1
18.304537,60,2,-0.2659403383731842,2.785191535949707,0.7163106203079224,0.0,2.8880992123308111,95.454276217967575,14.360463971584087,18.2,60.7
18.304537,60,3,1.4800158739089966,4.911562919616699,3.1646335124969482,0.0,6.0273379338473383,73.230713673238071,31.671382889292548,11.700000000000001,70.10000000000001
18.304537,60,4,3.7000396251678467,4.050476551055908,-2.4964280128479004,0.0,6.0273382468381262,47.588845762996662,-24.467949489387728,11.700000000000001,70.10000000000001
18.603051,61,0,-0.11562623083591461,0.04109150916337967,-0.02664152905344963,0.0,0.12556953632529719,160.43569030677872,-12.249288950507491,34.7,54.0
18.603051,61,1,-0.8787593245506287,2.0743184089660645,-0.7855749130249023,0.0,2.3858211911696703,112.95934348910829,-19.224360777021069,13.8,55.900000000000006
18.603051,61,2,0.25437772274017334,2.621721029281616,-0.8327311873435974,0.0,2.7625297123431292,84.458109925517491,-17.543987912139048,18.1,60.300000000000004
18.603051,61,3,-2.374191999435425,1.88555908203125,1.7803829908370972,0.0,3.5159471406828287,141.54375541861845,30.422580910300958,11.700000000000001,70.8
18.603051,61,4,-1.0791782140731812,2.8123903274536133,-1.813206672668457,0.0,3.5159470146027854,110.992945384754,-31.04487925930864,11.700000000000001,70.8
18.603051,61,5,1.4800158739089966,4.797726631164551,3.3346924781799316,0.0,6.0273378649647622,72.855908445366438,33.591037281182089,11.5,70.10000000000001
18.603051,61,6,3.7000396251678467,4.052628040313721,-2.4929332733154297,0.0,6.0273380165834762,47.603996167841181,-24.431456990425932,11.5,70.10000000000001
18.909385,62,0,-0.11562623083591461,0.04109856113791466,-0.026630649343132973,0.0,0.125569536390655,160.43258777747729,-12.244209068849187,35.0,53.7
18.909385,62,1,-0.8787593245506287,2.0515260696411133,-0.8433061838150024,0.0,2.3858211342350066,113.18759133994311,-20.6994462751356,14.0,55.6
18.909385,62,2,0.0,2.5804755687713623,0.5428675413131714,0.0,2.6369602440001429,90,11.880355840031472,15.0,58.300000000000004
18.909385,62,3,-1.8500198125839233,1.4656744003295898,1.8738800287246704,0.0,3.013669045663065,141.61204691408665,38.447228934504793,14.9,62.7
19.203083,63,0,-0.11562623083591461,0.041124504059553146,-0.02659057080745697,0.0,0.12556953670110754,160.42117516877511,-12.225496702719276,35.6,53.1
19.203083,63,1,-0.8787593245506287,2.0405163764953613,-0.8696079850196838,0.0,2.3858212591978534,113.29938740462472,-21.376199659912565,14.8,55.0
19.203083,63,2,-0.25437772274017334,2.5642855167388916,0.9956416487693787,0.0,2.7625297337671366,95.665220020479509,21.125340023238412,17.8,59.1
19.203083,63,3,-1.8500198125839233,1.532462239265442,1.819666862487793,0.0,3.0136690780780286,140.36337907810494,37.142861480842754,15.5,62.2
19.203083,63,4,-2.374191999435425,1.8215563297271729,1.8458139896392822,0.0,3.5159471550210184,142.50342180938961,31.667127632416907,11.9,70.5
19.203083,63,5,-1.0791782140731812,2.713300943374634,-1.958380937576294,0.0,3.515947030845326,111.68951037889639,-33.848550014004225,11.9,70.5
19.4995,64,0,-0.11562623083591461,0.0411016084253788,-0.026625944301486015,0.0,0.12556953604445314,160.43124715464651,-12.242012289587132,35.5,53.2
19.4995,64,1,-0.8787593245506287,2.04685378074646,-0.8545841574668884,0.0,2.38582112331041,113.23491127857231,-20.989256469873094,14.600000000000001,55.0
19.4995,64,2,-0.2659403383731842,2.5089914798736572,1.4054731130599976,0.0,2.8880992332652298,96.050469909512529,29.120169803753754,19.5,60.7
19.4995,64,3,-1.3297016620635986,2.554611921310425,0.21672579646110535,0.0,2.8880994874567145,117.4974389020426,4.3035765347837991,19.5,60.7
19.4995,64,4,1.4800158739089966,4.912313461303711,3.1634678840637207,0.0,6.0273376861289965,73.2331320157643,31.658365877369338,11.3,70.4
19.4995,64,5,3.7000396251678467,4.071272850036621,-2.4623661041259766,0.0,6.027337942906974,47.734922849739156,-24.112709795569206,11.3,70.4
19.814768,65,0,-0.11562623083591461,0.04111094027757645,-0.026611536741256714,0.0,0.12556953673386681,160.42714184080711,-12.235285354514049,34.800000000000004,53.900000000000006
19.814768,65,1,-0.8787593245506287,2.037684917449951,-0.8762217164039612,0.0,2.3858210891820022,113.32830371800873,-21.546864042654992,13.8,55.7
19.814768,65,2,0.2659403383731842,2.758868932723999,-0.8118097186088562,0.0,2.8880992141461292,84.4940023645761,-16.325144198415515,17.7,61.1
19.814768,65,3,-1.7729356288909912,1.5749486684799194,1.6484397649765015,0.0,2.8880993250394886,138.38441226699285,34.803921072304405,17.7,61.1
19.814768,65,4,1.4800158739089966,4.814219951629639,3.3108365535736084,0.0,6.02733767215432,72.911216277651064,33.319230469481958,11.4,70.2
19.814768,65,5,3.7000396251678467,4.149885654449463,-2.327436685562134,0.0,6.027338193441456,48.279791797456383,-22.71494656858798,11.4,70.2
19.814768,65,6,0.5550059676170349,2.074944019317627,-2.113948106765747,0.25578173995018005,3.0136690106066717,75.025086396260278,-44.543719977538579,16.6,41.0
20.110111,66,0,-0.11562623083591461,0.04107586666941643,-0.026665642857551575,0.0,0.12556953686691044,160.44257267726255,-12.260548287384648,34.7,54.0
20.110111,66,1,0.08479256927967072,2.156836748123169,-1.7240755558013916,0.0,2.7625298296980345,87.748667906656422,-38.615647698657796,19.700000000000003,60.1
20.110111,66,2,1.4800158739089966,4.974194526672363,3.0652477741241455,0.0,6.0273378943753384,73.4302160235873,30.567791933421915,11.3,70.4
20.411545,67,0,-0.11562623083591461,0.041106387972831726,-0.026618564501404762,0.0,0.12556953597751574,160.4291444867398,-12.23856665794084,35.6,53.1
20.411545,67,1,-0.8787593245506287,2.0736212730407715,-0.7874130010604858,0.0,2.3858211099600464,112.9662617429403,-19.271116896716109,14.8,55.0
20.411545,67,2,0.5087554454803467,2.076312303543091,-1.749761939048767,0.0,2.7625299506962859,76.232165207588153,-39.30075871595082,22.1,59.2
20.411545,67,3,1.4800158739089966,4.837605953216553,3.2765722274780273,0.0,6.0273380449000173,72.98904674132497,32.93030451348433,11.600000000000001,70.10000000000001
20.411545,67,4,3.7000396251678467,4.092212200164795,-2.42740797996521,0.0,6.0273380044749931,47.881181324197591,-23.749143716861528,11.600000000000001,70.10000000000001
20.713343,68,0,-0.11562623083591461,0.04108920320868492,-0.02664508856832981,0.0,0.12556953700025716,160.43670484174021,-12.250950887652133,35.0,53.7
20.713343,68,1,-0.8787593245506287,2.054809093475342,-0.8352751135826111,0.0,2.3858212163705974,113.15445037381168,-20.493408754686889,14.3,55.6
20.713343,68,2,-1.7575188875198364,1.6168409585952759,1.838247299194336,0.0,3.0136689364254203,137.38729330851055,37.5873255969261,14.4,62.900000000000006
20.713343,68,3,-0.5550059676170349,2.9621212482452393,-0.0026598842814564705,0.0,3.0136690243589865,100.61233459466206,-0.050569641813783567,14.4,62.900000000000006
20.713343,68,4,-2.374191999435425,2.014517307281494,1.633039116859436,0.0,3.5159471538566827,139.68517908391436,27.675690155020714,12.5,69.7
20.713343,68,5,-1.0791782140731812,2.772702693939209,-1.8733333349227905,0.0,3.5159470460234283,111.26674712996657,-32.195543160563659,12.5,69.7
20.713343,68,6,1.4800158739089966,4.6772379875183105,3.50168514251709,0.0,6.027337805053893,72.441094533124513,35.51859415446603,11.4,70.2
20.713343,68,7,3.7000396251678467,4.032844066619873,-2.524812936782837,0.0,6.0273381238511341,47.464349751254588,-24.764751039110969,11.4,70.2
20.996795,69,0,-0.11562623083591461,0.04108820855617523,-0.02664661779999733,0.0,0.12556953603424317,160.437142456077,-12.251665013422894,34.300000000000004,54.400000000000006
20.996795,69,1,-0.8787593245506287,2.0733389854431152,-0.7881562113761902,0.0,2.3858211820196904,112.96906423706895,-19.290025115553284,13.4,56.2
20.996795,69,2,-1.8500198125839233,1.4146735668182373,1.9126752614974976,0.0,3.0136690700127993,142.59557098770119,39.395265116013888,14.200000000000001,63.2
20.996795,69,3,-2.482109785079956,1.8481440544128418,1.6689453125,0.0,3.5159470825322336,143.32914850849176,28.338434541248798,12.600000000000001,69.7
20.996795,69,4,-1.1870959997177124,2.711284637451172,-1.897794246673584,0.0,3.5159471413165306,113.64549843892328,-32.6678177695678,12.600000000000001,69.7
21.310045,70,0,-0.11562623083591461,0.04110690578818321,-0.02661776915192604,0.0,0.12556953689260786,160.42891668735325,-12.238195220348452,34.7,54.0
21.310045,70,1,-0.8787593245506287,2.0473525524139404,-0.853388786315918,0.0,2.3858212097662115,113.22985112999712,-20.958511711091763,13.8,55.800000000000004
21.310045,70,2,0.42396286129951477,2.3075573444366455,-1.458425760269165,0.0,2.762529837638223,79.589267134864969,-31.865782286206727,19.8,60.1
21.595189,71,0,-0.11562623083591461,0.04110831394791603,-0.02661559358239174,0.0,0.12556953673046536,160.42829720738624,-12.237179470158877,34.5,54.2
21.595189,71,1,-0.8787593245506287,2.070998430252075,-0.7942860126495361,0.0,2.38582118325786,112.99232573650673,-19.44606362554423,13.200000000000001,56.1
21.595189,71,2,-0.0886467844247818,2.8334641456604004,0.5520336031913757,0.0,2.8880994470731665,91.7919515486583,11.019366744809437,17.1,61.5
21.595189,71,3,-1.8615823984146118,1.4560778141021729,1.6599597930908203,0.0,2.8880993995161903,141.96847421209932,35.082724330295875,17.1,61.5
21.929366,72,0,-0.11562623083591461,0.041095662862062454,-0.026635119691491127,0.0,0.12556953597259396,160.43386286487009,-12.246296360952146,35.2,53.5
21.929366,72,1,-0.8787593245506287,2.0619378089904785,-0.8175190687179565,0.0,2.3858212226289308,113.08279589033613,-20.038854347987595,14.100000000000001,55.5
21.929366,72,2,-0.2659403383731842,2.7596852779388428,0.8090307116508484,0.0,2.8880993385340314,95.504378905281328,16.26770418182392,16.400000000000002,61.2
21.929366,72,3,1.4800158739089966,4.769528865814209,3.3749001026153564,0.0,6.0273379937988159,72.760542995599124,34.051103080248467,11.3,70.3
21.929366,72,4,3.7000396251678467,4.045618057250977,-2.504293203353882,0.0,6.02733798134233,47.554600818682054,-24.550120901684625,11.3,70.3
22.210519,73,0,-0.11562623083591461,0.041089944541454315,-0.026643941178917885,0.0,0.12556953611957655,160.43637868128897,-12.250415236204729,36.0,52.7
22.210519,73,1,-0.8787593245506287,2.0703377723693848,-0.7960065007209778,0.0,2.3858211985339888,112.99889972013187,-19.48988668525277,14.8,54.800000000000004
22.210519,73,2,0.0,2.745847225189209,0.8952318429946899,0.0,2.8880992082667363,90,18.057583887526857,20.200000000000003,60.6
22.210519,73,3,1.4800158739089966,4.904248237609863,3.175956964492798,0.0,6.0273377542188866,73.207109292750161,31.797946509956365,11.5,70.10000000000001
22.210519,73,4,3.7000396251678467,4.129549503326416,-2.363330841064453,0.0,6.027338134911802,48.139942823981286,-23.085350231118902,11.5,70.10000000000001
22.510382,74,0,-0.11562623083591461,0.041091375052928925,-0.026641733944416046,0.0,0.12556953590989228,160.43574931007785,-12.249384658796707,35.1,53.6
22.510382,74,1,-0.8787593245506287,2.0649261474609375,-0.8099413514137268,0.0,2.385821229196027,113.05288308339827,-19.84526651549891,14.200000000000001,55.5
22.510382,74,2,0.08479256927967072,1.0799920558929443,-2.541259288787842,0.0,2.7625298900550206,85.510790365651445,-66.911892375613718,18.6,59.800000000000004
22.510382,74,3,-1.0791782140731812,2.848907470703125,-1.7552733421325684,0.0,3.5159470843514544,110.74689980683662,-29.949203413089847,11.5,71.0
22.510382,74,4,-2.374191999435425,1.9149917364120483,1.7486861944198608,0.0,3.515947156494851,141.11081337140993,29.825392925999076,11.5,71.0
22.808947,75,0,-0.11562623083591461,0.04105473682284355,-0.026698162779211998,0.0,0.12556953678619054,160.45187030087669,-12.275733492293956,35.0,53.7
22.808947,75,1,-0.8787593245506287,2.069162607192993,-0.7990561723709106,0.0,2.385821160962077,113.0106021824855,-19.567595503237914,14.3,55.400000000000006
22.808947,75,2,-0.3545871376991272,2.8662490844726562,0.001173939905129373,0.0,2.8880992418192455,97.052298567447991,0.023289297972918406,16.6,61.2
22.808947,75,3,-1.5069953203201294,2.097234010696411,1.292939305305481,0.0,2.8880992777763619,125.69963614201454,26.594821834959067,16.6,61.2
22.808947,75,4,-2.374191999435425,2.0131664276123047,1.6347039937973022,0.0,3.515947079064945,139.70413855415683,27.706330902032949,12.4,70.0
22.808947,75,5,-1.0791782140731812,2.8838140964508057,-1.697313904762268,0.0,3.5159470775194976,110.51680727720004,-28.864985764480956,12.4,70.0
23.11262,76,0,-0.11562623083591461,0.041090574115514755,-0.026642970740795135,0.0,0.1255695362273736,160.43610169179118,-12.24996210971147,34.800000000000004,53.900000000000006
23.11262,76,1,-0.8787593245506287,2.0588583946228027,-0.8252431750297546,0.0,2.385821061506217,113.11369721541884,-20.236429198671207,14.0,55.7
23.11262,76,2,-0.1772935688495636,1.8736578226089478,2.190682888031006,0.0,2.8880994030142011,95.405478526426663,49.333950141654469,17.1,61.5
23.11262,76,3,0.5318806767463684,1.600450873374939,-2.3445208072662354,0.0,2.8880993521842524,71.616713335100613,-54.270871560404423,17.1,61.5
23.11262,76,4,-1.0791782140731812,2.836577892303467,-1.7751293182373047,0.0,3.5159470777161306,110.82935546742571,-30.323348263338897,12.0,70.60000000000001
23.11262,76,5,-2.374191999435425,1.6374293565750122,2.0109505653381348,0.0,3.515947201564694,145.40680261636751,34.886408085266289,12.0,70.60000000000001
23.11262,76,6,1.4800158739089966,4.965545654296875,3.0792391300201416,0.0,6.0273380734596591,73.402941507005167,30.722382673420164,11.4,70.10000000000001
23.11262,76,7,3.7000396251678467,4.184289932250977,-2.265001058578491,0.0,6.0273381571229923,48.514653837856926,-22.073021415048782,11.4,70.10000000000001
23.412628,77,0,-0.11562623083591461,0.04108786582946777,-0.026647144928574562,0.0,0.12556953575045587,160.43729324508789,-12.251911169282401,35.0,53.7
23.412628,77,1,-0.8787593245506287,2.061016082763672,-0.8198396563529968,0.0,2.385821096818491,113.09203704061444,-20.098187086328505,14.200000000000001,55.6
23.412628,77,2,-0.2659403383731842,2.6764986515045166,1.0520212650299072,0.0,2.8880993814539457,95.674357363279157,21.362095470191665,18.0,61.300000000000004
23.412628,77,3,-2.374191999435425,1.8918921947479248,1.7736517190933228,0.0,3.5159471195360714,141.45015543820534,30.295456563258544,12.3,70.10000000000001
23.412628,77,4,-1.0791782140731812,2.6373915672302246,-2.059471845626831,0.0,3.5159471241127713,112.25358853011527,-35.856108731255375,12.3,70.10000000000001
23.70087,78,0,-0.11562623083591461,0.041104331612586975,-0.0266217403113842,0.0,0.12556953608198329,160.43004913526448,-12.240049431907121,34.9,53.800000000000004
23.70087,78,1,-0.8787593245506287,2.0582754611968994,-0.8266966342926025,0.0,2.3858212736499569,113.11955564374742,-20.273633086281837,14.100000000000001,55.5
23.70087,78,2,-0.1772935688495636,2.464932441711426,1.4945878982543945,0.0,2.8880993641779975,94.113991039787535,31.1646236765151,18.2,61.2
24.008058,79,0,-0.11562623083591461,0.04107344150543213,-0.026669375598430634,0.0,0.12556953631048628,160.44363975133925,-12.262291303702137,35.300000000000004,53.400000000000006
24.008058,79,1,-0.8787593245506287,2.053335189819336,-0.8388915657997131,0.0,2.385821118903297,113.16931783112301,-20.586155112942798,14.4,55.300000000000004
24.008058,79,2,-0.1772935688495636,2.736330032348633,0.906742513179779,0.0,2.8880992089428066,93.707152983119371,18.297934496264144,18.5,61.0
24.008058,79,3,1.4800158739089966,4.8341965675354,3.281599998474121,0.0,6.027337885881213,72.97774290212395,32.987266607972145,11.4,70.2
24.008058,79,4,3.7000396251678467,4.109094142913818,-2.3987200260162354,0.0,6.0273381908063026,47.99850119058744,-23.451544356366131,11.4,70.2
24.314028,80,0,-0.11562623083591461,0.04108613356947899,-0.026649821549654007,0.0,0.12556953698105955,160.43805538951256,-12.253160823186965,35.2,53.5
24.314028,80,1,-0.8787593245506287,2.0376574993133545,-0.87628573179245,0.0,2.3858211833110334,113.32858405736994,-21.548516001401303,14.100000000000001,55.5
24.314028,80,2,0.33917027711868286,2.1046807765960693,-1.7569444179534912,0.0,2.7625298796631559,80.845463430373968,-39.493531347676168,18.400000000000002,59.6
24.314028,80,3,-1.8500198125839233,1.3529777526855469,1.956803321838379,0.0,3.0136690837868714,143.82081967031246,40.489545240943521,15.3,62.6
24.314028,80,4,-2.374191999435425,1.9265815019607544,1.735909104347229,0.0,3.5159471486977925,140.94176605325455,29.5856748506689,11.5,70.8
24.314028,80,5,-1.0791782140731812,2.8490424156188965,-1.7550543546676636,0.0,3.5159471115993295,110.74600079735133,-29.945084668743576,11.5,70.8
24.610895,81,0,-0.11562623083591461,0.04108979552984238,-0.026644175872206688,0.0,0.12556953715735975,160.43644424107268,-12.250524716215406,34.7,54.0
24.610895,81,1,-0.8787593245506287,2.036731719970703,-0.8784350752830505,0.0,2.3858210811179941,113.33805351177595,-21.604023090879643,14.100000000000001,55.6
24.610895,81,2,0.0,2.8878989219665527,-0.03403126448392868,0.0,2.8880994287693684,90,-0.67514744509592328,19.1,61.300000000000004
24.610895,81,3,1.4800158739089966,4.901207447052002,3.180647850036621,0.0,6.0273379009313217,73.197277701136741,31.850426581153286,11.5,70.0
24.610895,81,4,3.7000396251678467,4.11317253112793,-2.391719341278076,0.0,6.027337961827028,48.026763902590972,-23.379024730299328,11.5,70.0
24.916294,82,0,-0.11562623083591461,0.04112950339913368,-0.026582835242152214,0.0,0.12556953626055553,160.41897608390221,-12.221885227589112,34.800000000000004,53.900000000000006
24.916294,82,1,-0.8787593245506287,2.0440258979797363,-0.8613263964653015,0.0,2.3858212387654794,113.26364018753451,-21.162779156369648,14.200000000000001,55.6
24.916294,82,2,0.3545871376991272,1.9190319776535034,-2.129014253616333,0.0,2.8880992818080005,79.531304920780286,-47.490724672590638,18.5,61.300000000000004
24.916294,82,3,1.4800158739089966,4.9017462730407715,3.1798176765441895,0.0,6.0273380499483009,73.199020667335887,31.841135669383274,11.9,69.7
24.916294,82,4,3.7000396251678467,4.07978630065918,-2.448235273361206,0.0,6.0273381720779993,47.794487520004779,-23.965624280919194,11.9,69.7
25.211333,83,0,-0.11562623083591461,0.04113126918673515,-0.026580102741718292,0.0,0.12556953620999076,160.41819937229786,-12.220609516485951,34.7,54.0
25.211333,83,1,-0.8787593245506287,2.0376157760620117,-0.8763825297355652,0.0,2.3858211038900592,113.32901067295133,-21.551016074001112,14.0,55.7
25.211333,83,2,0.5318806767463684,1.7759333848953247,-2.2145612239837646,0.0,2.888099350204977,73.327378537199507,-50.06636391380826,16.5,61.400000000000006
25.211333,83,3,-1.8615823984146118,1.3832828998565674,1.721091866493225,0.0,2.88809934386472,143.38512915628874,36.578632628832793,16.5,61.400000000000006
25.211333,83,4,-2.374191999435425,2.005805492401123,1.6437278985977173,0.0,3.5159472021289169,139.80763576369239,27.872554398902604,11.4,70.60000000000001
25.211333,83,5,-1.0791782140731812,2.8362138271331787,-1.7757107019424438,0.0,3.5159469546545408,110.83179972116517,-30.334325867836551,11.4,70.60000000000001
25.211333,83,6,1.4800158739089966,4.952497482299805,3.1001813411712646,0.0,6.0273379403643013,73.361628125481758,30.9542404599719,11.5,70.10000000000001
25.211333,83,7,3.7000396251678467,4.051924228668213,-2.494077205657959,0.0,6.0273380766689471,47.599041016913645,-24.443400975373844,11.5,70.10000000000001
25.510017,84,0,-0.11562623083591461,0.041117142885923386,-0.026601949706673622,0.0,0.12556953621248285,160.4244132748652,-12.230809329877793,34.7,54.0
25.510017,84,1,-0.8787593245506287,2.0423130989074707,-0.8653795123100281,0.0,2.3858211258976763,113.28107343311049,-21.267192378947843,13.9,55.900000000000006
25.510017,84,2,0.3545871376991272,2.2012486457824707,-1.835726022720337,0.0,2.8880993177647905,80.849144543454216,-39.46578690204101,18.1,61.6
25.510017,84,3,1.4800158739089966,4.901539325714111,3.1801369190216064,0.0,6.02733818300158,73.198351286458291,31.844707246527619,11.3,70.2
25.510017,84,4,3.7000396251678467,4.099722385406494,-2.4147021770477295,0.0,6.0273380085286723,47.93343858065473,-23.6172548916841,11.3,70.2
25.810359,85,0,-0.11562623083591461,0.04109025001525879,-0.02664346992969513,0.0,0.1255695360886997,160.436244283899,-12.250195204040056,35.0,53.7
25.810359,85,1,-0.8787593245506287,2.0465171337127686,-0.8553903698921204,0.0,2.3858212451834655,113.23832781417264,-21.009994040393675,14.0,55.7
25.810359,85,2,0.0,2.724207878112793,0.9590669870376587,0.0,2.8880993834695681,90,19.394797142613285,18.400000000000002,61.400000000000006
26.107857,86,0,-0.11562623083591461,0.04109873250126839,-0.026630384847521782,0.0,0.1255695363838624,160.4325123873376,-12.244085574372525,34.800000000000004,53.900000000000006
26.107857,86,1,-0.8787593245506287,2.0409297943115234,-0.8686370849609375,0.0,2.3858211922025063,113.2951710319148,-21.351163665422373,14.3,55.6
26.107857,86,2,-1.7575188875198364,1.5897608995437622,1.8617165088653564,0.0,3.013668979348755,137.86913248883005,38.152556982018616,15.200000000000001,62.6
26.107857,86,3,-0.46250495314598083,2.9708173274993896,0.20624016225337982,0.0,3.0136690975589011,98.848928854472248,3.9240983542680543,15.200000000000001,62.6
26.409652,87,0,-0.11562623083591461,0.041095245629549026,-0.02663576602935791,0.0,0.1255695365231706,160.43404642666985,-12.246598089452442,35.0,53.7
26.409652,87,1,-0.8787593245506287,2.061189651489258,-0.8194034695625305,0.0,2.3858211952747417,113.09029632054855,-20.087032299980535,14.200000000000001,55.400000000000006
26.409652,87,2,-1.8500198125839233,1.3986568450927734,1.924418568611145,0.0,3.0136690436232865,142.90989439647234,39.684774574171215,15.200000000000001,62.6
26.409652,87,3,-2.374191999435425,2.124455213546753,1.4872078895568848,0.0,3.5159472281747068,138.17744231896071,25.023455860730028,11.600000000000001,70.2
26.409652,87,4,-1.0791782140731812,2.5948965549468994,-2.1127634048461914,0.0,3.5159469497509117,112.5816869429124,-36.935012242381838,11.600000000000001,70.2
26.409652,87,5,1.2950139045715332,4.981939315795898,3.135606050491333,0.0,6.0273381905435146,75.428911285737939,31.347724157001835,11.200000000000001,70.3
26.409652,87,6,3.7000396251678467,4.083175182342529,-2.4425790309906006,0.0,6.0273381454955013,47.818160025046588,-23.906796947691344,11.200000000000001,70.3
26.711631,88,0,-0.11562623083591461,0.041101742535829544,-0.0266257394105196,0.0,0.12556953649655128,160.43118815464305,-12.241916580362521,35.5,53.2
26.711631,88,1,-0.3545871376991272,2.630202531814575,1.1390432119369507,0.0,2.8880991733742638,97.677960140136477,23.228060114944839,18.5,60.7
26.711631,88,2,-1.4183485507965088,2.379455804824829,0.8170647621154785,0.0,2.8880992649408634,120.79836926421005,16.433806572367537,18.5,60.7
27.017303,89,0,-0.11562623083591461,0.04115397855639458,-0.026544932276010513,0.0,0.12556953706165513,160.40821093889116,-12.204190028109965,35.300000000000004,53.400000000000006
27.017303,89,1,-0.8787593245506287,2.0853946208953857,-0.755681574344635,0.0,2.3858213087211859,112.84995180854344,-18.465800228788638,14.5,55.1
27.017303,89,2,-1.8500198125839233,1.4199455976486206,1.9087646007537842,0.0,3.0136690442590917,142.4926817212536,39.299122220306067,15.8,62.0
27.017303,89,3,-2.482109785079956,1.8156321048736572,1.7042579650878906,0.0,3.5159471180612387,143.81499903943231,28.994279703296456,12.200000000000001,70.10000000000001
27.017303,89,4,-1.0791782140731812,2.8107337951660156,-1.815773606300354,0.0,3.515947080710335,111.00423897590565,-31.093715208768554,12.200000000000001,70.10000000000001
27.30566,90,0,-0.11562623083591461,0.041096046566963196,-0.02663453109562397,0.0,0.12556953670153434,160.43369405394108,-12.246021466474087,35.4,53.300000000000004
27.30566,90,1,-0.8787593245506287,2.059424638748169,-0.8238294720649719,0.0,2.3858211987092734,113.10800919928863,-20.2002484444788,14.8,55.1
27.30566,90,2,-1.4183485507965088,2.301588296890259,1.0159214735031128,0.0,2.8880993300531572,121.64335741781736,20.595079841688158,17.900000000000002,60.7
27.30566,90,3,-0.3545871376991272,2.8505101203918457,0.2999618947505951,0.0,2.8880992231882132,97.090842208048343,5.9615682447898983,17.900000000000002,60.7
27.30566,90,4,-2.374191999435425,1.7087273597717285,1.9507299661636353,0.0,3.5159471328653988,144.25709478588348,33.69855625604513,11.9,70.5
27.30566,90,5,-1.0791782140731812,2.6471636295318604,-2.046895980834961,0.0,3.5159471064856467,112.17941567828686,-35.603655867336286,11.9,70.5
27.603341,91,0,-0.11562623083591461,0.04110328480601311,-0.026623357087373734,0.0,0.12556953620112743,160.43050965770769,-12.240804295320713,35.0,53.7
27.603341,91,1,-0.8787593245506287,2.0363430976867676,-0.8793361186981201,0.0,2.3858212782243964,113.34203074843661,-21.62729670991089,14.4,55.400000000000006
27.603341,91,2,-1.8500198125839233,1.4622310400009155,1.8765681982040405,0.0,3.0136690468274669,141.67762508851334,38.512514615997418,15.3,62.400000000000006
27.907279,92,0,-0.11562623083591461,0.041078004986047745,-0.026662349700927734,0.0,0.12556953708017138,160.44163182796188,-12.259010573568302,35.1,53.6
27.907279,92,1,-0.8787593245506287,1.9802796840667725,-0.9992081522941589,0.0,2.3858211394032414,113.92950168950001,-24.759544085036875,14.5,55.400000000000006
27.907279,92,2,0.0886467844247818,2.884636640548706,-0.11013802886009216,0.0,2.8880992340614204,88.239816898429339,-2.1855117298947175,19.5,60.7
28.207842,93,0,-0.11562623083591461,0.041097722947597504,-0.02663194201886654,0.0,0.1255695362119888,160.43295653461144,-12.244812648172866,35.6,53.1
28.207842,93,1,-0.8787593245506287,2.0501770973205566,-0.8465806245803833,0.0,2.3858212076300545,113.20123473394906,-20.783531488119159,14.8,55.1
28.207842,93,2,-0.2659403383731842,2.6037936210632324,1.220922827720642,0.0,2.8880993812389821,95.831723570413544,25.007864856094212,19.5,60.800000000000004
28.207842,93,3,1.4800158739089966,4.856664657592773,3.248255491256714,0.0,6.0273379131929161,73.051968569944819,32.610177490020391,11.600000000000001,69.9
28.207842,93,4,3.7000396251678467,4.141762733459473,-2.3418612480163574,0.0,6.027338207952714,48.224023159473525,-22.863676771214841,11.600000000000001,69.9
28.514671,94,0,-0.11562623083591461,0.041129257529973984,-0.026583217084407806,0.0,0.12556953656378558,160.41908423421341,-12.222063467911475,35.300000000000004,53.400000000000006
28.514671,94,1,-0.8787593245506287,2.0043814182281494,-0.94993656873703,0.0,2.3858210965717541,113.67356858580898,-23.46315019183778,14.600000000000001,55.2
28.514671,94,2,-0.1772935688495636,2.806856155395508,0.656690776348114,0.0,2.8880992473212816,93.614255734267658,13.142763748733742,19.3,60.900000000000006
28.514671,94,3,1.4800158739089966,4.909738063812256,3.167464017868042,0.0,6.0273379817924839,73.224830924024829,31.703003053539032,11.4,70.10000000000001
28.514671,94,4,3.7000396251678467,4.12629508972168,-2.3690083026885986,0.0,6.0273381134196358,48.117491668138385,-23.144031014958628,11.4,70.10000000000001
28.808971,95,0,-0.11562623083591461,0.04109823703765869,-0.026631148532032967,0.0,0.12556953618238378,160.43273036336913,-12.244442164982425,34.7,54.0
28.808971,95,1,-0.8787593245506287,2.0378079414367676,-0.8759360909461975,0.0,2.3858212825124894,113.32704592578507,-21.539487705839051,13.9,55.800000000000004
28.808971,95,2,-0.0886467844247818,2.7087748050689697,0.9978967905044556,0.0,2.8880992367757004,91.874380466990516,20.213557415350152,17.900000000000002,61.2
28.808971,95,3,1.4800158739089966,4.874791622161865,3.220987319946289,0.0,6.0273376926945863,73.111396433385,32.302983253417686,11.3,70.3
28.808971,95,4,3.7000396251678467,4.141103744506836,-2.3430261611938477,0.0,6.0273381390643364,48.219493474973696,-22.875695445766674,11.3,70.3
29.109715,96,0,-0.11562623083591461,0.04112805798649788,-0.02658507041633129,0.0,0.12556953603522725,160.41961187872343,-12.222928784988563,35.4,53.300000000000004
29.109715,96,1,-0.8787593245506287,1.98905611038208,-0.9816214442253113,0.0,2.385821204637085,113.83570509186686,-24.295303571113219,14.4,55.300000000000004
29.109715,96,2,-1.8500198125839233,1.3203198909759521,1.9789854288101196,0.0,3.0136690675823345,144.4853551903106,41.046383743697319,15.5,62.300000000000004
29.406054,97,0,-0.11562623083591461,0.04111756384372711,-0.02660130150616169,0.0,0.12556953673397425,160.424228096261,-12.230506643667939,35.2,53.5
29.406054,97,1,-0.8787593245506287,2.0497562885284424,-0.8475992679595947,0.0,2.3858213076197079,113.20549386345681,-20.809698334491525,14.600000000000001,55.1
29.406054,97,2,0.5318806767463684,2.5557198524475098,-1.235522985458374,0.0,2.8880993864627427,78.243764415662767,-25.327893227948653,17.3,60.6
29.406054,97,3,-1.6842888593673706,1.806497573852539,1.4969485998153687,0.0,2.8880992982605949,132.99495467062536,31.219371903849268,17.3,60.6
29.406054,97,4,-2.374191999435425,1.8947539329528809,1.7705942392349243,0.0,3.5159471094764054,141.40794025211261,30.237768546280741,12.0,70.2
29.406054,97,5,-1.0791782140731812,2.6208508014678955,-2.0804805755615234,0.0,3.5159470938246353,112.38021645000961,-36.279652308980616,12.0,70.2
29.715115,98,0,-0.11562623083591461,0.04110810533165932,-0.026615915820002556,0.0,0.12556953673648905,160.42838898189567,-12.237329920993565,35.300000000000004,53.400000000000006
29.715115,98,1,-0.8787593245506287,2.051891326904297,-0.8424172401428223,0.0,2.3858211949766064,113.18389976611716,-20.676626182082824,14.9,55.1
29.715115,98,2,0.2659403383731842,2.4773757457733154,-1.4604802131652832,0.0,2.8880992542444321,83.872898972468079,-30.377104759798808,17.3,60.400000000000006
30.00203,99,0,-0.11562623083591461,0.04111889377236366,-0.02659924514591694,0.0,0.12556953661105755,160.42364306576837,-12.229546575845163,35.7,53.0
30.00203,99,1,-0.8787593245506287,2.0313122272491455,-0.8908959031105042,0.0,2.3858212056303887,113.39363340499712,-21.926241027506297,14.700000000000001,55.0
30.00203,99,2,0.4432339072227478,2.448932409286499,-1.4653983116149902,0.0,2.8880994535247195,79.7410561612664,-30.490262114200661,19.400000000000002,60.6
30.00203,99,3,-1.5069953203201294,2.1362905502319336,1.2273327112197876,0.0,2.8880993394457786,125.20014525754436,25.148263414406294,19.400000000000002,60.6
30.00203,99,4,1.4800158739089966,4.869907855987549,3.2283670902252197,0.0,6.027338017904845,73.095425237441248,32.386016476541464,11.4,70.10000000000001
30.00203,99,5,3.7000396251678467,4.12333345413208,-2.374159336090088,0.0,6.0273380986071068,48.097043226177455,-23.197292987091519,11.4,70.10000000000001
30.311439,100,0,-0.11562623083591461,0.04112277179956436,-0.026593245565891266,0.0,0.12556953582588037,160.42193716077409,-12.226745570493565,35.0,53.7
30.311439,100,1,-0.8787593245506287,2.0517303943634033,-0.8428090214729309,0.0,2.3858211601701087,113.18552613860217,-20.686683259182118,14.200000000000001,55.5
30.311439,100,2,-1.9425207376480103,1.090230941772461,2.02983021736145,0.0,3.0136690319118107,150.69687888734447,42.340967215626335,15.200000000000001,62.5
30.311439,100,3,-2.374191999435425,1.7660123109817505,1.899025321006775,0.0,3.5159471416031227,143.35675749007254,32.691652281369336,12.3,70.10000000000001
30.311439,100,4,-1.0791782140731812,2.7610597610473633,-1.890451431274414,0.0,3.5159469899036568,111.34836745397186,-32.525788669464134,12.3,70.10000000000001
30.611195,101,0,-0.11562623083591461,0.04108014330267906,-0.026659054681658745,0.0,0.12556953702076204,160.44069098963848,-12.257472026026681,35.0,53.7
30.611195,101,1,0.5935479998588562,1.859697699546814,-1.9546858072280884,0.0,2.7625298852347435,72.298804472038057,-45.0376206584766,19.400000000000002,59.7
30.611195,101,2,-1.8500198125839233,1.4799853563308716,1.862597942352295,0.0,3.0136690357041322,141.34076760541106,38.173869596297,14.700000000000001,62.6
30.611195,101,3,1.4800158739089966,4.865346908569336,3.235236406326294,0.0,6.0273378976598684,73.0804832394043,32.46337753507823,11.4,70.3
30.611195,101,4,3.7000396251678467,4.114049911499023,-2.3902103900909424,0.0,6.0273381862158724,48.03283998889637,-23.363397682382352,11.4,70.3
30.907166,102,0,-0.11562623083591461,0.041120950132608414,-0.02659606747329235,0.0,0.12556953691947978,160.42273848916841,-12.228062950350285,35.6,53.1
30.907166,102,1,-0.8787593245506287,2.0361151695251465,-0.8798633813858032,0.0,2.3858211382999257,113.3443640053879,-21.640919879371737,14.8,55.1
30.907166,102,2,0.5087554454803467,1.7217618227005005,-2.0995893478393555,0.0,2.7625298744041387,73.538360380652691,-49.4663246539714,18.6,59.2
30.907166,102,3,-0.08479256927967072,2.1475307941436768,1.7356534004211426,0.0,2.7625298221003685,92.2610777485543,38.923635365921335,18.6,59.2
31.207853,103,0,-0.11562623083591461,0.04108613356947899,-0.026649821549654007,0.0,0.12556953698105955,160.43805538951256,-12.253160823186965,34.7,54.0
31.207853,103,1,-0.8787593245506287,2.0344202518463135,-0.8837757110595703,0.0,2.3858212881659733,113.36172837485564,-21.742033741536726,13.9,56.0
31.207853,103,2,0.42396286129951477,2.2591941356658936,-1.532275676727295,0.0,2.7625298912190117,79.371428002793166,-33.687569999019473,21.5,60.1
31.207853,103,3,1.4800158739089966,4.852248191833496,3.254849433898926,0.0,6.0273380807389758,73.037427972337781,32.684619987452045,11.600000000000001,70.0
31.207853,103,4,3.7000396251678467,4.075013637542725,-2.4561705589294434,0.0,6.0273379852571054,47.76111220927465,-24.04820088290688,11.600000000000001,70.0
31.511888,104,0,-0.11562623083591461,0.04114243760704994,-0.02656281180679798,0.0,0.12556953611705976,160.41328692686466,-12.212537089831416,35.6,53.1
31.511888,104,1,-0.8787593245506287,2.0308468341827393,-0.8919562697410583,0.0,2.3858212006613395,113.39841791942263,-21.95369417382754,15.0,54.900000000000006
31.511888,104,2,0.16958513855934143,2.358933925628662,-1.4276703596115112,0.0,2.7625298261584983,85.8880470637458,-31.117723107515733,18.6,59.2
31.511888,104,3,-1.8500198125839233,1.4378364086151123,1.8953243494033813,0.0,3.0136690651651867,142.14562909956243,38.969694696122176,15.200000000000001,62.400000000000006
31.511888,104,4,-2.374191999435425,1.9540783166885376,1.7048972845077515,0.0,3.5159471652255232,140.54391757026659,29.006191146650398,11.600000000000001,70.60000000000001
31.511888,104,5,-1.0791782140731812,2.848902702331543,-1.75528085231781,0.0,3.5159469699635242,110.74693157531864,-29.949345733891224,11.600000000000001,70.60000000000001
31.511888,104,6,1.4800158739089966,4.64794397354126,3.5404765605926514,0.0,6.0273380894311126,72.337287936997029,35.972933968205659,11.600000000000001,70.10000000000001
31.511888,104,7,3.7000396251678467,4.074749946594238,-2.456608533859253,0.0,6.0273382055192553,47.759266964770745,-24.052759128369377,11.600000000000001,70.10000000000001
31.811858,105,0,-0.11562623083591461,0.04109978303313255,-0.0266287662088871,0.0,0.12556953696059545,160.43205021454423,-12.243329763000057,35.2,53.5
31.811858,105,1,-0.8787593245506287,2.0356156826019287,-0.8810186386108398,0.0,2.3858212421133507,113.3494786975747,-21.670769465325495,14.8,55.1
31.811858,105,2,0.25437772274017334,2.3102028369903564,-1.4932600259780884,0.0,2.7625297607535106,83.716442828011679,-32.720460520383213,20.900000000000002,59.1
31.811858,105,3,-1.8500198125839233,1.4589765071868896,1.8790996074676514,0.0,3.0136690412620615,141.73971634025881,38.574047439375036,15.700000000000001,62.2
32.114267,106,0,-0.11562623083591461,0.04109311103820801,-0.02663905918598175,0.0,0.12556953653825811,160.43498554848907,-12.248135708286149,35.0,53.7
32.114267,106,1,0.42396286129951477,1.9419995546340942,-1.9184536933898926,0.0,2.7625298824884434,77.6848347424857,-43.983832585802915,21.3,59.5
32.413304,107,0,-0.11562623083591461,0.0411432720720768,-0.026561519131064415,0.0,0.12556953608525853,160.41291989827812,-12.211933605020736,34.5,54.2
32.413304,107,1,0.3237534463405609,1.8095762729644775,-1.8905493021011353,0.0,2.6369602282492788,79.856464071555578,-45.802634928618637,17.1,58.6
32.413304,107,2,-1.8615823984146118,1.3275692462921143,1.764423131942749,0.0,2.888099395506043,144.50580548835529,37.656692443035617,16.2,61.400000000000006
32.413304,107,3,0.3545871376991272,1.3205556869506836,-2.5439178943634033,0.0,2.888099308164763,74.96983329798536,-61.74237109266106,16.2,61.400000000000006
32.413304,107,4,-1.0791782140731812,2.8936538696289062,-1.6804836988449097,0.0,3.5159470697142177,110.45282668464105,-28.552281328979067,11.5,70.9
32.413304,107,5,-2.374191999435425,2.014186143875122,1.633447527885437,0.0,3.5159471410584033,139.68982594673932,27.683205794382751,11.5,70.9
32.413304,107,6,1.4800158739089966,4.737804889678955,3.419292449951172,0.0,6.02733797110976,72.652014795645414,34.5619712457484,11.3,70.2
32.413304,107,7,3.7000396251678467,4.136198043823242,-2.3516757488250732,0.0,6.0273382444617631,48.185748009045291,-22.96496606304747,11.3,70.2
32.712029,108,0,-0.11562623083591461,0.04110261797904968,-0.02662438526749611,0.0,0.12556953592700729,160.43080301679279,-12.241284382467766,35.1,53.6
32.712029,108,1,0.40469181537628174,1.791378140449524,-1.8922865390777588,0.0,2.6369602677112574,77.269951316637858,-45.856805970936335,20.1,58.1
32.712029,108,2,-1.8500198125839233,1.554991602897644,1.800452470779419,0.0,3.0136690746614754,139.95204194972411,36.685964699291,14.700000000000001,62.5
32.712029,108,3,1.4800158739089966,4.807769775390625,3.3201963901519775,0.0,6.0273378260522659,72.889627867426526,33.425771476217029,11.5,70.10000000000001
32.712029,108,4,3.7000396251678467,4.115816593170166,-2.3871665000915527,0.0,6.0273379991158986,48.045070370902536,-23.331882679836816,11.5,70.10000000000001
33.007888,109,0,-0.11562623083591461,0.04114002734422684,-0.02656654641032219,0.0,0.12556953649422994,160.41434705900818,-12.214280566563223,35.0,53.7
33.007888,109,1,0.42396286129951477,2.135033369064331,-1.7010170221328735,0.0,2.7625298015343196,78.76863111878157,-38.006155127512386,18.6,59.300000000000004
33.007888,109,2,-1.8500198125839233,1.5627015829086304,1.793764591217041,0.0,3.0136690184693857,139.81240336312655,36.52757214235028,15.200000000000001,62.2
33.31005,110,0,-0.11562623083591461,0.04109947383403778,-0.026629239320755005,0.0,0.12556953608880225,160.43218624385003,-12.243550748502871,35.4,53.300000000000004
33.31005,110,1,0.5087554454803467,2.0347979068756104,-1.7978700399398804,0.0,2.7625298741633,75.962273278863236,-40.602371718781455,21.1,59.300000000000004
33.60728,111,0,-0.11562623083591461,0.0410887636244297,-0.026645762845873833,0.0,0.12556953623846437,160.43689824403808,-12.251265797094511,35.1,53.6
33.60728,111,1,-0.8787593245506287,2.0415539741516113,-0.8671688437461853,0.0,2.385821113039075,113.28880786540533,-21.31331095424845,14.600000000000001,55.300000000000004
33.60728,111,2,0.5318806767463684,1.9452263116836548,-2.067441701889038,0.0,2.8880993141982518,74.707482123584185,-45.712784011375533,17.6,60.5
33.60728,111,3,-1.8615823984146118,1.1488176584243774,1.8856953382492065,0.0,2.8880993658614931,148.32048086814731,40.762055394616418,17.6,60.5
33.919501,112,0,-0.11562623083591461,0.04107191413640976,-0.026671728119254112,0.0,0.12556953638927013,160.44431180216691,-12.263389784804613,35.9,52.800000000000004
33.919501,112,1,-0.8787593245506287,2.0331921577453613,-0.8865971565246582,0.0,2.3858212042731797,113.37432539659517,-21.814999791578057,14.8,55.0
33.919501,112,2,-1.8500198125839233,1.4885032176971436,1.8557980060577393,0.0,3.0136690885589421,141.18027149417455,38.009604167855912,14.8,62.300000000000004
33.919501,112,3,-2.374191999435425,1.8744730949401855,1.7920511960983276,0.0,3.5159471729926866,141.70818678156294,30.643336076255611,13.0,69.3
33.919501,112,4,-1.1870959997177124,2.7160391807556152,-1.8909834623336792,0.0,3.51594712684433,113.60863791051547,-32.536070665442672,13.0,69.3
33.919501,112,5,-1.2294923067092896,2.777885913848877,-2.0080695152282715,0.0,3.6415168076786966,113.87418130202157,-33.4656986103626,11.4,70.9
33.919501,112,6,-2.570756673812866,1.9799787998199463,1.6527365446090698,0.0,3.6415167182887069,142.39678732222447,26.991569153473204,11.4,70.9
34.214648,113,0,-0.11562623083591461,0.0411265566945076,-0.02658739499747753,0.0,0.12556953649519717,160.42027225855526,-12.224014020420961,35.1,53.6
34.214648,113,1,-0.8787593245506287,2.0481083393096924,-0.8515735268592834,0.0,2.3858212824271106,113.22218747159786,-20.911836141902604,14.3,55.400000000000006
34.214648,113,2,0.0886467844247818,2.748021125793457,-0.8841038942337036,0.0,2.8880993847156979,88.152370121018819,-17.825535774099471,17.0,60.6
34.214648,113,3,-1.7729356288909912,1.70928955078125,1.5086901187896729,0.0,2.8880992689197265,136.04710220617153,31.492145219671805,17.0,60.6
34.513638,114,0,-0.11562623083591461,0.04107265919446945,-0.026670582592487335,0.0,0.12556953677722926,160.44398397179526,-12.262854852103715,35.4,53.300000000000004
34.513638,114,1,0.40469181537628174,1.7123935222625732,-1.9640499353408813,0.0,2.6369602175671694,76.7031961716816,-48.143289795885721,18.900000000000002,57.7
34.513638,114,2,-1.9425207376480103,1.3398295640945435,1.874478816986084,0.0,3.0136690117436409,145.40451147247629,38.461766683386308,14.4,62.1
34.513638,114,3,0.2659403383731842,2.469160795211792,-1.474326252937317,-0.25578173995018005,2.8880992358790514,83.852669801210723,-30.696023421173972,15.9,41.1
34.807757,115,0,-0.11562623083591461,0.04113619029521942,-0.026572486385703087,0.0,0.12556953628186693,160.4160347788544,-12.217053711495431,35.800000000000004,52.900000000000006
34.807757,115,1,-0.8787593245506287,2.026700019836426,-0.9013389348983765,0.0,2.3858211995984497,113.4411312930883,-22.196845357402616,15.200000000000001,54.6
34.807757,115,2,-1.8500198125839233,1.558589220046997,1.7973390817642212,0.0,3.013669099061278,139.88681266860488,36.612187491632035,15.100000000000001,61.900000000000006
34.807757,115,3,0.46250495314598083,2.059224843978882,-2.1512515544891357,0.42630288004875183,3.0136690329955509,77.341351482916266,-45.5475090095711,17.7,40.5
35.112922,116,0,-0.11562623083591461,0.04112868383526802,-0.02658410184085369,0.0,0.12556953596325238,160.41933658550431,-12.222476593041158,35.5,53.2
35.112922,116,1,0.42396286129951477,1.9384019374847412,-1.922088623046875,0.0,2.7625298647891756,77.6626775246528,-44.088701008112523,21.700000000000003,58.800000000000004
35.112922,116,2,-1.8500198125839233,1.451171636581421,1.8851336240768433,0.0,3.0136690605301286,141.8890541429881,38.720933327875763,15.8,61.900000000000006
35.417529,117,0,-0.11562623083591461,0.041097305715084076,-0.02663259021937847,0.0,0.12556953713442057,160.43314009434712,-12.245115207846153,35.7,53.0
35.417529,117,1,-0.8787593245506287,2.0301547050476074,-0.8935304284095764,0.0,2.3858211800982523,113.40553683096448,-21.994459430430258,14.9,54.800000000000004
35.417529,117,2,-1.8500198125839233,1.5889586210250854,1.7705475091934204,0.0,3.0136690741675705,139.34113544514688,35.980198308883693,15.200000000000001,62.0
35.417529,117,3,-1.2294923067092896,2.8118808269500732,-1.9601832628250122,0.0,3.6415166539624764,113.61730968947428,-32.567144323288773,11.5,70.60000000000001
35.417529,117,4,-2.570756673812866,2.081268310546875,1.5232124328613281,0.0,3.6415166856769119,141.00658822933264,24.726716921199085,11.5,70.60000000000001
35.708488,118,0,-0.11562623083591461,0.04108512029051781,-0.026651378720998764,0.0,0.12556953593263231,160.43850120636529,-12.253888008867326,35.5,53.2
35.708488,118,1,-0.8787593245506287,2.0369274616241455,-0.8779811859130859,0.0,2.3858211159306579,113.33605073782674,-21.592299437910786,14.9,54.900000000000006
35.708488,118,2,0.4432339072227478,2.2169463634490967,-1.797167420387268,0.0,2.888099411693362,78.693928478442942,-38.481833542018208,17.2,60.300000000000004
35.708488,118,3,-1.8615823984146118,1.4593783617019653,1.6570587158203125,0.0,2.8880993432302624,141.90550280855632,35.0124246759123,17.2,60.300000000000004
35.999876,119,0,-0.11562623083591461,0.041122641414403915,-0.02659345231950283,0.0,0.12556953691277009,160.42199451530226,-12.226841991626458,35.6,53.1
35.999876,119,1,-0.8787593245506287,2.0373687744140625,-0.8769569993019104,0.0,2.3858212531677112,113.33153653896622,-21.56584832703064,14.9,54.900000000000006
35.999876,119,2,-1.8500198125839233,1.5589910745620728,1.7969905138015747,0.0,3.0136690900313039,139.87953430310509,36.603932124583906,15.600000000000001,62.0
36.307848,120,0,-0.11562623083591461,0.04111849516630173,-0.026599861681461334,0.0,0.1255695366859903,160.42381841059623,-12.229834418134685,35.800000000000004,52.900000000000006
36.307848,120,1,-1.8500198125839233,1.54831862449646,1.8061941862106323,0.0,3.013669077423192,140.07336265998381,36.822210065388219,15.700000000000001,61.900000000000006
36.603875,121,0,-0.11562623083591461,0.04113658890128136,-0.026571867987513542,0.0,0.12556953600335985,160.4158594509714,-12.216765033624098,34.9,53.800000000000004
36.603875,121,1,-0.8787593245506287,2.046696901321411,-0.8549595475196838,0.0,2.3858210293855668,113.23650328544463,-20.998913364795374,14.5,55.300000000000004
36.603875,121,2,0.1772935688495636,1.780631184577942,-2.266944408416748,0.0,2.88809926697453,84.313924716940392,-51.713841191067431,18.5,60.7
36.603875,121,3,-2.374191999435425,1.7121858596801758,1.9476951360702515,0.0,3.5159471570749807,144.20214977859172,33.639132536077149,11.4,71.2
36.603875,121,4,-1.0791782140731812,2.8280138969421387,-1.7887414693832397,0.0,3.5159471360245669,110.88699781415043,-30.58066736192281,11.4,71.2
36.893598,122,0,-0.11562623083591461,0.04113875702023506,-0.026568515226244926,0.0,0.12556953686231928,160.41490580505959,-12.215199684092003,34.800000000000004,53.900000000000006
36.893598,122,1,-0.8787593245506287,2.0407955646514893,-0.8689520359039307,0.0,2.385821059486116,113.29653985768431,-21.359286090850002,14.3,55.5
36.893598,122,2,0.0,2.8559372425079346,0.42981427907943726,0.0,2.8880993486451261,90,8.5586971654328785,19.5,60.800000000000004
36.893598,122,3,1.4800158739089966,4.976930618286133,3.060803174972534,0.0,6.0273378403884532,73.438826249876413,30.518735048002164,11.700000000000001,69.9
36.893598,122,4,3.7000396251678467,4.112795829772949,-2.392367124557495,0.0,6.0273379881896023,48.024154708477454,-23.385733385188768,11.700000000000001,69.9
37.20775,123,0,-0.11562623083591461,0.041090935468673706,-0.026642411947250366,0.0,0.12556953591288736,160.43594271008328,-12.249701230002753,34.9,53.800000000000004
37.20775,123,1,-0.8787593245506287,2.042295455932617,-0.8654214143753052,0.0,2.3858212221931145,113.28125313557804,-21.268271302597476,14.200000000000001,55.5
37.20775,123,2,-0.16958513855934143,2.5262701511383057,1.1048851013183594,0.0,2.7625298338421307,93.84042735972956,23.575308352919176,21.700000000000003,59.5
37.20775,123,3,1.4800158739089966,4.730624198913574,3.429219961166382,0.0,6.0273378734256529,72.627265478118659,34.676646362208281,11.5,70.0
37.20775,123,4,3.7000396251678467,4.150515556335449,-2.3263132572174072,0.0,6.0273382169827041,48.284111365065705,-22.703369710739256,11.5,70.0
37.490852,124,0,-0.11562623083591461,0.04113634303212166,-0.026572249829769135,0.0,0.12556953625936612,160.41596759709711,-12.216943275175179,35.0,53.7
37.490852,124,1,-0.8787593245506287,2.0426881313323975,-0.8644937872886658,0.0,2.3858210873055046,113.27725416109604,-21.244369297745923,14.4,55.5
37.490852,124,2,-0.16958513855934143,2.7247862815856934,0.4223169684410095,0.0,2.7625298227116,93.561378742854487,8.793473678623025,18.5,59.6
37.490852,124,3,-1.0791782140731812,2.972918748855591,-1.5359078645706177,0.0,3.5159471659109367,109.95104549492272,-25.902461106501466,11.600000000000001,70.8
37.490852,124,4,-2.482109785079956,1.9354307651519775,1.5668832063674927,0.0,3.5159471290511339,142.05459466080151,26.464957986637557,11.600000000000001,70.8
37.490852,124,5,1.4800158739089966,4.850497245788574,3.257457733154297,0.0,6.0273378370315269,73.031656520780075,32.714085472713592,11.4,70.2
37.490852,124,6,3.7000396251678467,4.1568193435668945,-2.315030097961426,0.0,6.0273381054435147,48.327299528256248,-22.587153000109925,11.4,70.2
37.808982,125,0,-0.11562623083591461,0.04111308977007866,-0.026608211919665337,0.0,0.125569535912675,160.42619625523994,-12.233733106201367,34.6,54.1
37.808982,125,1,-0.8787593245506287,2.035308361053467,-0.8817282915115356,0.0,2.3858212118913431,113.35262668855221,-21.6891094676432,14.3,55.6
37.808982,125,2,-0.25437772274017334,2.6616082191467285,0.694769561290741,0.0,2.76252983356778,95.45934417225638,14.566148820524328,19.900000000000002,59.7
38.106372,126,0,-0.11562623083591461,0.04110484570264816,-0.02662094496190548,0.0,0.12556953574901647,160.42982297218123,-12.239678115756425,35.2,53.5
38.106372,126,1,0.5087554454803467,1.7988107204437256,-2.033966302871704,0.0,2.7625298247271051,74.2075699781898,-47.414591726323366,21.200000000000003,59.6
38.106372,126,2,1.4800158739089966,4.772164344787598,3.3711724281311035,0.0,6.0273379746680886,72.769499803221947,34.008345642342185,11.700000000000001,69.8
38.106372,126,3,3.7000396251678467,4.068812370300293,-2.466430425643921,0.0,6.0273382497635684,47.717682586245886,-24.155044331426851,11.700000000000001,69.8
38.410041,127,0,-0.11562623083591461,0.04110538214445114,-0.02662012167274952,0.0,0.12556953681699062,160.42958697659714,-12.23929361643718,34.6,54.1
38.410041,127,1,-0.8787593245506287,2.0501708984375,-0.8465954065322876,0.0,2.3858211260792945,113.20129746394826,-20.783911930073238,14.3,55.6
38.410041,127,2,-0.16958513855934143,2.7198898792266846,0.4527819752693176,0.0,2.7625299258955955,93.567773465610244,9.43340901085485,21.6,59.6
38.410041,127,3,1.4800158739089966,4.6919121742248535,3.4819986820220947,0.0,6.0273378583969892,72.492651120934966,35.289000192165354,11.700000000000001,70.0
38.410041,127,4,3.7000396251678467,4.074016571044922,-2.4578239917755127,0.0,6.0273379715682243,47.754134294448576,-24.065413500506555,11.700000000000001,70.0
38.715681,128,0,-0.11562623083591461,0.041151490062475204,-0.026548784226179123,0.0,0.12556953585790792,160.40930541149055,-12.205988388126176,34.4,54.300000000000004
38.715681,128,1,-0.8787593245506287,2.0484254360198975,-0.8508103489875793,0.0,2.3858212354160884,113.21897354191867,-20.892217683423379,13.9,55.900000000000006
38.715681,128,2,-0.0886467844247818,2.7349026203155518,0.9238871932029724,0.0,2.88809939939092,91.856486216975242,18.656546486745885,16.900000000000002,61.1
38.715681,128,3,-2.374191999435425,1.9868232011795044,1.6666224002838135,0.0,3.515947142386548,140.07599712923607,28.295434451229514,11.9,70.2
38.715681,128,4,-1.0791782140731812,2.7387139797210693,-1.9226813316345215,0.0,3.5159470109012871,111.50670218562276,-33.150898872848074,11.9,70.2
38.715681,128,5,1.4800158739089966,4.660940647125244,3.5233490467071533,0.0,6.0273379868710784,72.383489383796885,35.772009976212367,11.3,70.4
38.715681,128,6,3.7000396251678467,4.100799083709717,-2.4128739833831787,0.0,6.0273383190637375,47.940921801802872,-23.598287520660158,11.3,70.4
39.000811,129,0,-0.11562623083591461,0.04110322892665863,-0.026623444631695747,0.0,0.12556953647113014,160.43053424083024,-12.240845143233019,35.1,53.6
39.000811,129,1,0.42396286129951477,1.8618754148483276,-1.9963082075119019,0.0,2.7625298238312808,77.1720529697031,-46.272685716316012,17.900000000000002,59.900000000000006
39.000811,129,2,-1.8500198125839233,1.4558823108673096,1.8814979791641235,0.0,3.0136690687014847,141.79884721250613,38.632394584984958,15.0,62.6
39.000811,129,3,1.4800158739089966,4.672771453857422,3.507643222808838,0.0,6.0273378058247395,72.425343292859125,35.588209730918905,11.600000000000001,70.10000000000001
39.000811,129,4,3.7000396251678467,4.127770900726318,-2.366436004638672,0.0,6.0273381521817262,48.127675247487488,-23.1174411072126,11.600000000000001,70.10000000000001
39.000811,129,5,3.7038936614990234,0.7362386584281921,0.9444006681442261,-0.42630288004875183,3.8926556795904834,11.242387057101801,14.040688735314998,13.200000000000001,45.2
39.000811,129,6,2.2701284885406494,0.8577821850776672,-3.0435988903045654,-0.42630288004875183,3.8926556277923754,20.699384066827843,-51.433249939364657,13.200000000000001,45.2
39.301155,130,0,-0.11562623083591461,0.041119445115327835,-0.02659839205443859,0.0,0.12556953644811425,160.42340053336451,-12.229148298933215,34.300000000000004,54.400000000000006
39.301155,130,1,-0.8787593245506287,2.0568902492523193,-0.8301368951797485,0.0,2.3858211820445843,113.13348816431399,-20.36173358431326,14.100000000000001,55.900000000000006
39.301155,130,2,0.40469181537628174,1.7682210206985474,-1.9139431715011597,0.0,2.63696027789739,77.108770607962569,-46.536620517005545,15.600000000000001,58.5
39.301155,130,3,-0.1772935688495636,2.720081329345703,0.9543803334236145,0.0,2.8880992484047829,93.7292357609098,19.296257753589284,17.2,61.300000000000004
39.301155,130,4,-1.7729356288909912,1.7316572666168213,1.48296320438385,0.0,2.8880992882472638,135.67481920277177,30.895493525318958,17.2,61.300000000000004
39.301155,130,5,-2.374191999435425,1.991698145866394,1.6607935428619385,0.0,3.5159471478454738,140.00687597763795,28.187612441520528,11.600000000000001,70.5
39.301155,130,6,-1.0791782140731812,2.7431657314300537,-1.9163247346878052,0.0,3.5159471464455563,111.47498033777711,-33.027259171592853,11.600000000000001,70.5
39.301155,130,7,1.4800158739089966,4.703092575073242,3.4668824672698975,0.0,6.0273377869997535,72.531736130455982,35.1131487996252,11.200000000000001,70.5
39.301155,130,8,3.7000396251678467,4.074445724487305,-2.457113265991211,0.0,6.0273382841445935,47.757137930545419,-24.058013096579977,11.200000000000001,70.5
39.301155,130,9,-0.8633425831794739,3.2591660022735596,0.997176468372345,0.34104230999946594,3.5159471491167733,104.83670097078199,16.476097245358851,16.5,45.5
39.602682,131,0,-0.11562623083591461,0.04115976020693779,-0.026535963639616966,0.0,0.12556953644851884,160.40566814982878,-12.200003225160053,34.5,54.2
39.602682,131,1,0.25437772274017334,1.8460439443588257,-2.0393588542938232,0.0,2.7625297838968148,82.154271639571292,-47.5801334103377,19.6,59.7
39.911781,132,0,-0.11562623083591461,0.04111320525407791,-0.02660803683102131,0.0,0.12556953662248316,160.4261454528633,-12.233651288903088,35.300000000000004,53.400000000000006
39.911781,132,1,-0.8787593245506287,2.037482976913452,-0.8766916394233704,0.0,2.3858212553189344,113.33036862746896,-21.558996126589406,14.700000000000001,55.2
39.911781,132,2,-1.8500198125839233,1.3540446758270264,1.9560651779174805,0.0,3.0136690713065888,143.79929704199557,40.471095491214527,16.400000000000002,62.400000000000006
40.210852,133,0,-0.11562623083591461,0.04111586883664131,-0.02660392038524151,0.0,0.12556953654201472,160.42497372951746,-12.231729378257871,34.9,53.800000000000004
40.210852,133,1,-0.8787593245506287,2.076167583465576,-0.7806748747825623,0.0,2.3858212517359165,112.94101169280204,-19.099782898085671,14.100000000000001,55.5
40.210852,133,2,-0.1772935688495636,2.6231040954589844,1.195412039756775,0.0,2.88809938367165,93.866696319980335,24.450667098654709,18.3,60.800000000000004
40.210852,133,3,-1.8615823984146118,1.2758502960205078,1.8021750450134277,0.0,2.888099357157206,145.57489987553123,38.608854254705243,18.3,60.800000000000004
40.210852,133,4,1.4800158739089966,4.808370590209961,3.319326639175415,0.0,6.0273380573316322,72.891640998535635,33.41586424343442,11.9,69.8
40.210852,133,5,3.7000396251678467,4.039243698120117,-2.514561653137207,0.0,6.027337985217307,47.509603360621746,-24.657479907494221,11.9,69.8
40.507832,134,0,-0.11562623083591461,0.04109669476747513,-0.026633530855178833,0.0,0.12556953668762577,160.43340887900007,-12.2455544445619,35.0,53.7
40.507832,134,1,-0.8787593245506287,2.057771682739258,-0.8279492259025574,0.0,2.3858210681945278,113.12462083322229,-20.305706012137804,14.3,55.5
40.507832,134,2,-1.8500198125839233,1.3513323068618774,1.9579399824142456,0.0,3.0136690736140879,143.85403580908624,40.51796623059721,15.5,62.400000000000006
40.507832,134,3,1.4800158739089966,4.7402777671813965,3.415863513946533,0.0,6.0273380395468124,72.660522120922167,34.522399281212991,11.5,70.10000000000001
40.507832,134,4,3.7000396251678467,4.073720455169678,-2.458315134048462,0.0,6.0273381249911449,47.752061583347547,-24.070526181017431,11.5,70.10000000000001
40.507832,134,5,0.5087554454803467,1.8566046953201294,-1.981352686882019,0.08526057749986649,2.7625299216126606,74.6757162657034,-45.825759585517417,20.700000000000003,55.300000000000004
40.80787,135,0,-0.11562623083591461,0.04109875112771988,-0.026630355045199394,0.0,0.12556953615989766,160.43250419276146,-12.244071681606792,34.9,53.7
40.80787,135,1,-0.8787593245506287,2.0554065704345703,-0.8338040113449097,0.0,2.3858212945661168,113.14842868094874,-20.455697066550581,14.200000000000001,55.6
40.80787,135,2,-1.8500198125839233,1.462242841720581,1.8765590190887451,0.0,3.0136690573517604,141.67740012398477,38.512291429315653,15.100000000000001,62.800000000000004
40.80787,135,3,-2.482109785079956,2.008230209350586,1.4724217653274536,0.0,3.5159470152361481,141.02430353407988,24.757829527714488,12.9,69.2
40.80787,135,4,-1.1870959997177124,2.908296585083008,-1.5793981552124023,0.0,3.5159471657065069,112.20408933126039,-26.69300106805159,12.9,69.2
40.80787,135,5,1.4800158739089966,4.844899654388428,3.265777349472046,0.0,6.0273378322805486,73.013180195096851,32.808131100002157,11.3,70.10000000000001
40.80787,135,6,3.7000396251678467,4.05673360824585,-2.4862470626831055,0.0,6.0273381564986028,47.632882514769712,-24.361665648806589,11.3,70.10000000000001
41.113861,136,0,-0.11562623083591461,0.04113839566707611,-0.026569074019789696,0.0,0.12556953671034302,160.41506474526054,-12.215460575907128,35.1,53.6
41.113861,136,1,-0.8787593245506287,2.048239231109619,-0.8512582778930664,0.0,2.3858211487918934,113.22086071756488,-20.903733002730103,14.200000000000001,55.6
41.113861,136,2,-0.0886467844247818,2.825652599334717,0.5907169580459595,0.0,2.8880992692494085,91.796902174364476,11.80227111790761,17.8,61.1
41.113861,136,3,1.4800158739089966,4.76071310043335,3.387324333190918,0.0,6.0273379156877889,72.7305164506438,34.193769395439546,11.4,70.2
41.113861,136,4,3.7000396251678467,4.037129878997803,-2.517954111099243,0.0,6.0273380354274648,47.494664569498269,-24.692968903688811,11.4,70.2
41.396307,137,0,-0.11562623083591461,0.04112562537193298,-0.026588834822177887,0.0,0.12556953634044304,160.42068192618467,-12.224686251201581,34.9,53.800000000000004
41.396307,137,1,-0.8787593245506287,2.050159215927124,-0.8466236591339111,0.0,2.3858211126027218,113.20141568674089,-20.784637769930551,14.200000000000001,55.6
41.396307,137,2,-1.8500198125839233,1.4108524322509766,1.9154956340789795,0.0,3.0136690954245759,142.67032155772358,39.464685665156345,15.100000000000001,62.7
41.396307,137,3,-2.374191999435425,2.0155699253082275,1.631739616394043,0.0,3.5159470914250077,139.67041306429195,27.651780877256744,11.9,70.2
41.396307,137,4,-1.0791782140731812,2.5701663494110107,-2.1427793502807617,0.0,3.5159471021852058,112.77687872433128,-37.549444679274345,11.9,70.2
41.699973,138,0,-0.11562623083591461,0.04115217179059982,-0.02654772624373436,0.0,0.12556953559329392,160.40900557694809,-12.205494505380363,35.2,53.5
41.699973,138,1,-0.8787593245506287,2.0591516494750977,-0.8245117664337158,0.0,2.3858212671967567,113.11075109143474,-20.217708091485161,14.5,55.300000000000004
41.699973,138,2,-1.8500198125839233,1.4911197423934937,1.8536962270736694,0.0,3.0136690421106049,141.13111485227378,37.958907096948792,14.700000000000001,62.5
41.699973,138,3,-2.374191999435425,1.915245771408081,1.7484079599380493,0.0,3.51594715680632,141.10709938340906,29.820166701473482,12.5,69.8
41.699973,138,4,-1.0791782140731812,2.8296382427215576,-1.7861707210540771,0.0,3.5159471052837765,110.87604129391775,-30.532018947190341,12.5,69.8
42.010592,139,0,-0.11562623083591461,0.0411333404481411,-0.026576897129416466,0.0,0.12556953617327124,160.41728830241016,-12.21911293122168,35.1,53.6
42.010592,139,1,-0.8787593245506287,2.0615742206573486,-0.8184352517127991,0.0,2.3858211330713424,113.08644036148183,-20.062276964361313,14.5,55.400000000000006
42.010592,139,2,-1.7575188875198364,1.6064553260803223,1.8473303318023682,0.0,3.0136689780859882,137.57121278842089,37.805566923066422,15.3,62.400000000000006
42.311648,140,0,-0.11562623083591461,0.041132260113954544,-0.026578573510050774,0.0,0.12556953710686122,160.41776349944689,-12.219895481723457,35.300000000000004,53.400000000000006
42.311648,140,1,-0.8787593245506287,2.0584113597869873,-0.8263575434684753,0.0,2.3858210465649021,113.11818962429247,-20.264954228380311,14.200000000000001,55.5
42.311648,140,2,-1.9425207376480103,1.2072808742523193,1.9624695777893066,0.0,3.0136689880072351,148.1389586654968,40.631344630570624,14.4,62.900000000000006
42.604241,141,0,-0.11562623083591461,0.04109795019030571,-0.026631589978933334,0.0,0.12556953592321302,160.43285656028837,-12.244648306101302,35.5,53.2
42.604241,141,1,-0.8787593245506287,2.0295400619506836,-0.8949254751205444,0.0,2.3858211206138642,113.41186218598324,-22.030596502649292,14.600000000000001,55.1
42.604241,141,2,-0.2659403383731842,2.5919220447540283,1.2459269762039185,0.0,2.888099406130022,95.858248803683722,25.55646013783867,18.2,61.1
42.907527,142,0,-0.11562623083591461,0.04114464297890663,-0.02655939944088459,0.0,0.12556953691816483,160.4123169263755,-12.21094394464617,35.5,53.2
42.907527,142,1,-0.8787593245506287,2.0329787731170654,-0.8870866298675537,0.0,2.3858213116910116,113.37651547042557,-21.827660784592187,14.700000000000001,55.0
42.907527,142,2,-1.8500198125839233,1.4015072584152222,1.9223437309265137,0.0,3.0136690797391932,142.85376396437354,39.6335347939713,15.4,62.2
42.907527,142,3,-2.374191999435425,2.0516347885131836,1.5861561298370361,0.0,3.5159471304102854,139.1683848325444,26.816332725983976,11.9,70.4
42.907527,142,4,-1.0791782140731812,2.7616689205169678,-1.889561414718628,0.0,3.5159469825742535,111.34408226621318,-32.508588595412355,11.9,70.4
43.207092,143,0,-0.11562623083591461,0.04112569987773895,-0.026588717475533485,0.0,0.12556953589445097,160.42064915269762,-12.224631509230928,36.1,52.6
43.207092,143,1,0.42396286129951477,2.09794020652771,-1.7465605735778809,0.0,2.762529901214374,78.575230570867646,-39.215008681760338,22.8,59.300000000000004
43.207092,143,2,1.4800158739089966,4.831795692443848,3.2851340770721436,0.0,6.0273379285454185,72.969774034538474,33.027326979257523,11.600000000000001,70.10000000000001
43.207092,143,3,3.7000396251678467,3.997141122817993,-2.5809640884399414,0.0,6.027338219259935,47.210447720727373,-25.35399041967564,11.600000000000001,70.10000000000001
43.508411,144,0,-0.11562623083591461,0.04112054780125618,-0.026596685871481895,0.0,0.12556953614687716,160.4229154707474,-12.228351744468771,35.5,53.2
43.508411,144,1,-0.8787593245506287,2.039123058319092,-0.8728702068328857,0.0,2.3858212832125059,113.31360822146291,-21.460353838378275,14.8,55.0
43.508411,144,2,0.42396286129951477,1.9617340564727783,-1.8982691764831543,0.0,2.7625297975718643,77.804996148493814,-43.404837327127609,21.900000000000002,59.300000000000004
43.508411,144,3,-1.8500198125839233,1.2778047323226929,2.006699562072754,0.0,3.0136690882249009,145.3672452522425,41.748791310951759,15.9,62.400000000000006
43.508411,144,4,1.4800158739089966,4.812849521636963,3.312828540802002,0.0,6.0273377577248874,72.906633941276837,33.341893577779068,11.5,70.0
43.508411,144,5,3.7000396251678467,4.042028903961182,-2.510082244873047,0.0,6.0273380330206106,47.529274002195031,-24.61063511870741,11.5,70.0
43.805295,145,0,-0.11562623083591461,0.04115672782063484,-0.026540668681263924,0.0,0.12556953689597908,160.40700179335252,-12.202199645675913,34.9,53.800000000000004
43.805295,145,1,0.25437772274017334,2.3729662895202637,-1.3913642168045044,0.0,2.7625298950111032,83.8813613403909,-30.24216226188253,19.200000000000003,59.800000000000004
43.805295,145,2,-1.8500198125839233,1.4470736980438232,1.8882811069488525,0.0,3.0136690484164421,141.96770916204883,38.7976726312718,15.100000000000001,62.7
43.805295,145,3,1.4800158739089966,4.786648750305176,3.350574254989624,0.0,6.02733781067728,72.818565115571587,33.772465817222013,11.5,70.0
43.805295,145,4,3.7000396251678467,4.012893199920654,-2.556403398513794,0.0,6.0273380026106489,47.322769925688924,-25.09590715952136,11.5,70.0
44.112767,146,0,-0.11562623083591461,0.041127413511276245,-0.026586070656776428,0.0,0.12556953672135143,160.41989536617655,-12.223395700470387,34.5,54.2
44.112767,146,1,-0.8787593245506287,2.0456278324127197,-0.8575148582458496,0.0,2.3858212236751184,113.24735764819035,-21.064657568043362,14.0,55.900000000000006
44.112767,146,2,-1.8500198125839233,1.4818520545959473,1.86111319065094,0.0,3.0136690473703656,141.30553297255491,38.137971051960783,14.8,62.900000000000006
44.112767,146,3,-1.0791782140731812,2.8176348209381104,-1.8050462007522583,0.0,3.5159470116518081,110.95726682816499,-30.88979012714292,12.3,70.10000000000001
44.112767,146,4,-2.374191999435425,1.9637995958328247,1.6936906576156616,0.0,3.5159471762913217,140.40433917291,28.797586008774644,12.3,70.10000000000001
44.413042,147,0,-0.11562623083591461,0.04115649685263634,-0.026541022583842278,0.0,0.12556953599618539,160.4071033739861,-12.202364948294962,35.2,53.5
44.413042,147,1,0.40469181537628174,1.8403569459915161,-1.8446869850158691,0.0,2.6369602247244286,77.598126156045666,-44.39095596632,20.6,58.1
44.413042,147,2,-1.8500198125839233,1.492537260055542,1.8525551557540894,0.0,3.0136690901156049,141.10451230928967,37.931396851547291,15.100000000000001,62.5
44.413042,147,3,1.4800158739089966,4.913924217224121,3.1609654426574707,0.0,6.0273377812529336,73.23831979345,31.630422653868504,11.5,70.10000000000001
44.413042,147,4,3.7000396251678467,4.142312526702881,-2.340888023376465,0.0,6.0273379724949221,48.227801653376027,-22.853637780126849,11.5,70.10000000000001
44.413042,147,5,0.0,3.2079262733459473,0.6067774891853333,-0.25578173995018005,3.264807788615629,90,10.710924780240818,14.3,40.5
44.711134,148,0,-0.11562623083591461,0.04108424484729767,-0.026652732864022255,0.0,0.12556953691526399,160.43888638099884,-12.254520195954813,35.300000000000004,53.400000000000006
44.711134,148,1,-0.8787593245506287,2.047577142715454,-0.8528494834899902,0.0,2.3858211054780707,113.22757329158389,-20.944644313661897,14.5,55.5
44.711134,148,2,0.0,2.880695343017578,0.20667006075382233,0.0,2.8880994050231634,90,4.1035469842325147,17.8,61.1
44.711134,148,3,-2.374191999435425,1.9582417011260986,1.7001136541366577,0.0,3.5159471906151145,140.48407087973771,28.917095030358581,11.700000000000001,70.4
44.711134,148,4,-1.0791782140731812,2.680833339691162,-2.002595901489258,0.0,3.5159470072217278,111.92741154801281,-34.720602157308356,11.700000000000001,70.4
45.081902,149,0,-0.11562623083591461,0.04110134392976761,-0.026626355946063995,0.0,0.12556953675601321,160.43136351589106,-12.242204417852824,35.2,53.5
45.081902,149,1,-0.8787593245506287,2.0448501110076904,-0.8593679070472717,0.0,2.3858212687952234,113.25525995095981,-21.11235271269684,14.4,55.400000000000006
45.081902,149,2,0.3545871376991272,2.5153141021728516,-1.3742561340332031,0.0,2.8880992006403039,81.975814442438576,-28.413673228737832,17.400000000000002,60.800000000000004
45.081902,149,3,-1.7729356288909912,1.5834577083587646,1.6402678489685059,0.0,2.8880993187062756,138.23107972051784,34.606717656486218,17.400000000000002,60.800000000000004
45.081902,149,4,-1.0791782140731812,2.907696485519409,-1.6560673713684082,0.0,3.5159470428524906,110.3621770039144,-28.100268613322417,12.200000000000001,70.4
45.081902,149,5,-2.482109785079956,1.7671167850494385,1.7545121908187866,0.0,3.5159470623041051,144.55136096338074,29.934889411115961,12.200000000000001,70.4
45.081902,149,6,1.4800158739089966,4.836339950561523,3.2784407138824463,0.0,6.0273381039113856,72.984851002667909,32.951468501709591,11.5,70.0
45.081902,149,7,3.7000396251678467,4.15932035446167,-2.310533285140991,0.0,6.0273379779630574,48.344414077145309,-22.540863433119831,11.5,70.0
45.598563,150,0,-0.11562623083591461,0.04115556925535202,-0.026542462408542633,0.0,0.12556953630861742,160.40751133620913,-12.203037077973031,35.5,53.2
45.598563,150,1,-0.8787593245506287,2.058519124984741,-0.8260896801948547,0.0,2.3858212628227329,113.11710650328483,-20.258095238761129,14.600000000000001,55.1
45.598563,150,2,-1.8500198125839233,1.4489527940750122,1.8868396282196045,0.0,3.0136690742400258,141.9316211660713,38.7625171464381,15.0,62.6
45.902073,151,0,-0.11562623083591461,0.04110785573720932,-0.026616299524903297,0.0,0.12556953635747323,160.42849878367821,-12.237509108873471,35.1,53.6
45.902073,151,1,0.0,0.655758261680603,2.8126676082611084,0.0,2.8880993702301225,90,76.876233455940451,18.6,60.800000000000004
46.200639,152,0,-0.11562623083591461,0.04111727699637413,-0.026601742953062057,0.0,0.12556953632572493,160.42435427986544,-12.23071278862802,35.5,53.2
46.200639,152,1,0.48563018441200256,1.519396424293518,-2.099799394607544,0.0,2.6369603083403006,72.275056624114029,-52.777782325168261,18.900000000000002,57.6
46.200639,152,2,-1.8500198125839233,1.4110342264175415,1.9153616428375244,0.0,3.013669045852259,142.66676185196798,39.461386800620105,16.1,61.900000000000006
46.200639,152,3,-2.374191999435425,1.8649117946624756,1.8019990921020508,0.0,3.515947152616349,141.85060454329144,30.831943100986244,11.4,70.60000000000001
46.200639,152,4,-1.0791782140731812,2.532670259475708,-2.1869702339172363,0.0,3.5159469656129545,113.0789959075252,-38.463398630208445,11.4,70.60000000000001
46.200639,152,5,1.4800158739089966,4.873907089233398,3.2223262786865234,0.0,6.0273380482445091,73.108505951890763,32.318041061874638,11.3,70.3
46.200639,152,6,3.7000396251678467,4.111100196838379,-2.3952796459198,0.0,6.0273379396226376,48.0124067609042,-23.415901292713123,11.3,70.3
46.499256,153,0,-0.11562623083591461,0.041148267686367035,-0.02655378356575966,0.0,0.12556953696086617,160.41072267731269,-12.208322184987537,35.2,53.5
46.499256,153,1,-0.8787593245506287,2.068070888519287,-0.8018773198127747,0.0,2.3858211136746506,113.02148376758531,-19.639514763620191,14.4,55.300000000000004
46.499256,153,2,0.25437772274017334,2.3420844078063965,-1.442741870880127,0.0,2.7625299102646843,83.801307200154525,-31.483556832011974,18.0,59.2
46.499256,153,3,-1.8500198125839233,1.4353212118148804,1.897229790687561,0.0,3.0136690539458972,142.19422380131539,39.016304653644852,15.9,62.0
46.499256,153,4,1.4800158739089966,4.886322021484375,3.2034692764282227,0.0,6.0273381595597675,73.148987858279924,32.106175854361965,11.5,70.10000000000001
46.499256,153,5,3.7000396251678467,4.096782684326172,-2.4196865558624268,0.0,6.0273381039251772,47.912996164943955,-23.668977487872635,11.5,70.10000000000001
46.803771,154,0,-0.11562623083591461,0.04111851379275322,-0.026599833741784096,0.0,0.12556953686677197,160.42381021690417,-12.229821355699988,35.1,53.6
46.803771,154,1,-0.8787593245506287,2.0606837272644043,-0.8206749558448792,0.0,2.3858211914240322,113.09537092504623,-20.119548278084775,14.600000000000001,55.300000000000004
46.803771,154,2,0.3237534463405609,1.672121286392212,-2.0131452083587646,0.0,2.6369602803912673,79.0420708671196,-49.76787669306664,18.400000000000002,58.0
46.803771,154,3,-1.8500198125839233,1.5438292026519775,1.8100329637527466,0.0,3.0136690667333808,140.15522710511073,36.913436144220775,15.200000000000001,62.400000000000006
46.803771,154,4,-2.374191999435425,1.890512228012085,1.7751226425170898,0.0,3.5159471740091961,141.47052987385683,30.323221316142618,11.8,70.2
46.803771,154,5,-1.0791782140731812,2.628140687942505,-2.0712640285491943,0.0,3.5159470657720262,112.32424058313083,-36.093562966031833,11.8,70.2
46.803771,154,6,1.4800158739089966,4.9215006828308105,3.149156332015991,0.0,6.0273378502953658,73.262679621963,31.498672803928169,11.5,70.10000000000001
46.803771,154,7,3.7000396251678467,4.069562911987305,-2.465191125869751,0.0,6.0273379538152483,47.722942744583079,-24.142134990661731,11.5,70.10000000000001
47.094841,155,0,-0.11562623083591461,0.04111752286553383,-0.026601361110806465,0.0,0.12556953594270162,160.42424612247811,-12.230534550387821,35.4,53.300000000000004
47.094841,155,1,0.5087554454803467,2.0985801219940186,-1.7229918241500854,0.0,2.7625299017064728,76.372779526374075,-38.58688545766541,19.400000000000002,58.900000000000006
47.094841,155,2,0.5318806767463684,2.3440756797790527,-1.6011028289794922,0.0,2.8880993950683096,77.215812112984466,-33.667980486307684,18.0,60.300000000000004
47.094841,155,3,-1.6842888593673706,1.848139762878418,1.4452224969863892,0.0,2.8880993076272339,132.34425177731802,30.026870678860277,18.0,60.300000000000004
47.094841,155,4,1.4800158739089966,4.9619598388671875,3.0850138664245605,0.0,6.0273379684223212,73.391607908299292,30.786261100473073,11.5,70.10000000000001
47.094841,155,5,3.7000396251678467,4.118634223937988,-2.3823020458221436,0.0,6.0273380638499,48.064564250691404,-23.281532433275459,11.5,70.10000000000001
