timestamp_s,frame_number,point_index,x,y,z,doppler,range,aoa,snr,noise
0.0,1,0,-0.11562623083591461,0.041099000722169876,-0.026629973202943802,0.0,0.12556953687288425,160.43239438552138,31.5,57.2
0.0,1,1,0.6475068926811218,1.2990580797195435,0.9917932152748108,0.0,1.7579735073144125,63.5063437058549,15.4,56.900000000000006
0.0,1,2,1.2950137853622437,0.9846115112304688,-0.666296124458313,0.0,1.7579735657267326,37.246079206102515,15.4,56.900000000000006
0.0,1,3,-1.8346030712127686,0.8407040238380432,-0.6959283947944641,0.0,2.13468218132864,155.38045423771297,13.200000000000001,54.0
0.0,1,4,-0.9173015356063843,1.7828055620193481,0.7328234314918518,0.0,2.1346821685994493,117.22704190296712,13.200000000000001,54.0
0.0,1,5,-1.2294923067092896,2.8478643894195557,-1.9075275659561157,0.0,3.6415167619638678,113.35103184104958,11.9,70.4
0.0,1,6,-2.570756673812866,2.0175819396972656,1.606616735458374,0.0,3.641516729880682,141.87445847480294,11.9,70.4
0.0,1,7,1.4800158739089966,4.733081817626953,3.4258275032043457,0.0,6.027338099118449,72.63574372600183,11.700000000000001,70.0
0.0,1,8,3.7000396251678467,4.1731743812561035,-2.2854158878326416,0.0,6.02733800483616,48.43901011176052,11.700000000000001,70.0
0.296324,2,0,-0.11562623083591461,0.04111158847808838,-0.026610536500811577,0.0,0.12556953698000534,160.42685668905145,31.8,56.900000000000006
0.296324,2,1,0.7014658451080322,1.3872084617614746,0.821017324924469,0.0,1.7579735766108355,63.175771932856726,19.3,56.7
0.296324,2,2,1.3489726781845093,0.6908023357391357,-0.8908063173294067,0.0,1.7579735630961328,27.11676463460826,19.3,56.7
0.296324,2,3,-1.2294923067092896,2.8516247272491455,-1.9019014835357666,0.0,3.641516740369546,113.32353216288298,12.0,70.3
0.296324,2,4,-2.570756673812866,2.0080513954162598,1.618512749671936,0.0,3.641516689984709,142.00614315932035,12.0,70.3
0.296324,2,5,1.4800158739089966,4.752181053161621,3.3992836475372314,0.0,6.0273378091380385,72.70135953130769,11.5,70.10000000000001
0.296324,2,6,3.7000396251678467,4.139144420623779,-2.3464856147766113,0.0,6.027338094295587,48.206020957612736,11.5,70.10000000000001
0.660638,3,0,-0.11562623083591461,0.04109640792012215,-0.0266339723020792,0.0,0.1255695364403533,160.43353507698168,31.3,57.400000000000006
0.660638,3,1,0.7014658451080322,1.386885166168213,0.8215633630752563,0.0,1.7579735935269571,63.17039368969097,16.900000000000002,56.6
0.660638,3,2,1.3489726781845093,0.6122041940689087,-0.946546196937561,0.0,1.7579735392379516,24.409969674377468,16.900000000000002,56.6
0.660638,3,3,-1.2294923067092896,2.842966318130493,-1.9148199558258057,0.0,3.6415167556267707,113.38694378937974,12.100000000000001,70.10000000000001
0.660638,3,4,-2.570756673812866,2.0111472606658936,1.6146641969680786,0.0,3.641516668780728,141.96331523540658,12.100000000000001,70.10000000000001
0.660638,3,5,1.4800158739089966,4.781642436981201,3.357715129852295,0.0,6.027337909508736,72.80163711597109,11.5,70.10000000000001
0.660638,3,6,3.7000396251678467,4.105441570281982,-2.404965877532959,0.0,6.027338101260745,47.97316301420961,11.5,70.10000000000001
1.174443,4,0,-0.11562623083591461,0.04106016457080841,-0.026689812541007996,0.0,0.12556953637477614,160.4494818633291,32.4,56.300000000000004
1.174443,4,1,-2.482109785079956,1.8007380962371826,1.7199876308441162,0.0,3.5159471165940954,144.03960709472216,13.0,69.10000000000001
1.174443,4,2,-1.1870959997177124,2.763260841369629,-1.821284294128418,0.0,3.515947080095409,113.24834500889561,13.0,69.10000000000001
1.174443,4,3,-1.2294923067092896,2.8288726806640625,-1.9355806112289429,0.0,3.641516755176367,113.49086015834578,11.600000000000001,70.5
1.174443,4,4,-2.570756673812866,2.0088465213775635,1.6175256967544556,0.0,3.6415166623352304,141.99513868073421,11.600000000000001,70.5
1.483982,5,0,-0.11562623083591461,0.04109497740864754,-0.02663617767393589,0.0,0.12556953606115992,160.43416443090473,31.200000000000003,57.5
1.483982,5,1,-1.2294923067092896,2.8184962272644043,-1.9506592750549316,0.0,3.6415167063627267,113.56792709740913,11.700000000000001,70.60000000000001
1.483982,5,2,-2.570756673812866,2.009136915206909,1.6171648502349854,0.0,3.641516603399752,141.99112047704517,11.700000000000001,70.60000000000001
1.483982,5,3,1.4800158739089966,4.7829203605651855,3.3558948040008545,0.0,6.0273380607073594,72.8059612719556,11.4,70.2
1.483982,5,4,3.7000396251678467,4.083494663238525,-2.442045211791992,0.0,6.02733827729504,47.82039059630177,11.4,70.2
1.791694,6,0,-0.11562623083591461,0.04107325151562691,-0.026669669896364212,0.0,0.12556953667099036,160.44372334760064,32.2,56.5
1.791694,6,1,-0.8517799377441406,1.9133809804916382,-0.41268885135650635,0.0,2.134682160623569,113.99719694477693,16.2,53.7
1.791694,6,2,-1.2294923067092896,2.8280510902404785,-1.9367809295654297,0.0,3.6415168090228582,113.49694485486685,11.700000000000001,70.60000000000001
1.791694,6,3,-2.570756673812866,2.0170319080352783,1.6073070764541626,0.0,3.641516666446201,141.88204544680417,11.700000000000001,70.60000000000001
2.085217,7,0,-0.11562623083591461,0.041083402931690216,-0.02665402740240097,0.0,0.1255695362360464,160.43925680599915,31.0,57.7
2.085217,7,1,-0.9250098466873169,1.7460702657699585,0.36349526047706604,0.0,2.0091125886479726,117.9131520724579,16.1,52.400000000000006
2.085217,7,2,0.7400079369544983,1.0125539302825928,1.5696038007736206,0.0,2.009112565260935,53.839428778998844,16.1,52.400000000000006
2.085217,7,3,-1.2294923067092896,2.828138589859009,-1.9366530179977417,0.0,3.6415167345251613,113.49629669145173,11.4,70.9
2.085217,7,4,-2.570756673812866,2.0217230319976807,1.6014025211334229,0.0,3.6415167071916295,141.8173880908368,11.4,70.9
2.085217,7,5,1.4800158739089966,4.74509859085083,3.409163236618042,0.0,6.027337853300174,72.6770837453124,11.4,70.0
2.085217,7,6,3.7000396251678467,4.1505279541015625,-2.3262906074523926,0.0,6.0273380124157585,48.28419637571981,11.4,70.0
2.392002,8,0,-0.11562623083591461,0.041106656193733215,-0.026618152856826782,0.0,0.12556953652163963,160.42902648985486,32.2,56.5
2.392002,8,1,0.7014658451080322,1.3571451902389526,0.8698124289512634,0.0,1.7579735665816894,62.666973613926274,14.9,56.800000000000004
2.392002,8,2,1.3489726781845093,0.7307263612747192,-0.8583604693412781,0.0,1.7579735484010726,28.444006617195846,14.9,56.800000000000004
2.392002,8,3,0.0,1.2877051830291748,1.702552080154419,0.0,2.1346822302249904,90.0,16.7,53.400000000000006
2.392002,8,4,-1.2294923067092896,2.8277416229248047,-1.937232494354248,0.0,3.641516683397279,113.49923753999703,11.4,70.8
2.392002,8,5,-2.570756673812866,2.009972333908081,1.6161266565322876,0.0,3.641516720953444,141.97956317458727,11.4,70.8
2.392002,8,6,1.4800158739089966,4.7230377197265625,3.4396612644195557,0.0,6.027337878610327,72.60104309536173,11.600000000000001,70.0
2.392002,8,7,3.7000396251678467,4.141205310821533,-2.342846393585205,0.0,6.027338042463181,48.22019166239612,11.600000000000001,70.0
2.69229,9,0,-0.11562623083591461,0.041122011840343475,-0.02659442089498043,0.0,0.12556953586701247,160.42227145631304,30.200000000000003,58.5
2.69229,9,1,-0.8016752004623413,1.3767980337142944,0.355649471282959,0.0,1.632403901949432,120.21117733516309,12.3,61.5
2.69229,9,2,-1.6650177240371704,0.3591553270816803,-1.0654842853546143,0.0,2.0091125734181,167.8274285096101,17.400000000000002,52.800000000000004
2.69229,9,3,0.0,1.1317254304885864,1.6600394248962402,0.0,2.0091125757966917,90.0,17.400000000000002,52.800000000000004
2.69229,9,4,-1.2294923067092896,2.8437814712524414,-1.9136089086532593,0.0,3.641516640600884,113.38095997502033,11.4,70.8
2.69229,9,5,-2.570756673812866,2.025236129760742,1.5969572067260742,0.0,3.6415166589425354,141.76904239588518,11.4,70.8
2.69229,9,6,1.4800158739089966,4.7654643058776855,3.38063645362854,0.0,6.027337709903026,72.74671167053305,11.600000000000001,70.10000000000001
2.69229,9,7,3.7000396251678467,4.134270191192627,-2.3550631999969482,0.0,6.027338211646664,48.17247446954446,11.600000000000001,70.10000000000001
2.985154,10,0,-0.11562623083591461,0.04109989479184151,-0.026628591120243073,0.0,0.12556953641018884,160.43200104738176,30.3,58.400000000000006
2.985154,10,1,-2.482109785079956,1.8563565015792847,1.6598058938980103,0.0,3.5159471059109975,143.20738399806905,12.9,69.4
2.985154,10,2,-1.1870959997177124,2.780827760696411,-1.794347882270813,0.0,3.515947136948359,113.11694982645298,12.9,69.4
2.985154,10,3,1.4800158739089966,4.766513824462891,3.3791565895080566,0.0,6.027337744164846,72.75028514658126,11.5,70.10000000000001
2.985154,10,4,3.7000396251678467,4.128816604614258,-2.3646109104156494,0.0,6.027338097369962,48.134888503176086,11.5,70.10000000000001
3.286378,11,0,-0.11562623083591461,0.04109637066721916,-0.026634030044078827,0.0,0.1255695364956269,160.43355146634448,31.900000000000002,56.800000000000004
3.286378,11,1,0.7014658451080322,1.3027043342590332,0.9494094252586365,0.0,1.757973597958835,61.69891469030494,17.2,56.6
3.286378,11,2,-1.2294923067092896,2.8369765281677246,-1.9236830472946167,0.0,3.641516664808858,113.43100199837977,12.200000000000001,70.10000000000001
3.286378,11,3,-2.570756673812866,2.0148909091949463,1.6099902391433716,0.0,3.641516692539904,141.91159276028768,12.200000000000001,70.10000000000001
3.286378,11,4,1.4800158739089966,4.761961936950684,3.385568380355835,0.0,6.027337864601167,72.73477615851911,11.600000000000001,70.0
3.286378,11,5,3.7000396251678467,4.12143087387085,-2.3774607181549072,0.0,6.027338147331515,48.08389838376514,11.600000000000001,70.0
3.592359,12,0,-0.11562623083591461,0.04108506441116333,-0.026651468127965927,0.0,0.12556953662559098,160.43852579192523,32.5,56.2
3.592359,12,1,0.7014658451080322,1.2828693389892578,0.9760446548461914,0.0,1.7579736178412013,61.330405940907895,16.7,56.800000000000004
3.592359,12,2,1.3489726781845093,0.8233432173728943,-0.7699673175811768,0.0,1.7579735521973558,31.397734150599184,16.7,56.800000000000004
3.592359,12,3,-1.2294923067092896,2.840667963027954,-1.9182277917861938,0.0,3.6415166716097365,113.40383095665395,11.5,70.7
3.592359,12,4,-2.570756673812866,2.0529935359954834,1.5611121654510498,0.0,3.641516652153591,141.38930961424447,11.5,70.7
3.592359,12,5,1.4800158739089966,4.77977991104126,3.360365629196167,0.0,6.02733773293808,72.79533104134657,11.5,70.10000000000001
3.592359,12,6,3.7000396251678467,4.094157695770264,-2.4241254329681396,0.0,6.027338100721583,47.89472857107915,11.5,70.10000000000001
3.891461,13,0,-0.11562623083591461,0.04107445478439331,-0.026667816564440727,0.0,0.125569536645916,160.44319390607538,32.2,56.5
3.891461,13,1,-1.6650177240371704,0.574364960193634,-0.9666199684143066,0.0,2.009112563345675,160.96760001236254,15.200000000000001,52.300000000000004
3.891461,13,2,0.9866771697998047,1.6818492412567139,0.4841330945491791,0.0,2.009112630231989,59.60146790312561,15.200000000000001,52.300000000000004
3.891461,13,3,-1.2294923067092896,2.8323776721954346,-1.9304481744766235,0.0,3.6415168219505296,113.46493556035605,11.600000000000001,70.60000000000001
3.891461,13,4,-2.570756673812866,2.033979654312134,1.585806131362915,0.0,3.6415167439375193,141.64899643797847,11.600000000000001,70.60000000000001
3.891461,13,5,1.4800158739089966,4.782669544219971,3.3562519550323486,0.0,6.027337898433299,72.8051127420025,11.600000000000001,69.9
3.891461,13,6,3.7000396251678467,4.117105960845947,-2.384942054748535,0.0,6.027337996591332,48.05399273935811,11.600000000000001,69.9
4.191491,14,0,-0.11562623083591461,0.04110116884112358,-0.026626620441675186,0.0,0.12556953553140107,160.4314405438496,31.0,57.7
4.191491,14,1,-2.374191999435425,2.048544406890869,1.5901453495025635,0.0,3.5159471084946192,139.2111087173284,13.600000000000001,68.7
4.191491,14,2,-1.0791782140731812,2.736255168914795,-1.9261791706085205,0.0,3.5159471219614837,111.52426123312053,13.600000000000001,68.7
4.191491,14,3,-1.2294923067092896,2.7765722274780273,-2.009885311126709,0.0,3.641516666245334,113.88421336237978,12.3,70.0
4.191491,14,4,-2.570756673812866,2.054959774017334,1.558523178100586,0.0,3.641516723215687,141.36256187393798,12.3,70.0
4.191491,14,5,1.4800158739089966,4.739728927612305,3.4166250228881836,0.0,6.027338039407876,72.65863467208983,11.700000000000001,69.9
4.191491,14,6,3.7000396251678467,4.141473293304443,-2.3423728942871094,0.0,6.027338139084047,48.22203373685956,11.700000000000001,69.9
4.191491,14,7,0.7014658451080322,1.3686720132827759,0.8515596389770508,-0.08526057749986649,1.7579736148564284,62.864149613456384,21.900000000000002,52.800000000000004
4.477454,15,0,-0.11562623083591461,0.041087161749601364,-0.026648234575986862,0.0,0.12556953660810785,160.43760301904948,31.900000000000002,56.800000000000004
4.477454,15,1,0.9250098466873169,1.3493434190750122,1.166260004043579,0.0,2.009112559340881,55.56835341011903,16.7,52.5
4.477454,15,2,-2.374191999435425,2.027824640274048,1.6164849996566772,0.0,3.5159471236070656,139.49897984102856,12.8,69.4
4.477454,15,3,-1.0791782140731812,2.7592692375183105,-1.8930639028549194,0.0,3.515946996633675,111.36097255625324,12.8,69.4
4.477454,15,4,1.4800158739089966,4.776391983032227,3.3651797771453857,0.0,6.02733791114331,72.78384880899017,11.700000000000001,70.0
4.477454,15,5,3.7000396251678467,4.105221271514893,-2.405341863632202,0.0,6.027338085494475,47.97163398914619,11.700000000000001,70.0
4.789449,16,0,-0.11562623083591461,0.04115716367959976,-0.026539992541074753,0.0,0.1255695368453268,160.4068101012158,31.5,57.2
4.789449,16,1,-2.374191999435425,2.0093843936920166,1.6393510103225708,0.0,3.5159472446044817,139.75727568610986,13.100000000000001,69.10000000000001
4.789449,16,2,-1.0791782140731812,2.7630560398101807,-1.8875327110290527,0.0,3.5159471031382687,111.33433056571532,13.100000000000001,69.10000000000001
4.789449,16,3,1.4800158739089966,4.770351886749268,3.3737363815307617,0.0,6.027337827142194,72.76334104299313,11.9,69.8
4.789449,16,4,3.7000396251678467,4.129827499389648,-2.3628451824188232,0.0,6.027338198459335,48.14185971983935,11.9,69.8
5.086166,17,0,-0.11562623083591461,0.04114428162574768,-0.02655996009707451,0.0,0.12556953710266372,160.4124758614659,32.4,56.300000000000004
5.086166,17,1,0.7014658451080322,1.3246402740478516,0.9185558557510376,0.0,1.7579735628322783,62.09645550262065,14.600000000000001,56.900000000000006
5.086166,17,2,1.3489726781845093,0.7640408873558044,-0.828845739364624,0.0,1.7579735560305287,29.526661450212092,14.600000000000001,56.900000000000006
5.086166,17,3,-2.374191999435425,2.010563611984253,1.637904405593872,0.0,3.515947173932248,139.74069884892572,12.9,69.3
5.086166,17,4,-1.0791782140731812,2.7657558917999268,-1.8835742473602295,0.0,3.5159469870967683,111.31537445486762,12.9,69.3
5.086166,17,5,-1.2294923067092896,2.8085978031158447,-1.9648845195770264,0.0,3.6415167344388135,113.64188928126823,11.700000000000001,70.5
5.086166,17,6,-2.570756673812866,2.0327556133270264,1.5873748064041138,0.0,3.6415167218444053,141.6657782510676,11.700000000000001,70.5
5.086166,17,7,1.4800158739089966,4.705388069152832,3.46376633644104,0.0,6.027337812153108,72.5397399234408,11.4,70.10000000000001
5.086166,17,8,3.7000396251678467,4.216702938079834,-2.204070806503296,0.0,6.0273381368480905,48.73394825269852,11.4,70.10000000000001
5.390893,18,0,-0.11562623083591461,0.04114040732383728,-0.026565957814455032,0.0,0.12556953645964797,160.41417992751158,29.900000000000002,58.800000000000004
5.390893,18,1,0.7014658451080322,1.3026989698410034,0.9494167566299438,0.0,1.7579735821813876,61.69881620102397,17.8,57.1
5.390893,18,2,1.3489726781845093,0.7279368042945862,-0.8607274293899536,0.0,1.7579735450908072,28.352323792439698,17.8,57.1
5.390893,18,3,-2.374191999435425,2.029606580734253,1.6142470836639404,0.0,3.5159471227338592,139.47412466545904,13.3,69.0
5.390893,18,4,-1.0791782140731812,2.7477784156799316,-1.9097046852111816,0.0,3.5159470735669833,111.44220564990387,13.3,69.0
5.390893,18,5,-1.2294923067092896,2.7823545932769775,-2.001873016357422,0.0,3.6415167154094994,113.84011523292038,12.200000000000001,70.10000000000001
5.390893,18,6,-2.570756673812866,2.0389769077301025,1.5793756246566772,0.0,3.6415167265810644,141.58056386475738,12.200000000000001,70.10000000000001
5.390893,18,7,1.4800158739089966,4.680249214172363,3.497659921646118,0.0,6.027338104111396,72.4516982072127,11.4,70.0
5.390893,18,8,3.7000396251678467,4.227293014526367,-2.1836907863616943,0.0,6.0273381279729605,48.805184861175114,11.4,70.0
5.390893,18,9,-0.8016752004623413,1.237913727760315,0.6997348666191101,0.25578173995018005,1.6324038740386027,122.92716780549215,22.8,41.900000000000006
5.691822,19,0,-0.11562623083591461,0.04108952730894089,-0.026644587516784668,0.0,0.12556953673455998,160.43656224881778,29.6,59.1
5.691822,19,1,-0.8016752004623413,1.357918620109558,0.4220382273197174,0.0,1.632403862772859,120.55635227546263,13.5,61.1
5.691822,19,2,-2.482109785079956,1.8562383651733398,1.6599379777908325,0.0,3.5159470905637042,143.20913284875283,14.0,68.2
5.691822,19,3,-1.1870959997177124,2.7705838680267334,-1.8101249933242798,0.0,3.5159471517320897,113.19339989274333,14.0,68.2
5.691822,19,4,1.4800158739089966,4.790409564971924,3.3451950550079346,0.0,6.027337782408304,72.83126042908081,11.4,70.10000000000001
5.691822,19,5,3.7000396251678467,4.118865013122559,-2.3819031715393066,0.0,6.027338130777658,48.066160320044425,11.4,70.10000000000001
5.998091,20,0,-0.11562623083591461,0.04112604260444641,-0.026588188484311104,0.0,0.1255695361323765,160.42049839482905,30.5,58.2
5.998091,20,1,-1.6650177240371704,0.8704680800437927,-0.7117124795913696,0.0,2.0091125785627697,152.3995176168109,12.5,53.0
5.998091,20,2,-1.2294923067092896,2.8358423709869385,-1.9253549575805664,0.0,3.641516854007711,113.43936199366541,12.200000000000001,70.10000000000001
5.998091,20,3,-2.570756673812866,2.0099313259124756,1.6161777973175049,0.0,3.6415167833445086,141.980130400037,12.200000000000001,70.10000000000001
5.998091,20,4,1.4800158739089966,4.7891926765441895,3.3469371795654297,0.0,6.027337883680033,72.82715459276504,11.5,70.10000000000001
5.998091,20,5,3.7000396251678467,4.120515823364258,-2.3790464401245117,0.0,6.027338205433353,48.077573946902795,11.5,70.10000000000001
6.290599,21,0,-0.11562623083591461,0.041134897619485855,-0.02657448500394821,0.0,0.1255695357668844,160.4166033681668,30.6,58.1
6.290599,21,1,-1.2294923067092896,2.8358123302459717,-1.925398826599121,0.0,3.641516654651148,113.43958350374088,12.4,69.8
6.290599,21,2,-2.570756673812866,2.0217809677124023,1.6013293266296387,0.0,3.641516685349886,141.81659028432884,12.4,69.8
6.596522,22,0,-0.11562623083591461,0.04112011194229126,-0.026597362011671066,0.0,0.12556953662989545,160.42310720123007,30.200000000000003,58.5
6.596522,22,1,-0.8016752004623413,1.2803996801376343,0.6185758709907532,0.0,1.6324039255358522,122.0512276384266,11.3,61.0
6.596522,22,2,0.7515705227851868,1.1378450393676758,1.2993016242980957,0.0,1.8835430165613145,56.554401048118955,15.0,53.300000000000004
6.596522,22,3,-1.2294923067092896,2.8243942260742188,-1.9421095848083496,0.0,3.641516677971306,113.52406368887137,12.0,70.2
6.596522,22,4,-2.570756673812866,2.027200222015381,1.5944633483886719,0.0,3.6415167149757,141.74204140723543,12.0,70.2
6.596522,22,5,1.4800158739089966,4.7845025062561035,3.353638172149658,0.0,6.027337738097381,72.81131191454342,11.600000000000001,69.9
6.596522,22,6,3.7000396251678467,4.112076282501221,-2.393604278564453,0.0,6.027338220415653,48.01917008317671,11.600000000000001,69.9
6.892577,23,0,-0.11562623083591461,0.041113052517175674,-0.02660827338695526,0.0,0.1255695367405455,160.42621264311023,31.1,57.6
6.892577,23,1,-1.2294923067092896,2.8497016429901123,-1.9047815799713135,0.0,3.641516669427162,113.33758820142859,12.0,70.2
6.892577,23,2,-2.570756673812866,2.040545701980591,1.577348232269287,0.0,3.641516728461905,141.55910743583087,12.0,70.2
6.892577,23,3,1.4800158739089966,4.735865592956543,3.4219775199890137,0.0,6.027337724807064,72.64533746060967,11.5,70.0
6.892577,23,4,3.7000396251678467,4.173234462738037,-2.285306930541992,0.0,6.0273382911182205,48.439419585897305,11.5,70.0
6.892577,23,5,0.6475068926811218,1.3228189945220947,0.9598727226257324,0.08526057749986649,1.7579735242542602,63.918706244513515,21.3,53.0
6.892577,23,6,1.3489726781845093,0.7815601229667664,-0.812346875667572,0.08526057749986649,1.757973537544573,30.08690078265658,21.3,53.0
7.196896,24,0,-0.11562623083591461,0.04109149053692818,-0.02664155885577202,0.0,0.12556953655298816,160.4356985016788,33.0,55.7
7.196896,24,1,-0.8787593245506287,1.7367699146270752,-1.3796937465667725,0.0,2.385821141903532,116.83819552391152,11.5,58.6
7.196896,24,2,-2.374191999435425,2.018174409866333,1.6285173892974854,0.0,3.515947167701301,139.6339053721377,13.5,68.60000000000001
7.196896,24,3,-1.0791782140731812,2.767578363418579,-1.8808954954147339,0.0,3.515947024638494,111.30259672534284,13.5,68.60000000000001
7.196896,24,4,1.4800158739089966,4.740091323852539,3.4161217212677,0.0,6.0273377506160815,72.65988099052824,11.4,70.10000000000001
7.196896,24,5,3.7000396251678467,4.187471866607666,-2.259113311767578,0.0,6.027338286246126,48.53626609572597,11.4,70.10000000000001
7.196896,24,6,-0.8016752004623413,1.4140520095825195,0.1500547230243683,0.25578173995018005,1.6324039428838124,119.55040685557819,32.1,41.6
7.488702,25,0,-0.11562623083591461,0.04108920320868492,-0.02664508856832981,0.0,0.12556953700025716,160.43670484174024,30.900000000000002,57.800000000000004
7.488702,25,1,-0.8016752004623413,1.4153152704238892,0.137630432844162,0.0,1.6324039260477945,119.52846109759788,13.700000000000001,61.300000000000004
7.488702,25,2,-0.20041880011558533,0.527555525302887,-1.5317506790161133,0.0,1.6324039544131532,110.80182750803374,13.700000000000001,61.300000000000004
7.488702,25,3,-1.8346030712127686,0.5263708233833313,-0.9560509324073792,0.0,2.1346821913272214,163.99114513365177,13.4,54.1
7.488702,25,4,-0.9173015356063843,1.6262551546096802,1.034756064414978,0.0,2.1346821889836343,119.42550083773283,13.4,54.1
7.488702,25,5,1.4800158739089966,4.76375675201416,3.383042573928833,0.0,6.0273379228643,72.74089460004521,11.4,70.0
7.488702,25,6,3.7000396251678467,4.148398399353027,-2.3300862312316895,0.0,6.027338081818746,48.26959000992722,11.4,70.0
7.790709,26,0,-0.11562623083591461,0.041107457131147385,-0.026616917923092842,0.0,0.1255695369460045,160.428674139074,32.2,56.5
7.790709,26,1,-0.8016752004623413,1.3420889377593994,0.46995386481285095,0.0,1.632403895776111,120.85130302045178,11.9,60.7
7.790709,26,2,-1.6033504009246826,1.0171780586242676,-0.6566197276115417,0.0,2.0091125348722083,147.60863808239586,15.9,51.2
7.790709,26,3,-0.8633425831794739,1.7748942375183105,0.37539780139923096,0.0,2.009112609985336,115.93917662013887,15.9,51.2
7.790709,26,4,-2.482109785079956,1.8654788732528687,1.649546504020691,0.0,3.515947110050056,143.07258050167894,13.0,69.10000000000001
7.790709,26,5,-1.0791782140731812,2.731058359146118,-1.9335404634475708,0.0,3.5159471131661117,111.56146308780812,13.0,69.10000000000001
7.790709,26,6,1.4800158739089966,4.7695465087890625,3.374875068664551,0.0,6.0273379377315575,72.76060298615519,11.4,70.10000000000001
7.790709,26,7,3.7000396251678467,4.151054859161377,-2.325350046157837,0.0,6.027337928865923,48.28780906695641,11.4,70.10000000000001
8.09412,27,0,-0.11562623083591461,0.04109615832567215,-0.026634354144334793,0.0,0.1255695357446812,160.43364488577583,31.0,57.7
8.09412,27,1,-0.8517799377441406,1.376466155052185,0.2110797017812729,0.0,1.6324039876365253,121.7499047504124,13.4,61.2
8.09412,27,2,0.6012564301490784,1.2886946201324463,0.8015606999397278,0.0,1.632403955656133,64.98801330902299,13.4,61.2
8.09412,27,3,-2.374191999435425,2.0490689277648926,1.589469313621521,0.0,3.5159470729604587,139.20385344804066,13.200000000000001,69.0
8.09412,27,4,-1.0791782140731812,2.7516255378723145,-1.9041571617126465,0.0,3.5159469869300994,111.41494336331063,13.200000000000001,69.0
8.09412,27,5,-1.2294923067092896,2.803212881088257,-1.9725593328475952,0.0,3.64151673215442,113.68231010310845,12.0,70.2
8.09412,27,6,-2.570756673812866,2.045793056488037,1.5705363750457764,0.0,3.6415166635991087,141.48743187084136,12.0,70.2
8.09412,27,7,1.4800158739089966,4.731189250946045,3.4284403324127197,0.0,6.027337872411356,72.62921549450074,11.700000000000001,69.8
8.09412,27,8,3.7000396251678467,4.138830184936523,-2.3470396995544434,0.0,6.027338042522464,48.20385958017333,11.700000000000001,69.8
8.396751,28,0,-0.11562623083591461,0.041115812957286835,-0.026604007929563522,0.0,0.12556953679286662,160.42499831095108,31.700000000000003,57.0
8.396751,28,1,-2.374191999435425,2.0201032161712646,1.6261240243911743,0.0,3.5159470981331356,139.60689428908185,12.9,69.4
8.396751,28,2,-1.0791782140731812,2.7621312141418457,-1.8888856172561646,0.0,3.515947004285487,111.34083131401603,12.9,69.4
8.396751,28,3,1.4800158739089966,4.802509307861328,3.327800989151001,0.0,6.027337891848414,72.87198213871127,11.5,70.0
8.396751,28,4,3.7000396251678467,4.0866193771362305,-2.436812400817871,0.0,6.027338205060115,47.84219681333442,11.5,70.0
8.396751,28,5,0.6475068926811218,1.3032993078231812,0.9862133264541626,-0.08526057749986649,1.7579735456251124,63.580833595551155,22.5,53.2
8.688655,29,0,-0.11562623083591461,0.04109179601073265,-0.026641087606549263,0.0,0.12556953653481287,160.4355641054228,32.7,56.0
8.688655,29,1,0.6475068926811218,1.3318190574645996,0.9473456740379333,0.0,1.7579735504306777,64.07179798109436,13.9,57.0
8.688655,29,2,1.2950137853622437,0.8858651518821716,-0.7928765416145325,0.0,1.7579735441240554,34.37441025217441,13.9,57.0
8.688655,29,3,-0.9519892930984497,1.182794213294983,-1.840341567993164,0.0,2.385821211252369,128.82936027212062,11.9,59.1
8.688655,29,4,-1.8307485580444336,1.011678695678711,1.147609829902649,0.0,2.3858211139482224,151.0747913795958,11.9,59.1
8.688655,29,5,-2.374191999435425,2.032801389694214,1.6102222204208374,0.0,3.515947203708116,139.42960838142764,12.9,69.3
8.688655,29,6,-1.0791782140731812,2.7787439823150635,-1.8643603324890137,0.0,3.515946982868329,111.22463006744326,12.9,69.3
8.688655,29,7,1.4800158739089966,4.799103260040283,3.3327109813690186,0.0,6.027337851231631,72.86053803932704,11.4,70.10000000000001
8.688655,29,8,3.7000396251678467,4.113909721374512,-2.3904519081115723,0.0,6.027338280570138,48.03186923214826,11.4,70.10000000000001
8.989385,30,0,-0.11562623083591461,0.041127774864435196,-0.02658551186323166,0.0,0.12556953676608792,160.41973641644122,31.5,57.2
8.989385,30,1,-0.9018846154212952,1.2872936725616455,0.44070592522621155,0.0,1.6324039241193822,125.01528490542778,12.100000000000001,61.1
8.989385,30,2,-1.8346030712127686,0.7011014819145203,-0.8363948464393616,0.0,2.1346821908650435,159.08542775857202,14.0,53.800000000000004
8.989385,30,3,-1.2294923067092896,2.8128175735473633,-1.958838939666748,0.0,3.641516720525797,113.61030521672589,11.5,70.7
8.989385,30,4,-2.570756673812866,2.0513370037078857,1.5632883310317993,0.0,3.6415166874085343,141.41185975947838,11.5,70.7
8.989385,30,5,1.4800158739089966,4.7685441970825195,3.376290798187256,0.0,6.027337745678096,72.75719423210292,11.600000000000001,69.9
8.989385,30,6,3.7000396251678467,4.126891136169434,-2.3679702281951904,0.0,6.027338274829516,48.121605069941445,11.600000000000001,69.9
9.288574,31,0,-0.11562623083591461,0.04112866520881653,-0.02658413164317608,0.0,0.12556953617179942,160.41934477874128,31.5,57.2
9.288574,31,1,-0.8517799377441406,1.3540544509887695,0.32519257068634033,0.0,1.63240397163677,122.17230883219277,12.4,61.300000000000004
9.288574,31,2,-1.8346030712127686,0.4774453043937683,-0.9813998341560364,0.0,2.1346821969727663,165.41266439430356,13.700000000000001,53.800000000000004
9.288574,31,3,-2.482109785079956,1.8458722829818726,1.6714575290679932,0.0,3.5159470618523905,143.36289989277344,13.100000000000001,69.10000000000001
9.288574,31,4,-1.0791782140731812,2.763801336288452,-1.8864411115646362,0.0,3.515947029123339,111.3290945037665,13.100000000000001,69.10000000000001
9.288574,31,5,1.4800158739089966,4.744040489196777,3.4106357097625732,0.0,6.027337977487961,72.67345133364712,11.3,70.2
9.288574,31,6,3.7000396251678467,4.16061544418335,-2.3082008361816406,0.0,6.027338152313909,48.35327192981555,11.3,70.2
9.590574,32,0,-0.11562623083591461,0.04113875702023506,-0.026568515226244926,0.0,0.12556953686231928,160.4149058050596,32.0,56.7
9.590574,32,1,-1.8346030712127686,0.6849660277366638,-0.8496594429016113,0.0,2.13468219109275,159.5264171944446,14.600000000000001,53.6
9.590574,32,2,0.9173015356063843,0.47457748651504517,-1.8682082891464233,0.0,2.1346822034129986,27.355353942939153,14.600000000000001,53.6
9.590574,32,3,-2.374191999435425,2.015364408493042,1.6319935321807861,0.0,3.5159471324642535,139.67329552601257,13.100000000000001,69.0
9.590574,32,4,-1.0791782140731812,2.7704153060913086,-1.8767144680023193,0.0,3.5159470673439337,111.28273536902127,13.100000000000001,69.0
9.590574,32,5,1.4800158739089966,4.788945198059082,3.3472914695739746,0.0,6.02733799278906,72.82631935614975,11.5,70.0
9.590574,32,6,3.7000396251678467,4.106881141662598,-2.4025068283081055,0.0,6.0273381354975575,47.9831524015988,11.5,70.0
9.590574,32,7,0.7014658451080322,1.4294464588165283,0.7450498938560486,0.08526057749986649,1.7579735079946877,63.861635107240964,21.700000000000003,53.300000000000004
9.884176,33,0,-0.11562623083591461,0.04115297272801399,-0.02654649131000042,0.0,0.125569537000599,160.40865331374866,32.300000000000004,56.400000000000006
9.884176,33,1,0.7554247379302979,1.3947944641113281,0.7578606605529785,0.0,1.7579735244327381,61.55989585984817,17.400000000000002,57.0
9.884176,33,2,-2.374191999435425,2.0156402587890625,1.6316527128219604,0.0,3.515947081270377,139.6694266635199,12.9,69.3
9.884176,33,3,-1.0791782140731812,2.7755539417266846,-1.8691061735153198,0.0,3.515946983251852,111.24684970603236,12.9,69.3
9.884176,33,4,1.4800158739089966,4.800775051116943,3.3303027153015137,0.0,6.027338073643633,72.86615700176657,11.600000000000001,70.0
9.884176,33,5,3.7000396251678467,4.1055803298950195,-2.4047293663024902,0.0,6.027338251516228,47.974126054947476,11.600000000000001,70.0
10.190472,34,0,-0.11562623083591461,0.04111752286553383,-0.026601361110806465,0.0,0.12556953594270162,160.4242461224781,32.7,56.0
10.190472,34,1,0.7014658451080322,0.8132565021514893,1.3917725086212158,0.0,1.7579736021620442,49.22093293469374,14.3,56.6
10.190472,34,2,0.7400079369544983,0.9407945871353149,-1.613637924194336,0.0,2.0091126280865805,51.8122030857791,18.5,51.7
10.190472,34,3,-2.482109785079956,1.8441137075424194,1.6733976602554321,0.0,3.515947110080564,143.38904711995528,12.5,69.8
10.190472,34,4,-1.1870959997177124,2.736042022705078,-1.861924171447754,0.0,3.5159471672332185,113.45474185109231,12.5,69.8
10.190472,34,5,1.4800158739089966,4.783608436584473,3.3549137115478516,0.0,6.027337942534543,72.80828866624701,11.600000000000001,70.0
10.190472,34,6,3.7000396251678467,4.102341651916504,-2.4102494716644287,0.0,6.027337950747404,47.95163911740061,11.600000000000001,70.0
10.488158,35,0,-0.11562623083591461,0.041141074150800705,-0.026564927771687508,0.0,0.12556953701880433,160.4138866289591,33.2,55.5
10.488158,35,1,0.7554247379302979,1.3343114852905273,0.859893798828125,0.0,1.7579735548973245,60.483490705381676,15.8,56.7
10.488158,35,2,-1.8307485580444336,0.8162342309951782,1.2939335107803345,0.0,2.385821144375744,155.9704283014742,11.9,58.800000000000004
10.488158,35,3,-0.8787593245506287,1.344123125076294,-1.7644425630569458,0.0,2.385821134154131,123.17581181968252,11.9,58.800000000000004
10.488158,35,4,-1.2294923067092896,2.8332087993621826,-1.9292280673980713,0.0,3.6415167676501405,113.45879606193607,11.700000000000001,70.5
10.488158,35,5,-2.570756673812866,2.0280559062957764,1.5933748483657837,0.0,3.6415167227982432,141.73028432048196,11.700000000000001,70.5
10.488158,35,6,1.4800158739089966,4.765201091766357,3.381007671356201,0.0,6.027337829072084,72.74581523510271,11.3,70.2
10.488158,35,7,3.7000396251678467,4.115830898284912,-2.3871419429779053,0.0,6.027338041541501,48.04516937863783,11.3,70.2
10.781584,36,0,-0.11562623083591461,0.041110824793577194,-0.02661171182990074,0.0,0.12556953603102183,160.42719264381202,32.9,55.800000000000004
10.781584,36,1,-1.7690813541412354,0.7505067586898804,-0.92949378490448,0.0,2.134682161021971,157.01162913556158,14.700000000000001,52.800000000000004
10.781584,36,2,-1.8307485580444336,0.9150578379631042,1.226038932800293,0.0,2.385821157241583,153.4428721352031,11.3,59.2
10.781584,36,3,-0.8787593245506287,1.5014214515686035,-1.6326844692230225,0.0,2.3858212216671038,120.33979476238756,11.3,59.2
10.781584,36,4,-1.2294923067092896,2.8395957946777344,-1.9198145866394043,0.0,3.6415166698069954,113.41171659016995,11.600000000000001,70.60000000000001
10.781584,36,5,-2.570756673812866,2.0283665657043457,1.5929791927337646,0.0,3.6415166495985365,141.72601680733393,11.600000000000001,70.60000000000001
10.781584,36,6,1.4800158739089966,4.772748947143555,3.370344638824463,0.0,6.027337926807764,72.77148538084619,11.4,70.10000000000001
10.781584,36,7,3.7000396251678467,4.121618270874023,-2.37713623046875,0.0,6.02733830615322,48.085193399692365,11.4,70.10000000000001
10.781584,36,8,0.7014658451080322,1.304950475692749,0.9463196396827698,-0.08526057749986649,1.757973531175366,61.74009805993616,23.8,52.400000000000006
10.781584,36,9,1.3489726781845093,0.7787370085716248,-0.8150536417961121,-0.08526057749986649,1.757973564651208,29.997045966815005,23.8,52.400000000000006
11.093454,37,0,-0.11562623083591461,0.041135165840387344,-0.02657407335937023,0.0,0.1255695365164082,160.41648538965083,32.6,56.1
11.093454,37,1,-1.2294923067092896,2.82987642288208,-1.934112787246704,0.0,3.641516740979289,113.48343047942727,11.9,70.3
11.093454,37,2,-2.570756673812866,2.0376389026641846,1.5811015367507935,0.0,3.641516750355491,141.59887386265157,11.9,70.3
11.093454,37,3,1.4800158739089966,4.77230167388916,3.3709776401519775,0.0,6.027337762564206,72.76996627569216,11.600000000000001,70.0
11.093454,37,4,3.7000396251678467,4.101998805999756,-2.4108333587646484,0.0,6.027338128557919,47.949257507728454,11.600000000000001,70.0
11.093454,37,5,0.6475068926811218,1.161728024482727,1.1496058702468872,-0.08526057749986649,1.75797350260014,60.866221276775555,22.200000000000003,53.0
11.390353,38,0,-0.11562623083591461,0.041113585233688354,-0.026607448235154152,0.0,0.1255695363122536,160.42597829688233,32.6,56.1
11.390353,38,1,-1.8346030712127686,0.7836599946022034,-0.7595897912979126,0.0,2.134682193462824,156.8700037745499,14.200000000000001,53.2
11.390353,38,2,-1.8307485580444336,0.6237186789512634,1.3969528675079346,0.0,2.3858211557644307,161.18651000561277,12.0,58.300000000000004
11.390353,38,3,-0.8787593245506287,1.7276053428649902,-1.391152262687683,0.0,2.3858211980702575,116.96050360970328,12.0,58.300000000000004
11.390353,38,4,-1.2294923067092896,2.8268237113952637,-1.938571810722351,0.0,3.6415167571893936,113.50604036028673,11.700000000000001,70.4
11.390353,38,5,-2.570756673812866,2.048558235168457,1.5669279098510742,0.0,3.6415166886202996,141.4497185823906,11.700000000000001,70.4
11.390353,38,6,1.4800158739089966,4.764586448669434,3.3818743228912354,0.0,6.027338131356003,72.74372157670734,11.4,70.10000000000001
11.390353,38,7,3.7000396251678467,4.131346702575684,-2.360187530517578,0.0,6.027338051238362,48.152332714924704,11.4,70.10000000000001
11.697723,39,0,-0.11562623083591461,0.041100941598415375,-0.02662697434425354,0.0,0.12556953619539293,160.4315405164162,31.900000000000002,56.800000000000004
11.697723,39,1,0.5935479998588562,1.067942500114441,1.2639899253845215,0.0,1.757973533122925,60.93528654195899,17.5,56.6
11.697723,39,2,-1.2294923067092896,2.832561492919922,-1.9301784038543701,0.0,3.641516801298035,113.46357742394636,11.5,70.8
11.697723,39,3,-2.570756673812866,2.005403757095337,1.621791958808899,0.0,3.6415166157224506,142.04281007168913,11.5,70.8
11.697723,39,4,1.4800158739089966,4.7565693855285645,3.3931405544281006,0.0,6.027337897320411,72.71636787271916,11.3,70.2
11.697723,39,5,3.7000396251678467,4.153475284576416,-2.3210244178771973,0.0,6.027338095360301,48.304397996277046,11.3,70.2
12.021496,40,0,-0.11562623083591461,0.04112400859594345,-0.026591334491968155,0.0,0.12556953615580166,160.4213931141377,31.0,57.7
12.021496,40,1,0.551151692867279,1.0041970014572144,1.1629973649978638,0.0,1.6324039565248862,61.2398985678828,12.9,61.400000000000006
12.021496,40,2,-0.8517799377441406,1.9524480104446411,0.13887199759483337,0.0,2.1346821139337417,113.56984038641305,13.9,54.0
12.021496,40,3,-1.6380383968353271,1.0758346319198608,-0.8463321328163147,0.0,2.134682183319663,146.70379931627187,13.9,54.0
12.021496,40,4,-1.2294923067092896,2.8186285495758057,-1.9504680633544922,0.0,3.6415167030932265,113.56694132518544,11.5,70.7
12.021496,40,5,-2.570756673812866,2.0566258430480957,1.5563240051269531,0.0,3.6415167366333883,141.33991309871888,11.5,70.7
12.021496,40,6,1.4800158739089966,4.760207653045654,3.3880343437194824,0.0,6.027337770638023,72.7287918199775,11.600000000000001,70.0
12.021496,40,7,3.7000396251678467,4.120014190673828,-2.3799145221710205,0.0,6.027337993841598,48.074106216803415,11.600000000000001,70.0
12.285167,41,0,-0.11562623083591461,0.041110385209321976,-0.02661238983273506,0.0,0.12556953580382668,160.427386023285,30.6,58.1
12.285167,41,1,0.551151692867279,1.0770604610443115,1.0958627462387085,0.0,1.6324039279201996,62.90033687077391,14.0,61.2
12.285167,41,2,0.8517799377441406,1.2711668014526367,-1.488446831703186,0.0,2.13468219420737,56.17486061674396,13.4,54.400000000000006
12.285167,41,3,-0.9173015356063843,1.8950138092041016,0.3526308834552765,0.0,2.1346821740639794,115.82979553385834,13.4,54.400000000000006
12.285167,41,4,-2.570756673812866,2.03853440284729,1.579946517944336,0.0,3.641516632820696,141.58661831828684,11.9,70.4
12.285167,41,5,-1.2294923067092896,2.778256893157959,-2.007556200027466,0.0,3.6415167983830257,113.8713497283478,11.9,70.4
12.285167,41,6,1.4800158739089966,4.774829387664795,3.367396831512451,0.0,6.027338059973911,72.7785479125683,11.4,70.10000000000001
12.285167,41,7,3.7000396251678467,4.135573387145996,-2.352773666381836,0.0,6.027338085216579,48.1814479117169,11.4,70.10000000000001
12.615616,42,0,-0.11562623083591461,0.04107975959777832,-0.026659643277525902,0.0,0.12556953645536964,160.44085981521934,31.900000000000002,56.800000000000004
12.615616,42,1,0.6475068926811218,1.0673439502716064,1.2377328872680664,0.0,1.7579735448737286,58.75680033728714,16.0,56.900000000000006
12.615616,42,2,0.7207368612289429,1.5867880582809448,-1.2326841354370117,0.0,2.134682211195674,65.57192065064865,16.6,53.5
12.615616,42,3,-1.2294923067092896,2.7966365814208984,-1.9818720817565918,0.0,3.6415167786576386,113.73185075369007,11.3,70.9
12.615616,42,4,-2.570756673812866,2.03955340385437,1.5786311626434326,0.0,3.641516759647866,141.57267763433353,11.3,70.9
12.615616,42,5,1.4800158739089966,4.802654266357422,3.32759165763855,0.0,6.027337822718205,72.87246886096251,11.3,70.2
12.615616,42,6,3.7000396251678467,4.104065895080566,-2.407313108444214,0.0,6.027338260050038,47.96361339858889,11.3,70.2
12.615616,42,7,0.6166732311248779,1.1615666151046753,-1.5188846588134766,0.596824049949646,2.009112610604657,62.03626310648098,18.2,41.0
12.877732,43,0,-0.11562623083591461,0.04110444709658623,-0.026621561497449875,0.0,0.1255695359750874,160.42999833045863,31.5,57.2
12.877732,43,1,0.7014658451080322,1.0927734375,1.1850160360336304,0.0,1.7579735843338349,57.30305333720032,16.6,57.2
12.877732,43,2,1.4800158739089966,4.745615482330322,3.4084439277648926,0.0,6.0273379946601,72.67885767198824,11.5,70.10000000000001
12.877732,43,3,3.7000396251678467,4.169960975646973,-2.2912745475769043,0.0,6.027338286391815,48.417100123859896,11.5,70.10000000000001
12.877732,43,4,-0.7400079369544983,1.1081829071044922,0.703469455242157,-0.17052115499973297,1.5068345552226075,123.73369015298908,24.8,45.2
13.19447,44,0,-0.11562623083591461,0.04113776609301567,-0.026570046320557594,0.0,0.125569536185814,160.41534166244261,31.200000000000003,57.5
13.19447,44,1,0.7014658451080322,1.182525873184204,1.0954676866531372,0.0,1.7579736133128865,59.323886725675834,17.6,56.800000000000004
13.19447,44,2,-1.2294923067092896,2.765251636505127,-2.0254323482513428,0.0,3.641516736580317,113.97099381668693,11.3,70.8
13.19447,44,3,-2.570756673812866,2.0340826511383057,1.5856739282608032,0.0,3.641516705217934,141.6475846883699,11.3,70.8
13.19447,44,4,1.4800158739089966,4.734209060668945,3.424269437789917,0.0,6.027338019368469,72.63962978592873,11.4,70.2
13.19447,44,5,3.7000396251678467,4.164206027984619,-2.3017165660858154,0.0,6.027338070982043,48.37781387130478,11.4,70.2
13.499107,45,0,-0.11562623083591461,0.041108638048172,-0.026615092530846596,0.0,0.12556953663178563,160.42815462933785,29.5,59.2
13.499107,45,1,-1.2294923067092896,2.770580530166626,-2.018136739730835,0.0,3.6415166766949065,113.93007021391828,12.100000000000001,70.10000000000001
13.499107,45,2,-2.570756673812866,2.049893379211426,1.565181016921997,0.0,3.6415167661046417,141.4315231776125,12.100000000000001,70.10000000000001
13.499107,45,3,1.4800158739089966,4.776253700256348,3.3653757572174072,0.0,6.027337752565531,72.78337983074638,11.5,70.0
13.499107,45,4,3.7000396251678467,4.114569664001465,-2.389315605163574,0.0,6.027338202624067,48.03643873387912,11.5,70.0
13.499107,45,5,-0.6475069522857666,1.3588494062423706,-0.06937847286462784,-0.08526057749986649,1.5068345412156814,115.47832231653709,13.700000000000001,61.300000000000004
13.499107,45,6,-0.13875149190425873,0.7765080332756042,1.2838743925094604,-0.08526057749986649,1.5068344826120552,100.1310601217747,13.700000000000001,61.300000000000004
13.790434,46,0,-0.11562623083591461,0.041131727397441864,-0.026579396799206734,0.0,0.12556953687191555,160.41799782177654,29.0,59.7
13.790434,46,1,0.7207368612289429,1.4634751081466675,-1.376824975013733,0.0,2.1346821841015617,63.780529797978,13.200000000000001,56.2
13.790434,46,2,-1.0483444929122925,1.686984658241272,0.7822560667991638,0.0,2.1346821700208793,121.85809755217275,13.200000000000001,56.2
13.790434,46,3,-1.2294923067092896,2.785829544067383,-1.9970344305038452,0.0,3.6415167303575346,113.81368785995761,11.600000000000001,70.60000000000001
13.790434,46,4,-2.570756673812866,2.051457405090332,1.5631301403045654,0.0,3.6415166066327256,141.41022027454287,11.600000000000001,70.60000000000001
14.088472,47,0,-0.11562623083591461,0.041102923452854156,-0.026623914018273354,0.0,0.12556953600035245,160.43066862869946,29.900000000000002,58.800000000000004
14.088472,47,1,-1.2294923067092896,2.7484230995178223,-2.0482099056243896,0.0,3.641516810852087,114.10109854711855,11.9,70.4
14.088472,47,2,-2.570756673812866,2.047738790512085,1.5679985284805298,0.0,3.6415166367103686,141.4608905747067,11.9,70.4
14.088472,47,3,1.4800158739089966,4.77629280090332,3.3653206825256348,0.0,6.0273379864761445,72.78351244090015,11.4,70.10000000000001
14.088472,47,4,3.7000396251678467,4.117311477661133,-2.3845877647399902,0.0,6.0273382051814535,48.05541462117436,11.4,70.10000000000001
14.088472,47,5,0.6012564301490784,1.1292861700057983,1.0138767957687378,-0.08526057749986649,1.632403965187619,61.96819536208645,16.400000000000002,57.0
14.397015,48,0,-0.11562623083591461,0.041127678006887436,-0.026585659012198448,0.0,0.12556953619676753,160.41977902149412,28.6,60.1
14.397015,48,1,-2.374191999435425,2.030351161956787,1.6133105754852295,0.0,3.5159471702536913,139.46374442398283,13.8,68.4
14.397015,48,2,-1.0791782140731812,2.7339749336242676,-1.92941415309906,0.0,3.5159470316822126,111.54056944742076,13.8,68.4
14.397015,48,3,-1.2294923067092896,2.703117847442627,-2.107640027999878,0.0,3.641516705584023,114.45804830303037,12.4,69.8
14.397015,48,4,-2.570756673812866,2.071610689163208,1.5363212823867798,0.0,3.641516690353514,141.1368496395179,12.4,69.8
14.397015,48,5,1.4800158739089966,4.7597975730896,3.38861083984375,0.0,6.027337998463237,72.72739234591302,11.5,70.10000000000001
14.397015,48,6,3.7000396251678467,4.121633052825928,-2.377110242843628,0.0,6.027338165109993,48.08529554830124,11.5,70.10000000000001
14.397015,48,7,0.551151692867279,0.39358073472976685,1.4852840900421143,-0.08526057749986649,1.63240399761613,35.53085928612097,18.7,57.400000000000006
14.689227,49,0,-0.11562623083591461,0.041102733463048935,-0.02662421017885208,0.0,0.1255695366046333,160.43075221151165,29.0,59.7
14.689227,49,1,-2.374191999435425,2.0512654781341553,1.5866336822509766,0.0,3.515947120424512,139.17348757774502,13.700000000000001,68.60000000000001
14.689227,49,2,-1.0791782140731812,2.7419545650482178,-1.9180572032928467,0.0,3.5159470828814414,111.48360191476546,13.700000000000001,68.60000000000001
14.689227,49,3,1.4800158739089966,4.753524303436279,3.3974053859710693,0.0,6.027338023290813,72.70595620499677,11.4,70.2
14.689227,49,4,3.7000396251678467,4.141165733337402,-2.34291672706604,0.0,6.027338189345772,48.219919601017274,11.4,70.2
14.689227,49,5,2.5900278091430664,1.4152692556381226,0.6090731024742126,-0.25578173995018005,3.013669053205159,28.65352215096976,12.9,50.7
14.689227,49,6,-0.6937574744224548,1.321999192237854,-0.2038850635290146,-0.08526057749986649,1.506834568466224,117.68954755240212,18.6,61.300000000000004
14.689227,49,7,-0.13875149190425873,0.835549533367157,1.2462564706802368,-0.08526057749986649,1.506834493210217,99.42850799106014,18.6,61.300000000000004
14.99272,50,0,-0.11562623083591461,0.041115012019872665,-0.026605242863297462,0.0,0.12556953618823924,160.42535064565763,30.5,58.2
14.99272,50,1,-1.2294923067092896,2.7473692893981934,-2.0496232509613037,0.0,3.641516828941869,114.10928995852206,11.9,70.3
14.99272,50,2,-2.570756673812866,2.0507009029388428,1.5641227960586548,0.0,3.6415167431192623,141.4205226770889,11.9,70.3
14.99272,50,3,1.4800158739089966,4.769266605377197,3.3752708435058594,0.0,6.027338069762596,72.75965119635138,11.4,70.2
14.99272,50,4,3.7000396251678467,4.117070198059082,-2.3850042819976807,0.0,6.027338191001542,48.05374530410625,11.4,70.2
14.99272,50,5,0.3237534761428833,1.1017831563949585,-0.9756064414978027,-0.25578173995018005,1.5068345515424857,73.62483828271729,30.0,43.800000000000004
15.29321,51,0,-0.11562623083591461,0.04111156985163689,-0.026610564440488815,0.0,0.12556953680263233,160.42686488305333,26.900000000000002,61.800000000000004
15.29321,51,1,-0.18500198423862457,1.0643725395202637,1.0504454374313354,0.0,1.5068345144963176,99.86025351280053,11.5,65.5
15.29321,51,2,-0.7400079369544983,1.2417407035827637,-0.42546287178993225,0.0,1.5068345552719469,120.79257500288583,11.5,65.5
15.29321,51,3,-2.570756673812866,2.072098731994629,1.5356630086898804,0.0,3.6415167042518966,141.13025546570572,12.100000000000001,70.2
15.29321,51,4,-1.2294923067092896,2.7114548683166504,-2.0969038009643555,0.0,3.6415167699290025,114.3916195481846,12.100000000000001,70.2
15.29321,51,5,0.37000396847724915,0.9213491082191467,-1.1334738731384277,-0.25578173995018005,1.5068344756450718,68.12013206114857,36.800000000000004,42.900000000000006
15.586889,52,0,-0.11562623083591461,0.041099075227975845,-0.0266298558562994,0.0,0.12556953637265017,160.43236160726977,26.900000000000002,61.800000000000004
15.586889,52,1,-2.374191999435425,2.0708658695220947,1.5609649419784546,0.0,3.5159471909885793,138.903752613912,13.9,68.3
15.586889,52,2,-1.0791782140731812,2.6983368396759033,-1.9789483547210693,0.0,3.5159470855994903,111.79854430581115,13.9,68.3
15.586889,52,3,0.2967739999294281,0.7103201746940613,-1.146849274635315,-0.08526057749986649,1.3812649334371239,67.32467469912676,13.8,64.9
15.87923,53,0,-0.11562623083591461,0.04109698161482811,-0.026633089408278465,0.0,0.12556953693710543,160.43328268121604,22.200000000000003,66.5
15.87923,53,1,0.38156658411026,0.4547192454338074,1.2472089529037476,0.0,1.3812649356588784,49.99912506517057,14.3,69.10000000000001
15.87923,53,2,-2.374191999435425,2.1177656650543213,1.496718406677246,0.0,3.515947248061698,138.2672209967113,13.200000000000001,69.10000000000001
15.87923,53,3,-1.0791782140731812,2.6447699069976807,-2.049988031387329,0.0,3.5159471565315084,112.19754129341644,13.200000000000001,69.10000000000001
15.87923,53,4,1.4800158739089966,5.018125057220459,2.9927875995635986,0.0,6.027338027108493,73.56741774554696,11.8,70.10000000000001
15.87923,53,5,3.7000396251678467,4.057909965515137,-2.4843268394470215,0.0,6.027338248450646,47.641153360444065,11.8,70.10000000000001
15.87923,53,6,0.48563018441200256,1.4060144424438477,-0.936887264251709,-0.25578173995018005,1.7579735590417085,70.9453498412731,18.5,40.5
15.87923,53,7,0.8633425831794739,1.5825005769729614,-0.8870540261268616,-0.25578173995018005,2.0091125745758096,61.38506334062393,16.7,42.300000000000004
16.201279,54,0,-0.11562623083591461,0.04112359136343002,-0.026591980829834938,0.0,0.12556953638681995,160.42157664753202,24.900000000000002,63.800000000000004
16.201279,54,1,-0.23125247657299042,1.0983644723892212,1.0053198337554932,0.0,1.5068344933237245,101.88954969788365,13.5,65.2
16.201279,54,2,-0.7862583994865417,1.2145477533340454,-0.42097723484039307,0.0,1.506834545710238,122.91769613207374,13.5,65.2
16.201279,54,3,-0.40469181537628174,1.8348382711410522,0.13163453340530396,0.0,1.8835430966827567,102.43801592688928,14.8,56.0
16.201279,54,4,0.17343935370445251,1.344389796257019,1.3077725172042847,0.0,1.883542962198696,82.64889072636521,14.8,56.0
16.201279,54,5,-2.374191999435425,1.8490502834320068,1.8182710409164429,0.0,3.5159471240447475,142.08809746704395,12.600000000000001,69.7
16.201279,54,6,-1.0791782140731812,2.795973539352417,-1.8384206295013428,0.0,3.515947107319047,111.1053831352982,12.600000000000001,69.7
16.495403,55,0,-0.11562623083591461,0.04106755927205086,-0.026678431779146194,0.0,0.12556953613069605,160.44622799734648,23.8,64.9
16.495403,55,1,-2.374191999435425,2.00666880607605,1.6426736116409302,0.0,3.5159470903077192,139.79548089797248,12.5,69.8
16.495403,55,2,-1.0791782140731812,2.802337884902954,-1.828704833984375,0.0,3.515947185145187,111.06165787989423,12.5,69.8
16.796413,56,0,-0.11562623083591461,0.0410812683403492,-0.02665732055902481,0.0,0.1255695369313696,160.44019598851668,22.200000000000003,66.5
16.796413,56,1,0.38156658411026,0.761113166809082,1.0876610279083252,0.0,1.3812649356406308,63.374155702527766,14.200000000000001,69.0
16.796413,56,2,-2.374191999435425,2.0284388065338135,1.6157143115997314,0.0,3.515947152438969,139.49041113802545,13.3,69.0
16.796413,56,3,-1.0791782140731812,2.7698886394500732,-1.8774914741516113,0.0,3.515946946157855,111.28641987747132,13.3,69.0
17.088656,57,0,-0.11562623083591461,0.04108239337801933,-0.026655584573745728,0.0,0.12556953648060762,160.4397009904337,23.1,65.60000000000001
17.088656,57,1,-0.18500198423862457,1.0625847578048706,1.0522538423538208,0.0,1.5068345132893137,99.87651681136991,16.8,65.3
17.088656,57,2,-0.7862583994865417,1.185688853263855,-0.4964776039123535,0.0,1.506834542577202,123.54930188864111,16.8,65.3
17.088656,57,3,-2.374191999435425,2.037081003189087,1.604804515838623,0.0,3.5159471267061275,139.370069167014,12.5,69.9
17.088656,57,4,-1.0791782140731812,2.655334711074829,-2.0362846851348877,0.0,3.5159470082019033,112.11775426536475,12.5,69.9
17.392166,58,0,-0.11562623083591461,0.04109547287225723,-0.026635413989424706,0.0,0.12556953621919084,160.43394645099494,23.0,65.7
17.392166,58,1,-0.18500198423862457,1.06488037109375,1.0499306917190552,0.0,1.5068345616976817,99.85564347895088,15.8,65.60000000000001
17.392166,58,2,-2.374191999435425,2.077409267425537,1.55224609375,0.0,3.5159472194745502,138.81419418550578,12.5,69.60000000000001
17.392166,58,3,-1.0791782140731812,2.6909022331237793,-1.9890457391738892,0.0,3.5159470130373873,111.85310420161154,12.5,69.60000000000001
17.691878,59,0,-0.11562623083591461,0.041121840476989746,-0.02659468725323677,0.0,0.12556953616077698,160.42234683687136,26.8,61.900000000000006
17.691878,59,1,-0.46250492334365845,1.771051049232483,0.44407370686531067,0.0,1.8835429594871735,104.63576371214798,14.3,55.1
17.691878,59,2,-2.374191999435425,2.0506746768951416,1.5873973369598389,0.0,3.515947181916896,139.1816522856154,12.700000000000001,69.60000000000001
17.691878,59,3,-1.0791782140731812,2.7037293910980225,-1.9715744256973267,0.0,3.5159470920480596,111.75913221371337,12.700000000000001,69.60000000000001
17.691878,59,4,-0.18500198423862457,0.9726141691207886,1.1359341144561768,0.08526057749986649,1.5068345524748523,100.76963883364542,16.1,61.400000000000006
17.691878,59,5,-0.7400079369544983,1.2649955749511719,-0.35032084584236145,0.08526057749986649,1.506834511959892,120.327145679613,16.1,61.400000000000006
18.00575,60,0,-0.11562623083591461,0.041138868778944016,-0.0265683401376009,0.0,0.1255695364306114,160.4148566483599,21.700000000000003,67.0
18.00575,60,1,0.38156658411026,0.8456147313117981,1.0233452320098877,0.0,1.381264926000247,65.71368409394726,15.8,68.7
18.00575,60,2,-2.374191999435425,2.00421142578125,1.645671010017395,0.0,3.5159471217051834,139.83009058545747,13.600000000000001,68.7
18.00575,60,3,-1.0791782140731812,2.708857536315918,-1.9645227193832397,0.0,3.515947139073431,111.72177815750885,13.600000000000001,68.7
18.291406,61,0,-0.11562623083591461,0.04116532951593399,-0.026527319103479385,0.0,0.12556953559798437,160.40321882525018,21.8,66.9
18.291406,61,1,0.38156658411026,0.8468304872512817,1.0223394632339478,0.0,1.381264967460368,65.74452950723031,14.3,69.8
18.291406,61,2,-2.374191999435425,2.064286470413208,1.569655418395996,0.0,3.515947157540072,138.99405068421848,12.5,69.8
18.291406,61,3,-1.0791782140731812,2.707984447479248,-1.9657258987426758,0.0,3.5159470551342733,111.72812922370585,12.5,69.8
18.593495,62,0,-0.11562623083591461,0.041084740310907364,-0.02665196917951107,0.0,0.12556953693026232,160.43866838832065,27.700000000000003,61.0
18.593495,62,1,-0.46250492334365845,1.8142180442810059,0.20600050687789917,0.0,1.883542971409432,104.30197328762895,13.3,55.6
18.593495,62,2,-2.374191999435425,2.034910202026367,1.6075562238693237,0.0,3.515947126080705,139.40025672274567,12.8,69.5
18.593495,62,3,-1.0791782140731812,2.7366721630096436,-1.925586462020874,0.0,3.5159470087360716,111.52128144022072,12.8,69.5
18.894708,63,0,-0.11562623083591461,0.0411275252699852,-0.02658589370548725,0.0,0.12556953586070527,160.4198462064311,24.8,63.900000000000006
18.894708,63,1,-0.40469181537628174,1.831513524055481,0.17180579900741577,0.0,1.883543067413977,102.45989011620661,14.5,56.2
18.894708,63,2,0.17343935370445251,1.3300015926361084,1.3224027156829834,0.0,1.8835430412586096,82.57024889615077,14.5,56.2
18.894708,63,3,-2.374191999435425,2.052363872528076,1.5852125883102417,0.0,3.5159471079040534,139.15831341625486,12.200000000000001,70.2
18.894708,63,4,-1.0791782140731812,2.779400587081909,-1.8633813858032227,0.0,3.5159470175415586,111.22006210817318,12.200000000000001,70.2
19.187733,64,0,-0.11562623083591461,0.04114401340484619,-0.02656037174165249,0.0,0.12556953628740192,160.41259383410699,26.8,61.900000000000006
19.187733,64,1,-0.40469181537628174,1.6692347526550293,0.7730550765991211,0.0,1.8835430115501797,103.62792999238714,13.100000000000001,55.2
19.187733,64,2,0.23125246167182922,1.867437481880188,0.08327029645442963,0.0,1.883543042256244,82.94076584241537,13.100000000000001,55.2
19.187733,64,3,-1.2294923067092896,2.674962282180786,-2.143261432647705,0.0,3.641516732355113,114.68491997488431,11.200000000000001,71.10000000000001
19.187733,64,4,-2.570756673812866,2.1088483333587646,1.484793782234192,0.0,3.6415166819369023,140.6372164910922,11.200000000000001,71.10000000000001
19.187733,64,5,-0.7400079369544983,1.3088433742523193,-0.09933585673570633,0.08526057749986649,1.5068345421821423,119.48341625030949,17.1,61.400000000000006
19.187733,64,6,-0.18500198423862457,0.6124127507209778,1.3642855882644653,0.08526057749986649,1.5068345223560484,106.80888873888368,17.1,61.400000000000006
19.187733,64,7,-0.40469181537628174,1.7135273218154907,0.6691656708717346,0.08526057749986649,1.883542949633466,103.28831787341313,16.0,52.300000000000004
19.494473,65,0,-0.11562623083591461,0.04114354029297829,-0.026561107486486435,0.0,0.12556953689517544,160.41280192515921,23.5,65.2
19.494473,65,1,-0.18500198423862457,0.8614107370376587,1.2224140167236328,0.0,1.5068345033010084,102.12108034230776,15.4,65.5
19.494473,65,2,-0.7400079369544983,1.3092331886291504,-0.0940575823187828,0.0,1.5068344692617566,119.4761068921797,15.4,65.5
19.494473,65,3,-2.482109785079956,1.798553705215454,1.7222716808319092,0.0,3.5159471210940407,144.07265659500118,12.5,69.60000000000001
19.494473,65,4,-1.0791782140731812,2.7351858615875244,-1.9276973009109497,0.0,3.515947126891676,111.5319059760498,12.5,69.60000000000001
19.794848,66,0,-0.11562623083591461,0.041132260113954544,-0.026578573510050774,0.0,0.12556953710686122,160.4177634994469,21.900000000000002,66.8
19.794848,66,1,0.42396286129951477,0.28517505526542664,1.283286213874817,0.0,1.3812649371601644,33.92641776302174,13.700000000000001,69.5
19.794848,66,2,-0.40469181537628174,1.8305468559265137,0.1818157136440277,0.0,1.8835429941742456,102.46626423865258,12.100000000000001,57.5
19.794848,66,3,0.7515705227851868,1.1298495531082153,-1.306260347366333,0.0,1.8835430333496619,56.36833895140623,12.100000000000001,57.5
19.794848,66,4,-2.374191999435425,2.0540120601654053,1.5830763578414917,0.0,3.5159470912180684,139.1355569678362,12.8,69.5
19.794848,66,5,-1.0791782140731812,2.7473061084747314,-1.9103840589523315,0.0,3.5159470593414714,111.44555717173503,12.8,69.5
19.794848,66,6,1.4800158739089966,4.871701240539551,3.2256596088409424,0.0,6.0273377104825565,73.10129348121532,11.3,69.60000000000001
19.794848,66,7,3.7000396251678467,4.0429768562316895,-2.5085556507110596,0.0,6.027338263325834,47.53596559413466,11.3,69.60000000000001
20.096673,67,0,-0.11562623083591461,0.04114319756627083,-0.026561634615063667,0.0,0.125569536101403,160.4129526686196,25.1,63.6
20.096673,67,1,-0.18500198423862457,1.1562787294387817,0.9483374953269958,0.0,1.5068345096153961,99.09015069918442,15.100000000000001,65.2
20.096673,67,2,-0.7400079369544983,1.2281492948532104,-0.4632362425327301,0.0,1.5068345143378994,121.0706059348356,15.100000000000001,65.2
20.096673,67,3,-0.34687870740890503,1.8457916975021362,-0.14304755628108978,0.0,1.883543052754431,100.64342609901487,14.100000000000001,55.400000000000006
20.096673,67,4,-1.2294923067092896,2.761732339859009,-2.03022837638855,0.0,3.641516732018917,113.99809278019512,11.600000000000001,70.7
20.096673,67,5,-2.570756673812866,1.9785091876983643,1.6544954776763916,0.0,3.641516685038236,142.41735166591766,11.600000000000001,70.7
20.397586,68,0,-0.11562623083591461,0.04110351577401161,-0.02662300318479538,0.0,0.12556953677099497,160.43040804754733,23.400000000000002,65.3
20.397586,68,1,-2.374191999435425,2.057255983352661,1.5788588523864746,0.0,3.5159472560012386,139.09081391477955,11.9,70.3
20.397586,68,2,-1.0791782140731812,2.725966215133667,-1.9407126903533936,0.0,3.5159469805841863,111.5980346585267,11.9,70.3
20.688675,69,0,-0.11562623083591461,0.041075389832258224,-0.02666637673974037,0.0,0.12556953673410587,160.4427824848752,24.0,64.7
20.688675,69,1,0.8093836307525635,1.6436959505081177,-0.43691641092300415,0.0,1.8835429885141528,63.7835866795684,11.4,57.400000000000006
20.991987,70,0,-0.11562623083591461,0.0411338172852993,-0.02657616138458252,0.0,0.1255695366548749,160.41707856116176,22.0,66.7
20.991987,70,1,-0.18500198423862457,1.053087830543518,1.061758279800415,0.0,1.5068345488924184,99.96380778212465,16.900000000000002,65.60000000000001
20.991987,70,2,-0.7400079369544983,1.2233316898345947,-0.475813090801239,0.0,1.5068345189459411,121.17024421453937,16.900000000000002,65.60000000000001
21.291987,71,0,-0.11562623083591461,0.041134100407361984,-0.026575719937682152,0.0,0.12556953597051024,160.41695402755403,21.400000000000002,67.3
21.291987,71,1,-0.23125247657299042,1.0167903900146484,1.087754487991333,0.0,1.5068345069358378,102.8130398936061,19.200000000000003,65.5
21.291987,71,2,-0.7862583994865417,1.214264988899231,-0.421792209148407,0.0,1.5068345634899278,122.92378233711868,19.200000000000003,65.5
21.595359,72,0,-0.11562623083591461,0.04111676290631294,-0.02660253643989563,0.0,0.12556953609156218,160.42458042759907,22.200000000000003,66.5
21.595359,72,1,0.38156658411026,0.562499463558197,1.202453374862671,0.0,1.3812649359668328,55.84933699274775,13.600000000000001,68.60000000000001
21.595359,72,2,-2.482109785079956,1.819543719291687,1.7000811100006104,0.0,3.515947114531787,143.75622273944865,13.4,68.60000000000001
21.595359,72,3,-1.0791782140731812,2.7581799030303955,-1.894650936126709,0.0,3.5159471220393455,111.3686483039966,13.4,68.60000000000001
21.595359,72,4,-2.570756673812866,2.0107202529907227,1.615195870399475,0.0,3.641516649899597,141.96921944619413,11.8,70.2
21.595359,72,5,-1.2294923067092896,2.714277744293213,-2.0932486057281494,0.0,3.641516817317424,114.3692037966829,11.8,70.2
21.903856,73,0,-0.11562623083591461,0.04112383723258972,-0.026591598987579346,0.0,0.12556953604584584,160.42146849387404,22.3,66.4
21.903856,73,1,0.38156658411026,0.6309506297111511,1.1679902076721191,0.0,1.3812649566467796,58.83660262546458,12.700000000000001,70.10000000000001
21.903856,73,2,-0.40469181537628174,1.7856165170669556,0.44219037890434265,0.0,1.8835429760561455,102.7697798087796,11.3,57.800000000000004
22.200467,74,0,-0.11562623083591461,0.04111510515213013,-0.026605097576975822,0.0,0.12556953589972106,160.42530967642654,20.6,68.10000000000001
22.200467,74,1,-0.18500198423862457,1.174019694328308,0.9262841939926147,0.0,1.5068345579006044,98.95502944597689,19.1,65.60000000000001
22.200467,74,2,-0.7400079369544983,1.2287112474441528,-0.46174356341362,0.0,1.506834494795406,121.05902088934394,19.1,65.60000000000001
22.200467,74,3,-2.374191999435425,2.03415846824646,1.608507513999939,0.0,3.515947204768045,139.41071682956212,11.8,70.3
22.200467,74,4,-1.0791782140731812,2.690800905227661,-1.989182949066162,0.0,3.515947089215043,111.85384960473175,11.8,70.3
22.493314,75,0,-0.11562623083591461,0.04110269621014595,-0.026624267920851707,0.0,0.12556953665354129,160.4307686003085,23.700000000000003,65.0
22.787331,76,0,-0.11562623083591461,0.04115424305200577,-0.026544520631432533,0.0,0.12556953672788765,160.40809461109163,23.400000000000002,65.3
22.787331,76,1,0.38156658411026,0.6560727953910828,1.1540659666061401,0.0,1.381264937019834,59.81806669051859,11.4,69.9
22.787331,76,2,-2.374191999435425,2.052701950073242,1.5847749710083008,0.0,3.5159471916898912,139.15364432116365,12.3,69.9
22.787331,76,3,-1.0791782140731812,2.692078113555908,-1.9874540567398071,0.0,3.5159470722507233,111.84445755322733,12.3,69.9
23.112695,77,0,-0.11562623083591461,0.0411253422498703,-0.026589274406433105,0.0,0.12556953669560852,160.420806465557,23.3,65.4
23.112695,77,1,-0.18500198423862457,1.1899518966674805,0.9057256579399109,0.0,1.5068345025268854,98.8370359957551,15.600000000000001,65.7
23.112695,77,2,-0.7400079369544983,1.1945521831512451,-0.5440436601638794,0.0,1.506834486329394,121.77762070519074,15.600000000000001,65.7
23.112695,77,3,-2.374191999435425,2.0433075428009033,1.5968691110610962,0.0,3.515947144442206,139.28363298497092,12.8,69.5
23.112695,77,4,-1.0791782140731812,2.711827039718628,-1.9604213237762451,0.0,3.515946995874068,111.70020366866959,12.8,69.5
23.385132,78,0,-0.11562623083591461,0.04113645479083061,-0.026572074741125107,0.0,0.12556953582030236,160.41591843974922,22.5,66.2
23.385132,78,1,0.42396286129951477,0.6702415943145752,1.1308954954147339,0.0,1.381264972429241,57.6845066979693,11.9,69.60000000000001
23.385132,78,2,-2.374191999435425,2.0200324058532715,1.6262120008468628,0.0,3.515947104633244,139.60788553675457,12.600000000000001,69.60000000000001
23.385132,78,3,-1.0791782140731812,2.737333297729492,-1.9246466159820557,0.0,3.5159470697096644,111.51655865627417,12.600000000000001,69.60000000000001
23.700099,79,0,-0.11562623083591461,0.041098903864622116,-0.02663012035191059,0.0,0.12556953637786078,160.43243699726844,23.200000000000003,65.5
23.700099,79,1,-2.374191999435425,2.001249313354492,1.6492719650268555,0.0,3.5159471666975533,139.8718558746201,13.0,69.3
23.700099,79,2,-1.0791782140731812,2.682734966278076,-2.0000479221343994,0.0,3.5159471281370744,111.91334097159445,13.0,69.3
23.993834,80,0,-0.11562623083591461,0.041134025901556015,-0.026575837284326553,0.0,0.12556953639937155,160.4169867995374,24.900000000000002,63.800000000000004
23.993834,80,1,-0.25052350759506226,1.1231272220611572,1.1578280925750732,0.0,1.6324039563626944,102.57448106694521,16.6,61.0
23.993834,80,2,-0.8517799377441406,1.3046202659606934,-0.4870108664035797,0.0,1.6324039587963293,123.14031540670429,16.6,61.0
23.993834,80,3,-0.37000396847724915,1.856863021850586,0.6720789670944214,0.0,2.0091125793781957,101.26932005662073,14.0,57.0
24.283895,81,0,-0.11562623083591461,0.04110760986804962,-0.02661668136715889,0.0,0.12556953680485106,160.42860694677444,26.6,62.1
24.283895,81,1,-0.46250492334365845,1.7589035034179688,0.4899815618991852,0.0,1.8835430097171375,104.73246024254411,15.5,56.300000000000004
24.283895,81,2,0.7515705227851868,1.5344244241714478,-0.7927280068397522,0.0,1.8835430064221004,63.904102946956094,15.5,56.300000000000004
24.283895,81,3,-2.374191999435425,1.9672844409942627,1.6896415948867798,0.0,3.5159471613112774,140.35444017329823,12.200000000000001,70.3
24.283895,81,4,-1.0791782140731812,2.7677793502807617,-1.880599856376648,0.0,3.5159470942229274,111.30118845865508,12.200000000000001,70.3
24.58802,82,0,-0.11562623083591461,0.04110663756728172,-0.02661818079650402,0.0,0.12556953634669296,160.4290346840774,23.900000000000002,64.8
24.58802,82,1,-0.49333858489990234,1.9187477827072144,0.3340020477771759,0.0,2.009112585425276,104.41926897557207,11.700000000000001,58.7
24.58802,82,2,-2.374191999435425,2.0509111881256104,1.5870915651321411,0.0,3.515947096853929,139.17838352527832,11.700000000000001,70.60000000000001
24.58802,82,3,-1.0791782140731812,2.731722831726074,-1.9326014518737793,0.0,3.5159470443805523,111.55669957086543,11.700000000000001,70.60000000000001
24.885666,83,0,-0.11562623083591461,0.041120871901512146,-0.0265961866825819,0.0,0.12556953654973618,160.42277290222276,24.700000000000003,64.0
24.885666,83,1,-0.25052350759506226,1.2365978956222534,1.0357637405395508,0.0,1.6324040276633724,101.45260040695241,16.1,60.900000000000006
24.885666,83,2,-0.8517799377441406,1.2170195579528809,-0.6768138408660889,0.0,1.6324039457104804,124.98779386095168,16.1,60.900000000000006
25.190197,84,0,-0.11562623083591461,0.04111343249678612,-0.026607682928442955,0.0,0.12556953603405785,160.42604548698984,22.5,66.2
25.190197,84,1,-0.18500198423862457,1.0921716690063477,1.021511435508728,0.0,1.5068345302744564,99.61402345616416,16.3,65.4
25.190197,84,2,-0.7400079369544983,1.2323631048202515,-0.45190680027008057,0.0,1.506834538032695,120.98392439179095,16.3,65.4
25.190197,84,3,-2.374191999435425,2.0651869773864746,1.5684702396392822,0.0,3.5159470693376447,138.98167715379782,12.5,69.7
25.190197,84,4,-1.0791782140731812,2.715564250946045,-1.9552415609359741,0.0,3.5159471526684927,111.67310941415636,12.5,69.7
25.492424,85,0,-0.11562623083591461,0.04110509529709816,-0.026620563119649887,0.0,0.1255695365027322,160.4297131685943,23.900000000000002,64.8
25.492424,85,1,-0.18500198423862457,1.1066917181015015,1.0057623386383057,0.0,1.5068344882268507,99.49019451007071,13.4,64.9
25.492424,85,2,-0.7400079369544983,1.2468364238739014,-0.410289466381073,0.0,1.5068345167527777,120.68948845373255,13.4,64.9
25.492424,85,3,-0.5203180313110352,1.6194899082183838,0.8088607788085938,0.0,1.8835429849152436,107.81143979680766,11.700000000000001,56.800000000000004
25.492424,85,4,0.6937574148178101,1.5066550970077515,-0.8924266695976257,0.0,1.8835430158515727,65.27572606388544,11.700000000000001,56.800000000000004
25.492424,85,5,-2.374191999435425,2.1134250164031982,1.5028411149978638,0.0,3.515947150778871,138.32561029777372,12.9,69.5
25.492424,85,6,-1.0791782140731812,2.7039401531219482,-1.9712852239608765,0.0,3.5159470137648277,111.7575945880514,12.9,69.5
25.792382,86,0,-0.11562623083591461,0.04112429544329643,-0.026590893045067787,0.0,0.12556953661601997,160.4212669351717,23.1,65.60000000000001
25.792382,86,1,-0.23125247657299042,1.0691440105438232,1.0363414287567139,0.0,1.5068344899690806,102.20488203279454,15.0,65.4
25.792382,86,2,-0.7862583994865417,1.2167702913284302,-0.41450950503349304,0.0,1.5068345437989277,122.86992781227215,15.0,65.4
25.792382,86,3,-2.374191999435425,2.0470001697540283,1.592132806777954,0.0,3.515947129803696,139.2324780975257,12.8,69.4
25.792382,86,4,-1.0791782140731812,2.7403295040130615,-1.9203782081604004,0.0,3.515947080186504,111.4951801288458,12.8,69.4
26.086411,87,0,-0.11562623083591461,0.04110627621412277,-0.02661873959004879,0.0,0.12556953650816266,160.4291936521595,22.200000000000003,66.5
26.086411,87,1,-0.23125247657299042,0.9228466153144836,1.1685147285461426,0.0,1.506834514519695,104.06784143864641,15.200000000000001,65.5
26.086411,87,2,-2.482109785079956,1.809676170349121,1.7105809450149536,0.0,3.5159470980331,143.90466318120443,12.700000000000001,69.5
26.086411,87,3,-1.0791782140731812,2.74545955657959,-1.9130369424819946,0.0,3.515947118180994,111.45867000761304,12.700000000000001,69.5
26.403176,88,0,-0.11562623083591461,0.041100483387708664,-0.0266276802867651,0.0,0.12556953591328474,160.43174210082105,24.6,64.10000000000001
26.403176,88,1,-0.23125247657299042,1.0458192825317383,1.0598747730255127,0.0,1.5068345012416668,102.46866077764412,15.100000000000001,65.0
26.403176,88,2,-0.8325088620185852,1.2146366834640503,-0.3195887506008148,0.0,1.5068345123690978,124.4266392267863,15.100000000000001,65.0
26.403176,88,3,-0.40469181537628174,1.8086901903152466,0.33555734157562256,0.0,1.8835430442282046,102.61211770599508,14.600000000000001,55.900000000000006
26.403176,88,4,-2.374191999435425,2.0780837535858154,1.5513429641723633,0.0,3.5159472023321947,138.80497650165128,12.600000000000001,69.7
26.403176,88,5,-1.0791782140731812,2.6616833209991455,-2.0279793739318848,0.0,3.5159471071260984,112.0700701302897,12.600000000000001,69.7
26.689219,89,0,-0.11562623083591461,0.041124068200588226,-0.026591245085000992,0.0,0.12556953674302312,160.42136689511548,23.5,65.2
26.689219,89,1,0.0,2.0034730434417725,0.15043072402477264,0.0,2.009112649536719,90.0,13.600000000000001,58.800000000000004
27.004985,90,0,-0.11562623083591461,0.04112398996949196,-0.026591364294290543,0.0,0.12556953636675877,160.42140130758386,23.8,64.9
27.004985,90,1,-2.374191999435425,2.0713603496551514,1.5603084564208984,0.0,3.5159470740449517,138.89697619813114,11.8,70.5
27.004985,90,2,-1.0791782140731812,2.774888038635254,-1.870094656944275,0.0,3.515946994853977,111.25149352988197,11.8,70.5
27.004985,90,3,-0.06552153080701828,2.056833028793335,0.5674616694450378,0.08526057749986649,2.134682160328279,91.82457109732606,16.6,56.2
27.277805,91,0,-0.11562623083591461,0.04113681986927986,-0.02657151408493519,0.0,0.12556953677960153,160.41575785928865,25.5,63.2
27.277805,91,1,-0.18500198423862457,1.0232433080673218,1.0905492305755615,0.0,1.5068345051749157,100.24834363892818,13.3,65.5
27.277805,91,2,-0.7400079369544983,1.256798267364502,-0.3786774277687073,0.0,1.5068345051489866,120.48974992994039,13.3,65.5
27.277805,91,3,0.9866771697998047,1.6447726488113403,-0.5981006026268005,0.0,2.0091125489988277,59.041018660305696,11.700000000000001,56.6
27.277805,91,4,-1.7266851663589478,0.9290008544921875,-0.4382340610027313,0.0,2.009112576137581,151.7186101779777,11.700000000000001,56.6
27.277805,91,5,-2.482109785079956,1.8200078010559082,1.6995842456817627,0.0,3.51594709705133,143.74925526037808,11.8,70.4
27.277805,91,6,-1.0791782140731812,2.748142719268799,-1.9091802835464478,0.0,3.515947010164229,111.43962121039647,11.8,70.4
27.277805,91,7,0.5087554454803467,1.226298451423645,0.7126783728599548,0.25578173995018005,1.5068345822990155,67.46786422742053,18.2,42.400000000000006
27.277805,91,8,0.38156658411026,0.7083519101142883,1.1227365732192993,-0.17052115499973297,1.3812649635447747,61.69006969363167,25.8,52.800000000000004
27.590881,92,0,-0.11562623083591461,0.04111417382955551,-0.026606537401676178,0.0,0.12556953603288462,160.42571936967494,24.200000000000003,64.5
27.590881,92,1,-0.13875149190425873,1.0476336479187012,1.0741331577301025,0.0,1.5068345221995492,97.54450272930303,13.0,65.4
27.590881,92,2,-0.7400079369544983,1.2700591087341309,-0.3314940631389618,0.0,1.5068344966619809,120.22748587459306,13.0,65.4
27.892134,93,0,-0.11562623083591461,0.0411476232111454,-0.026554783806204796,0.0,0.12556953729404627,160.41100613347146,26.1,62.6
27.892134,93,1,-0.25052350759506226,1.203111171722412,1.0744786262512207,0.0,1.6324040056468003,101.76259939102496,16.5,61.1
27.892134,93,2,-0.8517799377441406,1.2748572826385498,-0.5603147745132446,0.0,1.6324039941073984,123.7483698370387,16.5,61.1
27.892134,93,3,-2.374191999435425,2.07247257232666,1.558830976486206,0.0,3.5159471307860137,138.88173927248098,13.3,69.10000000000001
27.892134,93,4,-1.0791782140731812,2.6678714752197266,-2.019831657409668,0.0,3.5159470630678653,112.02377880854254,13.3,69.10000000000001
27.892134,93,5,0.33917027711868286,0.5823449492454529,1.2057075500488281,0.08526057749986649,1.3812649322404449,59.782554155643716,12.600000000000001,66.2
27.892134,93,6,0.38156658411026,0.6307066679000854,1.1681219339370728,0.17052115499973297,1.3812649317158847,58.82679000419759,24.1,54.7
28.18512,94,0,-0.11562623083591461,0.04111972823739052,-0.026597950607538223,0.0,0.1255695356531914,160.42327598998142,26.3,62.400000000000006
28.18512,94,1,-0.6359442472457886,1.750688910484314,0.2799949645996094,0.0,1.8835429188364419,109.9637403803284,13.8,55.0
28.18512,94,2,-2.374191999435425,1.9954522848129272,1.6562811136245728,0.0,3.5159471836900176,139.9537417459974,13.3,69.0
28.18512,94,3,-1.0791782140731812,2.710810422897339,-1.961827039718628,0.0,3.5159471128545414,111.70758515520818,13.3,69.0
28.18512,94,4,0.38156658411026,0.6426177024841309,1.1616119146347046,0.17052115499973297,1.3812649310964422,59.29946510122072,23.0,57.0
28.18512,94,5,-0.13104306161403656,1.8776928186416626,1.0069586038589478,0.25578173995018005,2.1346822328068438,93.9921653059169,20.200000000000003,46.2
28.481686,95,0,-0.11562623083591461,0.04116155952215195,-0.02653316967189312,0.0,0.12556953584549613,160.4048768214284,26.8,61.900000000000006
28.481686,95,1,-1.2294923067092896,2.674631357192993,-2.143674373626709,0.0,3.6415167237404287,114.68760995974804,12.200000000000001,70.10000000000001
28.481686,95,2,-2.570756673812866,2.01471209526062,1.610214114189148,0.0,3.6415167439237144,141.91406160176373,12.200000000000001,70.10000000000001
28.481686,95,3,-0.23125247657299042,1.0025957822799683,1.1008515357971191,0.08526057749986649,1.506834468159525,102.98833459883264,16.6,62.2
28.481686,95,4,-0.7862583994865417,1.232648491859436,-0.3645898103713989,0.08526057749986649,1.5068345314178107,122.5322150317633,16.6,62.2
28.796175,96,0,-0.11562623083591461,0.04115829989314079,-0.02653822861611843,0.0,0.1255695364548874,160.4063103930913,25.200000000000003,63.5
28.796175,96,1,0.4162544310092926,0.7780717611312866,1.2214281558990479,0.0,1.5068344822268174,61.85401808971175,13.0,65.60000000000001
28.796175,96,2,-0.5203180313110352,1.8065742254257202,0.11529441922903061,0.0,1.8835429617572548,106.06712256226766,16.900000000000002,55.7
28.796175,96,3,-2.374191999435425,2.0557663440704346,1.580797791481018,0.0,3.5159471795160924,139.11135282252053,12.0,70.2
28.796175,96,4,-1.0791782140731812,2.697173833847046,-1.9805330038070679,0.0,3.5159469971671076,111.80706208055322,12.0,70.2
29.096951,97,0,-0.11562623083591461,0.041123781353235245,-0.02659168653190136,0.0,0.12556953628456152,160.4214930742381,26.1,62.6
29.096951,97,1,-0.23125247657299042,1.1901808977127075,0.8947300910949707,0.0,1.5068345009031954,100.99558130830805,15.100000000000001,65.10000000000001
29.096951,97,2,-0.7862583994865417,1.1865679025650024,-0.4943729639053345,0.0,1.5068345249566033,123.52974705552843,15.100000000000001,65.10000000000001
29.096951,97,3,-1.6033504009246826,1.1290968656539917,-0.43696796894073486,0.0,2.009112551863434,144.84637502316048,13.200000000000001,55.1
29.096951,97,4,-0.37000396847724915,1.846074104309082,-0.7011708617210388,0.0,2.00911251865497,101.33348094355034,13.200000000000001,55.1
29.385041,98,0,-0.11562623083591461,0.04111851379275322,-0.026599833741784096,0.0,0.12556953686677197,160.42381021690417,26.200000000000003,62.5
29.385041,98,1,-2.374191999435425,2.0431180000305176,1.597111701965332,0.0,3.515947184015494,139.28626089212025,12.9,69.4
29.385041,98,2,-1.0791782140731812,2.760486125946045,-1.8912889957427979,0.0,3.5159470039647336,111.35240424216516,12.9,69.4
29.690651,99,0,-0.11562623083591461,0.04113607481122017,-0.026572661474347115,0.0,0.12556953550134986,160.41608557485443,25.400000000000002,63.300000000000004
29.690651,99,1,-0.13875149190425873,0.9869072437286377,1.1301823854446411,0.0,1.5068344662234978,98.00288777327323,14.700000000000001,64.8
29.690651,99,2,-0.6937574744224548,1.2611052989959717,-0.4459420144557953,0.0,1.5068345259946876,118.81601033872613,14.700000000000001,64.8
29.999804,100,0,-0.11562623083591461,0.04110974073410034,-0.02661338821053505,0.0,0.12556953640349958,160.42766953809715,22.8,65.9
29.999804,100,1,0.38156658411026,0.7392849922180176,1.102613925933838,0.0,1.381264937472749,62.70041943417076,12.8,69.8
29.999804,100,2,-2.374191999435425,2.0676162242889404,1.5652666091918945,0.0,3.5159471069652235,138.9483209509745,12.600000000000001,69.8
29.999804,100,3,-1.0791782140731812,2.7217824459075928,-1.9465759992599487,0.0,3.5159470163066686,111.6281708298842,12.600000000000001,69.8
30.287216,101,0,-0.11562623083591461,0.041141774505376816,-0.026563839986920357,0.0,0.12556953635982812,160.41357858470235,24.3,64.4
30.287216,101,1,0.18500198423862457,1.8924609422683716,0.648767352104187,0.0,2.0091125477035376,84.41665654075044,11.3,57.7
30.287216,101,2,0.8633425831794739,1.4275060892105103,-1.1195532083511353,0.0,2.0091125993814813,58.834836196097946,11.3,57.7
30.287216,101,3,-2.374191999435425,2.027839183807373,1.6164668798446655,0.0,3.5159471809460507,139.49877690776782,12.4,70.10000000000001
30.287216,101,4,-1.0791782140731812,2.761397361755371,-1.8899582624435425,0.0,3.51594699064396,111.34599236844541,12.4,70.10000000000001
30.590477,102,0,-0.11562623083591461,0.041146937757730484,-0.026555843651294708,0.0,0.12556953681602384,160.4113076139495,23.900000000000002,64.8
30.590477,102,1,0.33917027711868286,0.619662880897522,1.1869601011276245,0.0,1.381264943633871,61.30606433033708,11.3,69.9
30.590477,102,2,-0.40469181537628174,1.7974926233291626,0.39112547039985657,0.0,1.883543025776373,102.68814940095841,13.5,56.2
30.590477,102,3,-2.374191999435425,2.0057260990142822,1.6438246965408325,0.0,3.5159471650478182,139.80875378706773,12.3,69.9
30.590477,102,4,-1.0791782140731812,2.747682809829712,-1.9098421335220337,0.0,3.515947015547856,111.44288399449016,12.3,69.9
30.868846,103,0,-0.11562623083591461,0.04111919924616814,-0.026598773896694183,0.0,0.12556953681834518,160.42350868961657,22.8,65.9
30.868846,103,1,0.38156658411026,0.6241642236709595,1.171630859375,0.0,1.381264966203134,58.56155330032893,12.4,70.8
30.868846,103,2,-0.5203180313110352,1.808685541152954,0.07523372769355774,0.0,1.8835430322309639,106.04933340055975,11.700000000000001,56.900000000000006
31.187115,104,0,-0.11562623083591461,0.04113465175032616,-0.026574868708848953,0.0,0.1255695364283606,160.4167115152916,22.8,65.9
31.187115,104,1,0.38156658411026,0.5275724530220032,1.218181848526001,0.0,1.3812649157114831,54.12367885018261,12.600000000000001,69.3
31.187115,104,2,-2.374191999435425,2.118889570236206,1.4951268434524536,0.0,3.515947232119824,138.2521197869572,12.9,69.3
31.187115,104,3,-1.0791782140731812,2.7151074409484863,-1.9558756351470947,0.0,3.515947032278227,111.6764177669651,12.9,69.3
31.484691,105,0,-0.11562623083591461,0.04112997651100159,-0.026582101359963417,0.0,0.1255695358668938,160.4187679768938,23.900000000000002,64.8
31.484691,105,1,-0.18500198423862457,1.1978771686553955,0.8952178359031677,0.0,1.5068345692468188,98.7794831617221,16.2,65.2
31.484691,105,2,-0.6937574744224548,1.198030948638916,-0.5949559807777405,0.0,1.506834498635098,120.07433537354004,16.2,65.2
31.484691,105,3,-2.374191999435425,1.9931089878082275,1.6591001749038696,0.0,3.5159471665301183,139.98689791020269,12.200000000000001,70.2
31.484691,105,4,-1.0791782140731812,2.7695930004119873,-1.8779278993606567,0.0,3.515947127142043,111.28848867248621,12.200000000000001,70.2
31.768922,106,0,-0.11562623083591461,0.04113752022385597,-0.026570428162813187,0.0,0.12556953643397584,160.4154498078729,23.900000000000002,64.8
31.768922,106,1,0.3237534761428833,0.291105717420578,1.4425642490386963,0.0,1.5068345843635682,41.960566243354194,15.100000000000001,65.4
31.768922,106,2,-2.374191999435425,2.029679298400879,1.6141557693481445,0.0,3.515947177114606,139.47311076338116,12.3,70.10000000000001
31.768922,106,3,-1.0791782140731812,2.748077154159546,-1.9092745780944824,0.0,3.515946967390389,111.44008629804473,12.3,70.10000000000001
31.768922,106,4,-0.8093836903572083,1.0329087972640991,1.1698155403137207,-0.25578173995018005,1.7579735322357113,128.08212418721072,16.5,41.300000000000004
32.094,107,0,-0.11562623083591461,0.04111307114362717,-0.026608241721987724,0.0,0.12556953612925745,160.42620444917466,23.700000000000003,65.0
32.094,107,1,0.33917027711868286,0.7509399056434631,1.1085782051086426,0.0,1.381264947651419,65.6931613338617,11.4,69.60000000000001
32.094,107,2,-0.34687870740890503,1.793350100517273,-0.45967897772789,0.0,1.883542986831982,100.94724709462047,12.0,56.5
32.094,107,3,-2.374191999435425,1.96517813205719,1.6920908689498901,0.0,3.5159471340852897,140.3845915074548,12.8,69.60000000000001
32.094,107,4,-1.0791782140731812,2.78598952293396,-1.8535157442092896,0.0,3.515947077767197,111.17432692086092,12.8,69.60000000000001
32.392796,108,0,-0.11562623083591461,0.04108979552984238,-0.026644175872206688,0.0,0.12556953715735975,160.43644424107268,23.0,65.7
32.392796,108,1,-0.23125247657299042,1.1104907989501953,0.9919085502624512,0.0,1.5068344615643559,101.76335517898254,19.200000000000003,65.3
32.392796,108,2,-0.7400079369544983,1.1990606784820557,-0.5340335965156555,0.0,1.506834476525191,121.68107443597394,19.200000000000003,65.3
32.392796,108,3,-2.374191999435425,2.0898983478546143,1.53538978099823,0.0,3.5159471745380957,138.6439358414974,12.100000000000001,70.0
32.392796,108,4,-1.0791782140731812,2.6924479007720947,-1.9869531393051147,0.0,3.5159471119311068,111.84173972706688,12.100000000000001,70.0
32.685639,109,0,-0.11562623083591461,0.04114549607038498,-0.026558076962828636,0.0,0.1255695367362714,160.41194170972648,26.0,62.7
32.685639,109,1,0.37000396847724915,0.9120960831642151,1.1409329175949097,0.0,1.506834471355115,67.9194077247108,13.100000000000001,65.3
32.685639,109,2,-0.49333858489990234,1.9455339908599854,0.08970919251441956,0.0,2.009112542433651,104.2288587135208,15.200000000000001,56.300000000000004
32.685639,109,3,-2.374191999435425,1.9682986736297607,1.6884599924087524,0.0,3.515947164671395,140.33993103552487,11.600000000000001,70.9
32.685639,109,4,-1.0791782140731812,2.7525765895843506,-1.9027820825576782,0.0,3.5159469781213324,111.4082140025082,11.600000000000001,70.9
32.972936,110,0,-0.11562623083591461,0.041134897619485855,-0.02657448500394821,0.0,0.1255695357668844,160.4166033681668,24.200000000000003,64.5
32.972936,110,1,-0.18500198423862457,1.1137501001358032,0.9979404211044312,0.0,1.5068344646306804,99.43113434085934,17.400000000000002,65.3
32.972936,110,2,-0.7400079369544983,1.2483036518096924,-0.40580371022224426,0.0,1.50683456461126,120.6599218043479,17.400000000000002,65.3
32.972936,110,3,-2.482109785079956,1.6907696723937988,1.8281993865966797,0.0,3.515947108167126,145.73799504169529,12.3,70.10000000000001
32.972936,110,4,-1.0791782140731812,2.7662065029144287,-1.8829123973846436,0.0,3.5159469749586725,111.31221376626603,12.3,70.10000000000001
32.972936,110,5,0.06552153080701828,1.993546485900879,0.7604916095733643,-0.25578173995018005,2.1346822130421486,88.11754763640353,17.8,41.6
33.291318,111,0,-0.11562623083591461,0.041119519621133804,-0.02659827470779419,0.0,0.12556953598952375,160.42336775877138,26.6,62.1
33.291318,111,1,-0.23125247657299042,0.8832557201385498,1.198720932006836,0.0,1.50683451244984,104.67175503606097,13.100000000000001,65.10000000000001
33.291318,111,2,-0.7862583994865417,1.202580451965332,-0.4540357291698456,0.0,1.506834582021223,123.17703631292476,13.100000000000001,65.10000000000001
33.291318,111,3,0.8093836307525635,1.6136317253112793,-0.5374246835708618,0.0,1.8835430701665674,63.362055556614266,17.0,54.6
33.291318,111,4,0.11562623083591461,1.5418022871017456,1.0757373571395874,0.0,1.8835430919719245,85.71117706311513,17.0,54.6
33.291318,111,5,-2.374191999435425,2.048147439956665,1.5906566381454468,0.0,3.515947116561965,139.21660069123422,11.9,70.3
33.291318,111,6,-1.0791782140731812,2.6597065925598145,-2.0305709838867188,0.0,3.515946998582174,112.08489629816039,11.9,70.3
33.291318,111,7,1.2950139045715332,5.1789703369140625,2.798215627670288,0.0,6.027338173904596,75.96093147468986,11.600000000000001,70.4
33.291318,111,8,3.7000396251678467,3.993741512298584,-2.586221218109131,0.0,6.027338109303897,47.186143752900094,11.600000000000001,70.4
33.291318,111,9,0.06166732311248779,1.8125249147415161,0.864571750164032,-0.25578173995018005,2.0091126739136103,88.0513840428999,19.0,42.0
33.291318,111,10,-0.6783405542373657,1.505541205406189,-1.1444356441497803,-0.25578173995018005,2.009112533508141,114.25454581865807,19.0,42.0
33.59068,112,0,-0.11562623083591461,0.041123971343040466,-0.02659139409661293,0.0,0.12556953657772577,160.4214095010309,24.5,64.2
33.59068,112,1,-0.18500198423862457,1.0985665321350098,1.0146310329437256,0.0,1.5068345273160624,99.5590949557041,16.2,65.3
33.59068,112,2,-0.7400079369544983,1.2574515342712402,-0.3765023946762085,0.0,1.5068344836091547,120.47673376001597,16.2,65.3
33.59068,112,3,-2.482109785079956,1.8426086902618408,1.675054669380188,0.0,3.5159470866368983,143.4114384290748,12.5,69.9
33.59068,112,4,-1.0791782140731812,2.711125373840332,-1.9613916873931885,0.0,3.515947064701936,111.70529783761958,12.5,69.9
33.59068,112,5,-2.570756673812866,2.0363526344299316,1.582757592201233,0.0,3.64151665153048,141.61648461435965,11.5,70.9
33.59068,112,6,-1.2294923067092896,2.7518386840820312,-2.0436184406280518,0.0,3.641516690383649,114.07458467688525,11.5,70.9
33.59068,112,7,1.4800158739089966,4.916634559631348,3.1567485332489014,0.0,6.0273380262063485,73.24704198613786,12.3,70.0
33.59068,112,8,3.7000396251678467,4.084836483001709,-2.4397997856140137,0.0,6.027338161622938,47.82975690287275,12.3,70.0
33.891767,113,0,-0.11562623083591461,0.04107542708516121,-0.026666317135095596,0.0,0.12556953626217665,160.44276609363584,25.3,63.400000000000006
33.891767,113,1,-0.18500198423862457,1.1207859516143799,0.9900320172309875,0.0,1.5068345226503266,99.3729832651622,15.200000000000001,65.4
33.891767,113,2,0.37000396847724915,1.2530089616775513,0.7507434487342834,0.0,1.506834470189282,73.5485322613754,15.200000000000001,65.4
33.891767,113,3,0.7400079369544983,1.8056144714355469,-0.4782032072544098,0.0,2.0091126582751717,67.7143578518997,13.4,55.900000000000006
33.891767,113,4,-0.49333858489990234,1.9190672636032104,-0.3321613669395447,0.0,2.009112564111752,104.4169685521549,13.4,55.900000000000006
33.891767,113,5,-2.374191999435425,2.107389211654663,1.5112932920455933,0.0,3.515947148943461,138.4069788352558,11.8,70.4
33.891767,113,6,-1.0791782140731812,2.684135675430298,-1.998167634010315,0.0,3.515947075178212,111.90298777543035,11.8,70.4
33.891767,113,7,1.4800158739089966,4.562216281890869,3.6502792835235596,0.0,6.027337989319499,72.02656314165728,12.0,70.10000000000001
33.891767,113,8,3.7000396251678467,4.180716514587402,-2.271589756011963,0.0,6.027338037871656,48.49036055613837,12.0,70.10000000000001
34.192792,114,0,-0.11562623083591461,0.04111604019999504,-0.026603655889630318,0.0,0.12556953661514278,160.42489834650104,26.5,62.2
34.192792,114,1,-0.23125247657299042,1.1316088438034058,0.9677467942237854,0.0,1.5068344769833333,101.54978038121142,12.0,65.3
34.192792,114,2,-0.7400079369544983,1.2520231008529663,-0.3941783010959625,0.0,1.5068344716258748,120.5851997897042,12.0,65.3
34.192792,114,3,-0.37000396847724915,1.7051814794540405,-0.9959850907325745,0.0,2.0091125193785335,102.2427086001046,12.200000000000001,55.7
34.192792,114,4,0.30833661556243896,1.011780023574829,1.708146095275879,0.0,2.009112582063985,73.05157330230506,12.200000000000001,55.7
34.192792,114,5,-2.374191999435425,2.091090440750122,1.5337657928466797,0.0,3.5159471538813443,138.62773093051706,12.5,69.7
34.192792,114,6,-1.0791782140731812,2.6918179988861084,-1.9878063201904297,0.0,3.515947059249671,111.84636970418283,12.5,69.7
34.192792,114,7,1.4800158739089966,4.8719682693481445,3.2252562046051025,0.0,6.027337670141061,73.10216690428591,12.100000000000001,70.2
34.192792,114,8,3.7000396251678467,4.120031356811523,-2.379884958267212,0.0,6.027338054523651,48.07422489209769,12.100000000000001,70.2
34.488601,115,0,-0.11562623083591461,0.041106466203927994,-0.02661844715476036,0.0,0.1255695367118381,160.42911007096384,23.8,64.9
34.488601,115,1,0.33917027711868286,0.612069845199585,1.190893292427063,0.0,1.381264929776753,61.00756077248809,12.700000000000001,69.10000000000001
34.488601,115,2,-2.374191999435425,2.042912244796753,1.597374677658081,0.0,3.515947091602339,139.2891138110728,13.100000000000001,69.10000000000001
34.488601,115,3,-1.0791782140731812,2.711498975753784,-1.9608750343322754,0.0,3.5159469867322524,111.70258516467189,13.100000000000001,69.10000000000001
34.488601,115,4,1.4800158739089966,4.85071325302124,3.257136344909668,0.0,6.027337987817676,73.03236872786448,11.9,70.2
34.488601,115,5,3.7000396251678467,4.107151508331299,-2.4020447731018066,0.0,6.0273382045631045,47.98502808264018,11.9,70.2
34.79612,116,0,-0.11562623083591461,0.041108615696430206,-0.026615124195814133,0.0,0.12556953602588333,160.4281644622986,24.700000000000003,64.0
34.79612,116,1,-0.23125247657299042,1.1256605386734009,0.9746593832969666,0.0,1.5068345196790707,101.60916006484032,16.8,65.3
34.79612,116,2,-0.7862583994865417,1.2041555643081665,-0.4498414397239685,0.0,1.5068345014335152,123.14269579560597,16.8,65.3
34.79612,116,3,0.8016752004623413,1.5069973468780518,-1.0596269369125366,0.0,2.009112584193446,61.98842684529189,15.0,56.2
34.79612,116,4,-0.49333858489990234,1.8024870157241821,0.7376930117607117,0.0,2.0091125853983134,105.30691816522483,15.0,56.2
34.79612,116,5,-2.374191999435425,2.062668561935425,1.5717809200286865,0.0,3.5159471706989796,139.0162934406439,11.700000000000001,70.7
34.79612,116,6,-1.0791782140731812,2.7260797023773193,-1.9405535459518433,0.0,3.515947130738753,111.59721831078733,11.700000000000001,70.7
34.79612,116,7,1.4800158739089966,4.816452503204346,3.3075881004333496,0.0,6.027337782535032,72.9186762062851,12.100000000000001,70.10000000000001
34.79612,116,8,3.7000396251678467,4.152752876281738,-2.3223166465759277,0.0,6.0273380763187765,48.29944793727372,12.100000000000001,70.10000000000001
35.088587,117,0,-0.11562623083591461,0.04114285856485367,-0.02656216360628605,0.0,0.125569536925382,160.41310177384176,24.400000000000002,64.3
35.088587,117,1,-2.374191999435425,1.8777326345443726,1.788635492324829,0.0,3.5159471585079625,141.65976253172096,11.700000000000001,70.60000000000001
35.088587,117,2,-1.0791782140731812,2.762702703475952,-1.8880497217178345,0.0,3.5159470412965987,111.33681377786303,11.700000000000001,70.60000000000001
35.088587,117,3,1.4800158739089966,4.857729911804199,3.246661901473999,0.0,6.027337752734835,73.05547214947642,11.8,70.10000000000001
35.088587,117,4,3.7000396251678467,4.127453804016113,-2.3669893741607666,0.0,6.027338287294756,48.12548751688257,11.8,70.10000000000001
35.386909,118,0,-0.11562623083591461,0.04110465571284294,-0.026621241122484207,0.0,0.12556953634338627,160.42990655411631,26.8,61.900000000000006
35.386909,118,1,-0.40469181537628174,1.785092830657959,0.44430011510849,0.0,1.8835430634271182,102.77340315107644,14.700000000000001,55.400000000000006
35.386909,118,2,0.17343935370445251,1.1708297729492188,1.4651998281478882,0.0,1.8835429655418903,81.57384066670053,14.700000000000001,55.400000000000006
35.386909,118,3,-2.374191999435425,2.0043270587921143,1.6455302238464355,0.0,3.5159471449925874,139.82846122084635,12.200000000000001,70.0
35.386909,118,4,-1.0791782140731812,2.791954755783081,-1.8445178270339966,0.0,3.515946954991807,111.13308292300513,12.200000000000001,70.0
35.691855,119,0,-0.11562623083591461,0.041084375232458115,-0.02665252611041069,0.0,0.12556953569089818,160.43882901444744,25.0,63.7
35.691855,119,1,-0.18500198423862457,1.0547082424163818,1.0601485967636108,0.0,1.5068345158022942,99.94880585846263,14.8,65.8
35.691855,119,2,-0.7400079369544983,1.2811671495437622,-0.2855684459209442,0.0,1.506834546037303,120.01092443778633,14.8,65.8
35.691855,119,3,-1.2294923067092896,2.714468002319336,-2.0930018424987793,0.0,3.641516796690102,114.36769439676867,12.0,70.2
35.691855,119,4,-2.570756673812866,2.0863232612609863,1.516281247138977,0.0,3.641516641024369,140.93859792134086,12.0,70.2
35.990004,120,0,-0.11562623083591461,0.041122984141111374,-0.0265929214656353,0.0,0.12556953672793317,160.42184375491559,25.5,63.2
35.990004,120,1,0.4162544310092926,0.7343205213546753,1.2482210397720337,0.0,1.5068344778199922,60.45298129850046,15.3,65.2
35.990004,120,2,-2.374191999435425,2.064044952392578,1.5699728727340698,0.0,3.5159471038116212,138.99737008374674,13.200000000000001,69.0
35.990004,120,3,-1.0791782140731812,2.70212721824646,-1.9737695455551147,0.0,3.5159470047597954,111.77082771566666,13.200000000000001,69.0
35.990004,120,4,-0.1503141075372696,1.4764599800109863,0.6798636317253113,-0.6820846199989319,1.6324040435019442,95.81308870239484,27.1,40.6
36.284746,121,0,-0.11562623083591461,0.04113594442605972,-0.02657286822795868,0.0,0.12556953654053415,160.41614292521558,25.400000000000002,63.300000000000004
36.284746,121,1,-0.23125247657299042,1.0852017402648926,1.0195144414901733,0.0,1.506834503653972,102.0295847356553,15.9,65.4
36.284746,121,2,-0.7400079369544983,1.2069370746612549,-0.5159858465194702,0.0,1.5068345107396282,121.51366288658886,15.9,65.4
36.284746,121,3,-1.6650177240371704,0.5595460534095764,-0.975273072719574,0.0,2.009112583609,161.42455644233502,11.3,56.2
36.284746,121,4,0.8016752004623413,1.7323322296142578,-0.626797616481781,0.0,2.0091125734572173,65.16661219702168,11.3,56.2
36.284746,121,5,-2.374191999435425,2.0669312477111816,1.5661710500717163,0.0,3.5159471257444737,138.9577230028404,11.9,70.2
36.284746,121,6,-1.0791782140731812,2.7597830295562744,-1.8923149108886719,0.0,3.515947057327313,111.35735406151869,11.9,70.2
36.584631,122,0,-0.11562623083591461,0.04111583158373833,-0.026603978127241135,0.0,0.12556953657769573,160.42499011713906,25.1,63.6
36.584631,122,1,-2.374191999435425,2.0960381031036377,1.5269973278045654,0.0,3.5159471297173623,138.5605602760228,12.4,69.7
36.584631,122,2,-1.0791782140731812,2.663924217224121,-2.0250346660614014,0.0,3.515946992147882,112.05328546612365,12.4,69.7
36.584631,122,3,1.2950139045715332,5.122448444366455,2.900390625,0.0,6.027338123567801,75.81224542901553,11.3,70.4
36.584631,122,4,3.7000396251678467,4.022396564483643,-2.54142427444458,0.0,6.027338110021553,47.39030472220075,11.3,70.4
36.584631,122,5,-0.46250492334365845,1.8067086935043335,0.26386943459510803,-0.08526057749986649,1.8835429875144345,104.35896444969599,16.5,52.1
36.886141,123,0,-0.11562623083591461,0.04113450273871422,-0.026575101539492607,0.0,0.12556953688978806,160.41677705907426,26.3,62.400000000000006
36.886141,123,1,-2.374191999435425,1.997882604598999,1.653348684310913,0.0,3.5159471588542237,139.9193883024964,12.4,69.7
36.886141,123,2,-1.0791782140731812,2.768282413482666,-1.879859209060669,0.0,3.5159470679203633,111.29766439376556,12.4,69.7
36.886141,123,3,1.2950139045715332,4.932395935058594,3.2129757404327393,0.0,6.02733803447471,75.2888709250127,11.600000000000001,70.2
36.886141,123,4,3.7000396251678467,4.11340856552124,-2.3913135528564453,0.0,6.02733803289567,48.028398642773766,11.600000000000001,70.2
36.886141,123,5,-0.18500198423862457,1.0895546674728394,1.024302363395691,-0.08526057749986649,1.5068345759379413,99.63668285071657,21.200000000000003,61.2
36.886141,123,6,-0.7400079369544983,1.2444478273391724,-0.4174783527851105,-0.08526057749986649,1.5068345352987529,120.73773216663416,21.200000000000003,61.2
36.886141,123,7,-0.40469181537628174,1.8267422914505005,0.21672944724559784,-0.08526057749986649,1.8835430757245128,102.49141365691334,20.5,52.1
36.886141,123,8,0.17343935370445251,1.230353593826294,1.4155857563018799,-0.08526057749986649,1.8835429935893315,81.9760523762947,20.5,52.1
37.184903,124,0,-0.11562623083591461,0.041109587997198105,-0.026613624766469002,0.0,0.12556953653585728,160.42773672961502,27.700000000000003,61.0
37.184903,124,1,-2.374191999435425,2.0220704078674316,1.6236772537231445,0.0,3.5159471282734436,139.5793679581056,13.0,69.3
37.184903,124,2,-1.0791782140731812,2.7311673164367676,-1.9333863258361816,0.0,3.5159469866641797,111.5606818498343,13.0,69.3
37.184903,124,3,1.4800158739089966,4.799953460693359,3.331486225128174,0.0,6.027337777166926,72.86339604731234,11.700000000000001,70.10000000000001
37.184903,124,4,3.7000396251678467,4.062690258026123,-2.476501226425171,0.0,6.027338026439032,47.67473617480036,11.700000000000001,70.10000000000001
37.184903,124,5,-0.7400079369544983,1.2695878744125366,-0.33329418301582336,-0.17052115499973297,1.5068344733391192,120.23673561243376,25.3,46.900000000000006
37.184903,124,6,-0.18500198423862457,1.004465103149414,1.107869267463684,-0.17052115499973297,1.5068344937011866,100.4357617328368,25.3,46.900000000000006
37.184903,124,7,0.6359442472457886,1.7458288669586182,-0.30885347723960876,-0.08526057749986649,1.883542935192618,69.98509124024635,14.700000000000001,51.800000000000004
37.184903,124,8,-0.23125246167182922,1.602900743484497,0.9617515206336975,-0.08526057749986649,1.8835430661213095,98.20948738241086,14.700000000000001,51.800000000000004
37.483435,125,0,-0.11562623083591461,0.04111143574118614,-0.02661077119410038,0.0,0.1255695367100104,160.4269238798915,28.8,59.900000000000006
37.483435,125,1,-2.374191999435425,2.0409460067749023,1.5998862981796265,0.0,3.515947158285589,139.316389207288,12.8,69.3
37.483435,125,2,-1.0791782140731812,2.721515417098999,-1.9469494819641113,0.0,3.515947108327718,111.63009698754817,12.8,69.3
37.483435,125,3,1.4800158739089966,4.678435802459717,3.5000851154327393,0.0,6.027338082440151,72.44531398121057,12.100000000000001,69.8
37.483435,125,4,3.7000396251678467,4.110170841217041,-2.39687442779541,0.0,6.0273381018839975,48.00596558311247,12.100000000000001,69.8
37.483435,125,5,-0.25437772274017334,0.6321966648101807,1.2014625072479248,0.08526057749986649,1.381264929383955,111.9184334964708,11.9,65.9
37.483435,125,6,-0.76313316822052,1.141317367553711,-0.1513773649930954,0.08526057749986649,1.3812648813859976,123.76836558662592,11.9,65.9
37.483435,125,7,-0.2967739999294281,0.5925817489624023,1.21188485622406,0.17052115499973297,1.3812649423563397,116.6024090889686,18.3,59.5
37.483435,125,8,-0.76313316822052,1.1462509632110596,-0.10783863067626953,0.17052115499973297,1.3812648816815345,123.65426592241673,18.3,59.5
37.786114,126,0,-0.11562623083591461,0.04112612083554268,-0.026588069275021553,0.0,0.1255695365129346,160.42046398274644,26.700000000000003,62.0
37.786114,126,1,-1.2294923067092896,2.744187116622925,-2.0538816452026367,0.0,3.6415167273811693,114.13405723016537,11.9,70.4
37.786114,126,2,-2.570756673812866,2.043381690979004,1.5736727714538574,0.0,3.6415167997136675,141.52035190962587,11.9,70.4
37.786114,126,3,1.4800158739089966,4.749423980712891,3.403134822845459,0.0,6.027337866592239,72.6919172584024,11.8,70.10000000000001
37.786114,126,4,3.7000396251678467,4.0619611740112305,-2.4776973724365234,0.0,6.027338224819125,47.66961695905908,11.8,70.10000000000001
37.786114,126,5,-0.23125247657299042,0.4634488821029663,1.4150221347808838,0.08526057749986649,1.5068345019156815,116.5183533208623,19.700000000000003,61.6
37.786114,126,6,-0.7862583994865417,1.2851247787475586,0.028325393795967102,0.08526057749986649,1.5068345282902817,121.45891314342086,19.700000000000003,61.6
37.786114,126,7,0.8093836307525635,1.4500389099121094,-0.8888303637504578,0.08526057749986649,1.8835429693835157,60.83059139314651,18.1,52.0
37.786114,126,8,0.057813115417957306,1.475951075553894,1.1687430143356323,0.08526057749986649,1.8835429825999106,87.7568667171616,18.1,52.0
38.069599,127,0,-0.11562623083591461,0.0411200150847435,-0.026597509160637856,0.0,0.12556953608037244,160.42314980806597,23.200000000000003,65.5
38.069599,127,1,-0.18500198423862457,0.7276232838630676,1.306479573249817,0.0,1.5068345140429078,104.26547483136495,18.2,65.5
38.069599,127,2,0.4162544310092926,1.0670852661132812,0.9790871143341064,0.0,1.5068345277255926,68.68996718248331,18.2,65.5
38.069599,127,3,-2.570756673812866,2.1056017875671387,1.4893943071365356,0.0,3.641516739751452,140.68049525231405,11.3,71.0
38.069599,127,4,-1.2294923067092896,2.6488146781921387,-2.1754939556121826,0.0,3.641516783233134,114.8991719300924,11.3,71.0
38.069599,127,5,1.4800158739089966,5.106540679931641,2.839294910430908,0.0,6.027337744910117,73.83695866982323,11.8,70.3
38.069599,127,6,3.7000396251678467,3.93092679977417,-2.680732488632202,0.0,6.0273381694246435,46.733047334556254,11.8,70.3
38.384079,128,0,-0.11562623083591461,0.04110758751630783,-0.026616711169481277,0.0,0.12556953580471145,160.4286167797904,26.400000000000002,62.300000000000004
38.384079,128,1,-0.7862583994865417,1.2678210735321045,0.2120800018310547,0.0,1.5068345869510351,121.80574581009455,11.8,65.4
38.384079,128,2,-0.23125247657299042,0.41979098320007324,-1.4285825490951538,0.0,1.5068345221279054,118.84928239724003,11.8,65.4
38.384079,128,3,-0.43167129158973694,1.8759078979492188,0.5754673480987549,0.0,2.0091125439603483,102.95892792554291,15.100000000000001,55.900000000000006
38.384079,128,4,0.18500198423862457,1.1825594902038574,1.6136481761932373,0.0,2.009112520137983,81.10860195781487,15.100000000000001,55.900000000000006
38.384079,128,5,-2.374191999435425,2.031071186065674,1.6124041080474854,0.0,3.5159472152889055,139.45370959251352,11.700000000000001,70.4
38.384079,128,6,-1.0791782140731812,2.7084615230560303,-1.9650683403015137,0.0,3.515946959449263,111.72465841894733,11.700000000000001,70.4
38.704101,129,0,-0.11562623083591461,0.041092462837696075,-0.02664005756378174,0.0,0.12556953621953554,160.4352707290083,26.900000000000002,61.800000000000004
38.704101,129,1,0.4162544310092926,0.8535556793212891,-1.1699252128601074,0.0,1.5068344476823805,64.00284641252179,12.0,65.4
38.704101,129,2,-2.374191999435425,2.0966458320617676,1.52616286277771,0.0,3.5159471666973348,138.5523191749866,12.3,69.8
38.704101,129,3,-1.0791782140731812,2.689160108566284,-1.9914005994796753,0.0,3.5159471063772303,111.86592660887801,12.3,69.8
39.00814,130,0,-0.11562623083591461,0.0411238931119442,-0.026591511443257332,0.0,0.12556953580721603,160.4214439135175,23.700000000000003,65.0
39.00814,130,1,0.33917027711868286,0.415520042181015,1.2728705406188965,0.0,1.3812649258959406,50.77678832895848,11.600000000000001,69.3
39.00814,130,2,-2.374191999435425,2.091902017593384,1.5326586961746216,0.0,3.515947152667989,138.61670324419308,13.0,69.3
39.00814,130,3,-1.0791782140731812,2.6811001300811768,-2.0022387504577637,0.0,3.515947033031947,111.9254364681089,13.0,69.3
39.00814,130,4,-2.570756673812866,2.125927686691284,1.4602348804473877,0.0,3.6415167596853295,140.4104175710017,11.600000000000001,70.7
39.00814,130,5,-1.2294923067092896,2.6141841411590576,-2.2169876098632812,0.0,3.641516733235226,115.18834655082844,11.600000000000001,70.7
39.284032,131,0,-0.11562623083591461,0.041110824793577194,-0.02661171182990074,0.0,0.12556953603102183,160.42719264381202,23.900000000000002,64.8
39.284032,131,1,0.37000396847724915,0.4188535511493683,1.399360179901123,0.0,1.506834478996367,48.54348598852768,14.700000000000001,65.4
39.284032,131,2,-0.18500198423862457,0.5313045382499695,-1.3978698253631592,0.0,1.5068345281410531,109.19828502145155,14.700000000000001,65.4
39.284032,131,3,-2.374191999435425,1.9720240831375122,1.6841074228286743,0.0,3.5159471620438447,140.28668931761774,13.200000000000001,69.2
39.284032,131,4,-1.0791782140731812,2.7496213912963867,-1.907050371170044,0.0,3.5159471741459174,111.4291373197571,13.200000000000001,69.2
39.592651,132,0,-0.11562623083591461,0.04110170528292656,-0.026625797152519226,0.0,0.12556953654645647,160.43120454352857,27.400000000000002,61.300000000000004
39.592651,132,1,-2.374191999435425,2.037208080291748,1.6046432256698608,0.0,3.5159471404270777,139.3683028547772,12.9,69.5
39.592651,132,2,-1.0791782140731812,2.751054525375366,-1.9049822092056274,0.0,3.5159470753565696,111.41898561628346,12.9,69.5
39.592651,132,3,-0.18500198423862457,1.1506906747817993,0.9551101922988892,0.08526057749986649,1.5068345106995797,99.13355253559163,15.8,61.300000000000004
39.592651,132,4,0.5550059676170349,1.0413731336593628,-0.9370489120483398,0.08526057749986649,1.5068345268041277,61.94435152647229,15.8,61.300000000000004
39.889711,133,0,-0.11562623083591461,0.0410982184112072,-0.026631178334355354,0.0,0.1255695364066131,160.43273855796826,25.200000000000003,63.5
39.889711,133,1,-2.374191999435425,1.9972575902938843,1.6541036367416382,0.0,3.5159471516579464,139.92821979532047,12.9,69.3
39.889711,133,2,-1.0791782140731812,2.7756075859069824,-1.8690266609191895,0.0,3.5159470627273817,111.24647569061153,12.9,69.3
39.889711,133,3,-0.23125247657299042,0.6417410969734192,1.3435925245285034,-0.08526057749986649,1.5068345016738454,109.81671187073047,18.0,60.900000000000006
39.889711,133,4,-0.7862583994865417,1.2798283100128174,-0.11994855105876923,-0.08526057749986649,1.5068345724645755,121.56435196803065,18.0,60.900000000000006
40.186533,134,0,-0.11562623083591461,0.041135676205158234,-0.02657327987253666,0.0,0.1255695357853966,160.41626090322978,22.900000000000002,65.8
40.186533,134,1,-0.23125247657299042,1.240684986114502,0.8232699036598206,0.0,1.50683452209031,100.5582582182163,18.6,65.4
40.186533,134,2,-0.7400079369544983,1.1666946411132812,-0.6014665961265564,0.0,1.5068344960924431,122.38602910712375,18.6,65.4
40.186533,134,3,-2.570756673812866,2.0439281463623047,1.5729628801345825,0.0,3.641516767190111,141.51288904665174,11.4,70.60000000000001
40.186533,134,4,-1.2294923067092896,2.679189682006836,-2.137974739074707,0.0,3.6415168088793415,114.65060506011243,11.4,70.60000000000001
40.49275,135,0,-0.11562623083591461,0.041114840656518936,-0.026605509221553802,0.0,0.12556953651451191,160.42542602909725,23.700000000000003,65.0
40.49275,135,1,-0.23125247657299042,1.02793288230896,1.0772309303283691,0.0,1.5068344951285364,102.67866339789735,16.400000000000002,65.4
40.49275,135,2,-0.7862583994865417,1.256510615348816,-0.2711623013019562,0.0,1.506834493530982,122.03617171324719,16.400000000000002,65.4
40.777538,136,0,-0.11562623083591461,0.041101742535829544,-0.0266257394105196,0.0,0.12556953649655128,160.43118815464305,22.3,66.4
40.777538,136,1,-0.18500198423862457,1.1187118291854858,0.9923751354217529,0.0,1.5068345298456318,99.3900518119206,20.3,65.4
40.777538,136,2,-0.7400079369544983,1.2231758832931519,-0.4762134253978729,0.0,1.5068345014482547,121.17347621914976,20.3,65.4
40.777538,136,3,-1.2294923067092896,2.730741262435913,-2.0717251300811768,0.0,3.6415167429571547,114.239238251789,11.600000000000001,70.5
40.777538,136,4,-2.570756673812866,2.0857858657836914,1.517020583152771,0.0,3.6415167174634235,140.94581980806737,11.600000000000001,70.5
40.777538,136,5,1.4800158739089966,4.8469929695129395,3.262669801712036,0.0,6.027337892348008,73.02009430282023,11.3,69.9
40.777538,136,6,3.7000396251678467,4.081183433532715,-2.4459056854248047,0.0,6.027338224120784,47.80424958829482,11.3,69.9
40.777538,136,7,0.5087554454803467,1.149559736251831,0.8308011889457703,-0.34104230999946594,1.5068345317489213,66.1274730647495,22.700000000000003,41.2
41.10966,137,0,-0.11562623083591461,0.041088879108428955,-0.026645587757229805,0.0,0.12556953687354086,160.43684743491488,24.900000000000002,63.800000000000004
41.10966,137,1,-0.18500198423862457,1.0433279275894165,1.0713502168655396,0.0,1.5068344918530678,100.05512162010888,16.400000000000002,65.4
41.10966,137,2,-0.7400079369544983,1.2706162929534912,-0.32935214042663574,0.0,1.5068345440286837,120.21655565756384,16.400000000000002,65.4
41.10966,137,3,-1.2294923067092896,2.6867411136627197,-2.1284773349761963,0.0,3.6415168418682744,114.58953021189944,12.0,70.2
41.10966,137,4,-2.570756673812866,2.1082570552825928,1.4856332540512085,0.0,3.6415166967412085,140.64509465671185,12.0,70.2
41.388372,138,0,-0.11562623083591461,0.04110734164714813,-0.02661709301173687,0.0,0.12556953625386622,160.42872494304504,25.6,63.1
41.388372,138,1,0.4162544310092926,0.9487407207489014,1.0941542387008667,0.0,1.5068344980816866,66.3108178517645,13.100000000000001,65.10000000000001
41.388372,138,2,-0.13875149190425873,0.9949501156806946,1.1231083869934082,0.0,1.5068344826601294,97.93902304397682,13.100000000000001,65.10000000000001
41.388372,138,3,-0.46250492334365845,1.8208506107330322,-0.13537563383579254,0.0,1.8835430212661515,104.25200352658817,15.4,55.0
41.388372,138,4,0.9250098466873169,1.6255720853805542,-0.22272463142871857,0.0,1.8835429601371017,60.358544085427035,15.4,55.0
41.388372,138,5,-2.374191999435425,2.140806198120117,1.4635728597640991,0.0,3.515947147488249,137.95905556290174,11.600000000000001,70.5
41.388372,138,6,-1.0791782140731812,2.6884429454803467,-1.992368459701538,0.0,3.515946980266725,111.87120924042902,11.600000000000001,70.5
41.689478,139,0,-0.11562623083591461,0.04111520200967789,-0.026604948565363884,0.0,0.12556953604191778,160.4252670684483,24.6,64.10000000000001
41.689478,139,1,-0.18500198423862457,0.9615574479103088,1.1453086137771606,0.0,1.5068345232958316,100.89053130597725,15.200000000000001,65.4
41.689478,139,2,-2.374191999435425,2.054551362991333,1.582376480102539,0.0,3.515947138131406,139.1281142332147,12.600000000000001,69.60000000000001
41.689478,139,3,-1.0791782140731812,2.7206509113311768,-1.9481571912765503,0.0,3.515947019080333,111.63633516402668,12.600000000000001,69.60000000000001
42.004765,140,0,-0.11562623083591461,0.04113645479083061,-0.026572074741125107,0.0,0.12556953582030236,160.41591843974922,23.700000000000003,65.0
42.004765,140,1,-0.18500198423862457,1.1112736463546753,1.0006974935531616,0.0,1.506834537982928,99.45177264053638,19.400000000000002,65.5
42.004765,140,2,-0.7400079369544983,1.2542989253997803,-0.3868754804134369,0.0,1.5068344893716177,120.53964154017929,19.400000000000002,65.5
42.004765,140,3,-2.374191999435425,1.9565004110336304,1.7021172046661377,0.0,3.5159471678309404,140.50908857334792,12.200000000000001,69.9
42.004765,140,4,-1.0791782140731812,2.7461202144622803,-1.912088394165039,0.0,3.5159470811019298,111.45397675254074,12.200000000000001,69.9
42.299906,141,0,-0.11562623083591461,0.04112090915441513,-0.026596127077937126,0.0,0.12556953612461763,160.42275651505219,25.400000000000002,63.300000000000004
42.299906,141,1,-0.18500198423862457,1.1988905668258667,0.8938601016998291,0.0,1.5068344988110356,98.7721775162655,15.5,65.2
42.299906,141,2,-0.7400079369544983,1.2231292724609375,-0.476333349943161,0.0,1.5068345709382132,121.17444321754333,15.5,65.2
42.590616,142,0,-0.11562623083591461,0.041061099618673325,-0.02668837085366249,0.0,0.12556953570845697,160.4490704100541,23.3,65.4
42.590616,142,1,-0.18500198423862457,1.0414915084838867,1.0731356143951416,0.0,1.5068345441021413,100.07248867026134,18.900000000000002,65.4
42.590616,142,2,-0.7400079369544983,1.2575210332870483,-0.3762701451778412,0.0,1.5068344693652094,120.47534960169222,18.900000000000002,65.4
42.590616,142,3,-0.5550059676170349,1.9225512742996216,0.1797170490026474,0.0,2.0091125513778065,106.1024774197588,13.4,57.300000000000004
42.590616,142,4,0.12333464622497559,1.6461020708084106,1.145281434059143,0.0,2.009112497019454,85.71510431590919,13.4,57.300000000000004
42.590616,142,5,-2.374191999435425,1.9975969791412354,1.6536937952041626,0.0,3.515947171041413,139.92342392459707,11.700000000000001,70.5
42.590616,142,6,-1.0791782140731812,2.7985270023345947,-1.8345310688018799,0.0,3.5159469909151646,111.08781916419765,11.700000000000001,70.5
42.887614,143,0,-0.11562623083591461,0.041108179837465286,-0.026615798473358154,0.0,0.12556953625479395,160.42835620527313,24.200000000000003,64.5
42.887614,143,1,-0.23125247657299042,1.1315534114837646,0.967811644077301,0.0,1.5068344996625527,101.55033097507712,18.8,65.2
42.887614,143,2,-0.7400079369544983,1.2368754148483276,-0.4394060969352722,0.0,1.5068345153452536,120.89158424019861,18.8,65.2
42.887614,143,3,-2.374191999435425,2.0565478801727295,1.57978093624115,0.0,3.5159471896115124,139.1005755374842,12.200000000000001,70.10000000000001
42.887614,143,4,-1.0791782140731812,2.741119384765625,-1.9192503690719604,0.0,3.51594696752538,111.48955091197965,12.200000000000001,70.10000000000001
43.187659,144,0,-0.11562623083591461,0.041101325303316116,-0.026626383885741234,0.0,0.12556953658367975,160.43137171035124,22.8,65.9
43.187659,144,1,-0.18500198423862457,1.0908167362213135,1.0229581594467163,0.0,1.5068345238185115,99.6257419925679,19.700000000000003,65.60000000000001
43.187659,144,2,-0.7400079369544983,1.2234320640563965,-0.4755549430847168,0.0,1.5068345184555787,121.16816240069691,19.700000000000003,65.60000000000001
43.187659,144,3,-2.374191999435425,2.026763677597046,1.6178151369094849,0.0,3.5159471657326336,139.51378730100694,12.9,69.4
43.187659,144,4,-1.0791782140731812,2.7721481323242188,-1.874153733253479,0.0,3.5159469707529416,111.27062126564157,12.9,69.4
43.491663,145,0,-0.11562623083591461,0.04107985273003578,-0.026659496128559113,0.0,0.1255695356823075,160.44081883810415,25.5,63.2
43.491663,145,1,-0.18500198423862457,1.3001033067703247,0.7389558553695679,0.0,1.5068344629163255,98.09869908874849,14.5,65.5
43.491663,145,2,-0.7400079369544983,1.0333170890808105,-0.8094407320022583,0.0,1.5068345137958727,125.60826792691034,14.5,65.5
43.491663,145,3,-1.2294923067092896,2.7163267135620117,-2.0905890464782715,0.0,3.641516814230419,114.35295766070294,11.600000000000001,70.60000000000001
43.491663,145,4,-2.570756673812866,2.1068854331970215,1.4875779151916504,0.0,3.6415167387143956,140.66337693830877,11.600000000000001,70.60000000000001
43.780601,146,0,-0.11562623083591461,0.04107451066374779,-0.026667729020118713,0.0,0.12556953633217344,160.4431693190921,23.5,65.2
43.780601,146,1,-0.23125247657299042,1.0508121252059937,1.0549248456954956,0.0,1.5068345166164543,102.4112571341894,19.200000000000003,65.4
43.780601,146,2,0.5087554454803467,0.5157126188278198,-1.3212716579437256,0.0,1.506834563782473,45.38909025711031,19.200000000000003,65.4
43.780601,146,3,-2.374191999435425,2.028285026550293,1.6159074306488037,0.0,3.5159471872508723,139.4925564346745,12.200000000000001,69.9
43.780601,146,4,-1.0791782140731812,2.710207223892212,-1.9626600742340088,0.0,3.51594701057339,111.71196714287044,12.200000000000001,69.9
44.09339,147,0,-0.11562623083591461,0.04110778123140335,-0.0266164168715477,0.0,0.12556953683982885,160.4285315603587,24.6,64.10000000000001
44.09339,147,1,-0.18500198423862457,1.2351080179214478,0.8431090116500854,0.0,1.5068345481942134,98.51877804046093,18.3,65.4
44.09339,147,2,-0.7400079369544983,1.1629587411880493,-0.6086586713790894,0.0,1.506834482850158,122.46920338598206,18.3,65.4
44.386754,148,0,-0.11562623083591461,0.04110751301050186,-0.02661682851612568,0.0,0.12556953628761092,160.42864955651888,26.1,62.6
44.386754,148,1,-0.13875149190425873,1.1465684175491333,0.9678218364715576,0.0,1.5068345031150434,96.90007228612491,11.3,65.60000000000001
44.386754,148,2,-0.6937574744224548,1.3056401014328003,-0.2907833755016327,0.0,1.5068345892149542,117.98413452632839,11.3,65.60000000000001
44.386754,148,3,-0.46250492334365845,1.811259150505066,0.2305728942155838,0.0,1.883543037456911,104.32437643349026,14.700000000000001,55.400000000000006
44.386754,148,4,1.4800158739089966,4.7927656173706055,3.3418192863464355,0.0,6.027338168102853,72.83920444582004,11.600000000000001,70.0
44.386754,148,5,3.7000396251678467,4.103890895843506,-2.40761137008667,0.0,6.027338236914371,47.96239834158311,11.600000000000001,70.0
44.688761,149,0,-0.11562623083591461,0.04107397794723511,-0.026668552309274673,0.0,0.12556953692676695,160.4434037153043,25.400000000000002,63.300000000000004
44.688761,149,1,-0.18500198423862457,1.0781954526901245,1.0362523794174194,0.0,1.5068344840167927,99.73627572613024,16.1,65.2
44.688761,149,2,-0.7400079369544983,1.2674273252487183,-0.34141847491264343,0.0,1.5068345451822003,120.27921017287457,16.1,65.2
44.688761,149,3,1.4800158739089966,4.785071849822998,3.352825880050659,0.0,6.027337801793473,72.81323658169035,11.8,70.3
44.688761,149,4,3.7000396251678467,4.080156326293945,-2.4476184844970703,0.0,6.027338145521658,47.79707332595944,11.8,70.3
44.982016,150,0,-0.11562623083591461,0.041096922010183334,-0.02663317695260048,0.0,0.12556953599746967,160.43330890411593,24.400000000000002,64.3
44.982016,150,1,-0.23125247657299042,1.0234723091125488,1.0814697742462158,0.0,1.5068344793139938,102.73212299468288,18.0,65.2
44.982016,150,2,-0.7400079369544983,1.2583857774734497,-0.37336814403533936,0.0,1.5068345239884522,120.45813665785639,18.0,65.2
44.982016,150,3,-2.374191999435425,2.0919151306152344,1.5326406955718994,0.0,3.515947107907519,138.61652509546974,11.600000000000001,70.60000000000001
44.982016,150,4,-1.0791782140731812,2.721047878265381,-1.9476028680801392,0.0,3.515947113552292,111.63347026994848,11.600000000000001,70.60000000000001
44.982016,150,5,1.4800158739089966,4.875627040863037,3.2197232246398926,0.0,6.027338025356051,73.11412553736292,11.5,70.2
44.982016,150,6,3.7000396251678467,4.097080230712891,-2.419182538986206,0.0,6.02733803611896,47.91506601063932,11.5,70.2
45.284534,151,0,-0.11562623083591461,0.041078176349401474,-0.026662083342671394,0.0,0.1255695365830594,160.44155642936408,27.1,61.6
45.284534,151,1,-0.1503141075372696,1.4019520282745361,0.8226050734519958,0.0,1.6324040331292908,96.11974448122315,13.5,61.5
45.284534,151,2,-0.43167129158973694,1.957160234451294,0.14041787385940552,0.0,2.0091126067494054,102.43802015814502,13.600000000000001,55.5
45.284534,151,3,0.24666929244995117,1.6184831857681274,1.1645599603652954,0.0,2.0091126060372835,81.33436708020118,13.600000000000001,55.5
45.284534,151,4,-2.482109785079956,1.6823737621307373,1.8359285593032837,0.0,3.5159471178561583,145.87058444146112,12.0,70.3
45.284534,151,5,-1.0791782140731812,2.808204174041748,-1.8196834325790405,0.0,3.515947112178782,111.0215073487923,12.0,70.3
45.284534,151,6,1.4800158739089966,4.8390398025512695,3.274454116821289,0.0,6.027337966371715,72.99379632673156,11.3,70.3
45.284534,151,7,3.7000396251678467,4.172046661376953,-2.2874741554260254,0.0,6.027338101041023,48.431323122290415,11.3,70.3
45.58159,152,0,-0.11562623083591461,0.04107284918427467,-0.026670286431908607,0.0,0.1255695360180742,160.44390037526375,23.5,65.2
45.58159,152,1,0.06166732311248779,1.3702110052108765,1.4680777788162231,0.0,2.0091125956986176,87.42310150626884,11.600000000000001,57.400000000000006
45.58159,152,2,-0.6166732311248779,1.900816559791565,0.20771174132823944,0.0,2.0091126487704583,107.97438120748033,11.600000000000001,57.400000000000006
45.889206,153,0,-0.11562623083591461,0.04107941687107086,-0.026660172268748283,0.0,0.12556953664478804,160.4410106111827,25.700000000000003,63.0
45.889206,153,1,0.8671967387199402,1.6182063817977905,-0.42084676027297974,0.0,1.8835429576651177,61.81314436017807,12.4,55.400000000000006
45.889206,153,2,-0.23125246167182922,1.1286883354187012,1.490073561668396,0.0,1.8835430121774916,101.57885892956618,12.4,55.400000000000006
45.889206,153,3,1.4800158739089966,5.00963020324707,3.0069854259490967,0.0,6.027337978923877,73.54105960131028,11.4,69.9
45.889206,153,4,3.7000396251678467,4.018208026885986,-2.548041820526123,0.0,6.027338226306308,47.36056056492225,11.4,69.9
46.189559,154,0,-0.11562623083591461,0.0411030575633049,-0.026623709127306938,0.0,0.1255695364571679,160.43060962911952,24.8,63.900000000000006
46.189559,154,1,0.37000396847724915,0.8058336973190308,1.218309998512268,0.0,1.5068344756139391,65.33746004776738,15.0,65.3
46.189559,154,2,-0.43167129158973694,1.96192467212677,0.032326214015483856,0.0,2.009112616852291,102.40875179564144,14.3,56.800000000000004
46.189559,154,3,1.4800158739089966,4.652066230773926,3.535057783126831,0.0,6.02733778152306,72.35196739943427,11.700000000000001,69.7
46.189559,154,4,3.7000396251678467,4.159430980682373,-2.3103349208831787,0.0,6.027338281324919,48.34517083285984,11.700000000000001,69.7
46.485604,155,0,-0.11562623083591461,0.04108290746808052,-0.026654791086912155,0.0,0.12556953623884262,160.43947480026827,23.3,65.4
46.485604,155,1,0.37000396847724915,0.4007972776889801,1.4046382904052734,0.0,1.5068344704593335,47.28773493893659,17.7,65.60000000000001
46.485604,155,2,-0.18500198423862457,1.039086937904358,1.0754640102386475,0.0,1.5068345085026016,100.09531870644638,17.7,65.60000000000001
46.485604,155,3,1.4800158739089966,4.685752868652344,3.4902827739715576,0.0,6.027337785074674,72.47104664720909,11.9,70.0
46.485604,155,4,3.7000396251678467,4.193197250366211,-2.248467445373535,0.0,6.027337908330307,48.57510748859611,11.9,70.0
46.802007,156,0,-0.11562623083591461,0.041091736406087875,-0.026641177013516426,0.0,0.12556953599839865,160.43559032906492,22.8,65.9
46.802007,156,1,-0.23125247657299042,1.0722259283065796,1.033152461051941,0.0,1.5068344822944988,102.17084857380202,18.8,65.5
46.802007,156,2,0.46250495314598083,0.8315488696098328,1.168403148651123,0.0,1.5068345204473566,60.91732118986197,18.8,65.5
46.802007,156,3,-0.5203180313110352,1.8018156290054321,0.1745389848947525,0.0,1.8835430103620472,106.10735785383018,13.5,56.2
46.802007,156,4,1.4800158739089966,4.91226863861084,3.1635382175445557,0.0,6.027338070721369,73.23298761026429,12.200000000000001,69.9
46.802007,156,5,3.7000396251678467,4.092198848724365,-2.427431106567383,0.0,6.0273382535281845,47.881088328407955,12.200000000000001,69.9
47.089103,157,0,-0.11562623083591461,0.04109936207532883,-0.026629414409399033,0.0,0.12556953664048737,160.4322354111255,23.400000000000002,65.3
47.089103,157,1,0.37000396847724915,0.554627537727356,1.351308822631836,0.0,1.5068344887269676,56.291893731758044,18.6,65.3
47.089103,157,2,-0.18500198423862457,1.1383413076400757,0.9697957038879395,0.0,1.5068345543328403,99.23094161938533,18.6,65.3
47.089103,157,3,-0.46250492334365845,1.8095022439956665,0.2439781129360199,0.0,1.8835430695193294,104.33771132492441,16.1,55.6
47.089103,157,4,0.7515705227851868,1.5600464344024658,-0.7410337924957275,0.0,1.8835429938899848,64.27701682560112,16.1,55.6
47.089103,157,5,-2.374191999435425,2.128744125366211,1.4810620546340942,0.0,3.5159471001625295,138.12001407487202,11.5,70.7
47.089103,157,6,-1.0791782140731812,2.6920413970947266,-1.9875037670135498,0.0,3.515947059512552,111.84472744341424,11.5,70.7
47.089103,157,7,1.4800158739089966,4.874852180480957,3.220896005630493,0.0,6.027337874024403,73.11159429106054,12.0,70.10000000000001
47.089103,157,8,3.7000396251678467,4.1214070320129395,-2.37750244140625,0.0,6.027338302288217,48.08373361879307,12.0,70.10000000000001
47.387454,158,0,-0.11562623083591461,0.04108111560344696,-0.026657555252313614,0.0,0.12556953678569552,160.44026319047745,24.1,64.60000000000001
47.387454,158,1,-0.18500198423862457,1.0435515642166138,1.0711324214935303,0.0,1.5068345183615097,100.05301073205071,17.2,65.5
47.387454,158,2,-0.7400079369544983,1.2306666374206543,-0.4565064013004303,0.0,1.5068345010797246,121.0187696996302,17.2,65.5
47.387454,158,3,-0.46250492334365845,1.8250830173492432,-0.05380818247795105,0.0,1.8835429766361376,104.2202949143555,14.600000000000001,55.5
47.387454,158,4,0.7515705227851868,1.689264178276062,-0.359531044960022,0.0,1.8835430143791099,66.01524048037979,14.600000000000001,55.5
47.387454,158,5,-1.2294923067092896,2.7272822856903076,-2.0762765407562256,0.0,3.6415167542923808,114.26643575740232,11.4,70.7
47.387454,158,6,-2.570756673812866,2.0683677196502686,1.540684461593628,0.0,3.641516649672316,141.18069799041646,11.4,70.7
47.387454,158,7,1.4800158739089966,4.765865325927734,3.3800714015960693,0.0,6.0273378843226055,72.74807726177508,12.0,70.0
47.387454,158,8,3.7000396251678467,4.135941982269287,-2.352125883102417,0.0,6.02733817522048,48.18398538465028,12.0,70.0
47.684985,159,0,-0.11562623083591461,0.04109553247690201,-0.026635324582457542,0.0,0.12556953676148203,160.4339202278876,25.400000000000002,63.300000000000004
47.684985,159,1,0.37000396847724915,0.3747037649154663,1.411823034286499,0.0,1.5068344727516274,45.36158470439846,15.200000000000001,65.2
47.684985,159,2,0.8093836307525635,1.6247774362564087,-0.5027231574058533,0.0,1.8835429785620132,63.519788096893315,16.2,55.0
47.684985,159,3,1.4800158739089966,4.758056640625,3.391054630279541,0.0,6.027337844186153,72.72144864130053,12.100000000000001,69.7
47.684985,159,4,3.7000396251678467,4.153395175933838,-2.3211677074432373,0.0,6.027338072595563,48.3038491261696,12.100000000000001,69.7
47.98231,160,0,-0.11562623083591461,0.0410967692732811,-0.02663341350853443,0.0,0.12556953618269878,160.43337610033586,22.900000000000002,65.8
47.98231,160,1,0.7515705227851868,1.5275239944458008,-0.8059445023536682,0.0,1.8835430298247384,63.80194671155227,16.400000000000002,55.800000000000004
47.98231,160,2,-0.46250492334365845,1.8114320039749146,0.22921089828014374,0.0,1.8835430297798053,104.32306579059069,16.400000000000002,55.800000000000004
47.98231,160,3,-2.374191999435425,2.100013494491577,1.5215253829956055,0.0,3.5159470727429656,138.5066899522243,11.700000000000001,70.7
47.98231,160,4,-1.0791782140731812,2.744006395339966,-1.9151207208633423,0.0,3.5159471115016707,111.46900002380139,11.700000000000001,70.7
48.288856,161,0,-0.11562623083591461,0.04109131917357445,-0.02664182335138321,0.0,0.12556953659320036,160.43577389479856,23.900000000000002,64.8
48.288856,161,1,-0.23125247657299042,1.1582093238830566,0.9357476234436035,0.0,1.5068344834888603,101.2914093987571,17.400000000000002,65.60000000000001
48.288856,161,2,-0.5550059676170349,1.8408993482589722,0.5827447175979614,0.0,2.009112600229056,106.7773404848361,11.3,57.0
48.288856,161,3,-2.374191999435425,2.078855276107788,1.5503088235855103,0.0,3.515947149442303,138.79443587854018,11.600000000000001,70.5
48.288856,161,4,-1.0791782140731812,2.711742639541626,-1.9605381488800049,0.0,3.515947040848625,111.70081630252842,11.600000000000001,70.5
48.288856,161,5,1.4800158739089966,4.865241050720215,3.2353954315185547,0.0,6.027337809259316,73.08013613684587,11.3,70.2
48.288856,161,6,3.7000396251678467,4.1112542152404785,-2.3950157165527344,0.0,6.027338113353143,48.01347407621356,11.3,70.2
48.585201,162,0,-0.11562623083591461,0.04109198600053787,-0.026640793308615685,0.0,0.12556953626935552,160.43548051762053,23.6,65.10000000000001
48.585201,162,1,-0.18500198423862457,1.2242406606674194,0.858812689781189,0.0,1.5068344851153455,98.59327358747689,17.6,65.7
48.585201,162,2,-0.6937574744224548,1.2609487771987915,-0.446384459733963,0.0,1.5068345423198037,118.8190138037693,17.6,65.7
48.585201,162,3,1.4800158739089966,5.088521957397461,2.8714632987976074,0.0,6.0273380670309455,73.78272787127217,11.600000000000001,70.2
48.585201,162,4,3.7000396251678467,4.014111042022705,-2.554490804672241,0.0,6.027338048977829,47.331434070448225,11.600000000000001,70.2
48.876836,163,0,-0.11562623083591461,0.041056569665670395,-0.026695340871810913,0.0,0.12556953609173857,160.45106376498518,24.700000000000003,64.0
48.876836,163,1,0.37000396847724915,0.4261380732059479,1.3971590995788574,0.0,1.5068344778576692,49.03311631150603,16.900000000000002,65.2
48.876836,163,2,0.24666929244995117,1.6095693111419678,1.1768492460250854,0.0,2.0091125541088037,81.28711083486087,12.8,56.5
48.876836,163,3,-0.43167129158973694,1.962153434753418,-0.01214043889194727,0.0,2.009112638891577,102.40734989750392,12.8,56.5
48.876836,163,4,-2.374191999435425,1.9897156953811646,1.6631680727005005,0.0,3.515947132236153,140.03496800549516,11.700000000000001,70.60000000000001
48.876836,163,5,-1.0791782140731812,2.733518600463867,-1.9300607442855835,0.0,3.5159471033342267,111.54383596337523,11.700000000000001,70.60000000000001
48.876836,163,6,1.4800158739089966,5.136563777923584,2.7846126556396484,0.0,6.0273378927722066,73.92653889569084,11.600000000000001,70.10000000000001
48.876836,163,7,3.7000396251678467,3.929356575012207,-2.6830334663391113,0.0,6.027338127473815,46.721622331377844,11.600000000000001,70.10000000000001
