timestamp_s,frame_number,point_index,x,y,z,doppler_mps,range,azimuth_deg,elevation_deg,snr_db,noise_db
0.0,1,0,-0.11562623083591461,0.04112417995929718,-0.026591069996356964,0.0,0.12556953626654846,160.4213177344719,-12.225729804685979,23.900000000000002,64.8
0.0,1,1,0.3237534761428833,0.845363974571228,-1.2046135663986206,0.0,1.5068345652954303,69.044397023685107,-53.076010217287262,17.8,65.60000000000001
0.0,1,2,-0.23125246167182922,1.5348840951919556,1.0669522285461426,0.0,1.8835429235093339,98.567994194854634,34.503756465014874,18.900000000000002,55.5
0.0,1,3,-0.9250098466873169,1.5166802406311035,-0.6259168982505798,0.0,1.8835429733098585,121.37864524733379,-19.408937826643385,18.900000000000002,55.5
0.0,1,4,-0.5896937847137451,1.982742428779602,0.5271260738372803,0.0,2.1346822237354117,106.563173013781,14.29616853678117,11.700000000000001,60.400000000000006
0.0,1,5,0.0,1.4948838949203491,1.5238734483718872,0.0,2.1346822119334439,90,45.550202556221379,11.700000000000001,60.400000000000006
0.0,1,6,0.12333464622497559,1.9834439754486084,0.2954176664352417,-0.25578173995018005,2.0091124996736403,86.441811320879069,8.4553645203866648,25.6,42.300000000000004
0.0,1,7,-0.49333858489990234,1.5162948369979858,1.2222931385040283,-0.25578173995018005,2.0091126171750089,108.02270954030512,37.472070457619935,25.6,42.300000000000004
0.52571,2,0,-0.11562623083591461,0.041118476539850235,-0.026599891483783722,0.0,0.12556953689978909,160.4238266042891,-12.229848311182485,27.8,60.900000000000006
0.52571,2,1,-0.1503141075372696,1.1927083730697632,1.1043528318405151,-0.08526057749986649,1.6324039853264303,97.182977207627658,42.572245438079015,25.5,57.1
0.52571,2,2,-0.7515705227851868,1.3254748582839966,-0.5856627821922302,-0.08526057749986649,1.6324039773008774,119.55409621957581,-21.024872521497187,25.5,57.1
0.82152,3,0,-0.11562623083591461,0.04117444157600403,-0.026513176038861275,0.0,0.1255695361147903,160.399211596113,-12.189365531132992,28.0,60.7
0.82152,3,1,-0.1503141075372696,1.0798671245574951,1.2149220705032349,0.0,1.6324040477224582,97.9244731978061,48.095001565970868,21.8,60.900000000000006
0.82152,3,2,-0.7515705227851868,1.4149709939956665,-0.3126366436481476,0.0,1.6324040049939421,117.97527985740895,-11.041453919963608,21.8,60.900000000000006
0.82152,3,3,-2.374191999435425,2.0255489349365234,1.6193357706069946,0.0,3.5159471662658719,139.53074903728137,27.423820952501508,11.4,71.10000000000001
0.82152,3,4,-1.0791782140731812,2.6972641944885254,-1.980410099029541,0.0,3.5159470861971474,111.80640005855767,-34.281899579268206,11.4,71.10000000000001
1.122814,4,0,-0.11562623083591461,0.04114052280783653,-0.026565780863165855,0.0,0.12556953685943131,160.4141291327137,-12.213923130930578,28.1,60.6
1.122814,4,1,-0.2697945535182953,0.8724626898765564,1.502161979675293,0.17052115499973297,1.7579735093330524,107.18335246092457,58.702885387900359,31.5,42.0
1.122814,4,2,-0.8633425831794739,1.517223596572876,-0.20770971477031708,0.17052115499973297,1.7579736014907921,119.64108452912252,-6.7855143242369378,31.5,42.0
1.122814,4,3,-0.21583564579486847,1.4801185131072998,0.9236531257629395,-0.17052115499973297,1.7579735309640758,98.296577517456072,31.695704818349771,41.2,42.2
1.416045,5,0,-0.11562623083591461,0.041141510009765625,-0.026564251631498337,0.0,0.12556953678319205,160.41369492042679,-12.213209210368216,24.900000000000002,63.800000000000004
1.416045,5,1,0.3237534761428833,0.6392801403999329,-1.325539469718933,0.0,1.5068345287413309,63.14077581466028,-61.6043674788237,16.6,65.5
1.722295,6,0,-0.11562623083591461,0.041141681373119354,-0.026563987135887146,0.0,0.12556953697486928,160.41361954796642,-12.213085710769398,28.6,60.1
1.722295,6,1,-0.21583564579486847,0.9693990349769592,1.4505693912506104,0.0,1.7579735702914063,102.55210295675261,55.602403872159854,22.700000000000003,56.6
1.722295,6,2,-0.8633425831794739,1.4802740812301636,-0.3923003077507019,0.0,1.7579736354547832,120.2520868665754,-12.894399217317817,22.700000000000003,56.6
2.039867,7,0,-0.11562623083591461,0.04113531857728958,-0.02657383866608143,0.0,0.12556953688385666,160.41641820751761,-12.217684978748919,27.200000000000003,61.5
2.039867,7,1,-0.16187672317028046,1.0730876922607422,1.3830219507217407,0.0,1.7579735450125527,98.5784648299015,51.879457670622514,23.6,56.6
2.039867,7,2,-0.8633425831794739,1.4645413160324097,-0.4474699795246124,0.0,1.7579735677400574,120.51921832761873,-14.746174260797565,23.6,56.6
2.039867,7,3,1.2950139045715332,4.888916492462158,3.2787561416625977,0.0,6.0273383279680184,75.163784574094578,32.955040472300439,11.4,70.3
2.33339,8,0,-0.11562623083591461,0.041171640157699585,-0.026517527177929878,0.0,0.12556953634631116,160.40044356027465,-12.19139667774339,28.8,59.900000000000006
2.33339,8,1,-0.21583564579486847,1.045063853263855,1.3970423936843872,0.0,1.7579735302744994,101.66915476594492,52.625899738244776,27.1,56.6
2.33339,8,2,-0.8633425831794739,1.4968260526657104,-0.3234538435935974,0.0,1.7579735597571684,119.97558185697255,-10.602395092545832,27.1,56.6
2.62665,9,0,-0.11562623083591461,0.04114805534482002,-0.026554107666015625,0.0,0.12556953591504164,160.41081607027212,-12.208473592818317,26.700000000000003,62.0
2.62665,9,1,0.4509423077106476,1.022830843925476,-1.1896263360977173,0.0,1.632403969520408,66.208434357160229,-46.782316423703321,17.3,61.400000000000006
2.62665,9,2,-0.25052350759506226,1.1948961019515991,1.0836069583892822,0.0,1.6324039826545791,101.84119315812592,41.5911373402898,17.3,61.400000000000006
2.938096,10,0,-0.11562623083591461,0.04113949462771416,-0.02656736969947815,0.0,0.1255695361474776,160.41458137139639,-12.214664958058977,26.0,62.7
2.938096,10,1,-0.21583564579486847,1.1024634838104248,1.3522056341171265,0.0,1.7579735026641348,101.07702328615716,50.280696928301481,26.3,57.0
2.938096,10,2,-0.8633425831794739,1.472591519355774,-0.42022010684013367,0.0,1.757973588255036,120.38200076960119,-13.829689299439979,26.3,57.0
2.938096,10,3,-0.48563018441200256,2.1376049518585205,0.550950288772583,0.25578173995018005,2.2602517176015366,102.79944575469609,14.108338816251871,19.5,42.300000000000004
2.938096,10,4,0.27750298380851746,2.2126004695892334,-0.3689576983451843,0.25578173995018005,2.2602518725171543,82.85132572146324,-9.394858256486442,19.5,42.300000000000004
3.238999,11,0,-0.11562623083591461,0.041133780032396317,-0.026576219126582146,0.0,0.12556953667246643,160.41709494717713,-12.218796347038573,28.900000000000002,59.800000000000004
3.238999,11,1,-0.21583564579486847,1.163007140159607,1.3005000352859497,0.0,1.7579735424165723,100.51357432916062,47.712018009334336,21.6,57.0
3.238999,11,2,-0.8633425831794739,1.4849799871444702,-0.3740922808647156,0.0,1.7579735529163012,120.1730045939222,-12.28634025717103,21.6,57.0
3.238999,11,3,-0.8016752004623413,1.8200035095214844,-0.28537246584892273,0.0,2.0091125767292257,113.77253305280173,-8.1658552013451935,19.700000000000003,53.800000000000004
3.238999,11,4,0.0,1.1712682247161865,1.6323798894882202,0.0,2.0091125796817315,90,54.3397342745792,19.700000000000003,53.800000000000004
3.531208,12,0,-0.11562623083591461,0.04110018163919449,-0.026628149673342705,0.0,0.12556953668434448,160.43187485180204,-12.243041925948146,27.200000000000003,61.5
3.531208,12,1,-0.2697945535182953,1.0930688381195068,1.3501416444778442,0.0,1.7579735624091173,103.864795865165,50.175542134225218,27.3,56.6
3.531208,12,2,-0.9173014760017395,1.4569116830825806,-0.3555806279182434,0.0,1.7579736155950179,122.19535972795569,-11.669577676145913,27.3,56.6
3.835747,13,0,-0.11562623083591461,0.041131842881441116,-0.026579217985272408,0.0,0.12556953685051322,160.41794702457028,-12.22019639033012,28.400000000000002,60.300000000000004
3.835747,13,1,-0.21583564579486847,1.052444338798523,1.3914908170700073,0.0,1.7579734941843987,101.58954380741348,52.328832833185452,25.3,56.900000000000006
3.835747,13,2,-0.8633425831794739,1.5129616260528564,-0.2367648035287857,0.0,1.7579735123230766,119.71041423931169,-7.7401468709213912,25.3,56.900000000000006
4.139033,14,0,-0.11562623083591461,0.041133057326078415,-0.026577338576316833,0.0,0.12556953686348787,160.41741283653485,-12.219318958720399,26.8,61.900000000000006
4.139033,14,1,-0.21583564579486847,1.0582420825958252,1.3870867490768433,0.0,1.7579735438387583,101.52775288717548,52.094578150757869,24.0,57.1
4.139033,14,2,-0.8633425831794739,1.505990982055664,-0.2776719033718109,0.0,1.7579735321915728,119.82444327242122,-9.0879263414654439,24.0,57.1
4.139033,14,3,0.06552153080701828,1.8330522775650024,1.092013955116272,0.0,2.1346822249351827,87.952862764766863,30.767668964796183,13.700000000000001,57.7
4.435703,15,0,-0.11562623083591461,0.04115750268101692,-0.02653946354985237,0.0,0.1255695361533683,160.40666100764733,-12.201637123136774,27.700000000000003,61.0
4.435703,15,1,-0.21583564579486847,0.9749522805213928,1.4468427896499634,0.0,1.7579735587464449,102.48285436944437,55.387995647788671,24.400000000000002,57.0
4.435703,15,2,-0.8633425831794739,1.5025367736816406,-0.29579371213912964,0.0,1.7579735755516028,119.88124377871961,-9.68657056642201,24.400000000000002,57.0
4.728543,16,0,-0.11562623083591461,0.04110953211784363,-0.026613712310791016,0.0,0.12556953679626989,160.42776131189169,-12.236301107293185,25.8,62.900000000000006
4.728543,16,1,-0.8633425831794739,1.496704339981079,-0.3240163326263428,0.0,1.7579735154597265,119.97759836681576,-10.621046960858601,24.6,57.1
4.728543,16,2,-0.21583564579486847,1.0592036247253418,1.3863526582717896,0.0,1.7579735600185367,101.51756779215363,52.055650751427386,24.6,57.1
4.728543,16,3,0.27750298380851746,0.8001156449317932,-1.2463375329971313,-0.08526057749986649,1.506834495704364,70.871991715024137,-55.804329249678787,17.6,61.800000000000004
5.038859,17,0,-0.11562623083591461,0.041132789105176926,-0.026577750220894814,0.0,0.12556953612917207,160.4175308164096,-12.21951121349351,27.700000000000003,61.0
5.038859,17,1,-0.21583564579486847,1.1641396284103394,1.2994863986968994,0.0,1.7579735495249318,100.50357432462152,47.662942204354778,25.400000000000002,56.6
5.038859,17,2,-0.8633425831794739,1.454913854598999,-0.47784560918807983,0.0,1.7579735966320573,120.68479763794177,-15.772366789339504,25.400000000000002,56.6
5.335238,18,0,-0.11562623083591461,0.04110515117645264,-0.026620475575327873,0.0,0.12556953623556896,160.42968858572223,-12.239458910989793,26.5,62.2
5.335238,18,1,0.27750298380851746,1.0689538717269897,-1.0251243114471436,0.0,1.5068344765841841,75.44712453866245,-42.868378049783175,11.8,65.5
5.335238,18,2,-0.16187672317028046,1.1655877828598022,1.306013822555542,0.0,1.7579735657177884,97.906657831120455,47.979783551843994,18.2,57.0
5.335238,18,3,-0.8093836903572083,1.5605340003967285,0.010132251307368279,0.0,1.7579735456277565,117.41388054248935,0.33023161953056018,18.2,57.0
5.335238,18,4,1.2950139045715332,5.035491943359375,3.048863172531128,0.0,6.0273382823172748,75.577379242026666,30.387067345380615,11.3,70.3
5.63791,19,0,-0.11562623083591461,0.0411425344645977,-0.026562662795186043,0.0,0.1255695363305192,160.41324432524644,-12.212467502346282,27.8,60.900000000000006
5.63791,19,1,-0.2697945535182953,1.1521244049072266,1.300112009048462,0.0,1.757973544045244,103.17955074665585,47.693226076814312,25.6,57.1
5.63791,19,2,-0.9173014760017395,1.4409116506576538,-0.4156953990459442,0.0,1.7579735628455568,122.48131483741714,-13.677867132983627,25.6,57.1
5.63791,19,3,-0.8016752004623413,1.2513833045959473,0.6753513216972351,0.34104230999946594,1.6324039664788894,122.64489240343505,24.438470633161522,20.6,42.400000000000006
5.935601,20,0,-0.11562623083591461,0.041116535663604736,-0.026602890342473984,0.0,0.12556953665945569,160.42468039165468,-12.231248454352819,27.6,61.1
5.935601,20,1,0.48563018441200256,1.1890919208526611,-1.2002893686294556,0.0,1.7579735039795121,67.784687243180286,-43.060383499313019,15.8,57.0
5.935601,20,2,0.13104306161403656,0.8294951319694519,1.9625579118728638,0.0,2.1346821813593175,81.022646100300534,66.833822752118039,12.200000000000001,57.900000000000006
5.935601,20,3,-1.6380383968353271,0.9940450191497803,-0.9410487413406372,0.0,2.1346821831790637,148.74849377007394,-26.157352600505366,12.200000000000001,57.900000000000006
5.935601,20,4,-2.374191999435425,2.0220022201538086,1.6237622499465942,0.0,3.5159471658205756,139.58032171194466,27.505117063975611,11.3,70.9
5.935601,20,5,-1.0791782140731812,2.791121006011963,-1.845779299736023,0.0,3.5159470006337434,111.13883830246887,-31.666464990323096,11.3,70.9
5.935601,20,6,-0.8016752004623413,1.3444910049438477,0.46303728222846985,-0.34104230999946594,1.632403967817029,120.806215877551,16.478385319992547,18.900000000000002,41.5
6.231259,21,0,-0.11562623083591461,0.041124142706394196,-0.02659112773835659,0.0,0.12556953629385467,160.42133412134976,-12.22575676031715,29.8,58.900000000000006
6.231259,21,1,-0.16187672317028046,1.2578816413879395,1.217374563217163,0.0,1.7579735846745088,97.333086801396746,43.82733237707567,22.0,57.0
6.231259,21,2,-0.8093836903572083,1.517162799835205,-0.36549443006515503,0.0,1.7579735771133491,118.07925473763237,-11.999705825085226,22.0,57.0
6.231259,21,3,1.2950139045715332,5.071578025817871,2.9884510040283203,0.0,6.027338059912533,75.675764224515262,29.72357660679215,11.700000000000001,70.0
6.534333,22,0,-0.11562623083591461,0.041168078780174255,-0.026523055508732796,0.0,0.12556953627886888,160.40200975471538,-12.193977404979325,25.3,63.400000000000006
6.534333,22,1,0.3237534761428833,0.9074910879135132,-1.1585309505462646,0.0,1.5068345467670576,70.365803449631358,-50.250803787450074,17.5,65.3
6.534333,22,2,1.2950139045715332,4.853723049163818,3.3306334018707275,0.0,6.0273383270457535,75.0610034446026,33.544726079118256,11.5,70.0
6.834028,23,0,-0.11562623083591461,0.0411178283393383,-0.02660088986158371,0.0,0.12556953613871324,160.42411174532037,-12.230314512340025,27.200000000000003,61.5
6.834028,23,1,0.5010470151901245,1.033347487449646,-1.1601239442825317,0.0,1.6324039657349181,64.132294105831917,-45.2906228838033,17.900000000000002,61.5
6.834028,23,2,1.4800158739089966,4.970121383666992,3.071847915649414,0.0,6.0273379839101571,73.417382089279869,30.640686198874594,11.600000000000001,70.10000000000001
7.129787,24,0,-0.11562623083591461,0.04115096107125282,-0.026549607515335083,0.0,0.12556953656690109,160.40953807075749,-12.2063726633544,25.6,63.1
7.129787,24,1,0.27750298380851746,0.7870619893074036,-1.2546217441558838,0.0,1.5068344971973231,70.578325671781272,-56.368906333786057,15.3,65.3
7.129787,24,2,-0.21583564579486847,1.0877633094787598,1.3640589714050293,0.08526057749986649,1.7579735267956735,101.22294418810293,50.889145421430705,28.1,53.400000000000006
7.129787,24,3,-0.8633425831794739,1.4941635131835938,-0.3355383574962616,0.08526057749986649,1.7579735519658524,120.0197504979843,-11.003359730342611,28.1,53.400000000000006
7.44104,25,0,-0.11562623083591461,0.041136208921670914,-0.0265724565833807,0.0,0.12556953607719995,160.41602658595417,-12.217039818195682,25.0,63.7
7.44104,25,1,0.27750298380851746,0.852149486541748,-1.2113560438156128,0.0,1.5068344694506455,71.9621298764715,-53.504910843904852,16.8,65.5
7.44104,25,2,-0.9250098466873169,1.6407363414764404,-0.008664853870868683,0.0,1.8835429483828054,119.41331536842031,-0.2635784378654677,20.6,55.0
7.44104,25,3,-0.23125246167182922,0.4034142792224884,1.825243353843689,0.0,1.8835429600782772,119.82298075672944,75.707464450860854,20.6,55.0
7.735476,26,0,-0.11562623083591461,0.04110296070575714,-0.026623856276273727,0.0,0.12556953595167464,160.43065223992292,-12.241037392519829,27.900000000000002,60.800000000000004
7.735476,26,1,-0.21583564579486847,1.3607075214385986,1.0919528007507324,0.0,1.7579735219742734,99.013174795791414,38.399644417910245,24.200000000000003,57.1
7.735476,26,2,-0.8633425831794739,1.4367091655731201,-0.5300730466842651,0.0,1.7579735712444475,121.00236233630011,-17.549223444562369,24.200000000000003,57.1
7.735476,26,3,-2.482109785079956,1.7541613578796387,1.7674651145935059,0.0,3.5159470965833428,144.75031413901434,30.178763806003385,12.0,70.10000000000001
7.735476,26,4,-1.0791782140731812,2.7452871799468994,-1.9132843017578125,0.0,3.5159471181267588,111.45989487779102,-32.9681831934663,12.0,70.10000000000001
8.031427,27,0,-0.11562623083591461,0.041121747344732285,-0.02659483253955841,0.0,0.1255695364322548,160.42238780459567,-12.227486433670318,28.3,60.400000000000006
8.031427,27,1,-0.2697945535182953,1.3500802516937256,1.0931446552276611,0.0,1.7579735562215753,101.30089367138426,38.449226691118582,20.6,56.900000000000006
8.031427,27,2,-0.8633425831794739,1.458099126815796,-0.46803590655326843,0.0,1.757973574708998,120.62983601985479,-15.44041087979388,20.6,56.900000000000006
8.031427,27,3,1.2950139045715332,4.910383701324463,3.2465178966522217,0.0,6.0273383479401339,75.225802606561572,32.590568261163632,11.3,70.5
8.333326,28,0,-0.11562623083591461,0.041117049753665924,-0.02660209685564041,0.0,0.12556953689045175,160.42445424364041,-12.230877964407709,24.8,63.900000000000006
8.333326,28,1,0.27750298380851746,0.8555000424385071,-1.2089921236038208,0.0,1.5068344911007958,72.028223591168313,-53.354047350529676,17.1,65.5
8.630757,29,0,-0.11562623083591461,0.041116684675216675,-0.02660265564918518,0.0,0.12556953573056856,160.42461484144027,-12.231138971401959,24.200000000000003,64.5
8.630757,29,1,0.27750298380851746,0.8228005766868591,-1.2314794063568115,0.0,1.50683450428366,71.362478022263858,-54.811695742033365,18.3,65.4
8.630757,29,2,-0.8633425831794739,1.6210635900497437,-0.8144481778144836,0.0,2.009112593475364,118.03877678364869,-23.914758485783128,19.200000000000003,56.300000000000004
8.630757,29,3,-0.12333464622497559,1.6689767837524414,1.1116827726364136,0.0,2.0091126216916431,94.226381901061828,33.595098090643553,19.200000000000003,56.300000000000004
8.921735,30,0,-0.11562623083591461,0.041110407561063766,-0.026612360030412674,0.0,0.12556953680548991,160.42737619041927,-12.235669735202048,23.5,65.2
8.921735,30,1,0.27750298380851746,0.9173828363418579,-1.1627342700958252,0.0,1.5068344823810389,73.169738665695149,-50.501419191527795,20.3,65.3
8.921735,30,2,0.06166732311248779,1.8899933099746704,0.6787163019180298,0.0,2.0091125874321123,88.131197460702907,19.744048223420997,14.100000000000001,56.6
8.921735,30,3,-0.30833661556243896,1.9773370027542114,0.17776401340961456,0.0,2.0091125243303325,98.863056387458741,5.0761038482629894,14.100000000000001,56.6
9.21721,31,0,-0.11562623083591461,0.0411156602203846,-0.026604244485497475,0.0,0.1255695369001672,160.42506550024137,-12.23188066080154,25.400000000000002,63.300000000000004
9.21721,31,1,0.3237534761428833,0.720460832118988,-1.283226490020752,0.0,1.5068345458686445,65.802280033612561,-58.386572055766273,15.8,65.0
9.21721,31,2,-0.21583564579486847,1.3046208620071411,1.1583826541900635,0.0,1.7579735473289579,99.393889883922185,41.21836907530755,26.5,56.2
9.21721,31,3,-0.8633425831794739,1.4520660638809204,-0.48643091320991516,0.0,1.7579736355053417,120.73408695862376,-16.063335427805445,26.5,56.2
9.21721,31,4,-0.5896937847137451,2.00065016746521,-0.4544543921947479,0.0,2.134682329269086,106.42293772631366,-12.291819015093784,12.3,58.900000000000006
9.21721,31,5,0.13104306161403656,1.7953349351882935,1.1473743915557861,0.0,2.134682132754838,85.825334357897219,32.513065428087735,12.3,58.900000000000006
9.536583,32,0,-0.11562623083591461,0.041125889867544174,-0.026588423177599907,0.0,0.12556953580303112,160.42056558036606,-12.224494118356313,26.0,62.7
9.536583,32,1,0.3237534761428833,0.5748217105865479,-1.354737639427185,0.0,1.5068345575931643,60.610737508445148,-64.035039453268112,13.3,65.4
9.536583,32,2,1.2950139045715332,4.871289253234863,3.3048884868621826,0.0,6.0273383771204756,75.112478269286242,33.251587546336474,11.5,70.10000000000001
9.536583,32,3,-0.21583564579486847,1.3464633226394653,1.1094694137573242,0.08526057749986649,1.757973516658319,99.106935223788426,39.131843198282354,23.1,53.2
9.536583,32,4,-0.8633425831794739,1.3891668319702148,-0.6444580554962158,0.08526057749986649,1.7579735743950002,121.86021920691441,-21.505555202088093,23.1,53.2
9.843691,33,0,-0.11562623083591461,0.04114169627428055,-0.026563959196209908,0.0,0.12556953594651557,160.41361299384278,-12.213072768602242,26.700000000000003,62.0
9.843691,33,1,-0.3237534463405609,1.1931113004684448,1.2498561143875122,0.0,1.7579735993452075,105.18176481559775,45.3134112242851,20.200000000000003,56.7
9.843691,33,2,-0.9173014760017395,1.4597547054290771,-0.3437225818634033,0.0,1.7579735524689062,122.14501832860451,-11.275221542796341,20.200000000000003,56.7
9.843691,33,3,1.2950139045715332,4.928757190704346,3.218555212020874,0.0,6.0273382276739813,75.278481734445421,32.275631291806945,11.5,70.3
10.114378,34,0,-0.11562623083591461,0.0411120243370533,-0.026609858497977257,0.0,0.12556953600174306,160.42666494964527,-12.234501868987081,28.1,60.6
10.114378,34,1,-0.21583564579486847,1.469152569770813,0.9409977793693542,0.0,1.7579735834300603,98.357632703357339,32.362504102230531,18.0,56.800000000000004
10.114378,34,2,-0.8093836903572083,1.4999350309371948,-0.4307713806629181,0.0,1.7579735599965813,118.35185384232268,-14.184114902233542,18.0,56.800000000000004
10.114378,34,3,0.0,1.7697396278381348,1.1936873197555542,0.0,2.1346821233349611,90,33.999618787612988,17.0,56.900000000000006
10.114378,34,4,1.2950139045715332,5.04694128036499,3.029872179031372,0.0,6.02733794653611,75.6087376521409,30.178015491719847,11.600000000000001,70.10000000000001
10.114378,34,5,-0.8093836903572083,1.5057859420776367,0.40985092520713806,1.193648099899292,1.7579735613677574,118.25873064154077,13.481905881991164,16.900000000000002,41.0
10.435156,35,0,-0.11562623083591461,0.0411173515021801,-0.026601625606417656,0.0,0.12556953586271655,160.42432150488423,-12.230658047113986,26.1,62.6
10.435156,35,1,-0.16187672317028046,1.1684205532073975,1.3034800291061401,0.0,1.7579735063249309,97.887730151087737,47.856565227866767,25.900000000000002,56.800000000000004
10.435156,35,2,-0.8093836903572083,1.4993282556533813,-0.432878315448761,0.0,1.7579734959329225,118.36154350829304,-14.254954947367876,25.900000000000002,56.800000000000004
10.435156,35,3,0.27750298380851746,0.8578089475631714,-1.20735502243042,-0.08526057749986649,1.5068345120583169,72.07349755679563,-53.249880813990217,19.8,61.5
10.731585,36,0,-0.11562623083591461,0.04112612083554268,-0.026588069275021553,0.0,0.12556953651293459,160.42046398274644,-12.224328820530376,29.1,59.6
10.731585,36,1,1.2950139045715332,4.758134841918945,3.4658186435699463,0.0,6.0273383061707806,74.774690204497645,35.100783832957205,11.600000000000001,70.0
10.731585,36,2,0.23125247657299042,1.171600341796875,-0.9189261198043823,-0.08526057749986649,1.5068345239204051,78.8343870810213,-37.577846242007752,14.9,61.900000000000006
10.731585,36,3,-0.2697945535182953,1.0430048704147339,1.3891805410385132,-0.08526057749986649,1.7579735027630674,104.50283979294382,52.205794765089493,25.1,53.300000000000004
10.731585,36,4,-0.9173014760017395,1.4857144355773926,-0.20416128635406494,-0.08526057749986649,1.75797360981437,121.69177908015247,-6.6690623122776316,25.1,53.300000000000004
11.029943,37,0,-0.11562623083591461,0.041097722947597504,-0.02663194201886654,0.0,0.1255695362119888,160.43295653461144,-12.244812648172866,26.200000000000003,62.5
11.029943,37,1,-2.374191999435425,2.0469675064086914,1.592174768447876,0.0,3.5159471150400208,139.23293024618593,26.926284591826846,12.0,70.4
11.029943,37,2,-1.0791782140731812,2.7093329429626465,-1.9638667106628418,0.0,3.5159469664377059,111.71832141635541,-33.956258218359011,12.0,70.4
11.029943,37,3,-0.21583564579486847,1.2443925142288208,1.222854495048523,-0.08526057749986649,1.7579735127483553,99.839864036354228,44.075417106686395,27.6,53.900000000000006
11.029943,37,4,-0.8633425831794739,1.4618778228759766,-0.45609620213508606,-0.08526057749986649,1.7579735295361136,120.56486505713397,-15.037091110862391,27.6,53.900000000000006
11.327067,38,0,-0.11562623083591461,0.04112497717142105,-0.026589835062623024,0.0,0.12556953584897737,160.42096705608452,-12.225153286194963,23.900000000000002,64.8
11.327067,38,1,0.27750298380851746,1.1745107173919678,-0.9022564888000488,0.0,1.5068344643234763,76.7064491188142,-36.782293644069782,16.3,65.4
11.327067,38,2,-2.570756673812866,2.103649377822876,1.4921504259109497,0.0,3.6415166447943355,140.70654807575417,24.189803521831632,11.600000000000001,70.8
11.327067,38,3,-1.2294923067092896,2.5923659801483154,-2.2424609661102295,0.0,3.6415167021195565,115.37377880941438,-38.010371899121459,11.600000000000001,70.8
11.327067,38,4,-0.21583564579486847,1.1998810768127441,1.2665588855743408,-0.25578173995018005,1.7579735592767924,100.19736186201879,46.092906915075687,34.1,41.2
11.327067,38,5,-0.8633425831794739,1.4689357280731201,-0.43282589316368103,-0.25578173995018005,1.7579735046165095,120.44417602018132,-14.253192060040277,34.1,41.2
11.642412,39,0,-0.11562623083591461,0.04110393300652504,-0.026622356846928596,0.0,0.12556953631359127,160.430224494034,-12.240337270124396,26.8,61.900000000000006
11.642412,39,1,-2.374191999435425,2.0708203315734863,1.5610251426696777,0.0,3.5159470974245606,138.9043767418064,26.358369810637132,11.9,70.5
11.642412,39,2,-1.0791782140731812,2.6648197174072266,-2.0238561630249023,0.0,3.5159470292691259,112.04658481095265,-35.143196944138587,11.9,70.5
11.642412,39,3,0.23125247657299042,1.3157713413238525,-0.6970066428184509,0.08526057749986649,1.5068344934674673,80.031825659545632,-27.55264982115828,19.8,62.1
11.642412,39,4,0.0,1.4565937519073486,1.3837875127792358,-0.08526057749986649,2.0091125500128832,90,43.531684094412526,21.3,48.400000000000006
11.642412,39,5,-0.8016752004623413,1.7929861545562744,-0.4231444001197815,-0.08526057749986649,2.0091126550842193,114.0902465357933,-12.158253413199738,21.3,48.400000000000006
11.934802,40,0,-0.11562623083591461,0.04110497981309891,-0.026620738208293915,0.0,0.12556953581784874,160.42976397322039,-12.239581575653522,32.0,56.7
11.934802,40,1,-2.374191999435425,2.0643293857574463,1.5695990324020386,0.0,3.5159471818561654,138.99346089500531,26.514405939809485,12.4,70.0
11.934802,40,2,-1.0791782140731812,2.6818480491638184,-2.001236915588379,0.0,3.5159470657061447,111.91990134017971,-34.693662291366941,12.4,70.0
11.934802,40,3,-0.10791782289743423,1.6684210300445557,0.5433195233345032,0.08526057749986649,1.7579735761467776,93.7008848695729,18.002598057753772,28.1,52.800000000000004
11.934802,40,4,0.27750298380851746,1.312975525856018,-0.6853010058403015,0.17052115499973297,1.5068344654026355,78.065924563769812,-27.051754557806422,34.9,44.900000000000006
12.298653,41,0,-0.11562623083591461,0.0411330945789814,-0.026577278971672058,0.0,0.12556953645093114,160.41739645045482,-12.219291172209671,28.8,59.900000000000006
12.298653,41,1,-0.05395891144871712,1.5409951210021973,0.8443301916122437,0.0,1.757973549159735,92.005428337501769,28.704086786349485,24.700000000000003,56.900000000000006
12.298653,41,2,-2.374191999435425,2.0200612545013428,1.6261762380599976,0.0,3.5159471383045116,139.6074816915874,27.549477577923469,13.3,68.9
12.298653,41,3,-1.0791782140731812,2.6952357292175293,-1.983169674873352,0.0,3.5159469866763073,111.82127070232814,-34.336343191617871,13.3,68.9
12.298653,41,4,0.4509423077106476,1.0205692052841187,-1.1915671825408936,0.25578173995018005,1.6324039996784205,66.161582787431215,-46.881888422271338,35.7,41.400000000000006
12.828796,42,0,-0.11562623083591461,0.04110458120703697,-0.02662135660648346,0.0,0.12556953643736871,160.42993933136944,-12.239870244634897,32.300000000000004,56.400000000000006
12.828796,42,1,-2.374191999435425,2.041105031967163,1.599683403968811,0.0,3.5159471546992989,139.31418240044641,27.063606547381912,12.600000000000001,69.7
12.828796,42,2,-1.0791782140731812,2.7078802585601807,-1.965869426727295,0.0,3.515947058101307,111.72888735595865,-33.99561244655915,12.600000000000001,69.7
12.828796,42,3,-0.10791782289743423,1.3730195760726929,1.0925391912460327,0.08526057749986649,1.7579735200469586,94.494145589611421,38.424035049108532,19.200000000000003,52.6
12.828796,42,4,-0.7554247379302979,1.2797125577926636,-0.9392232894897461,0.08526057749986649,1.7579735927394473,120.55369932355572,-32.294061045626407,19.200000000000003,52.6
12.828796,42,5,2.185335874557495,1.3998347520828247,-0.4672570824623108,-0.25578173995018005,2.6369602573565545,32.641925229998243,-10.206439008092353,13.100000000000001,44.300000000000004
13.14,43,0,-0.11562623083591461,0.04109833389520645,-0.026631003245711327,0.0,0.125569537070721,160.43268775146697,-12.244374241585986,33.4,55.300000000000004
13.14,43,1,-0.8787593245506287,1.980392336845398,-0.9989848732948303,0.0,2.3858211448875504,113.92829333002562,-24.753639276660675,12.600000000000001,58.0
13.14,43,2,-2.374191999435425,2.0134451389312744,1.6343607902526855,0.0,3.5159471228083823,139.70022599532302,27.700013565232481,13.100000000000001,69.3
13.14,43,3,-1.0791782140731812,2.6941423416137695,-1.9846547842025757,0.0,3.5159469829712275,111.82929431238007,-34.365656955564077,13.100000000000001,69.3
13.14,43,4,-0.7515705227851868,1.4361616373062134,-0.19319525361061096,0.17052115499973297,1.6324040263388628,117.62391236865871,-6.7968943287009456,33.0,43.6
13.14,43,5,-0.10020940005779266,0.8071016073226929,1.4153754711151123,0.17052115499973297,1.6324039489774407,97.077599987056885,60.117592999013873,33.0,43.6
13.431001,44,0,-0.11562623083591461,0.041107095777988434,-0.026617474853992462,0.0,0.12556953670466356,160.42883310644487,-12.238057831986939,32.5,56.2
13.431001,44,1,0.6475068926811218,1.286072850227356,1.0085744857788086,0.0,1.7579735622373465,63.275839566106526,35.009640055072744,21.700000000000003,56.800000000000004
13.431001,44,2,-2.374191999435425,2.0414879322052,1.5991946458816528,0.0,3.5159471189054008,139.30886945906278,27.054663046012582,12.0,70.3
13.431001,44,3,-1.0791782140731812,2.6619608402252197,-2.0276150703430176,0.0,3.5159470994463011,112.06799015098198,-35.218140601036076,12.0,70.3
13.734698,45,0,-0.11562623083591461,0.04111946374177933,-0.026598362252116203,0.0,0.12556953623481498,160.423392339715,-12.229134405871561,33.6,55.1
13.734698,45,1,0.5395891070365906,1.1758806705474854,1.1902180910110474,0.0,1.7579735094618834,65.350516719109521,42.612755966046187,17.5,56.6
13.734698,45,2,-2.570756673812866,2.073173761367798,1.5342116355895996,0.0,3.64151680808366,141.11573455803145,24.917393600638757,11.8,70.5
13.734698,45,3,-1.2294923067092896,2.6988892555236816,-2.1130523681640625,0.0,3.6415168345680149,114.49187136103913,-35.469330352801016,11.8,70.5
13.734698,45,4,-0.8633425831794739,1.4832500219345093,0.38089337944984436,0.25578173995018005,1.7579734952519768,120.20203291917285,12.513296055714632,28.5,41.6
13.734698,45,5,-0.9327183365821838,1.98695969581604,1.677378535270691,-0.25578173995018005,2.7625298331024148,115.14629284361453,37.386546822253273,19.400000000000002,46.900000000000006
14.033879,46,0,-0.11562623083591461,0.04111132025718689,-0.026610948145389557,0.0,0.12556953640037782,160.42697468275898,-12.23501057668429,33.300000000000004,55.400000000000006
14.033879,46,1,-0.8633425831794739,1.528578281402588,0.09251566231250763,0.0,1.757973585148485,119.45780586395007,3.0166589844188128,16.1,57.1
14.033879,46,2,-0.9250098466873169,1.614256739616394,0.29371124505996704,0.25578173995018005,1.8835430266760884,119.81379725728503,8.971056865118495,27.3,40.1
14.033879,46,3,-0.9173015356063843,1.888163447380066,-0.3876403272151947,-0.25578173995018005,2.1346822561054628,115.91126054234815,-10.462478674040197,22.0,40.1
14.322335,47,0,-0.11562623083591461,0.0411268025636673,-0.02658701315522194,0.0,0.12556953617397423,160.42016410664877,-12.223835780567349,34.0,54.7
14.322335,47,1,-0.8787593245506287,2.0320634841918945,-0.8891809582710266,0.0,2.3858211858441027,113.38591393725902,-21.881852163498888,13.200000000000001,57.400000000000006
14.322335,47,2,-2.374191999435425,1.992590308189392,1.6597230434417725,0.0,3.5159471508265163,139.99424125515455,28.167822190105333,12.700000000000001,69.60000000000001
14.322335,47,3,-1.0791782140731812,2.755051851272583,-1.8991966247558594,0.0,3.5159471185463977,111.39071866467452,-32.694969594791921,12.700000000000001,69.60000000000001
14.322335,47,4,-0.9828230142593384,1.5282893180847168,0.49610987305641174,0.08526057749986649,1.8835430240038875,122.74454460412028,15.271417867028315,23.8,49.5
14.624064,48,0,-0.11562623083591461,0.041128095239400864,-0.026585012674331665,0.0,0.125569536011868,160.41959549219595,-12.222901829254837,33.2,55.5
14.624064,48,1,-0.8787593245506287,2.0582473278045654,-0.8267664909362793,0.0,2.385821209444329,113.11983845280218,-20.275422076466111,11.3,59.2
14.624064,48,2,-2.374191999435425,2.0016722679138184,1.6487585306167603,0.0,3.5159471285273853,139.86588914242904,27.965332357864906,12.700000000000001,69.5
14.624064,48,3,-1.0791782140731812,2.760612964630127,-1.891103982925415,0.0,3.5159470747510531,111.35151152694368,-32.538400865735085,12.700000000000001,69.5
14.624064,48,4,1.2950139045715332,4.8503031730651855,3.335611343383789,0.0,6.0273381287090926,75.050941590134045,33.601522010862311,11.4,70.2
14.624064,48,5,3.515037775039673,4.225122928619385,-2.474196195602417,0.0,6.02733781500876,50.241663349591896,-24.235977078319497,11.4,70.2
14.919383,49,0,-0.11562623083591461,0.04113328456878662,-0.02657698467373848,0.0,0.12556953639750815,160.41731288149848,-12.219153780351006,32.7,56.0
14.919383,49,1,-0.8787593245506287,1.996068000793457,-0.9672834873199463,0.0,2.38582119177404,113.76126287944686,-23.918075998044738,11.200000000000001,59.6
14.919383,49,2,-2.482109785079956,1.8047541379928589,1.7157732248306274,0.0,3.5159471331118879,143.97891710738185,29.209044349774054,12.0,70.4
14.919383,49,3,-1.0791782140731812,2.7362725734710693,-1.9261542558670044,0.0,3.5159470177257708,111.52413684640132,-33.21852214970113,12.0,70.4
14.919383,49,4,-0.8517799377441406,1.9111230373382568,-0.42302218079566956,0.34104230999946594,2.1346821992122247,114.02234285143392,-11.429752641873655,17.1,39.800000000000004
14.919383,49,5,-0.06552153080701828,1.2556771039962769,1.7250652313232422,0.34104230999946594,2.1346822041746831,92.986998430330189,53.912010067329511,17.1,39.800000000000004
14.919383,49,6,0.5395891070365906,0.46674656867980957,1.606692910194397,-0.08526057749986649,1.7579735127344387,40.859926366953736,66.056489781248573,21.6,52.7
15.236734,50,0,-0.11562623083591461,0.041134804487228394,-0.026574632152915,0.0,0.12556953639950041,160.41664433296972,-12.218055475220373,32.2,56.5
15.236734,50,1,0.48563018441200256,0.8481126427650452,1.4612799882888794,0.0,1.7579735308028652,60.204502620793093,56.225276326796035,18.2,56.900000000000006
15.236734,50,2,0.5896937847137451,1.4711447954177856,-1.429986834526062,-0.6820846199989319,2.1346822048569023,68.157108967446064,-42.058017799780892,22.700000000000003,41.0
15.529842,51,0,-0.11562623083591461,0.04112199321389198,-0.02659445069730282,0.0,0.12556953607899832,160.42227964984858,-12.227308194652389,32.2,56.5
15.529842,51,1,0.5395891070365906,0.7724350094795227,1.484135627746582,0.0,1.757973495206602,55.063544566730819,57.589631544032223,20.1,56.800000000000004
15.529842,51,2,-2.374191999435425,1.99053156375885,1.6621915102005005,0.0,3.5159471231925621,140.02340406377596,28.213462269437326,12.100000000000001,70.10000000000001
15.529842,51,3,-1.0791782140731812,2.860515832901001,-1.7362912893295288,0.0,3.5159470828510893,110.66983579214288,-29.592837563761485,12.100000000000001,70.10000000000001
15.529842,51,4,0.6166732311248779,1.367351770401001,-1.3366363048553467,0.34104230999946594,2.0091125775979064,65.724709470990675,-41.7043403494054,17.0,40.5
15.820723,52,0,-0.11562623083591461,0.041134025901556015,-0.026575837284326553,0.0,0.12556953639937155,160.4169867995374,-12.218618105932093,32.6,56.1
15.820723,52,1,0.5935479998588562,1.2973482608795166,1.0271607637405396,0.0,1.7579735415277453,65.415497359941071,35.752622819359431,13.9,57.2
15.820723,52,2,1.2950137853622437,1.0482412576675415,-0.5608925819396973,0.0,1.7579735285349596,38.988234679146835,-18.605865317191608,13.9,57.2
15.820723,52,3,-0.8055294156074524,2.111745595932007,-0.7640652060508728,0.0,2.3858211878606226,110.87944817023941,-18.678195851772816,12.600000000000001,59.1
15.820723,52,4,-2.482109785079956,1.7948694229125977,1.726110816001892,0.0,3.5159470672373589,144.1284618739441,29.402229708895067,11.3,70.8
15.820723,52,5,-1.0791782140731812,2.7602477073669434,-1.891636848449707,0.0,3.51594695497065,111.35408247090638,-32.5487031075541,11.3,70.8
16.13293,53,0,-0.11562623083591461,0.04111655429005623,-0.026602860540151596,0.0,0.12556953644465726,160.42467219787497,-12.231234561332661,34.0,54.7
16.13293,53,1,-0.8787593245506287,2.0485329627990723,-0.8505512475967407,0.0,2.3858211741342634,113.21788389640548,-20.885558150671148,13.100000000000001,57.7
16.13293,53,2,-2.482109785079956,1.7726272344589233,1.7489447593688965,0.0,3.5159471083705287,144.46703525871354,29.830250379339692,12.100000000000001,70.10000000000001
16.13293,53,3,-1.0791782140731812,2.726461172103882,-1.9400173425674438,0.0,3.515947017544875,111.59447471543834,-33.488981730855521,12.100000000000001,70.10000000000001
16.13293,53,4,0.5395891070365906,1.4366830587387085,0.8574709296226501,0.08526057749986649,1.7579735523742352,69.414836876033036,29.193524229718037,16.6,52.7
16.435791,54,0,-0.11562623083591461,0.04113602265715599,-0.02657274901866913,0.0,0.12556953694180545,160.416108514994,-12.217176259220938,34.1,54.6
16.435791,54,1,-0.8055294156074524,1.4911574125289917,-1.679200530052185,0.0,2.3858211350553042,118.37810147154434,-44.734694559710277,13.5,57.7
16.435791,54,2,-2.374191999435425,2.0322186946868896,1.6109575033187866,0.0,3.5159471768951769,139.43772320798558,27.270110259153011,12.100000000000001,70.2
16.435791,54,3,-1.0791782140731812,2.771120548248291,-1.8756728172302246,0.0,3.51594698878559,111.27780346812014,-32.240606414124727,12.100000000000001,70.2
16.435791,54,4,0.5935479998588562,1.149779200553894,1.1900334358215332,0.08526057749986649,1.7579735539922106,62.695958879389877,42.604577571985217,21.200000000000003,52.900000000000006
16.73508,55,0,-0.11562623083591461,0.0411403514444828,-0.026566045358777046,0.0,0.12556953667311338,160.41420450565107,-12.214046630392161,35.2,53.5
16.73508,55,1,-1.0984491109848022,1.2508138418197632,0.8812538981437683,0.0,1.8835429778225941,131.28919932969026,27.896144429955676,20.6,53.300000000000004
16.73508,55,2,-0.8055294156074524,2.011918783187866,-0.9977211356163025,0.0,2.3858210943003484,111.82011186206191,-24.720224816742356,15.0,56.5
17.03651,56,0,-0.11562623083591461,0.04114304482936859,-0.02656186930835247,0.0,0.12556953570156115,160.41301984786136,-12.212097123662328,33.6,55.1
17.03651,56,1,0.43167129158973694,0.34411948919296265,-1.6690454483032227,0.0,1.7579735593366821,38.561133097160535,-71.697982477149779,18.400000000000002,56.7
17.03651,56,2,-0.8055294156074524,1.9334161281585693,-1.1424388885498047,0.0,2.38582107000996,112.61833378549466,-28.610005178794118,12.700000000000001,58.800000000000004
17.347636,57,0,-0.11562623083591461,0.04111744835972786,-0.026601480320096016,0.0,0.12556953679995619,160.42427889742862,-12.230590122522184,34.2,54.5
17.347636,57,1,-0.8517799377441406,1.8214727640151978,0.7166420221328735,0.0,2.134682149707368,115.06232053370903,19.615942919868694,17.8,51.900000000000006
17.347636,57,2,-0.8787593245506287,1.9941586256027222,-0.9712136387825012,0.0,2.3858211388759973,113.78149046128834,-24.02136740530813,13.100000000000001,57.7
17.347636,57,3,-2.374191999435425,1.9853992462158203,1.668318510055542,0.0,3.5159471651393557,140.0962135656336,28.326829325326994,12.200000000000001,70.2
17.347636,57,4,-1.0791782140731812,2.733579397201538,-1.9299745559692383,0.0,3.5159470595023987,111.54340071476342,-33.292969434668265,12.200000000000001,70.2
17.347636,57,5,0.48563018441200256,0.5620808601379395,1.593329668045044,-0.08526057749986649,1.7579735494079458,49.173432653057446,65.0049785653641,19.900000000000002,53.2
17.635576,58,0,-0.11562623083591461,0.04111619293689728,-0.026603419333696365,0.0,0.12556953650941324,160.42483115735018,-12.231495447547632,33.6,55.1
17.635576,58,1,0.5395891070365906,0.7313375473022461,1.504812240600586,0.0,1.7579735185684584,53.57967449449545,58.869561366535251,17.2,56.800000000000004
17.635576,58,2,-0.9866771697998047,1.7218570709228516,0.31338444352149963,0.0,2.0091125950360409,119.81403819005867,8.9737258260401944,20.200000000000003,51.6
17.635576,58,3,-0.18500198423862457,0.8969096541404724,-1.788256287574768,0.0,2.009112543366673,101.65472098317323,-62.88238759918827,20.200000000000003,51.6
17.635576,58,4,-0.8787593245506287,1.7864294052124023,-1.3147603273391724,0.0,2.3858211770032605,116.19295254475222,-33.440618844059991,12.3,58.6
17.635576,58,5,-2.374191999435425,2.030128002166748,1.6135914325714111,0.0,3.5159471933794157,139.46685516752686,27.318410130935021,11.600000000000001,70.7
17.635576,58,6,-1.0791782140731812,2.7978224754333496,-1.8356053829193115,0.0,3.5159470052281119,111.09266245814891,-31.471873097864503,11.600000000000001,70.7
17.93998,59,0,-0.11562623083591461,0.04111432656645775,-0.026606302708387375,0.0,0.12556953631412313,160.42565217983937,-12.232841676880204,33.0,55.7
17.93998,59,1,-0.9866771697998047,1.6835882663726807,0.47805044054985046,0.0,2.0091126179937815,120.37269519188244,13.765053458005953,23.400000000000002,51.6
17.93998,59,2,-0.8787593245506287,1.7671812772750854,-1.3405205011367798,0.0,2.3858212068812454,116.43960099830765,-34.185194625934315,11.700000000000001,59.800000000000004
18.230947,60,0,-0.11562623083591461,0.04111453890800476,-0.02660597860813141,0.0,0.12556953716819377,160.42555876967327,-12.232690273868878,33.1,55.6
18.230947,60,1,-2.374191999435425,2.019742012023926,1.626572608947754,0.0,3.5159470840012279,139.61195095872219,27.556763600091042,11.5,70.8
18.230947,60,2,-1.0791782140731812,2.7121338844299316,-1.9599969387054443,0.0,3.5159470736258083,111.69797665854659,-33.8802639302177,11.5,70.8
18.513605,61,0,-0.11562623083591461,0.0411166287958622,-0.026602743193507195,0.0,0.12556953598017564,160.42463942276441,-12.231179819858257,33.2,55.5
18.513605,61,1,0.48563018441200256,0.3722801208496094,1.648041844367981,0.0,1.757973573515726,37.473478132448527,69.630398009910635,18.5,56.6
18.513605,61,2,-1.0483444929122925,1.6793056726455688,0.3426949083805084,0.0,2.0091126195982749,121.97540284106634,9.8209781686049435,22.700000000000003,51.7
18.835394,62,0,-0.11562623083591461,0.041125889867544174,-0.026588423177599907,0.0,0.12556953580303112,160.42056558036606,-12.224494118356313,34.7,54.0
18.835394,62,1,-0.9866771697998047,1.6610996723175049,0.5511345863342285,0.0,2.0091125630564544,120.70990294632759,15.921341333244214,22.700000000000003,51.5
18.835394,62,2,-0.18500198423862457,0.6356756091117859,-1.8968985080718994,0.0,2.00911253147186,106.2266895426559,-70.760159858997682,22.700000000000003,51.5
18.835394,62,3,-0.8787593245506287,1.9736607074737549,-1.0122193098068237,0.0,2.3858211311530213,114.00070168855937,-25.104120204462827,13.200000000000001,57.0
18.835394,62,4,-2.374191999435425,1.9881744384765625,1.6650102138519287,0.0,3.5159471355846663,140.05682412692033,28.265601444680176,11.4,70.8
18.835394,62,5,-1.0791782140731812,2.8342974185943604,-1.7787680625915527,0.0,3.5159469983599783,110.84467510998665,-30.392068201937029,11.4,70.8
19.129363,63,0,-0.11562623083591461,0.04109733924269676,-0.026632532477378845,0.0,0.12556953586084546,160.43312534399578,-12.245088373660716,33.4,55.300000000000004
19.129363,63,1,-0.8787593245506287,2.003805637359619,-0.9511507749557495,0.0,2.3858211960450411,113.67962255845285,-23.494940608311204,11.600000000000001,59.1
19.429197,64,0,-0.11562623083591461,0.041100483387708664,-0.0266276802867651,0.0,0.12556953591328474,160.43174210082105,-12.242822842893897,33.0,55.7
19.429197,64,1,-2.374191999435425,1.955059289932251,1.7037721872329712,0.0,3.5159471189598688,140.52980726468428,28.985229546489624,11.8,70.4
19.429197,64,2,-1.0791782140731812,2.7833921909332275,-1.8574137687683105,0.0,3.5159470437832754,111.19233307241075,-31.889492666600983,11.8,70.4
19.429197,64,3,0.48563018441200256,0.6988584399223328,1.5382559299468994,-0.08526057749986649,1.7579735780379389,55.204924995328994,61.046931325624193,23.3,52.400000000000006
19.742543,65,0,-0.11562623083591461,0.0410885363817215,-0.026646116748452187,0.0,0.12556953697885648,160.43699822337396,-12.25143096823227,33.300000000000004,55.400000000000006
19.742543,65,1,-1.2950137853622437,1.118303656578064,1.0530288219451904,0.0,2.0091126082032811,139.18788985807905,31.609446957209563,20.0,51.2
19.742543,65,2,-0.8787593245506287,2.0081169605255127,-0.9420142769813538,0.0,2.3858211533288918,113.63436247228313,-23.25590815434381,12.100000000000001,58.5
19.742543,65,3,0.49333858489990234,1.7603626251220703,-0.8332310914993286,1.278908610343933,2.0091126357471518,74.344563579023514,-24.502057712939738,21.400000000000002,39.800000000000004
19.742543,65,4,0.49333858489990234,1.7363768815994263,-0.8821256756782532,1.4494298696517944,2.009112575739548,74.139116310006415,-26.044070255143772,18.5,40.900000000000006
19.742543,65,5,0.48563018441200256,0.6756318211555481,1.548598051071167,-0.08526057749986649,1.7579735372159089,54.292200740916336,61.7510634733922,20.700000000000003,52.800000000000004
20.030827,66,0,-0.11562623083591461,0.04107038676738739,-0.02667408064007759,0.0,0.12556953653070621,160.44498385859475,-12.264488264268993,32.300000000000004,56.400000000000006
20.030827,66,1,0.4509423077106476,0.5172814130783081,1.481152892112732,0.0,1.6324040293424926,48.919568935258376,65.140928661352476,12.0,61.2
20.030827,66,2,-1.1138660907745361,1.7472862005233765,0.5129927396774292,0.0,2.1346822446627787,122.5168376719194,13.905037981859717,17.900000000000002,53.1
20.030827,66,3,-2.482109785079956,1.844680905342102,1.6727724075317383,0.0,3.5159471206380437,143.38061185031822,28.409315780930886,11.700000000000001,70.3
20.030827,66,4,-1.0791782140731812,2.7666473388671875,-1.8822647333145142,0.0,3.5159470476204033,111.30912250759472,-32.367698538185572,11.700000000000001,70.3
20.030827,66,5,1.2950139045715332,4.92496395111084,3.2243568897247314,0.0,6.0273384080446526,75.26763614833547,32.340882984560288,11.3,70.3
20.030827,66,6,3.7000396251678467,4.080410957336426,-2.4471943378448486,0.0,6.027338296109094,47.798852584182825,-23.95479554927595,11.3,70.3
20.030827,66,7,0.5896937847137451,1.7096662521362305,-1.1340945959091187,-0.34104230999946594,2.1346821791296784,70.969790620875017,-32.09136702526834,23.5,41.6
20.331712,67,0,-0.11562623083591461,0.04110244661569595,-0.0266246497631073,0.0,0.12556953591586009,160.43087840533349,-12.241407877410937,31.900000000000002,56.800000000000004
20.331712,67,1,-1.1100119352340698,1.5648454427719116,0.5963770151138306,0.0,2.0091125653586928,125.34971144034067,17.267666996541745,26.1,51.800000000000004
20.331712,67,2,1.2950139045715332,4.846292495727539,3.3414359092712402,0.0,6.027338210433026,75.039124610875064,33.668023072660972,11.200000000000001,70.3
20.331712,67,3,3.515037775039673,4.2242655754089355,-2.4756598472595215,0.0,6.0273378776101376,50.235946527525805,-24.251236000705919,11.200000000000001,70.3
20.626818,68,0,-0.11562623083591461,0.041108388453722,-0.026615476235747337,0.0,0.1255695362491952,160.42826443080108,-12.237124729136429,32.300000000000004,56.400000000000006
20.626818,68,1,-0.9866771697998047,1.6544235944747925,0.570862889289856,0.0,2.009112666260259,120.81131228478877,16.507259240336868,24.6,52.1
20.626818,68,2,-0.8055294156074524,1.847314476966858,-1.2769862413406372,0.0,2.3858210906925748,113.55981570109523,-32.360170910924623,11.4,59.5
20.934177,69,0,-0.11562623083591461,0.04112279415130615,-0.026593215763568878,0.0,0.12556953683429209,160.42192732857333,-12.226731556756549,32.1,56.6
21.227776,70,0,-0.11562623083591461,0.041053663939237595,-0.026699809357523918,0.0,0.12556953611399618,160.45234242318838,-12.276502453049487,32.800000000000004,55.900000000000006
21.227776,70,1,0.5395891070365906,0.7425696849822998,1.4993014335632324,0.0,1.7579735294287058,53.99592725295792,58.523873253370041,15.5,56.6
21.227776,70,2,-0.9250098466873169,1.6427406072616577,0.6944735050201416,0.0,2.009112582308382,119.38340098756562,20.222200742015755,20.3,51.6
21.227776,70,3,-0.24666929244995117,1.5418715476989746,-1.2642467021942139,0.0,2.0091125736131206,99.089184324578525,-38.995273440893243,20.3,51.6
21.227776,70,4,1.2950139045715332,4.856568336486816,3.3264825344085693,0.0,6.027337975568086,75.06936467960152,33.497398448045978,11.4,70.2
21.227776,70,5,3.515037775039673,4.198813438415527,-2.5185863971710205,0.0,6.0273379107686988,50.06560565495537,-24.699585043233697,11.4,70.2
21.532552,71,0,-0.11562623083591461,0.041101761162281036,-0.026625709608197212,0.0,0.12556953627413558,160.43117996020155,-12.241902687553695,33.0,55.7
21.532552,71,1,-0.9866771697998047,1.6501754522323608,0.5830289125442505,0.0,2.0091126333326761,120.87615632011192,16.86946600783952,20.5,51.900000000000006
21.532552,71,2,-0.8055294156074524,1.8322125673294067,-1.298561453819275,0.0,2.385821112454563,113.73261703674153,-32.975667983281596,13.0,58.1
21.838316,72,0,-0.11562623083591461,0.041091565042734146,-0.026641441509127617,0.0,0.125569536037471,160.43566572208354,-12.249248103072432,33.5,55.2
21.838316,72,1,-0.8787593245506287,2.0135936737060547,-0.9302500486373901,0.0,2.3858211555486695,113.5771028422096,-22.948756590390904,12.200000000000001,58.2
21.838316,72,2,-2.374191999435425,1.9975537061691284,1.6537460088729858,0.0,3.5159471442381682,139.92403537317801,28.057392489843867,12.5,69.7
21.838316,72,3,-1.0791782140731812,2.7414815425872803,-1.9187332391738892,0.0,3.5159470856637816,111.48697087293769,-33.074085706060337,12.5,69.7
21.838316,72,4,0.5395891070365906,0.9668774008750916,1.3654532432556152,0.08526057749986649,1.7579735129611014,60.83525112051845,50.961237912736813,18.7,52.800000000000004
22.128043,73,0,-0.11562623083591461,0.041099913418293,-0.026628561317920685,0.0,0.12556953618682221,160.4319928528576,-12.243234174671381,34.5,54.2
22.128043,73,1,-0.9866771697998047,1.7066676616668701,0.38766899704933167,0.0,2.0091126389669767,120.03353024017142,11.12530449086875,20.8,51.6
22.128043,73,2,-0.8055294156074524,1.7580112218856812,-1.3973766565322876,0.0,2.3858211617609197,114.61748488134192,-35.852492824314766,14.200000000000001,57.0
22.128043,73,3,1.2950139045715332,4.8268208503723145,3.369502067565918,0.0,6.02733811213155,74.981493328329208,33.989192202123277,11.3,70.4
22.128043,73,4,3.7000396251678467,4.1307244300842285,-2.361276388168335,0.0,6.02733802987921,48.148043445606888,-23.064122704994283,11.3,70.4
22.434802,74,0,-0.11562623083591461,0.04107090085744858,-0.02667328715324402,0.0,0.12556953612290681,160.44475765361088,-12.264117790961496,34.9,53.800000000000004
22.434802,74,1,-0.8787593245506287,1.960678219795227,-1.0371428728103638,0.0,2.3858211103696338,114.14151732904587,-25.766910910061927,14.0,56.400000000000006
22.434802,74,2,-1.8500198125839233,1.427539587020874,1.9030919075012207,0.0,3.0136690906370953,142.34497397885281,39.159892919637876,11.600000000000001,66.2
22.434802,74,3,-2.374191999435425,2.0227959156036377,1.622773289680481,0.0,3.5159471150838359,139.56922182509047,27.486949182912291,12.3,69.9
22.434802,74,4,-1.0791782140731812,2.7908294200897217,-1.8462202548980713,0.0,3.5159470558249897,111.1408518278304,-31.67490758416201,12.3,69.9
22.745058,75,0,-0.11562623083591461,0.04112294316291809,-0.026592981070280075,0.0,0.12556953593091391,160.42186178059913,-12.226622073120886,33.5,55.2
22.745058,75,1,-1.0483444929122925,1.648550271987915,0.46881693601608276,0.0,2.0091126137144397,122.45305717205164,13.4941024715501,22.0,51.900000000000006
22.745058,75,2,-0.8787593245506287,2.023082971572876,-0.9094284176826477,0.0,2.3858211809022025,113.47850824348471,-22.406822313192038,12.0,58.300000000000004
22.745058,75,3,-2.374191999435425,2.009187936782837,1.6395913362503052,0.0,3.5159470367745751,139.76003816432083,27.796326852168619,11.3,70.8
22.745058,75,4,-1.0791782140731812,2.7573227882385254,-1.8958978652954102,0.0,3.5159469978799951,111.37469146567965,-32.631116344972256,11.3,70.8
23.03314,76,0,-0.11562623083591461,0.041104771196842194,-0.02662106230854988,0.0,0.12556953623749931,160.42985574940033,-12.239732856584524,35.2,53.5
23.03314,76,1,-1.0483444929122925,1.5685584545135498,0.6907470226287842,0.0,2.0091125529238023,123.75674813944198,20.108989536140914,24.6,51.300000000000004
23.03314,76,2,-0.30833661556243896,1.097141146659851,-1.65461266040802,0.0,2.0091125454222563,105.69729677395439,-55.442161114928908,24.6,51.300000000000004
23.03314,76,3,-0.8055294156074524,1.8462064266204834,-1.278587818145752,0.0,2.3858211621608132,113.57241369853465,-32.405714680931929,15.4,56.300000000000004
23.32907,77,0,-0.11562623083591461,0.0411127470433712,-0.026608742773532867,0.0,0.12556953618915886,160.42634702377217,-12.23398092917463,32.7,56.0
23.32907,77,1,-1.0483444929122925,1.602826714515686,0.6070038676261902,0.0,2.0091125772086125,123.18708519237298,17.585302193798046,24.700000000000003,51.7
23.32907,77,2,0.40083760023117065,0.7326101064682007,-1.4026241302490234,0.08526057749986649,1.6324039943026547,61.315329064726953,-59.2311732105008,13.9,57.1
23.629187,78,0,-0.11562623083591461,0.0411234013736248,-0.026592275127768517,0.0,0.12556953649005556,160.42166022091266,-12.226292429611178,33.300000000000004,55.400000000000006
23.629187,78,1,-1.1100119352340698,1.5155301094055176,0.7124431729316711,0.0,2.00911256119057,126.21997460272884,20.769292992659118,26.5,51.800000000000004
23.914598,79,0,-0.11562623083591461,0.04115695506334305,-0.02654031664133072,0.0,0.12556953696987316,160.40690185124134,-12.202035294199355,34.300000000000004,54.400000000000006
23.914598,79,1,-0.9866771697998047,1.6098735332489014,0.6865192651748657,0.0,2.0091125732311994,121.50376191377356,19.980648005366689,23.200000000000003,51.5
23.914598,79,2,-0.8787593245506287,2.1144895553588867,-0.6699692606925964,0.0,2.385821208825063,112.56724980649273,-16.308724303291672,13.0,57.1
23.914598,79,3,1.2950139045715332,4.836792469024658,3.355172634124756,0.0,6.02733820240966,75.011060958100373,33.825065378858014,11.3,70.3
23.914598,79,4,3.515037775039673,4.181737422943115,-2.5468380451202393,0.0,6.0273379250271564,49.950640395209888,-24.99554205401374,11.3,70.3
24.234066,80,0,-0.11562623083591461,0.0411180779337883,-0.026600508019328117,0.0,0.12556953697921977,160.42400194951642,-12.230136153354868,34.0,54.7
24.234066,80,1,0.5935479998588562,0.6558597087860107,1.5192168951034546,0.0,1.7579735948281763,47.855146683261708,59.789933702435576,12.700000000000001,57.1
24.234066,80,2,-0.8787593245506287,1.9365078210830688,-1.081601619720459,0.0,2.3858211490768735,114.4078619130416,-26.958540326659445,13.0,57.900000000000006
24.234066,80,3,-2.374191999435425,2.020765542984009,1.6253010034561157,0.0,3.5159471528636623,139.59762403186664,27.53339177176473,12.600000000000001,69.60000000000001
24.234066,80,4,-1.0791782140731812,2.721587896347046,-1.9468481540679932,0.0,3.5159471028829303,111.62957414103006,-33.622556122371357,12.600000000000001,69.60000000000001
24.534799,81,0,-0.11562623083591461,0.041106563061475754,-0.026618298143148422,0.0,0.12556953683152947,160.42906746097586,-12.238442211239843,33.5,55.2
24.534799,81,1,0.5395891070365906,0.36755838990211487,1.6322424411773682,0.0,1.7579735382538142,34.261986795505784,68.19902822230172,16.8,56.5
24.534799,81,2,-1.5069953203201294,1.3713880777359009,-0.6364964842796326,0.0,2.1346821612884836,137.69734109907444,-17.34767450481981,17.400000000000002,52.2
24.534799,81,3,-0.8055294156074524,1.7610721588134766,-1.393517017364502,0.0,2.3858211302696812,114.57976046697564,-35.7382184012266,12.3,58.7
24.534799,81,4,-2.374191999435425,1.995579719543457,1.6561275720596313,0.0,3.5159471842125916,139.95193954950696,28.101379509447085,11.8,70.60000000000001
24.534799,81,5,-1.0791782140731812,2.73553204536438,-1.927206039428711,0.0,3.5159471422869979,111.5294304563506,-33.239011024697895,11.8,70.60000000000001
24.812874,82,0,-0.11562623083591461,0.041138358414173126,-0.026569131761789322,0.0,0.12556953672331719,160.4150811308661,-12.215487531909817,33.0,55.7
24.812874,82,1,-1.0483444929122925,1.5915110111236572,0.6360814571380615,0.0,2.00911251413709,123.37330275969686,18.457324210523346,22.6,51.800000000000004
24.812874,82,2,-2.374191999435425,2.049194574356079,1.5893075466156006,0.0,3.5159471741598836,139.20211571665808,26.873890812268151,11.5,70.8
24.812874,82,3,-1.0791782140731812,2.7402617931365967,-1.920474648475647,0.0,3.515946983117356,111.49566281243914,-33.107958620434424,11.5,70.8
25.126505,83,0,-0.11562623083591461,0.04117497429251671,-0.026512352749705315,0.0,0.12556953696511916,160.39897732846705,-12.18898112677509,32.0,56.7
25.126505,83,1,0.5395891070365906,0.3986896276473999,1.624918818473816,0.0,1.7579735465178392,36.459818452715986,67.565074965353233,20.0,56.900000000000006
25.126505,83,2,-2.374191999435425,2.0237534046173096,1.6215789318084717,0.0,3.5159470594661171,139.55583614849695,27.465011952446055,11.5,71.0
25.126505,83,3,-1.0791782140731812,2.7222235202789307,-1.9459593296051025,0.0,3.5159471305136449,111.62498994535413,-33.605163316403754,11.5,71.0
25.419854,84,0,-0.11562623083591461,0.04112473130226135,-0.026590216904878616,0.0,0.12556953618235556,160.42107520906919,-12.225331525731937,33.6,55.1
25.419854,84,1,0.7207368612289429,1.553142786026001,-1.274815320968628,0.0,2.13468223384538,65.106313765644074,-36.669058697588156,20.700000000000003,52.300000000000004
25.419854,84,2,-0.8055294156074524,1.205981969833374,-1.8944319486618042,0.0,2.3858211498523163,123.74073743875562,-52.564458654349437,13.5,57.6
25.736097,85,0,-0.11562623083591461,0.04113007336854935,-0.026581954210996628,0.0,0.12556953644215615,160.41872537237575,-12.221473884009781,32.4,56.300000000000004
25.736097,85,1,0.5395891070365906,0.7797209620475769,1.4803208112716675,0.0,1.7579735172558635,55.315662574302991,57.35839269765988,19.0,57.2
25.736097,85,2,-1.1100119352340698,1.4236910343170166,0.8817657828330994,0.0,2.0091126283342131,127.94254219935465,26.03264670293898,24.6,52.2
25.736097,85,3,0.6783405542373657,1.071698546409607,1.5581557750701904,0.0,2.0091125158348166,57.667892926699452,50.854407473446265,24.6,52.2
25.736097,85,4,1.2950139045715332,4.843344211578369,3.345707654953003,0.0,6.0273380423927136,75.030426196615451,33.716829194157292,11.5,70.3
25.736097,85,5,3.7000396251678467,4.087752819061279,-2.434910535812378,0.0,6.0273381898617382,47.850102155203906,-23.827083706587182,11.5,70.3
25.736097,85,6,0.6166732311248779,1.381401538848877,-1.322110891342163,-0.5115634799003601,2.0091125639260761,65.943476574894447,-41.151867927435624,22.700000000000003,40.5
26.037361,86,0,-0.11562623083591461,0.0411478690803051,-0.026554401963949203,0.0,0.12556953711323909,160.4108979940099,-12.208610866121118,33.5,55.2
26.037361,86,1,-1.0984491109848022,1.4502159357070923,0.4878704845905304,0.0,1.8835430229587797,127.14168292193287,15.011768273931823,21.700000000000003,53.2
26.037361,86,2,-0.8787593245506287,1.7376062870025635,-1.3786402940750122,0.0,2.3858211625272228,116.82708464464208,-35.299274518558782,12.100000000000001,58.7
26.037361,86,3,-2.374191999435425,1.9973093271255493,1.6540411710739136,0.0,3.51594715461047,139.92748866355871,28.0628430548936,11.4,70.9
26.037361,86,4,-1.0791782140731812,2.738374948501587,-1.9231643676757812,0.0,3.5159471215319829,111.50912167906661,-33.160300050112582,11.4,70.9
26.398133,87,0,-0.11562623083591461,0.04112132638692856,-0.026595480740070343,0.0,0.12556953586334535,160.42257297896955,-12.227789121099111,34.4,54.300000000000004
26.398133,87,1,-0.9250098466873169,1.618119716644287,0.7500525116920471,0.0,2.009112591209619,119.75475690280797,21.920842402334529,21.400000000000002,51.5
26.398133,87,2,-0.8787593245506287,2.050035238265991,-0.8469237685203552,0.0,2.3858210952000776,113.20267036610529,-20.79234697356307,13.0,57.7
26.927315,88,0,-0.11562623083591461,0.04110707715153694,-0.02661750465631485,0.0,0.12556953692433354,160.42884130064772,-12.238071724872025,34.6,54.1
26.927315,88,1,-1.1100119352340698,1.3403470516204834,1.0039305686950684,0.0,2.0091125657638527,129.62994434844842,29.979397559727413,23.1,52.0
26.927315,88,2,-0.8055294156074524,2.023698329925537,-0.973606526851654,0.0,2.3858210827889907,111.70493804717789,-24.084297685741603,14.200000000000001,56.7
27.230057,89,0,-0.11562623083591461,0.04112745076417923,-0.026586011052131653,0.0,0.12556953630297543,160.41987897959137,-12.223367914120008,34.4,54.300000000000004
27.230057,89,1,0.48563018441200256,1.099948763847351,1.2824769020080566,0.0,1.7579735388467979,66.178419308959263,46.846171232955754,13.8,56.400000000000006
27.230057,89,2,-1.310430645942688,1.6668505668640137,-0.24748536944389343,0.0,2.1346822475884872,128.17342516674242,-6.657583908956167,19.200000000000003,51.6
27.230057,89,3,-0.8787593245506287,1.9541468620300293,-1.0493974685668945,0.0,2.3858212330141364,114.21294911929031,-26.09415047544578,12.8,57.7
27.230057,89,4,-2.374191999435425,2.0142834186553955,1.6333274841308594,0.0,3.5159471001809015,139.68846092717686,27.68099705961334,12.3,70.10000000000001
27.230057,89,5,-1.0791782140731812,2.696776866912842,-1.9810734987258911,0.0,3.5159469983207181,111.80997088878075,-34.294985265782934,12.3,70.10000000000001
27.533038,90,0,-0.11562623083591461,0.04113871604204178,-0.026568574830889702,0.0,0.12556953604856769,160.41492382919029,-12.215227591320872,33.0,55.7
27.533038,90,1,-1.0984491109848022,1.3759104013442993,0.6693388223648071,0.0,1.8835430287294845,128.60188887241469,20.815606264588425,19.400000000000002,53.900000000000006
27.533038,90,2,0.6359442472457886,1.4242792129516602,1.0558115243911743,0.0,1.8835430276711038,65.93911815057605,34.093529490559007,19.400000000000002,53.900000000000006
27.533038,90,3,-0.8787593245506287,1.909804344177246,-1.128083348274231,0.0,2.3858211634941453,114.70860357823052,-28.218033435722454,11.9,59.0
27.533038,90,4,-2.374191999435425,2.0119740962982178,1.636171579360962,0.0,3.5159472196645321,139.72088165756296,27.733346026023785,12.3,70.2
27.533038,90,5,-1.0791782140731812,2.68900728225708,-1.9916067123413086,0.0,3.515946967518814,111.86705212575397,-34.503013977096089,12.3,70.2
27.895765,91,0,-0.11562623083591461,0.041163571178913116,-0.026530055329203606,0.0,0.12556953725045045,160.40399211565952,-12.197244982647224,33.0,55.7
27.895765,91,1,-1.1100119352340698,1.572686791419983,0.5753806829452515,0.0,2.0091125330790982,125.21467696076226,16.641683960463148,26.0,52.0
27.895765,91,2,-0.8787593245506287,1.774343729019165,-1.33102548122406,0.0,2.3858211271723735,116.34731814128327,-33.90999468124572,12.5,59.0
27.895765,91,3,1.2950139045715332,4.826017379760742,3.370652914047241,0.0,6.027338204361981,74.979105932252239,34.002386894522544,11.5,70.4
27.895765,91,4,3.7000396251678467,4.091846466064453,-2.4280247688293457,0.0,6.0273381361680025,47.87863378312106,-23.755548953383713,11.5,70.4
28.435509,92,0,-0.11562623083591461,0.04116072505712509,-0.026534466072916985,0.0,0.12556953625112757,160.40524381334217,-12.199304136182311,32.800000000000004,55.900000000000006
28.435509,92,1,-1.0406360626220703,1.428808331489563,0.6506284475326538,0.0,1.8835429487278239,126.06676702888946,20.207923812770936,24.5,53.7
28.720465,93,0,-0.11562623083591461,0.04116281121969223,-0.02653123065829277,0.0,0.12556953645320096,160.40432633669573,-12.197793735259198,34.800000000000004,53.900000000000006
28.720465,93,1,-1.1100119352340698,1.5989576578140259,0.49773645401000977,0.0,2.0091126562476926,124.76875690133195,14.34378439719611,22.6,51.5
28.720465,93,2,0.6783405542373657,1.3775688409805298,-1.2956433296203613,0.0,2.0091126042990304,63.783506195385165,-40.15693236154334,22.6,51.5
28.720465,93,3,-1.8307485580444336,0.4731994569301605,1.4548486471176147,0.0,2.3858211573461925,165.50775372449363,37.574282682242128,14.200000000000001,56.800000000000004
28.720465,93,4,-0.8055294156074524,1.8121732473373413,-1.326383352279663,0.0,2.3858210986950983,113.965632934824,-33.775772144743542,14.200000000000001,56.800000000000004
28.720465,93,5,-2.374191999435425,2.032442331314087,1.6106750965118408,0.0,3.5159470625741864,139.43460852876686,27.264933795120282,11.4,70.9
28.720465,93,6,-1.0791782140731812,2.7368152141571045,-1.92538321018219,0.0,3.5159470474146013,111.52025939384266,-33.203503839609688,11.4,70.9
29.03046,94,0,-0.11562623083591461,0.04115424305200577,-0.026544520631432533,0.0,0.12556953672788765,160.40809461109163,-12.203997889958806,32.9,55.800000000000004
29.03046,94,1,-1.1100119352340698,1.536288857460022,0.6665008664131165,0.0,2.009112578938109,125.84917067601451,19.374355771368887,23.5,52.400000000000006
29.03046,94,2,-0.8517799377441406,1.8844479322433472,-0.5293343663215637,0.596824049949646,2.1346821644096554,114.32320754155731,-14.357342951661554,19.900000000000002,39.900000000000006
29.03046,94,3,-0.06552153080701828,1.4865427017211914,1.5306096076965332,0.596824049949646,2.1346821885734584,92.523761295936822,45.80898273581731,19.900000000000002,39.900000000000006
29.333314,95,0,-0.11562623083591461,0.04115094244480133,-0.02654963731765747,0.0,0.12556953676395685,160.40954626299745,-12.206386556862965,33.9,54.800000000000004
29.333314,95,1,-1.1100119352340698,1.4662281274795532,0.8090624809265137,0.0,2.0091126190976074,127.12764024546111,23.746853974611277,19.3,52.1
29.333314,95,2,-0.9519892930984497,2.032775640487671,-0.808506190776825,0.0,2.3858211750377687,115.09462810297147,-19.808629616859825,13.8,57.300000000000004
29.333314,95,3,-2.374191999435425,2.023766279220581,1.6215629577636719,0.0,3.515947102714255,139.55565619812364,27.464718207979463,11.9,70.5
29.333314,95,4,-1.0791782140731812,2.711728096008301,-1.9605580568313599,0.0,3.5159469248862876,111.70092187270502,-33.891280384116648,11.9,70.5
29.333314,95,5,1.2950139045715332,4.811038494110107,3.391998767852783,0.0,6.0273383882073235,74.934462191691608,34.247504738087343,11.3,70.5
29.333314,95,6,3.7000396251678467,4.115225791931152,-2.3881850242614746,0.0,6.0273380738510411,48.040981018942645,-23.342427116659177,11.3,70.5
29.64514,96,0,-0.11562623083591461,0.04115600511431694,-0.026541786268353462,0.0,0.12556953624428518,160.40731964285882,-12.20272143823045,33.4,55.300000000000004
29.64514,96,1,-1.0483444929122925,1.5413719415664673,0.749453067779541,0.0,2.0091126247356264,124.22107963721965,21.902416019872071,22.5,52.1
29.936147,97,0,-0.11562623083591461,0.04115261137485504,-0.02654705010354519,0.0,0.12556953670970597,160.40881224160592,-12.205178746174528,32.800000000000004,55.900000000000006
29.936147,97,1,-0.9866771697998047,1.564761757850647,0.7839146852493286,0.0,2.0091125976374626,122.23391718340315,22.965673101380109,23.900000000000002,51.800000000000004
29.936147,97,2,-2.374191999435425,2.04817271232605,1.5906240940093994,0.0,3.5159471153792188,139.21625102498052,26.897945801377457,11.700000000000001,70.8
29.936147,97,3,-1.0791782140731812,2.627960205078125,-2.071492910385132,0.0,3.5159470040062186,112.32562322481202,-36.098179669015096,11.700000000000001,70.8
29.936147,97,4,1.2950139045715332,4.820531845092773,3.3784937858581543,0.0,6.02733842949517,74.9627866292626,34.092341341956349,11.8,70.10000000000001
29.936147,97,5,3.7000396251678467,4.130311489105225,-2.3619983196258545,0.0,6.0273379104511964,48.145196684106338,-23.071582274994487,11.8,70.10000000000001
30.225563,98,0,-0.11562623083591461,0.04109476879239082,-0.026636501774191856,0.0,0.125569536537278,160.43425621209576,-12.246941616706664,32.1,56.6
30.225563,98,1,-1.0483444929122925,1.6013152599334717,0.6109799146652222,0.0,2.0091125388189819,123.21185199218185,17.704289135323023,20.6,52.300000000000004
30.225563,98,2,1.2950139045715332,4.803771018981934,3.402282476425171,0.0,6.0273379750296172,74.912708357672642,34.365852365707461,11.5,70.3
30.225563,98,3,3.515037775039673,4.239486217498779,-2.4495036602020264,0.0,6.0273378974188168,50.337234029971711,-23.978820915030603,11.5,70.3
30.225563,98,4,0.5395891070365906,0.45777687430381775,1.60927152633667,-0.08526057749986649,1.757973525556592,40.310623697755396,66.2644230678145,22.1,53.2
30.541089,99,0,-0.11562623083591461,0.04113680124282837,-0.026571543887257576,0.0,0.12556953698395415,160.41576605216153,-12.216613627426197,32.800000000000004,55.900000000000006
30.541089,99,1,0.48563018441200256,0.9290898442268372,-1.4111790657043457,0.0,1.7579735407962414,62.404177328912624,-53.391647430890409,13.600000000000001,56.900000000000006
30.541089,99,2,-0.9173015356063843,1.8882439136505127,0.3872480094432831,0.0,2.1346822258785547,115.9103008551635,10.451771001657594,15.700000000000001,52.900000000000006
30.541089,99,3,-1.7035598754882812,0.5894011855125427,-1.143397569656372,0.0,2.1346821798931424,160.91529699941435,-32.386575154027696,15.700000000000001,52.900000000000006
30.541089,99,4,-0.8787593245506287,1.9792689085006714,-1.0012089014053345,0.0,2.3858211640639357,113.94034881978224,-24.812467364762988,11.700000000000001,59.0
30.541089,99,5,-2.374191999435425,1.987393856048584,1.665941834449768,0.0,3.5159471248886405,140.067898671826,28.282839901865934,12.8,69.5
30.541089,99,6,-1.0791782140731812,2.689767837524414,-1.990579605102539,0.0,3.5159470703867433,111.86145196957398,-34.482704916992624,12.8,69.5
30.836662,100,0,-0.11562623083591461,0.0411578044295311,-0.026538994163274765,0.0,0.12556953585156741,160.40652829821983,-12.201418027819814,32.0,56.7
30.836662,100,1,-2.374191999435425,2.0242183208465576,1.6209986209869385,0.0,3.5159470971383504,139.54933855135846,27.454354188374307,12.3,70.10000000000001
30.836662,100,2,-1.0791782140731812,2.6901626586914062,-1.9900459051132202,0.0,3.5159470207051888,111.85854587932779,-34.472155137755529,12.3,70.10000000000001
30.836662,100,3,1.2950139045715332,4.887928009033203,3.280229330062866,0.0,6.0273381929612659,75.160916619097819,32.971732362152515,11.4,70.2
30.836662,100,4,3.7000396251678467,4.07382869720459,-2.4581358432769775,0.0,6.0273381609117376,47.752819260175393,-24.068659390533377,11.4,70.2
31.133571,101,0,-0.11562623083591461,0.04107454791665077,-0.026667671278119087,0.0,0.1255695362549184,160.44315292777407,-12.261495494685928,32.7,56.0
31.133571,101,1,0.5935479998588562,0.5721548199653625,1.5526785850524902,0.0,1.7579735932677283,43.948615963969658,62.033343366969646,13.9,56.7
31.133571,101,2,-0.8055294156074524,1.9047558307647705,-1.189609169960022,0.0,2.3858211147305757,112.92371052448763,-29.9084937796616,11.4,59.2
31.133571,101,3,-2.374191999435425,2.049187421798706,1.5893166065216064,0.0,3.5159471007975309,139.20221463630617,26.874056933231412,12.200000000000001,70.0
31.133571,101,4,-1.0791782140731812,2.675489664077759,-2.0097293853759766,0.0,3.5159469226313416,111.96704275431988,-34.862154662211005,12.200000000000001,70.0
31.133571,101,5,-2.705653667449951,1.0429534912109375,-1.5002189874649048,0.25578173995018005,3.2648079213584187,158.91975001557694,-27.355633498452843,13.600000000000001,42.900000000000006
31.424996,102,0,-0.11562623083591461,0.04108372703194618,-0.026653526350855827,0.0,0.1255695359197104,160.43911420856304,-12.254890794893477,32.300000000000004,56.400000000000006
31.424996,102,1,-1.0483444929122925,1.592391014099121,0.63387531042099,0.0,2.0091125470626241,123.35875468715822,18.391010039244012,23.6,52.1
31.424996,102,2,-2.8097174167633057,0.9521162509918213,-1.6412256956100464,0.34104230999946594,3.390377427572993,161.28025421668215,-28.952441795280951,17.8,42.1
31.722431,103,0,-0.11562623083591461,0.04115310311317444,-0.026546286419034004,0.0,0.1255695364163027,160.40859596872258,-12.204822257409653,32.4,56.300000000000004
31.722431,103,1,0.43167129158973694,0.5643234252929688,-1.6080018281936646,0.0,1.7579735242008931,52.586325417403735,-66.1618239233956,17.0,56.6
31.722431,103,2,-1.0483444929122925,1.5480725765228271,0.7355124354362488,0.0,2.0091125953223523,124.10559702938573,21.474568409964515,21.200000000000003,52.0
32.028357,104,0,-0.11562623083591461,0.04112336039543152,-0.026592334732413292,0.0,0.12556953569259333,160.42167824655513,-12.226320336471691,31.6,57.1
32.028357,104,1,0.5395891070365906,0.44100311398506165,1.6139488220214844,0.0,1.7579735353757757,39.258934123517818,66.646038389887764,20.0,56.800000000000004
32.028357,104,2,-2.374191999435425,1.9972350597381592,1.6541308164596558,0.0,3.5159471401020745,139.92853819631668,28.064498685054208,11.700000000000001,70.5
32.028357,104,3,-1.0791782140731812,2.726104974746704,-1.940517783164978,0.0,3.5159469873489888,111.59703652706345,-33.498761080503193,11.700000000000001,70.5
32.347763,105,0,-0.11562623083591461,0.04112569987773895,-0.026588717475533485,0.0,0.12556953589445097,160.42064915269762,-12.224631509230928,31.900000000000002,56.800000000000004
32.347763,105,1,-2.374191999435425,1.9687858819961548,1.6878918409347534,0.0,3.5159471506302067,140.33296342581806,28.689808449359603,12.100000000000001,70.10000000000001
32.347763,105,2,-1.0791782140731812,2.770746946334839,-1.8762248754501343,0.0,3.5159471044957269,111.28041587026031,-32.25124212466217,12.100000000000001,70.10000000000001
32.629044,106,0,-0.11562623083591461,0.041104789823293686,-0.026621034368872643,0.0,0.12556953641152802,160.42984755509431,-12.239719794314613,31.3,57.300000000000004
32.924649,107,0,-0.11562623083591461,0.04113902151584625,-0.026568103581666946,0.0,0.12556953641917953,160.41478946758556,-12.215007548784287,31.3,57.300000000000004
32.924649,107,1,0.48563018441200256,0.4563758373260498,1.6267622709274292,0.0,1.7579735683508029,43.221229963888021,67.7230336382676,18.900000000000002,57.0
32.924649,107,2,-2.374191999435425,1.9765892028808594,1.6787470579147339,0.0,3.5159471286675723,140.22155875528662,28.520067090858483,11.8,70.3
32.924649,107,3,-1.0791782140731812,2.7636005878448486,-1.8867350816726685,0.0,3.5159469699187649,111.33050461585565,-32.453989793613516,11.8,70.3
33.230509,108,0,-0.11562623083591461,0.04112843796610832,-0.026584483683109283,0.0,0.12556953627193873,160.4194447362996,-12.222654833221707,31.700000000000003,56.900000000000006
33.230509,108,1,0.48563018441200256,0.6090652346611023,1.57596755027771,0.0,1.7579735082227905,51.433352045509324,63.697657618670959,19.400000000000002,56.900000000000006
33.230509,108,2,-2.374191999435425,1.966613531112671,1.6904224157333374,0.0,3.5159471518429228,140.36404124368246,28.736828457658049,11.600000000000001,70.60000000000001
33.230509,108,3,-1.0791782140731812,2.757568836212158,-1.8955399990081787,0.0,3.5159470121175866,111.37295634987734,-32.624191673556957,11.600000000000001,70.60000000000001
33.530813,109,0,-0.11562623083591461,0.04113150015473366,-0.02657974883913994,0.0,0.12556953695323889,160.41809777766309,-12.220444217814912,31.6,57.1
33.530813,109,1,0.48563018441200256,0.6986547112464905,1.5383484363555908,0.0,1.7579735473540674,55.1970964068186,61.053161812476446,18.8,57.1
33.530813,109,2,-1.0483444929122925,1.670822024345398,0.3819172978401184,0.0,2.0091125491735604,122.10590104209086,10.958184491070988,24.400000000000002,52.400000000000006
33.832044,110,0,-0.11562623083591461,0.04114314168691635,-0.02656172402203083,0.0,0.12556953670461804,160.41297724638449,-12.212029197475191,31.400000000000002,57.300000000000004
33.832044,110,1,0.5395891070365906,0.7209911942481995,1.5097967386245728,0.0,1.7579735204426108,53.188854101618396,59.185235227562842,20.200000000000003,57.0
33.832044,110,2,-1.0483444929122925,1.627580165863037,0.5371126532554626,0.0,2.0091125838084349,122.7860852835328,15.505938740812997,26.1,52.400000000000006
34.138808,111,0,-0.11562623083591461,0.0411309115588665,-0.026580659672617912,0.0,0.12556953695707826,160.41835668037228,-12.220869455183916,31.200000000000003,57.400000000000006
34.138808,111,1,0.48563018441200256,0.6870033740997314,1.5435869693756104,0.0,1.75797356182129,54.7442047256096,61.407906458556994,19.6,57.1
34.138808,111,2,-2.374191999435425,1.951790452003479,1.7075159549713135,0.0,3.5159471490903731,140.57684842359538,29.054996989878617,11.5,70.8
34.138808,111,3,-1.0791782140731812,2.805100917816162,-1.8244634866714478,0.0,3.5159470688650294,111.0427286824776,-31.259229502107864,11.5,70.8
34.443507,112,0,-0.11562623083591461,0.04114881530404091,-0.02655293047428131,0.0,0.12556953601498375,160.41048182228587,-12.207924017287601,31.5,57.2
34.443507,112,1,0.5395891070365906,0.6440133452415466,1.544202446937561,0.0,1.7579734896777321,50.04190961561914,61.449854622042579,19.400000000000002,56.800000000000004
34.443507,112,2,-0.9866771697998047,1.703926682472229,0.39954379200935364,0.0,2.0091125449755629,120.07345075528137,11.470642481024846,23.700000000000003,52.300000000000004
34.74264,113,0,-0.11562623083591461,0.04114722087979317,-0.02655540034174919,0.0,0.12556953583875857,160.41118308926738,-12.209077080415351,31.900000000000002,56.800000000000004
34.74264,113,1,0.48563018441200256,0.8225298523902893,1.4758316278457642,0.0,1.7579735572058828,59.441955546364426,57.088127835690052,19.0,56.7
34.74264,113,2,-1.0483444929122925,1.6780037879943848,0.8013395667076111,0.0,2.1346821752931224,121.99536722113801,22.048454736170925,20.5,53.2
35.027624,114,0,-0.11562623083591461,0.04114127904176712,-0.02656460367143154,0.0,0.12556953558380707,160.41379650950671,-12.213373679944462,31.700000000000003,57.0
35.027624,114,1,-1.0483444929122925,1.6527388095855713,0.45382991433143616,0.0,2.0091125751614669,122.38725945312405,13.054969299435447,26.8,52.2
35.325063,115,0,-0.11562623083591461,0.04116406291723251,-0.02652928978204727,0.0,0.12556953670980045,160.40377585572875,-12.196887659395156,31.700000000000003,57.0
35.325063,115,1,0.5395891070365906,0.8795111179351807,1.4232971668243408,0.0,1.7579735595549586,58.470456583158274,54.059188222870645,19.200000000000003,56.800000000000004
35.325063,115,2,-1.1793875694274902,1.7625529766082764,0.24355722963809967,0.0,2.1346822148459861,123.78790348789397,6.5514466930181756,16.6,53.400000000000006
35.325063,115,3,-2.374191999435425,1.9688384532928467,1.6878305673599243,0.0,3.5159471738725361,140.33221168306335,28.688669994085394,12.0,70.2
35.325063,115,4,-1.0791782140731812,2.829080104827881,-1.7870546579360962,0.0,3.5159471281170047,110.8798048012286,-30.548743553697989,12.0,70.2
35.628548,116,0,-0.11562623083591461,0.04112950339913368,-0.026582835242152214,0.0,0.12556953626055553,160.41897608390221,-12.221885227589112,32.300000000000004,56.400000000000006
35.628548,116,1,-1.2333464622497559,1.3794606924057007,0.782609760761261,0.0,2.0091125741170406,131.79922107761874,22.925262120693677,23.0,52.2
35.628548,116,2,-0.8055294156074524,1.6192700862884521,-1.5560299158096313,0.0,2.3858211061712113,116.44871549011064,-40.707595869368127,11.5,59.300000000000004
35.925647,117,0,-0.11562623083591461,0.04113150015473366,-0.02657974883913994,0.0,0.12556953695323889,160.41809777766309,-12.220444217814912,31.1,57.6
35.925647,117,1,0.5395891070365906,0.8882835507392883,1.4178388118743896,0.0,1.7579735400181438,58.723352319508493,53.757195535176088,21.1,56.7
35.925647,117,2,-0.9866771697998047,1.6387425661087036,0.6144301891326904,0.0,2.0091126132445449,121.05189633628318,17.807604798336456,24.200000000000003,52.1
36.230772,118,0,-0.11562623083591461,0.041139040142297745,-0.026568075641989708,0.0,0.12556953661007228,160.41478127481204,-12.214994486104363,32.1,56.6
36.230772,118,1,-1.0483444929122925,1.607938528060913,0.5933302044868469,0.0,2.0091125447317855,123.10356459493006,17.176699729605815,24.0,52.5
36.547341,119,0,-0.11562623083591461,0.041160840541124344,-0.02653428725898266,0.0,0.12556953632037623,160.40519302418289,-12.1992206538385,33.9,54.800000000000004
36.547341,119,1,0.7400079369544983,0.5274863839149475,1.7918369770050049,0.0,2.0091125862265047,35.481719533275616,63.1072707850815,16.2,51.800000000000004
36.547341,119,2,-1.1100119352340698,1.5884369611740112,-0.5303535461425781,0.0,2.0091125801935092,124.94614528167787,-15.305998459917515,16.2,51.800000000000004
36.547341,119,3,-0.8787593245506287,1.7713537216186523,-1.3350021839141846,0.0,2.38582119795943,116.38576934164821,-34.025144618123186,13.4,57.300000000000004
36.547341,119,4,-2.374191999435425,1.962870478630066,1.6947672367095947,0.0,3.5159471202913277,140.41765522227473,28.817608248850391,12.5,69.8
36.547341,119,5,-1.0791782140731812,2.811641216278076,-1.8143681287765503,0.0,3.5159470493060558,110.99805109600608,-31.066972825277098,12.5,69.8
36.547341,119,6,0.48563018441200256,0.940270721912384,1.4037539958953857,0.08526057749986649,1.7579735457309744,62.684591391440485,52.98775685786692,17.0,52.400000000000006
36.831175,120,0,-0.11562623083591461,0.04114101454615593,-0.02656501531600952,0.0,0.12556953601071816,160.413912845546,-12.213565815676031,33.6,55.1
36.831175,120,1,-1.1100119352340698,1.4825384616851807,0.7787725329399109,0.0,2.0091126013241745,126.82307420176365,22.806499160726496,23.900000000000002,51.7
36.831175,120,2,-0.8787593245506287,1.9312022924423218,-1.0910464525222778,0.0,2.3858211597646215,114.46706595949959,-27.213300022834023,12.9,57.7
37.126806,121,0,-0.11562623083591461,0.04115670919418335,-0.02654069848358631,0.0,0.12556953709005791,160.40700998533433,-12.202213539265868,32.9,55.800000000000004
37.126806,121,1,0.7014658451080322,1.096325159072876,1.1817309856414795,0.0,1.7579736370874495,57.387514702430757,42.238018925636844,16.8,57.0
37.126806,121,2,-0.8787593245506287,1.842894434928894,-1.2343682050704956,0.0,2.3858211824161346,115.49350988274001,-31.156447263453376,11.200000000000001,59.2
37.426485,122,0,-0.11562623083591461,0.04114048555493355,-0.02656583860516548,0.0,0.1255695368702601,160.41414551812886,-12.213950086988712,32.9,55.800000000000004
37.426485,122,1,0.6475068926811218,1.1295894384384155,1.1812000274658203,0.0,1.7579735437106077,60.177663899009481,42.214652263002364,18.900000000000002,56.7
37.426485,122,2,-0.8055294156074524,1.8536250591278076,-1.2678086757659912,0.0,2.3858211034323107,113.48830887214385,-32.099623820442552,11.3,59.5
37.426485,122,3,-2.482109785079956,1.7436211109161377,1.7778639793395996,0.0,3.5159470833127351,144.91290183350159,30.374988898246038,12.3,70.10000000000001
37.426485,122,4,-1.0791782140731812,2.732473611831665,-1.9315398931503296,0.0,3.5159471008417849,111.55131973800077,-33.32349169592429,12.3,70.10000000000001
37.724446,123,0,-0.11562623083591461,0.0411548875272274,-0.026543522253632545,0.0,0.12556953690417128,160.40781116518542,-12.203531793032315,33.2,55.5
37.724446,123,1,-1.1100119352340698,1.4964900016784668,0.751614511013031,0.0,2.0091125390706863,126.56594081296524,21.968867706883181,26.1,51.7
37.724446,123,2,-0.8055294156074524,1.7627195119857788,-1.3914326429367065,0.0,2.3858211410694841,114.559502569804,-35.676572897202263,11.3,59.300000000000004
37.724446,123,3,1.2950139045715332,4.895239353179932,3.269308567047119,0.0,6.0273383714972208,75.182103919352244,32.848075033953634,11.4,70.10000000000001
37.724446,123,4,3.515037775039673,4.193486213684082,-2.527446746826172,0.0,6.0273380726782291,50.02979881268638,-24.792326992556639,11.4,70.10000000000001
38.029419,124,0,-0.11562623083591461,0.041134387254714966,-0.026575280353426933,0.0,0.12556953690288225,160.41682785554255,-12.218358045865138,33.1,55.5
38.029419,124,1,-0.8055294156074524,1.325993299484253,-1.8124587535858154,0.0,2.3858211590846174,121.27831729686746,-49.435926655681989,12.600000000000001,58.800000000000004
38.029419,124,2,0.6475068926811218,1.1473462581634521,1.1639597415924072,-0.08526057749986649,1.7579735186398855,60.561713031789417,41.460466160790475,19.3,52.800000000000004
38.326051,125,0,-0.11562623083591461,0.04112277179956436,-0.026593245565891266,0.0,0.12556953582588037,160.42193716077409,-12.226745570493565,33.5,55.2
38.326051,125,1,0.6937574148178101,0.8592990040779114,1.5257916450500488,0.0,1.8835430106924862,51.084232483658418,54.102250210020408,19.900000000000002,53.2
38.326051,125,2,-0.9828230142593384,1.4616237878799438,0.6674197316169739,0.0,1.8835430106068722,123.91762001126432,20.753165876327127,19.900000000000002,53.2
38.326051,125,3,-0.8055294156074524,1.402304768562317,-1.7540826797485352,0.0,2.3858211061886636,119.8744591299676,-47.325075207072082,12.9,58.300000000000004
38.624802,126,0,-0.11562623083591461,0.04110751301050186,-0.02661682851612568,0.0,0.12556953628761092,160.42864955651888,-12.237756099993376,33.300000000000004,55.400000000000006
38.624802,126,1,-0.9866771697998047,1.6440733671188354,0.6000204682350159,0.0,2.0091126489509206,120.96973059646645,17.376506421311451,22.900000000000002,52.300000000000004
38.92632,127,0,-0.11562623083591461,0.0411250926554203,-0.026589658111333847,0.0,0.12556953620092232,160.4209162570055,-12.225070637358256,33.1,55.6
38.92632,127,1,-0.9866771697998047,1.6229023933410645,0.6551254391670227,0.0,2.0091125794141282,121.29837733442744,19.030838579134063,24.3,51.900000000000006
38.92632,127,2,-0.8055294156074524,1.7107815742492676,-1.4548165798187256,0.0,2.3858211406379861,115.21361811106513,-37.57331134003153,12.0,59.2
39.232537,128,0,-0.11562623083591461,0.04110949486494064,-0.026613770052790642,0.0,0.12556953683833355,160.42777770008027,-12.236328062539737,33.1,55.6
39.232537,128,1,0.8093836307525635,0.8372111320495605,1.4804425239562988,0.0,1.883543046520574,45.968208236872393,51.812163098003161,17.8,53.2
39.232537,128,2,-1.0406360626220703,1.3221451044082642,0.8466069102287292,0.0,1.8835430317323099,128.20563202196209,26.710053364077023,17.8,53.2
39.232537,128,3,-0.8055294156074524,1.6337202787399292,-1.540851354598999,0.0,2.3858211344408295,116.24626859051102,-40.228453309388236,12.3,58.7
39.232537,128,4,-2.374191999435425,2.0345520973205566,1.6080094575881958,0.0,3.5159471416088923,139.40523921351686,27.216075272369125,12.0,70.3
39.232537,128,5,-1.0791782140731812,2.738790988922119,-1.9225716590881348,0.0,3.5159470250645248,111.50615268237132,-33.148764073060477,12.0,70.3
39.528585,129,0,-0.11562623083591461,0.0411357544362545,-0.02657316066324711,0.0,0.12556953618611,160.4162264929578,-12.217368514536764,33.4,55.300000000000004
39.528585,129,1,-0.9866771697998047,1.5657594203948975,0.7819200754165649,0.0,2.0091125912449419,122.21744307711982,22.903908416306908,20.5,52.5
39.528585,129,2,0.7400079369544983,1.1055623292922974,1.5055409669876099,0.0,2.0091125936551815,56.203633773327134,48.534640187639212,20.5,52.5
39.528585,129,3,-0.8055294156074524,1.8937888145446777,-1.2069915533065796,0.0,2.3858211004299652,113.04263789520782,-30.391244307726161,12.9,57.7
39.528585,129,4,-2.374191999435425,2.0327367782592773,1.6103036403656006,0.0,3.5159471375499649,139.43050808720963,27.25812354781802,11.600000000000001,70.8
39.528585,129,5,-1.0791782140731812,2.736539840698242,-1.9257746934890747,0.0,3.5159471110273945,111.52222691545052,-33.211127930124078,11.600000000000001,70.8
39.528585,129,6,1.2950139045715332,4.890356063842773,3.2766079902648926,0.0,6.0273379999851615,75.167959363792292,32.930709827690748,11.200000000000001,70.4
39.528585,129,7,3.7000396251678467,4.040371417999268,-2.512749433517456,0.0,6.0273380640909737,47.51756971008389,-24.638525688577236,11.200000000000001,70.4
39.823296,130,0,-0.11562623083591461,0.04114875942468643,-0.026553019881248474,0.0,0.12556953660950138,160.41050639929642,-12.207965697721635,32.9,55.800000000000004
39.823296,130,1,0.7515705227851868,1.3319391012191772,1.0994609594345093,0.0,1.8835430500513655,60.565356407181994,35.712585673546634,21.1,53.400000000000006
39.823296,130,2,-0.8055294156074524,1.732607364654541,-1.4287534952163696,0.0,2.3858211310903066,114.93481104124871,-36.787714550972694,11.3,59.6
40.129718,131,0,-0.11562623083591461,0.041124068200588226,-0.026591245085000992,0.0,0.12556953674302312,160.42136689511548,-12.225811502202532,33.4,55.300000000000004
40.129718,131,1,-1.0406360626220703,1.5078758001327515,0.4371744394302368,0.0,1.8835430268371076,124.61086893435142,13.420867429065613,17.900000000000002,53.5
40.129718,131,2,-0.8787593245506287,2.0434937477111816,-0.8625879883766174,0.0,2.3858211762642623,113.26905388905587,-21.195271647457758,11.9,58.1
40.129718,131,3,-2.374191999435425,2.0235679149627686,1.621810793876648,0.0,3.5159472418943873,139.55842887378066,27.4692688566102,11.9,70.4
40.129718,131,4,-1.0791782140731812,2.7308003902435303,-1.9339046478271484,0.0,3.515947038277432,111.563312973423,-33.369623299370673,11.9,70.4
40.428279,132,0,-0.11562623083591461,0.04113581031560898,-0.026573073118925095,0.0,0.12556953596563822,160.41620191420108,-12.217327665307813,33.300000000000004,55.400000000000006
40.428279,132,1,0.7014658451080322,1.0196845531463623,1.2484631538391113,0.0,1.7579735965799723,55.47496989892916,45.248889630948121,17.400000000000002,56.2
40.428279,132,2,-2.374191999435425,2.044886827468872,1.5948461294174194,0.0,3.5159470934382124,139.26174512813608,26.975120965337911,12.3,69.9
40.428279,132,3,-1.0791782140731812,2.6972415447235107,-1.9804407358169556,0.0,3.5159469672331314,111.8065659971556,-34.282505127393705,12.3,69.9
40.72378,133,0,-0.11562623083591461,0.041133854538202286,-0.026576103642582893,0.0,0.125569536637321,160.41706217514974,-12.218742435271233,33.2,55.5
40.72378,133,1,0.6475068926811218,1.1602210998535156,1.151126742362976,0.0,1.7579735360915023,60.834584599443424,40.904731179921725,13.4,56.6
40.72378,133,2,-0.9250098466873169,1.7306607961654663,0.4309330880641937,0.0,2.00911257380992,118.12377375405833,12.38556559596881,20.8,52.1
40.72378,133,3,-0.8787593245506287,1.9491068124771118,-1.0587290525436401,0.0,2.3858211424223144,114.26834294663696,-26.343952460829914,11.8,58.6
41.030039,134,0,-0.11562623083591461,0.041153501719236374,-0.02654566802084446,0.0,0.12556953632051163,160.40842065703902,-12.204533574815153,33.6,55.1
41.030039,134,1,0.8093836307525635,0.8058276772499084,1.4977563619613647,0.0,1.8835429984335179,44.873861210805352,52.672292533519752,18.5,53.5
41.030039,134,2,-0.8055294156074524,1.781486988067627,-1.3673218488693237,0.0,2.3858211513981038,114.33090742223719,-34.966909357365083,12.3,58.400000000000006
41.030039,134,3,-1.2294923067092896,2.683436393737793,-2.1326420307159424,0.0,3.641516750293762,114.61622333252178,-35.848684946865085,11.3,71.0
41.030039,134,4,-2.570756673812866,2.068018674850464,1.541153073310852,0.0,3.6415167047343262,141.18542066422378,25.037879950183697,11.3,71.0
41.324059,135,0,-0.11562623083591461,0.04114917665719986,-0.026552371680736542,0.0,0.1255695362687847,160.41032289113221,-12.207663122855124,32.800000000000004,55.900000000000006
41.324059,135,1,0.6475068926811218,1.1616507768630981,1.149683952331543,0.0,1.75797351905678,60.864601047450073,40.842544198283953,15.4,56.800000000000004
41.324059,135,2,-0.7322994470596313,1.6311343908309937,-1.5796457529067993,0.0,2.3858211554498228,114.17774468159048,-41.460021876093244,11.4,59.300000000000004
41.324059,135,3,-2.570756673812866,2.0849640369415283,1.5181496143341064,0.0,3.6415166020211553,140.95686696163702,24.639048891509205,11.600000000000001,70.60000000000001
41.324059,135,4,-1.2294923067092896,2.6697094440460205,-2.149801015853882,0.0,3.6415167520762863,114.72768359939296,-36.182465215161187,11.600000000000001,70.60000000000001
41.627433,136,0,-0.11562623083591461,0.04116112366318703,-0.02653384767472744,0.0,0.1255695362377437,160.40506850896028,-12.199015451466295,33.4,55.300000000000004
41.627433,136,1,0.6937574148178101,1.245453119277954,1.23096764087677,0.0,1.8835429795519925,60.88078773869487,40.808915418808169,20.3,53.5
41.627433,136,2,-2.374191999435425,2.0111544132232666,1.6371790170669556,0.0,3.5159472205843656,139.73239672553007,27.751895503338833,11.8,70.4
41.627433,136,3,-1.0791782140731812,2.7421653270721436,-1.9177559614181519,0.0,3.5159471307574743,111.48210115065436,-33.055082094382072,11.8,70.4
41.627433,136,4,1.2950139045715332,4.865405082702637,3.313544750213623,0.0,6.0273382552740911,75.095274351274966,33.350040510198021,11.3,70.4
41.627433,136,5,3.515037775039673,4.214350700378418,-2.4925014972686768,0.0,6.0273382267483973,50.1697345204915,-24.426948034694043,11.3,70.4
41.927191,137,0,-0.11562623083591461,0.041134290397167206,-0.026575425639748573,0.0,0.125569535922263,160.41687045905681,-12.218425971510074,33.4,55.300000000000004
41.927191,137,1,0.5203180313110352,1.5675259828567505,0.9054643511772156,0.0,1.8835430050548856,71.637145528847725,28.732699094070991,16.2,53.6
41.927191,137,2,-0.5203180313110352,1.6030446290969849,-0.8409822583198547,0.0,1.883542963511277,107.98245203330184,-26.518679469332458,16.2,53.6
41.927191,137,3,-0.8787593245506287,1.9382550716400146,-1.0784673690795898,0.0,2.3858211457258,114.38842329272865,-26.87412625129782,11.9,58.0
41.927191,137,4,-2.570756673812866,2.069464921951294,1.5392104387283325,0.0,3.6415166776812287,141.16585661476589,25.00414908409773,11.4,70.7
41.927191,137,5,-1.2294923067092896,2.685281753540039,-2.1303179264068604,0.0,3.6415167026560269,114.60131116340132,-35.803584727573245,11.4,70.7
42.221935,138,0,-0.11562623083591461,0.04115458205342293,-0.02654399164021015,0.0,0.12556953600896867,160.40794551514367,-12.203751008215505,33.6,55.1
42.221935,138,1,-0.7400079369544983,1.855361819267273,0.21576428413391113,0.0,2.0091126034790179,111.74450187100261,6.1650452163495224,15.700000000000001,52.5
42.221935,138,2,-0.8055294156074524,1.9949462413787842,-1.0312392711639404,0.0,2.3858211541921905,111.98811848959362,-25.609585614151211,12.4,58.0
42.221935,138,3,-1.8500198125839233,1.400569200515747,1.9230272769927979,0.0,3.0136690761337266,142.87222704333757,39.650411186076063,11.600000000000001,66.10000000000001
42.221935,138,4,-2.570756673812866,2.0417497158050537,1.5757893323898315,0.0,3.6415166892404875,141.54264876250838,25.640864942894552,11.9,70.4
42.221935,138,5,-1.2294923067092896,2.7066659927368164,-2.103081464767456,0.0,3.6415166862097084,114.42973548284419,-35.27693218785322,11.9,70.4
42.221935,138,6,-0.9250098466873169,1.6461044549942017,0.6864620447158813,-0.17052115499973297,2.0091125483794481,119.3333187442028,19.978911949580866,24.8,40.5
42.524202,139,0,-0.11562623083591461,0.04111563786864281,-0.026604274287819862,0.0,0.12556953589564285,160.42507533282512,-12.231894674468332,33.6,55.1
42.524202,139,1,-1.0406360626220703,1.385705590248108,0.737991213798523,0.0,1.8835430521541683,126.90578700677646,23.067176821248129,17.1,53.7
42.524202,139,2,-0.8055294156074524,1.5606600046157837,-1.6148080825805664,0.0,2.3858211234255906,117.30036878336499,-42.596838599134763,13.3,57.7
42.524202,139,3,-2.374191999435425,2.0010058879852295,1.6495671272277832,0.0,3.5159470873671093,139.87529041590355,27.980252675486209,12.200000000000001,70.2
42.524202,139,4,-1.0791782140731812,2.7559304237365723,-1.8979213237762451,0.0,3.5159470231292733,111.38451539957167,-32.670279017514495,12.200000000000001,70.2
42.823351,140,0,-0.11562623083591461,0.04114866256713867,-0.026553167030215263,0.0,0.12556953598591883,160.41054899946579,-12.208034454937694,32.800000000000004,55.900000000000006
42.823351,140,1,0.6937574148178101,1.1169757843017578,1.3486288785934448,0.0,1.8835429661962666,58.1554452043078,45.725740734819475,21.700000000000003,53.300000000000004
42.823351,140,2,-0.9250098466873169,1.7459577322006226,0.36403515934944153,0.34104230999946594,2.0091125444688775,117.91467970226672,10.439199264940052,20.900000000000002,41.0
42.823351,140,3,-0.7515705227851868,1.7145087718963623,-0.20817306637763977,0.596824049949646,1.8835430988417123,113.67067958882335,-6.3454109974111859,23.0,39.7
42.823351,140,4,-0.057813115417957306,0.9432775974273682,1.6293002367019653,0.596824049949646,1.8835430028113929,93.507248769912636,59.884859836385637,23.0,39.7
43.112395,141,0,-0.11562623083591461,0.04112701490521431,-0.026586689054965973,0.0,0.12556953709892929,160.4200707028464,-12.223684375767656,32.2,56.5
43.112395,141,1,0.6475068926811218,1.2284082174301147,1.078062653541565,0.0,1.7579735520423718,62.205813808184743,37.824268400709187,17.1,57.1
43.112395,141,2,-0.8633425831794739,1.7703346014022827,0.39634379744529724,0.0,2.0091125958060552,115.99719472239764,11.377540345090834,21.200000000000003,52.6
43.112395,141,3,-2.374191999435425,2.0544614791870117,1.5824930667877197,0.0,3.5159470880656989,139.12935457280128,26.749466467619467,11.600000000000001,70.7
43.112395,141,4,-1.0791782140731812,2.725062608718872,-1.9419814348220825,0.0,3.5159470605174818,111.60453666732869,-33.5273676003136,11.600000000000001,70.7
43.112395,141,5,1.2950139045715332,4.855342864990234,3.3282713890075684,0.0,6.0273382009417356,75.065764598953251,33.517791087249691,11.4,70.3
43.112395,141,6,3.515037775039673,4.2289628982543945,-2.4676272869110107,0.0,6.0273379017503119,50.267251410622023,-24.167515546316977,11.4,70.3
43.426287,142,0,-0.11562623083591461,0.04114671051502228,-0.026556193828582764,0.0,0.1255695364098654,160.41140756153109,-12.209447460601018,32.4,56.300000000000004
43.426287,142,1,0.6475068926811218,1.1831961870193481,1.1274983882904053,0.0,1.7579735517476216,61.310213119228074,39.893496119274715,17.1,57.0
43.426287,142,2,-2.374191999435425,2.0041987895965576,1.6456866264343262,0.0,3.5159472281062865,139.83026864447626,27.908668508744132,11.700000000000001,70.60000000000001
43.426287,142,3,-1.0791782140731812,2.734163522720337,-1.9291468858718872,0.0,3.5159470266165647,111.53921976778764,-33.276835259736487,11.700000000000001,70.60000000000001
43.426287,142,4,1.2950139045715332,4.834817409515381,3.358018159866333,0.0,6.0273382482136091,75.005213591552362,33.857632005312169,11.3,70.4
43.426287,142,5,3.7000396251678467,4.09456205368042,-2.4234423637390137,0.0,6.0273380965080081,47.897543383920912,-23.707965130639593,11.3,70.4
43.723923,143,0,-0.11562623083591461,0.041150275617837906,-0.026550667360424995,0.0,0.12556953602696863,160.40983954573747,-12.206867496710363,32.4,56.300000000000004
43.723923,143,1,0.6475068926811218,1.1828521490097046,1.1278592348098755,0.0,1.7579735026536538,61.303195564601722,39.908827780745526,17.8,56.900000000000006
43.723923,143,2,-1.2449090480804443,1.2620103359222412,1.1892852783203125,0.0,2.134682200983685,134.60915519440815,33.857219363280429,17.5,53.300000000000004
43.723923,143,3,-2.374191999435425,2.0485246181488037,1.5901708602905273,0.0,3.5159471165337508,139.21138246989156,26.889664226615487,11.700000000000001,70.60000000000001
43.723923,143,4,-1.0791782140731812,2.6876516342163086,-1.9934358596801758,0.0,3.5159470205471837,111.87704086568728,-34.53919144256534,11.700000000000001,70.60000000000001
44.023439,144,0,-0.11562623083591461,0.04117555916309357,-0.02651144005358219,0.0,0.12556953604847121,160.39872012631275,-12.188555161054508,32.9,55.800000000000004
44.023439,144,1,0.7014658451080322,1.1696761846542358,1.1091773509979248,0.0,1.7579735790867819,59.048486276605686,39.119571185701759,16.2,56.5
44.023439,144,2,-0.8633425831794739,1.6891236305236816,0.661841869354248,0.0,2.0091126686064262,117.07242254026885,19.233574859272906,17.900000000000002,52.1
44.023439,144,3,-2.374191999435425,1.983981728553772,1.670003890991211,0.0,3.5159471192474125,140.11635046561727,28.358035399463283,12.4,70.0
44.023439,144,4,-1.0791782140731812,2.727527141571045,-1.9385185241699219,0.0,3.5159470977656686,111.58681159884762,-33.459699316271944,12.4,70.0
44.023439,144,5,1.2950139045715332,4.849218845367432,3.3371875286102295,0.0,6.0273381375539161,75.047748548377356,33.619512874891164,11.3,70.4
44.023439,144,6,3.515037775039673,4.186341762542725,-2.5392632484436035,0.0,6.0273381983809022,49.981693555526981,-24.91611964858118,11.3,70.4
44.328069,145,0,-0.11562623083591461,0.041115280240774155,-0.026604831218719482,0.0,0.12556953679445568,160.42523265432848,-12.2321546091854,33.2,55.5
44.328069,145,1,-1.0406360626220703,1.311818242073059,0.8625217080116272,0.0,1.8835429944273931,128.42418106674688,27.253302049648671,17.2,53.2
44.328069,145,2,0.6359442472457886,1.1446502208709717,1.353914737701416,0.0,1.8835430259779231,60.944345653899568,45.956545477891929,17.2,53.2
44.328069,145,3,-1.6380383968353271,0.9533776640892029,-0.9822266697883606,0.0,2.1346821755789707,149.79956755367263,-27.395356222101981,17.2,53.1
44.328069,145,4,-0.8055294156074524,1.6853572130203247,-1.484195351600647,0.0,2.3858211199923369,115.54582557071092,-38.468915152463786,12.4,58.400000000000006
44.328069,145,5,-2.374191999435425,1.9864578247070312,1.6670578718185425,0.0,3.51594713946543,140.08118338134412,28.303494191974583,11.4,71.0
44.328069,145,6,-1.0791782140731812,2.757894515991211,-1.8950661420822144,0.0,3.5159470220597671,111.37066008816483,-32.615023513860585,11.4,71.0
44.631149,146,0,-0.11562623083591461,0.04111826792359352,-0.026600215584039688,0.0,0.12556953724321046,160.42391837370627,-12.229999594111394,33.1,55.6
44.631149,146,1,-0.9250098466873169,1.7278718948364258,0.4419828951358795,0.0,2.0091125854532912,118.16220570332203,12.708393536242951,18.0,52.2
44.631149,146,2,-0.8787593245506287,2.054922342300415,-0.8349965810775757,0.0,2.38582125771847,113.15330876410557,-20.48626762750294,11.5,58.400000000000006
44.631149,146,3,-2.374191999435425,2.036689281463623,1.6053014993667603,0.0,3.5159470677587223,139.37551450362398,27.166464300116306,12.3,70.10000000000001
44.631149,146,4,-1.0791782140731812,2.7027926445007324,-1.9728584289550781,0.0,3.5159471096130757,111.76596880143494,-34.133095446219883,12.3,70.10000000000001
