timestamp_s,frame_number,point_index,x,y,z,doppler,range,aoa,snr,noise
0.0,1,0,-0.11562623083591461,0.04113529995083809,-0.026573866605758667,0.0,0.12556953669479826,160.41642640045768,35.1,53.6
0.0,1,1,-0.8055294156074524,2.145721435546875,-0.6626797914505005,0.0,2.3858211635349167,110.5767342217651,15.3,55.6
0.0,1,2,-1.8500198125839233,1.4574291706085205,1.8803000450134277,0.0,3.0136690849479795,141.76927431393568,15.3,62.5
0.0,1,3,-2.570756673812866,2.081437826156616,1.5229809284210205,0.0,3.641516745594221,141.00430608341728,11.700000000000001,70.8
0.0,1,4,-1.2294923067092896,2.7215163707733154,-2.0838284492492676,0.0,3.6415166750332335,114.31190009782469,11.700000000000001,70.8
0.0,1,5,1.2950139045715332,5.162074089050293,2.8292641639709473,0.0,6.027338187243872,75.91680529766305,12.3,69.0
0.0,1,6,3.7000396251678467,4.00321626663208,-2.57153058052063,0.0,6.027337988846542,47.25382379313001,12.3,69.0
0.305349,2,0,-0.11562623083591461,0.04112454131245613,-0.026590509340167046,0.0,0.12556953588529995,160.42115878192956,35.300000000000004,53.400000000000006
0.305349,2,1,-0.8055294156074524,2.1434717178344727,-0.6699205636978149,0.0,2.3858210759045506,110.5965186763502,15.5,55.400000000000006
0.305349,2,2,-1.8500198125839233,1.4581676721572876,1.8797273635864258,0.0,3.0136690641962054,141.7551641006724,15.200000000000001,62.5
0.305349,2,3,-2.570756673812866,2.0815136432647705,1.5228773355484009,0.0,3.6415167584644954,141.0032854244425,11.700000000000001,70.8
0.305349,2,4,-1.2294923067092896,2.7234559059143066,-2.0812931060791016,0.0,3.641516771501848,114.29658897952098,11.700000000000001,70.8
0.305349,2,5,1.2950139045715332,5.230690956115723,2.7002997398376465,0.0,6.027338349254311,76.09433602405849,12.700000000000001,68.7
0.305349,2,6,3.515037775039673,4.028162956237793,-2.7833821773529053,0.0,6.027338028281478,48.8915422754816,12.700000000000001,68.7
0.598453,3,0,-0.11562623083591461,0.0411139652132988,-0.026606859639286995,0.0,0.12556953600593287,160.42581114124818,34.9,53.800000000000004
0.598453,3,1,-0.8055294156074524,2.1383461952209473,-0.6861051321029663,0.0,2.385821104425647,110.64172969562694,15.100000000000001,55.7
0.598453,3,2,-1.8500198125839233,1.4593653678894043,1.8787976503372192,0.0,3.013669058616206,141.73229191358118,15.100000000000001,62.7
0.598453,3,3,-2.570756673812866,2.083240270614624,1.5205143690109253,0.0,3.641516696025514,140.98004932961345,11.600000000000001,70.8
0.598453,3,4,-1.2294923067092896,2.72153902053833,-2.083799123764038,0.0,3.641516821431673,114.31172119098727,11.600000000000001,70.8
0.598453,3,5,1.2950139045715332,5.241064548492432,2.6801095008850098,0.0,6.0273381812564555,76.12079425751837,12.4,68.8
0.598453,3,6,3.7000396251678467,3.965087890625,-2.629940986633301,0.0,6.0273381190511435,46.98041046901052,12.4,68.8
0.900352,4,0,-0.11562623083591461,0.041088685393333435,-0.026645882055163383,0.0,0.12556953593595152,160.43693266313971,34.9,53.800000000000004
0.900352,4,1,-0.8055294156074524,2.139596462249756,-0.6821962594985962,0.0,2.3858211159167886,110.63068389100921,15.200000000000001,55.6
0.900352,4,2,-1.8500198125839233,1.4553207159042358,1.8819323778152466,0.0,3.013669054120313,141.80958974578834,14.9,62.800000000000004
0.900352,4,3,-2.570756673812866,2.0824697017669678,1.5215694904327393,0.0,3.6415166687723044,140.9904173768847,11.600000000000001,70.8
0.900352,4,4,-1.2294923067092896,2.7212696075439453,-2.084150791168213,0.0,3.641516734758581,114.3138494009962,11.600000000000001,70.8
0.900352,4,5,1.2950139045715332,5.226532936096191,2.708338499069214,0.0,6.027338133095933,76.08370305670358,12.4,68.9
0.900352,4,6,3.7000396251678467,3.9222168922424316,-2.6934597492218018,0.0,6.027338052430946,46.66961270375001,12.4,68.9
1.198603,5,0,-0.11562623083591461,0.041065514087677,-0.026681579649448395,0.0,0.12556953610328928,160.44712791994596,35.1,53.6
1.198603,5,1,-0.8055294156074524,2.138261318206787,-0.6863700747489929,0.0,2.3858212388733673,110.64247997341208,15.200000000000001,55.6
1.198603,5,2,-1.8500198125839233,1.4508357048034668,1.885392189025879,0.0,3.0136690687143175,141.89549558717363,15.0,62.800000000000004
1.198603,5,3,-2.570756673812866,2.0825388431549072,1.5214749574661255,0.0,3.6415167108498787,140.98948695145387,11.700000000000001,70.8
1.198603,5,4,-1.2294923067092896,2.722799062728882,-2.0821523666381836,0.0,3.6415167919634253,114.30177221554389,11.700000000000001,70.8
1.198603,5,5,1.2950139045715332,5.219141483306885,2.722555160522461,0.0,6.027338171854627,76.06476208967497,12.5,68.60000000000001
1.198603,5,6,3.7000396251678467,3.9694883823394775,-2.6232943534851074,0.0,6.027338094911149,47.012109418788285,12.5,68.60000000000001
1.496433,6,0,-0.11562623083591461,0.04112152010202408,-0.026595186442136765,0.0,0.12556953696941547,160.42248776593047,34.7,54.0
1.496433,6,1,-0.8055294156074524,2.133295774459839,-0.7016506791114807,0.0,2.385821069618317,110.68646429609903,15.0,55.900000000000006
1.496433,6,2,-1.8500198125839233,1.4518635272979736,1.8846008777618408,0.0,3.013669105477884,141.8757908155112,14.9,62.800000000000004
1.496433,6,3,-2.570756673812866,2.0829689502716064,1.5208860635757446,0.0,3.6415167090276976,140.98369961334967,11.700000000000001,70.8
1.496433,6,4,-1.2294923067092896,2.7249841690063477,-2.079291820526123,0.0,3.641516789539681,114.28453728847133,11.700000000000001,70.8
1.496433,6,5,1.2950139045715332,5.183464050292969,2.7898831367492676,0.0,6.027338425078779,75.97262166070941,12.4,68.60000000000001
1.496433,6,6,3.7000396251678467,4.058089733123779,-2.48403263092041,0.0,6.02733802116442,47.64241705718585,12.4,68.60000000000001
1.784367,7,0,-0.11562623083591461,0.04106371849775314,-0.026684343814849854,0.0,0.1255695362697977,160.44791802420286,34.2,54.5
1.784367,7,1,-0.8055294156074524,2.141787528991699,-0.6752855777740479,0.0,2.3858210474180335,110.61135359566792,14.600000000000001,56.300000000000004
1.784367,7,2,-1.8500198125839233,1.4507039785385132,1.885493516921997,0.0,3.0136690499547902,141.89802172968007,14.9,62.900000000000006
1.784367,7,3,-2.570756673812866,2.0786471366882324,1.526787519454956,0.0,3.641516706590675,141.04189517114997,11.700000000000001,70.8
1.784367,7,4,-1.2294923067092896,2.721999406814575,-2.083197593688965,0.0,3.6415167605419203,114.30808521007575,11.700000000000001,70.8
1.784367,7,5,1.2950139045715332,5.19426965713501,2.7697126865386963,0.0,6.027338272408515,76.00065399986333,12.600000000000001,68.7
1.784367,7,6,3.7000396251678467,3.971367359161377,-2.6204488277435303,0.0,6.027338051581898,47.02563317842085,12.600000000000001,68.7
2.098835,8,0,-0.11562623083591461,0.04112336039543152,-0.026592334732413292,0.0,0.12556953569259333,160.42167824655513,35.1,53.6
2.098835,8,1,-0.8055294156074524,2.1556079387664795,-0.629777193069458,0.0,2.3858211454324065,110.49021973163634,15.3,55.6
2.098835,8,2,-1.8500198125839233,1.4492806196212769,1.8865878582000732,0.0,3.0136690873536245,141.92532892873564,14.5,63.2
2.098835,8,3,-2.570756673812866,2.0801522731781006,1.5247362852096558,0.0,3.6415167300173636,141.02161683396398,11.700000000000001,70.8
2.098835,8,4,-1.2294923067092896,2.7231192588806152,-2.081733465194702,0.0,3.641516723901647,114.29924524609804,11.700000000000001,70.8
2.098835,8,5,1.2950139045715332,5.210830211639404,2.738429069519043,0.0,6.027338241409263,76.04340358770946,13.200000000000001,68.2
2.098835,8,6,3.515037775039673,4.05355978012085,-2.7462637424468994,0.0,6.027337886168959,49.06985920906116,13.200000000000001,68.2
2.401944,9,0,-0.11562623083591461,0.041088610887527466,-0.026645999401807785,0.0,0.12556953645732707,160.43696544325016,35.0,53.7
2.401944,9,1,-0.8055294156074524,2.1450788974761963,-0.6647563576698303,0.0,2.385821060110971,110.58238111602216,15.3,55.6
2.401944,9,2,-1.8500198125839233,1.4503180980682373,1.8857903480529785,0.0,3.013669047746799,141.90542284667598,14.9,62.800000000000004
2.401944,9,3,-2.570756673812866,2.0788042545318604,1.5265735387802124,0.0,3.64151668593144,141.03977781795993,11.700000000000001,70.8
2.401944,9,4,-1.2294923067092896,2.72308611869812,-2.0817768573760986,0.0,3.641516748006307,114.29950676359326,11.700000000000001,70.8
2.401944,9,5,1.2950139045715332,5.231149673461914,2.699410915374756,0.0,6.027338318797002,76.09550808925982,12.0,69.4
2.401944,9,6,3.7000396251678467,3.92218017578125,-2.6935133934020996,0.0,6.027338132172456,46.66934498054525,12.0,69.4
2.700579,10,0,-0.11562623083591461,0.041114915162324905,-0.02660539001226425,0.0,0.12556953565188522,160.42539325368006,35.5,53.2
2.700579,10,1,-0.8055294156074524,2.1514012813568115,-0.6440014839172363,0.0,2.385821247310916,110.52694597904792,15.600000000000001,55.2
2.700579,10,2,-1.8500198125839233,1.4502676725387573,1.8858290910720825,0.0,3.013669024577483,141.90639010988414,14.8,62.900000000000006
2.700579,10,3,-2.570756673812866,2.0861454010009766,1.5165259838104248,0.0,3.6415166578835105,140.94098796519089,11.600000000000001,70.8
2.700579,10,4,-1.2294923067092896,2.7155351638793945,-2.0916171073913574,0.0,3.6415168106786227,114.35923139180045,11.600000000000001,70.8
2.700579,10,5,1.2950139045715332,5.153132915496826,2.8455169200897217,0.0,6.027338251693473,75.89334442398612,11.8,69.5
2.700579,10,6,3.515037775039673,4.047070503234863,-2.7558178901672363,0.0,6.027337924977771,49.02441778676376,11.8,69.5
2.995641,11,0,-0.11562623083591461,0.04112689942121506,-0.02658686414361,0.0,0.12556953634665427,160.42012150139215,34.800000000000004,53.900000000000006
2.995641,11,1,-0.8055294156074524,2.1507458686828613,-0.6461861729621887,0.0,2.3858210329345324,110.53267940872954,15.0,55.900000000000006
2.995641,11,2,-1.8500198125839233,1.4485536813735962,1.88714599609375,0.0,3.0136690404466653,141.9392831403568,14.8,63.0
2.995641,11,3,-2.570756673812866,2.0858616828918457,1.5169165134429932,0.0,3.6415167917868843,140.94480083657817,11.5,70.9
2.995641,11,4,-1.2294923067092896,2.715837240219116,-2.0912249088287354,0.0,3.6415168360072245,114.35683681160653,11.5,70.9
2.995641,11,5,1.2950139045715332,5.090806484222412,2.9555771350860596,0.0,6.027338373965583,75.72765379241392,11.9,69.3
2.995641,11,6,3.7000396251678467,3.9316084384918213,-2.67973256111145,0.0,6.027338114003,46.738005452346506,11.9,69.3
2.995641,11,7,-0.43937966227531433,4.417061805725098,1.7507377862930298,-0.25578173995018005,4.771642513807048,95.68071201799319,29.900000000000002,42.800000000000004
3.285911,12,0,-0.11562623083591461,0.04111719876527786,-0.02660186216235161,0.0,0.12556953596365772,160.42438869361004,34.800000000000004,53.900000000000006
3.285911,12,1,-0.8055294156074524,2.142287015914917,-0.6736997961997986,0.0,2.3858211821857425,110.60695180996677,15.0,55.800000000000004
3.285911,12,2,-1.8500198125839233,1.457514762878418,1.880233645439148,0.0,3.0136690515720157,141.7676386607718,14.600000000000001,63.1
3.285911,12,3,-2.570756673812866,2.0824387073516846,1.5216121673583984,0.0,3.6415167765208865,140.99083447209307,11.700000000000001,70.8
3.285911,12,4,-1.2294923067092896,2.7189486026763916,-2.0871777534484863,0.0,3.6415166909879053,114.33219852832494,11.700000000000001,70.8
3.285911,12,5,1.2950139045715332,5.086050987243652,2.9637529850006104,0.0,6.027338335781041,75.7148549881965,11.9,69.3
3.285911,12,6,3.7000396251678467,3.9055631160736084,-2.7175517082214355,0.0,6.027338033353037,46.547906720360245,11.9,69.3
3.285911,12,7,-0.43937966227531433,4.160224437713623,2.295222520828247,-0.25578173995018005,4.771642094697377,96.02891011577209,35.1,41.6
3.596979,13,0,-0.11562623083591461,0.04109892249107361,-0.026630090549588203,0.0,0.12556953615398422,160.43242880269995,34.5,54.2
3.596979,13,1,-0.8055294156074524,2.1533331871032715,-0.6375114321708679,0.0,2.3858210914143934,110.51006383413058,14.9,55.900000000000006
3.596979,13,2,-1.8500198125839233,1.457862377166748,1.8799641132354736,0.0,3.0136690403500808,141.7609965692164,14.600000000000001,63.2
3.596979,13,3,-2.570756673812866,2.0826869010925293,1.5212724208831787,0.0,3.6415167694898183,140.98749464001915,11.700000000000001,70.8
3.596979,13,4,-1.2294923067092896,2.7206532955169678,-2.0849552154541016,0.0,3.64151670833925,114.31871923303416,11.700000000000001,70.8
3.596979,13,5,1.2950139045715332,5.135495185852051,2.8772265911102295,0.0,6.027338108446795,75.84683929098057,12.200000000000001,69.10000000000001
3.596979,13,6,3.515037775039673,3.9902167320251465,-2.8375134468078613,0.0,6.027337943844258,48.62272294560607,12.200000000000001,69.10000000000001
3.596979,13,7,0.42781707644462585,4.401953220367432,-1.4232970476150513,-0.596824049949646,4.646072975207185,84.44897079784737,25.0,40.6
3.596979,13,8,0.14260569214820862,4.569519996643066,-0.8277334570884705,-0.34104230999946594,4.646072756548002,88.21249206578374,29.3,40.7
3.596979,13,9,2.890655994415283,5.573267936706543,-0.04541776329278946,-0.34104230999946594,6.278476753607736,62.58583501279084,13.8,50.1
3.898748,14,0,-0.11562623083591461,0.04107275605201721,-0.026670435443520546,0.0,0.12556953720459324,160.44394135394487,35.5,53.2
3.898748,14,1,-0.8055294156074524,2.1472156047821045,-0.6578221917152405,0.0,2.385821143493725,110.56361428955448,15.700000000000001,55.1
3.898748,14,2,-1.8500198125839233,1.4489237070083618,1.8868619203567505,0.0,3.013669046557082,141.93217951141727,15.4,62.400000000000006
3.898748,14,3,-2.570756673812866,2.080232858657837,1.5246262550354004,0.0,3.64151669496879,141.0205314528601,11.700000000000001,70.8
3.898748,14,4,-1.2294923067092896,2.7225325107574463,-2.082500696182251,0.0,3.641516683195085,114.30387620480313,11.700000000000001,70.8
3.898748,14,5,1.2950139045715332,5.036501407623291,3.0471956729888916,0.0,6.027338460009295,75.58014942372937,12.4,68.9
3.898748,14,6,3.515037775039673,4.03246545791626,-2.7771449089050293,0.0,6.027337892826382,48.92184097766119,12.4,68.9
3.898748,14,7,-0.28521138429641724,4.231075286865234,1.8980646133422852,-0.25578173995018005,4.6460728463161445,93.85640134193072,33.0,42.0
4.199872,15,0,-0.11562623083591461,0.04109539836645126,-0.026635529473423958,0.0,0.12556953633165638,160.4339792298911,34.800000000000004,53.900000000000006
4.199872,15,1,-0.8055294156074524,2.161877155303955,-0.6079077124595642,0.0,2.3858210873621317,110.4357191160175,15.200000000000001,55.7
4.199872,15,2,-1.8500198125839233,1.4582345485687256,1.8796755075454712,0.0,3.0136690792551883,141.75388659389426,14.8,63.0
4.199872,15,3,-2.570756673812866,2.0805609226226807,1.5241786241531372,0.0,3.6415167316687262,141.0161132034154,11.600000000000001,70.9
4.199872,15,4,-1.2294923067092896,2.718967914581299,-2.0871527194976807,0.0,3.6415167619120568,114.33204574723074,11.600000000000001,70.9
4.199872,15,5,1.2950139045715332,5.068966388702393,2.9928789138793945,0.0,6.027338173354146,75.66868800013026,12.200000000000001,69.0
4.199872,15,6,3.7000396251678467,3.898895740509033,-2.727108955383301,0.0,6.027338092201523,46.49902793283663,12.200000000000001,69.0
4.199872,15,7,0.13875149190425873,4.3986897468566895,-1.033066749572754,-0.34104230999946594,4.520503332006364,88.1932711386181,33.1,41.800000000000004
4.495016,16,0,-0.11562623083591461,0.041097626090049744,-0.026632091030478477,0.0,0.12556953611530722,160.43299914665567,34.9,53.800000000000004
4.495016,16,1,-0.8055294156074524,2.1555519104003906,-0.62996906042099,0.0,2.385821178321494,110.49070806120542,15.200000000000001,55.7
4.495016,16,2,-1.8500198125839233,1.4476021528244019,1.887876033782959,0.0,3.0136690625791966,141.95755660374667,14.600000000000001,63.1
4.495016,16,3,-2.570756673812866,2.0883045196533203,1.5135515928268433,0.0,3.6415167261604813,140.91198518124716,11.4,70.9
4.495016,16,4,-1.2294923067092896,2.7119476795196533,-2.096266269683838,0.0,3.6415166925504483,114.38770346867659,11.4,70.9
4.495016,16,5,1.2950139045715332,5.015504360198975,3.081632614135742,0.0,6.027338099751301,75.52231381027714,12.3,69.0
4.495016,16,6,3.515037775039673,3.914625644683838,-2.9409213066101074,0.0,6.027337938895206,48.078559613441485,12.3,69.0
4.495016,16,7,0.0,4.515462875366211,0.21341204643249512,-0.7673451900482178,4.520503255210972,90.0,26.200000000000003,41.6
4.495016,16,8,-0.40469181537628174,4.062754154205322,1.626559853553772,-0.42630288004875183,4.3949338721006965,95.6884803771054,32.4,40.7
4.495016,16,9,-4.174107074737549,2.6655094623565674,-5.167317867279053,-0.42630288004875183,7.157463552599328,147.43843302489694,11.700000000000001,49.5
4.789511,17,0,-0.11562623083591461,0.041083935648202896,-0.02665320411324501,0.0,0.12556953577666913,160.43902242184103,34.800000000000004,53.900000000000006
4.789511,17,1,-0.8055294156074524,2.147095203399658,-0.6582152247428894,0.0,2.3858211865003707,110.56467091149591,15.0,55.800000000000004
4.789511,17,2,-1.8500198125839233,1.4496045112609863,1.8863389492034912,0.0,3.0136690557032617,141.91911326131952,14.5,63.300000000000004
4.789511,17,3,-2.570756673812866,2.085217237472534,1.517802119255066,0.0,3.6415167274943485,140.95346303163197,11.5,70.9
4.789511,17,4,-1.2294923067092896,2.715484142303467,-2.0916831493377686,0.0,3.641516697281847,114.35963588703265,11.5,70.9
4.789511,17,5,1.2950139045715332,5.034787654876709,3.050025701522827,0.0,6.027338095932759,75.57544590964086,12.3,68.9
4.789511,17,6,3.7000396251678467,3.8488621711730957,-2.7972793579101562,0.0,6.027338139401983,46.129409228133795,12.3,68.9
4.789511,17,7,-0.292919784784317,3.8785321712493896,2.7640106678009033,-1.278908610343933,4.7716421466253935,94.31897080099112,20.0,40.900000000000006
4.789511,17,8,-2.050438642501831,3.9303669929504395,-1.7653576135635376,-1.278908610343933,4.77164236188189,117.55066173999356,20.0,40.900000000000006
4.789511,17,9,-0.3931291997432709,3.617645740509033,2.232836961746216,-0.42630288004875183,4.26936437532029,96.20198961834538,29.3,41.400000000000006
4.789511,17,10,-1.9656460285186768,3.303410291671753,-1.85773766040802,-0.42630288004875183,4.26936448191676,120.75414302643172,29.3,41.400000000000006
4.789511,17,11,-5.82756233215332,2.961397409439087,-1.8022983074188232,-0.42630288004875183,6.780754865108275,153.0616491879489,11.5,46.5
4.789511,17,12,0.0,4.197371006011963,1.3028894662857056,-0.25578173995018005,4.394933938464619,90.0,29.1,42.5
5.154318,18,0,-0.11562623083591461,0.04109007865190506,-0.02664373442530632,0.0,0.12556953613463023,160.43631967752918,35.300000000000004,53.300000000000004
5.154318,18,1,-0.8055294156074524,2.1306333541870117,-0.7096943259239197,0.0,2.38582106739623,110.71012165393401,15.700000000000001,55.0
5.154318,18,2,-1.8500198125839233,1.4392359256744385,1.8942618370056152,0.0,3.0136690700607622,142.11861752627644,15.4,62.400000000000006
5.154318,18,3,-2.570756673812866,2.0867998600006104,1.5156254768371582,0.0,3.6415167331333,140.93219429860113,11.600000000000001,70.8
5.154318,18,4,-1.2294923067092896,2.7196524143218994,-2.0862605571746826,0.0,3.6415166757008106,114.32663166978038,11.600000000000001,70.8
5.154318,18,5,1.2950139045715332,5.016576766967773,3.0798869132995605,0.0,6.027338290707461,75.52527871630599,12.5,68.8
5.154318,18,6,3.7000396251678467,3.874138832092285,-2.7621657848358154,0.0,6.0273381140479625,46.31676241759337,12.5,68.8
5.154318,18,7,-0.37000396847724915,3.7140045166015625,1.4884222745895386,-0.34104230999946594,4.018225149679895,95.68926216334977,35.0,41.2
5.154318,18,8,-1.140845537185669,4.289303779602051,1.3734402656555176,-0.34104230999946594,4.646072924174651,104.8943868451166,15.3,51.5
5.154318,18,9,0.13104306161403656,4.2243146896362305,-0.6045376062393188,-0.25578173995018005,4.269364425582711,88.2231893471136,33.800000000000004,42.6
5.694406,19,0,-0.11562623083591461,0.04111449792981148,-0.026606036350131035,0.0,0.12556953598546575,160.42557679618812,35.5,53.2
5.694406,19,1,-0.8055294156074524,2.131385087966919,-0.7074335217475891,0.0,2.385821078854999,110.7034367644332,15.700000000000001,55.1
5.694406,19,2,-1.8500198125839233,1.4684950113296509,1.8716704845428467,0.0,3.0136690773809227,141.55841734479256,15.0,62.800000000000004
5.694406,19,3,-2.570756673812866,2.0903961658477783,1.5106616020202637,0.0,3.641516783149971,140.88391146106537,11.700000000000001,70.8
5.694406,19,4,-1.2294923067092896,2.7167270183563232,-2.0900685787200928,0.0,3.6415166741726717,114.3497860465356,11.700000000000001,70.8
5.694406,19,5,1.4800158739089966,4.738677501678467,3.4180824756622314,0.0,6.027337659561271,72.65501772574541,12.700000000000001,68.60000000000001
5.694406,19,6,3.7000396251678467,3.7614855766296387,-2.9137156009674072,0.0,6.027338183172227,45.47182231660588,12.700000000000001,68.60000000000001
5.694406,19,7,0.0,7.555003643035889,-1.2623658180236816,0.42630288004875183,7.659741999884862,90.0,16.0,43.6
5.694406,19,8,0.12333464622497559,4.015775203704834,-0.06688416749238968,-0.42630288004875183,4.018225406010867,88.24085419907891,35.300000000000004,40.1
5.694406,19,9,-0.34687870740890503,3.3652641773223877,1.6569880247116089,-0.25578173995018005,3.767086027005579,95.88504873727996,36.7,40.400000000000006
5.694406,19,10,0.4162544310092926,5.108038902282715,-4.439967155456543,-0.25578173995018005,6.7807549373282425,85.3412572364148,13.4,50.7
5.994239,20,0,-0.11562623083591461,0.041091375052928925,-0.026641733944416046,0.0,0.12556953590989228,160.43574931007785,34.7,54.0
5.994239,20,1,-0.8055294156074524,2.1505095958709717,-0.6469724178314209,0.0,2.385821131345904,110.53474703146098,15.0,55.900000000000006
5.994239,20,2,-1.8500198125839233,1.471840739250183,1.869040608406067,0.0,3.013669070176834,141.4949066537974,14.600000000000001,63.1
5.994239,20,3,-2.570756673812866,2.086815595626831,1.5156036615371704,0.0,3.6415166709723623,140.93198289315004,11.600000000000001,70.8
5.994239,20,4,-1.2294923067092896,2.7125320434570312,-2.095510244369507,0.0,3.64151679980967,114.3830614033578,11.600000000000001,70.8
5.994239,20,5,1.4800158739089966,4.857168197631836,3.247502326965332,0.0,6.0273378245087565,73.05362486873665,12.9,68.5
5.994239,20,6,3.7000396251678467,3.8713972568511963,-2.7660069465637207,0.0,6.027338083814939,46.296503350386836,12.9,68.5
5.994239,20,7,-0.34687870740890503,3.297538995742798,1.7879730463027954,-0.25578173995018005,3.767085860503234,96.0050420497206,37.6,40.800000000000004
5.994239,20,8,-2.4898180961608887,2.733106851577759,-2.135042190551758,-0.17052115499973297,4.26936439877736,132.33303650923685,20.3,50.800000000000004
6.300128,21,0,-0.11562623083591461,0.04107336699962616,-0.026669492945075035,0.0,0.12556953686286176,160.44367253417653,35.0,53.7
6.300128,21,1,-0.8055294156074524,2.1308112144470215,-0.7091606259346008,0.0,2.385821213837707,110.70853963594467,15.100000000000001,55.6
6.300128,21,2,-1.8500198125839233,1.4508801698684692,1.8853579759597778,0.0,3.0136690713789003,141.8946429106301,15.0,62.800000000000004
6.300128,21,3,-2.570756673812866,2.0907516479492188,1.510169506072998,0.0,3.641516753555931,140.87914246327523,11.600000000000001,70.8
6.300128,21,4,-1.2294923067092896,2.7106456756591797,-2.097949743270874,0.0,3.641516776910065,114.39805228592351,11.600000000000001,70.8
6.300128,21,5,1.2950139045715332,5.108370780944824,2.9251139163970947,0.0,6.027338091773547,75.7747317813885,13.0,68.3
6.300128,21,6,3.7000396251678467,3.988118886947632,-2.5948832035064697,0.0,6.027338079457683,47.14589845451136,13.0,68.3
6.300128,21,7,0.4779217541217804,3.478102445602417,-1.6814167499542236,0.25578173995018005,3.8926556631938274,82.17605405801831,23.0,41.6
6.300128,21,8,-0.23125246167182922,3.545654773712158,1.2513160705566406,-0.5115634799003601,3.7670860600483245,93.73162399259533,37.1,40.800000000000004
6.300128,21,9,0.2389608770608902,3.7478408813476562,-1.0243808031082153,-0.25578173995018005,3.892655854611748,86.35178171860849,33.800000000000004,41.6
6.597856,22,0,-0.11562623083591461,0.04106352850794792,-0.026684638112783432,0.0,0.12556953668009402,160.44800162489855,33.800000000000004,54.900000000000006
6.597856,22,1,-0.8055294156074524,2.1460111141204834,-0.6617407202720642,0.0,2.385821058294966,110.57418937416827,14.5,56.400000000000006
6.597856,22,2,-1.8500198125839233,1.4818991422653198,1.861075758934021,0.0,3.0136690852334116,141.30464462356755,14.8,63.0
6.597856,22,3,-2.570756673812866,2.0954887866973877,1.503589391708374,0.0,3.6415167430599356,140.81565260636717,11.4,70.9
6.597856,22,4,-1.2294923067092896,2.7056126594543457,-2.1044363975524902,0.0,3.6415166821807436,114.43813424936911,11.4,70.9
6.597856,22,5,1.2950139045715332,5.0914411544799805,2.9544837474823,0.0,6.027338405689787,75.72936022678357,12.700000000000001,68.60000000000001
6.597856,22,6,3.515037775039673,4.068652629852295,-2.723853349685669,0.0,6.027337874464455,49.17522688933502,12.700000000000001,68.60000000000001
6.597856,22,7,-0.4470881223678589,3.22350811958313,1.6339372396469116,-0.34104230999946594,3.641516619388926,97.89632753011645,35.5,41.800000000000004
6.597856,22,8,-1.6765804290771484,2.725860118865967,-1.7376446723937988,-0.34104230999946594,3.6415167623240525,121.59420675722876,35.5,41.800000000000004
6.897759,23,0,-0.11562623083591461,0.04110368713736534,-0.02662273868918419,0.0,0.12556953678706953,160.43033265944663,34.300000000000004,54.400000000000006
6.897759,23,1,-0.8055294156074524,2.1425435543060303,-0.6728829741477966,0.0,2.385821036541757,110.60469173495493,14.8,56.1
6.897759,23,2,-1.8500198125839233,1.4572324752807617,1.8804525136947632,0.0,3.013669100984198,141.77303340572965,14.8,63.0
6.897759,23,3,-2.570756673812866,2.0788450241088867,1.5265181064605713,0.0,3.6415167224067004,141.03922841922093,11.5,70.9
6.897759,23,4,-1.2294923067092896,2.7034263610839844,-2.1072444915771484,0.0,3.6415168226088643,114.45558403945157,11.5,70.9
6.897759,23,5,1.4800158739089966,4.84208869934082,3.2699434757232666,0.0,6.02733774511864,73.00388716057583,12.4,68.8
6.897759,23,6,3.7000396251678467,3.8832294940948486,-2.74937105178833,0.0,6.027338194595689,46.38383132453028,12.4,68.8
6.897759,23,7,0.23125246167182922,3.7334017753601074,-0.44628429412841797,-0.6820846199989319,3.7670859013934077,86.45554258924282,30.3,41.1
6.897759,23,8,0.8556341528892517,1.979611873626709,-4.115218162536621,-0.6820846199989319,4.646072911509853,66.62487988682267,16.2,47.800000000000004
6.897759,23,9,-3.850353717803955,2.129517078399658,-1.4919534921646118,-0.6820846199989319,4.646072746114156,151.05431267110475,16.2,47.800000000000004
6.897759,23,10,-3.9120209217071533,1.98220956325531,-0.2870210111141205,-0.596824049949646,4.394933845390197,153.1288005004865,11.8,51.0
6.897759,23,11,0.10791782289743423,3.334637403488159,-1.109248399734497,-0.42630288004875183,3.515947223943317,88.14640162131191,23.8,41.0
6.897759,23,12,0.3931291997432709,4.051137924194336,1.2888761758804321,-0.42630288004875183,4.269364220266121,84.45727701687932,15.8,49.6
6.897759,23,13,-3.8850414752960205,2.0456273555755615,-1.0755527019500732,-0.34104230999946594,4.520503529179183,152.2314281448678,13.4,52.900000000000006
6.897759,23,14,-2.0812723636627197,2.0680482387542725,3.438958168029785,-0.34104230999946594,4.520503451057153,135.18260434713642,13.4,52.900000000000006
6.897759,23,15,-5.588601112365723,2.2749521732330322,-1.735338807106018,-0.25578173995018005,6.278476770609351,157.85023338234086,12.600000000000001,52.6
7.198043,24,0,-0.11562623083591461,0.041106387972831726,-0.026618564501404762,0.0,0.12556953597751574,160.4291444867398,33.300000000000004,55.400000000000006
7.198043,24,1,-0.8055294156074524,2.134244203567505,-0.6987611055374146,0.0,2.3858212511590735,110.6780493578324,13.5,57.5
7.198043,24,2,-1.8500198125839233,1.4580411911010742,1.879825472831726,0.0,3.0136690644806237,141.75758032806243,13.600000000000001,64.2
7.198043,24,3,-1.2294923067092896,2.7087762355804443,-2.10036301612854,0.0,3.6415168304187846,114.41292572669828,11.600000000000001,70.9
7.198043,24,4,-2.570756673812866,2.086052417755127,1.5166538953781128,0.0,3.6415166625928004,140.94223751633373,11.600000000000001,70.9
7.198043,24,5,1.4800158739089966,4.9153618812561035,3.1587297916412354,0.0,6.027337995112771,73.24294745950323,12.700000000000001,68.60000000000001
7.198043,24,6,3.7000396251678467,3.951676607131958,-2.6500496864318848,0.0,6.02733810033284,46.883569949293914,12.700000000000001,68.60000000000001
7.198043,24,7,-3.6075384616851807,1.981946349143982,-1.8688249588012695,-0.5115634799003601,4.520503490769762,151.2160368259057,17.6,50.300000000000004
7.198043,24,8,0.6937574744224548,2.5459234714508057,-3.670412063598633,-0.5115634799003601,4.520503342816098,74.75714202141168,17.6,50.300000000000004
7.198043,24,9,0.3237534463405609,3.255483388900757,-1.2879810333251953,-0.42630288004875183,3.515947031971839,84.32068550488896,30.8,41.6
7.198043,24,10,-3.8002490997314453,1.8914111852645874,-0.45622628927230835,-0.34104230999946594,4.269364345986043,153.54014124224156,18.7,54.2
7.501153,25,0,-0.11562623083591461,0.04112522676587105,-0.02658945322036743,0.0,0.12556953673730997,160.42085726456682,34.5,54.2
7.501153,25,1,-0.8055294156074524,2.1362390518188477,-0.6926379203796387,0.0,2.3858210776738065,110.66037141263745,14.8,56.1
7.501153,25,2,-1.8500198125839233,1.4422612190246582,1.8919594287872314,0.0,3.013669061299275,142.06029507717201,14.3,63.5
7.501153,25,3,-2.570756673812866,2.1047730445861816,1.4905651807785034,0.0,3.6415167174295973,140.69155157329627,11.600000000000001,70.9
7.501153,25,4,-1.2294923067092896,2.7703237533569336,-2.018489360809326,0.0,3.641516762335637,113.93203913298501,11.600000000000001,70.9
7.501153,25,5,1.2950139045715332,5.091973304748535,2.953565835952759,0.0,6.027338077179066,75.73079070828888,12.600000000000001,68.7
7.501153,25,6,3.7000396251678467,3.915548801422119,-2.7031443119049072,0.0,6.027338120191555,46.620947864106185,12.600000000000001,68.7
7.501153,25,7,-0.2081272155046463,2.301997423171997,2.4803528785705566,-0.25578173995018005,3.39037748287082,95.16615580192597,35.4,41.7
7.807157,26,0,-0.11562623083591461,0.04113052785396576,-0.02658125013113022,0.0,0.12556953626337788,160.41852545916882,33.5,55.2
7.807157,26,1,-0.8055294156074524,2.129711627960205,-0.712455689907074,0.0,2.3858211097562942,110.7183238579833,14.0,56.900000000000006
7.807157,26,2,-1.8500198125839233,1.4507949352264404,1.8854235410690308,0.0,3.0136690561919752,141.8962774153291,14.3,63.5
7.807157,26,3,-2.570756673812866,2.095987558364868,1.5028938055038452,0.0,3.641516649885806,140.80897444616164,11.600000000000001,70.8
7.807157,26,4,-1.2294923067092896,2.7186076641082764,-2.0876219272613525,0.0,3.641516754703731,114.33489607153676,11.600000000000001,70.8
7.807157,26,5,1.4800158739089966,4.9263739585876465,3.1415274143218994,0.0,6.0273378751990645,73.27831184754449,12.5,68.60000000000001
7.807157,26,6,3.7000396251678467,3.9390432834625244,-2.6687917709350586,0.0,6.027338113414091,46.79202601869183,12.5,68.60000000000001
7.807157,26,7,-0.10791782289743423,3.4729104042053223,0.53770911693573,-0.25578173995018005,3.5159471023569595,91.77984630546868,32.5,42.400000000000006
7.807157,26,8,-3.9312920570373535,1.6618438959121704,-0.10339216887950897,-0.17052115499973297,4.269364392118707,157.08514686441754,16.7,56.5
8.10187,27,0,-0.11562623083591461,0.04108866676688194,-0.02664591185748577,0.0,0.12556953616509453,160.43694085816608,34.0,54.7
8.10187,27,1,-0.8055294156074524,2.1466195583343506,-0.6597647666931152,0.0,2.385821182528579,110.56884610723466,14.4,56.5
8.10187,27,2,-1.8500198125839233,1.4534016847610474,1.8834148645401,0.0,3.013669078746024,141.84632207778174,14.100000000000001,63.6
8.10187,27,3,-1.2294923067092896,2.713066339492798,-2.094818353652954,0.0,3.6415167484919593,114.37881851883488,11.700000000000001,70.8
8.10187,27,4,-2.570756673812866,2.09936785697937,1.4981683492660522,0.0,3.6415166727085175,140.76374834187772,11.700000000000001,70.8
8.10187,27,5,1.4800158739089966,4.873974800109863,3.2222237586975098,0.0,6.027337993695334,73.1087272518108,12.700000000000001,68.5
8.10187,27,6,3.7000396251678467,4.000114917755127,-2.57635235786438,0.0,6.027338057130417,47.23168926573358,12.700000000000001,68.5
8.10187,27,7,0.20041880011558533,3.151128053665161,-0.8301780223846436,-0.34104230999946594,3.26480799663408,86.36076204860294,35.4,42.2
8.10187,27,8,2.7750298976898193,2.756808042526245,2.2658708095550537,-0.34104230999946594,4.520503516424186,44.81126858179736,11.9,55.1
8.10187,27,9,-0.13875149190425873,4.084769248962402,1.9314134120941162,-0.34104230999946594,4.52050324213926,91.94547572396877,11.9,55.1
8.10187,27,10,-3.688476800918579,1.767594337463379,-0.6646673083305359,-0.17052115499973297,4.143794575447789,154.39529593245,12.9,60.800000000000004
8.10187,27,11,-2.0350215435028076,1.232753038406372,3.3926451206207275,-0.17052115499973297,4.143794595620339,148.79381678085625,12.9,60.800000000000004
8.411741,28,0,-0.11562623083591461,0.041084300726652145,-0.02665264531970024,0.0,0.1255695366163941,160.43886179532893,33.6,55.1
8.411741,28,1,-0.8055294156074524,2.1487698554992676,-0.6527271270751953,0.0,2.385821081667916,110.54998377091152,13.700000000000001,57.2
8.411741,28,2,-1.9425207376480103,1.2412606477737427,1.9411559104919434,0.0,3.013669039682703,147.42163382870706,13.600000000000001,64.10000000000001
8.411741,28,3,-2.570756673812866,2.0998313426971436,1.4975188970565796,0.0,3.641516770628447,140.7575517578976,11.5,70.8
8.411741,28,4,-1.2294923067092896,2.7107956409454346,-2.0977559089660645,0.0,3.6415167434501985,114.39685988517418,11.5,70.8
8.411741,28,5,1.2950139045715332,5.296404838562012,2.5690155029296875,0.0,6.027338208634867,76.2602899826234,12.9,68.4
8.411741,28,6,3.7000396251678467,4.032723903656006,-2.5250048637390137,0.0,6.027338124979917,47.4634992988078,12.9,68.4
8.411741,28,7,0.0,3.3946285247802734,1.6332281827926636,-0.42630288004875183,3.7670860248101743,90.0,17.6,46.900000000000006
8.411741,28,8,-1.3875148296356201,2.8605446815490723,-2.0206494331359863,-0.42630288004875183,3.7670860634222616,115.87582817396701,17.6,46.900000000000006
8.411741,28,9,-3.4071197509765625,1.3938145637512207,-2.162472724914551,-0.17052115499973297,4.269364393164276,157.75107937993292,15.600000000000001,59.900000000000006
8.411741,28,10,0.5241722464561462,3.4167423248291016,-2.505711078643799,-0.17052115499973297,4.269364433715132,81.27809064901346,15.600000000000001,59.900000000000006
8.705439,29,0,-0.11562623083591461,0.04112168774008751,-0.026594921946525574,0.0,0.12556953584868927,160.42241402395018,35.2,53.5
8.705439,29,1,-0.8055294156074524,2.130540370941162,-0.7099735140800476,0.0,2.385821096040975,110.71094880626721,15.3,55.5
8.705439,29,2,-2.570756673812866,2.1271088123321533,1.458513617515564,0.0,3.641516682363659,140.39478787236226,11.4,70.8
8.705439,29,3,-1.2294923067092896,2.7035350799560547,-2.107104778289795,0.0,3.6415166905428302,114.45471575468059,11.4,70.8
8.705439,29,4,1.4800158739089966,4.957545757293701,3.09210205078125,0.0,6.027337887917766,73.37763575679817,12.600000000000001,68.7
8.705439,29,5,3.7000396251678467,4.015160083770752,-2.5528416633605957,0.0,6.027338076158319,47.33889503349366,12.600000000000001,68.7
8.705439,29,6,-0.3854207694530487,2.039729595184326,2.3549461364746094,-0.08526057749986649,3.139238330661322,100.70026745480399,18.400000000000002,60.2
8.705439,29,7,0.3854207694530487,2.7141075134277344,-1.5296694040298462,-0.08526057749986649,3.1392383231598844,81.91766968377392,18.400000000000002,60.2
8.994394,30,0,-0.11562623083591461,0.04113150015473366,-0.02657974883913994,0.0,0.12556953695323889,160.4180977776631,34.7,54.0
8.994394,30,1,-0.8055294156074524,2.1163346767425537,-0.7512606978416443,0.0,2.385821187665456,110.83806477162412,15.0,55.800000000000004
8.994394,30,2,-1.8500198125839233,1.4394547939300537,1.894095540046692,0.0,3.013669080298306,142.1143950196608,14.600000000000001,63.1
8.994394,30,3,-2.570756673812866,2.080348253250122,1.524469017982483,0.0,3.641516788035269,141.01897729643616,11.3,70.8
8.994394,30,4,-1.2294923067092896,2.6853692531585693,-2.1302077770233154,0.0,3.641516789932096,114.60060450840135,11.3,70.8
8.994394,30,5,1.4800158739089966,4.978302001953125,3.058572292327881,0.0,6.0273379096470885,73.44313859549541,12.700000000000001,68.60000000000001
8.994394,30,6,3.7000396251678467,4.050860404968262,-2.495804786682129,0.0,6.0273381174094816,47.59154943706119,12.700000000000001,68.60000000000001
8.994394,30,7,-0.49333858489990234,7.621789455413818,-2.499894380569458,0.34104230999946594,8.036450048125172,93.7034403577306,14.600000000000001,42.7
8.994394,30,8,-0.27750298380851746,2.564756393432617,1.5579530000686646,-0.34104230999946594,3.013668995443771,96.17529846619334,40.6,40.5
8.994394,30,9,-2.123668670654297,2.4094960689544678,-1.7161012887954712,-0.25578173995018005,3.641516656893265,131.39213360987785,21.0,53.300000000000004
9.29738,31,0,-0.11562623083591461,0.041105665266513824,-0.0266196820884943,0.0,0.12556953630883327,160.42946242365085,33.9,54.800000000000004
9.29738,31,1,-0.8055294156074524,2.1244335174560547,-0.7280433177947998,0.0,2.3858211337158637,110.76541227033923,14.200000000000001,56.7
9.29738,31,2,-1.8500198125839233,1.4545401334762573,1.8825358152389526,0.0,3.0136690930663854,141.8245264707208,14.3,63.5
9.29738,31,3,-2.570756673812866,2.09065842628479,1.5102983713150024,0.0,3.6415166760219204,140.8803930233154,11.600000000000001,70.8
9.29738,31,4,-1.2294923067092896,2.720168113708496,-2.0855884552001953,0.0,3.6415168684983605,114.32255421969178,11.600000000000001,70.8
9.29738,31,5,1.4800158739089966,5.007267475128174,3.010918378829956,0.0,6.027338055765173,73.53371382145909,12.8,68.5
9.29738,31,6,3.7000396251678467,4.080410957336426,-2.4471943378448486,0.0,6.027338296109094,47.798852584182825,12.8,68.5
9.29738,31,7,-0.24666929244995117,7.9773077964782715,-0.9414089322090149,0.34104230999946594,8.036450472517933,91.77109972020571,13.5,45.900000000000006
9.29738,31,8,-0.7631331086158752,3.821140766143799,-7.314413547515869,0.34104230999946594,8.287589181434818,101.29414356969224,13.100000000000001,46.800000000000004
9.29738,31,9,-0.2659403383731842,2.4988417625427246,1.4234405755996704,-0.34104230999946594,2.8880992867394975,96.07486212069814,41.5,40.900000000000006
9.29738,31,10,-3.4533703327178955,1.8801021575927734,-0.8279988765716553,-0.34104230999946594,4.018225095422733,151.43500958838902,14.200000000000001,60.900000000000006
9.29738,31,11,0.49333858489990234,2.432849168777466,-3.1597461700439453,-0.34104230999946594,4.018225217242013,78.53687085913703,14.200000000000001,60.900000000000006
9.29738,31,12,-2.0812721252441406,2.2642621994018555,-1.4269137382507324,-0.25578173995018005,3.390377528147429,132.58870428479293,21.3,47.5
9.29738,31,13,-0.8325088620185852,3.2852818965911865,0.09225862473249435,-0.25578173995018005,3.3903775304893107,104.2197447963351,21.3,47.5
9.599681,32,0,-0.11562623083591461,0.04112718626856804,-0.026586422696709633,0.0,0.12556953682919206,160.41999532441818,34.0,54.7
9.599681,32,1,-0.8055294156074524,2.1377487182617188,-0.6879650354385376,0.0,2.3858212656912197,110.64701225440758,14.5,56.400000000000006
9.599681,32,2,-1.8500198125839233,1.4626131057739258,1.8762704133987427,0.0,3.01366903762344,141.67034285501293,14.8,63.0
9.599681,32,3,-2.570756673812866,2.0091958045959473,1.6170918941497803,0.0,3.6415166965543726,141.9903056733612,11.3,70.8
9.599681,32,4,-1.2294923067092896,2.6495859622955322,-2.1745545864105225,0.0,3.64151682038267,114.89280224153202,11.3,70.8
9.599681,32,5,1.4800158739089966,4.856600761413574,3.2483510971069336,0.0,6.027337952434834,73.05175837319658,12.700000000000001,68.5
9.599681,32,6,3.7000396251678467,4.026733875274658,-2.534546375274658,0.0,6.027338074018629,47.42107002351697,12.700000000000001,68.5
9.599681,32,7,0.27750298380851746,2.76427960395813,-1.167883276939392,-0.42630288004875183,3.013669023538623,84.2673461025743,34.2,40.800000000000004
9.599681,32,8,-3.237534523010254,1.8288497924804688,-0.6038345694541931,-0.42630288004875183,3.7670860805677133,150.5383439493638,13.600000000000001,59.2
9.599681,32,9,0.34687870740890503,2.7592227458953857,-2.5411221981048584,-0.42630288004875183,3.767086012400223,82.834589244945,13.600000000000001,59.2
9.599681,32,10,-0.25437772274017334,2.442289352416992,1.2657352685928345,-0.17052115499973297,2.7625298327648267,95.94622673197053,40.7,41.1
9.896721,33,0,-0.11562623083591461,0.0411117784678936,-0.026610242202878,0.0,0.12556953681609723,160.42677311027984,35.300000000000004,53.400000000000006
9.896721,33,1,-0.8055294156074524,2.127943992614746,-0.7177181243896484,0.0,2.385821154485697,110.73407097874166,15.700000000000001,55.2
9.896721,33,2,-1.8500198125839233,1.444655418395996,1.890131950378418,0.0,3.0136690884526933,142.01420454932077,14.9,62.900000000000006
9.896721,33,3,-2.570756673812866,2.0854263305664062,1.517514705657959,0.0,3.641516681008233,140.9506523122478,11.4,70.9
9.896721,33,4,-1.2294923067092896,2.6640472412109375,-2.156813621520996,0.0,3.6415167215927284,114.77393564018423,11.4,70.9
9.896721,33,5,1.4800158739089966,4.798395156860352,3.3337302207946777,0.0,6.027337741776482,72.85815699589007,12.5,68.8
9.896721,33,6,3.7000396251678467,4.002471923828125,-2.5726888179779053,0.0,6.027337926729609,47.24851305717719,12.5,68.8
9.896721,33,7,-3.1296167373657227,1.5978775024414062,-0.9554738402366638,-0.34104230999946594,3.6415166750935875,152.95266543586266,17.900000000000002,57.1
9.896721,33,8,0.22354406118392944,2.9479966163635254,-2.1260263919830322,-0.34104230999946594,3.641516746740263,85.66360885607101,17.900000000000002,57.1
9.896721,33,9,-0.25437772274017334,2.472013235092163,1.2066538333892822,-0.17052115499973297,2.762529806885411,95.87523150483432,40.0,41.1
10.200774,34,0,-0.11562623083591461,0.0411309115588665,-0.026580659672617912,0.0,0.12556953695707826,160.41835668037228,35.4,53.300000000000004
10.200774,34,1,-0.8055294156074524,2.1273093223571777,-0.7195970416069031,0.0,2.385821136356631,110.73973057400563,15.700000000000001,55.2
10.200774,34,2,-1.8500198125839233,1.485251545906067,1.8584014177322388,0.0,3.0136690745665176,141.24145535623813,14.700000000000001,63.0
10.200774,34,3,-2.570756673812866,2.109605312347412,1.4837180376052856,0.0,3.641516670970091,140.6271331265542,11.3,71.0
10.200774,34,4,-1.2294923067092896,2.687844753265381,-2.1270833015441895,0.0,3.6415167336731677,114.58062790430313,11.3,71.0
10.200774,34,5,1.4800158739089966,4.896265506744385,3.1882500648498535,0.0,6.027337834863129,73.18127537330037,12.100000000000001,69.10000000000001
10.200774,34,6,3.7000396251678467,4.084806442260742,-2.439849853515625,0.0,6.027338069682776,47.82954724643057,12.100000000000001,69.10000000000001
10.200774,34,7,-0.16187672317028046,2.286029577255249,1.3043866157531738,-0.42630288004875183,2.6369603229753342,94.05042764559663,34.5,40.900000000000006
10.200774,34,8,-2.1043975353240967,2.0911216735839844,-1.3629716634750366,-0.34104230999946594,3.2648078957033175,135.18130016107864,17.1,52.6
10.200774,34,9,0.16187672317028046,2.5357627868652344,-0.7051683068275452,-0.17052115499973297,2.6369602434828088,86.34733786328908,34.5,40.800000000000004
10.49716,35,0,-0.11562623083591461,0.04112683981657028,-0.026586953550577164,0.0,0.1255695357549696,160.4201477200089,35.1,53.6
10.49716,35,1,-1.8500198125839233,1.379902720451355,1.9379103183746338,0.0,3.0136690639360153,143.28128102297916,14.8,63.0
10.49716,35,2,1.4800158739089966,4.917243003845215,3.1558003425598145,0.0,6.027337849165912,73.24899881765819,12.100000000000001,69.2
10.49716,35,3,3.7000396251678467,3.9628536701202393,-2.6333065032958984,0.0,6.02733818355152,46.96430185695998,12.100000000000001,69.2
10.49716,35,4,-0.5241722464561462,8.456997871398926,1.0556169748306274,0.34104230999946594,8.538729222685973,93.54670628250325,13.600000000000001,44.7
10.49716,35,5,-1.002094030380249,2.6964595317840576,1.5439833402633667,-0.34104230999946594,3.264807958714211,110.38674021470717,15.5,56.400000000000006
10.49716,35,6,-2.1043975353240967,2.4063870906829834,-0.6631609797477722,-0.34104230999946594,3.264807850692575,131.16985802475003,15.5,56.400000000000006
10.49716,35,7,-0.23125246167182922,2.2746949195861816,1.038926362991333,-0.25578173995018005,2.5113905841065156,95.8049207989932,38.300000000000004,40.300000000000004
10.806577,36,0,-0.11562623083591461,0.04112691804766655,-0.026586834341287613,0.0,0.12556953613719676,160.42011330807614,34.7,54.0
10.806577,36,1,-1.8500198125839233,1.3625777959823608,1.9501307010650635,0.0,3.0136690774359614,143.6275869941926,14.5,63.1
10.806577,36,2,1.4800158739089966,4.901918888092041,3.179551124572754,0.0,6.02733781417866,73.19957895923082,12.600000000000001,68.60000000000001
10.806577,36,3,3.7000396251678467,3.9874327182769775,-2.595937490463257,0.0,6.027338082851386,47.14098286001801,12.600000000000001,68.60000000000001
10.806577,36,4,-0.30833661556243896,1.732624888420105,1.7916536331176758,-0.17052115499973297,2.5113906931286194,100.0906763929541,37.7,41.6
10.806577,36,5,-1.2333464622497559,2.0665440559387207,-0.7178685069084167,-0.17052115499973297,2.511390655451789,120.82942661273374,37.7,41.6
10.806577,36,6,-2.023458957672119,2.307955265045166,-0.6586148142814636,-0.17052115499973297,3.1392383044974856,131.2420917086432,22.5,55.900000000000006
11.08196,37,0,-0.11562623083591461,0.04107823222875595,-0.02666199579834938,0.0,0.12556953627497003,160.44153184288007,34.2,54.5
11.08196,37,1,-2.374191999435425,2.1140992641448975,1.501892328262329,0.0,3.5159470864241427,138.31653353064974,12.9,69.5
11.08196,37,2,-1.0791782140731812,2.586533308029175,-2.1229939460754395,0.0,3.515947022687841,112.64734108132278,12.9,69.5
11.08196,37,3,1.4800158739089966,4.937809944152832,3.1235220432281494,0.0,6.027338051422814,73.3148844134166,12.4,68.8
11.08196,37,4,3.7000396251678467,4.025430202484131,-2.536616325378418,0.0,6.027338046356779,47.41182662239477,12.4,68.8
11.08196,37,5,-0.08093836158514023,2.3107762336730957,1.2678018808364868,-0.25578173995018005,2.6369602631698945,92.00604946700207,30.5,41.900000000000006
11.08196,37,6,-0.292919784784317,1.8364235162734985,1.4946200847625732,-0.17052115499973297,2.385821143593143,99.06265330784721,33.4,41.0
11.08196,37,7,-1.171679139137268,1.946380853652954,-0.7286369204521179,-0.17052115499973297,2.385821073425708,121.04703028776139,33.4,41.0
11.404566,38,0,-0.11562623083591461,0.04108939319849014,-0.026644792407751083,0.0,0.12556953632626222,160.4366212527551,34.7,54.0
11.404566,38,1,1.4800158739089966,4.80734395980835,3.3208134174346924,0.0,6.027338109675175,72.8882008223799,12.3,69.10000000000001
11.404566,38,2,3.7000396251678467,3.9717752933502197,-2.61983060836792,0.0,6.02733810443888,47.02856834153557,12.3,69.10000000000001
11.404566,38,3,-0.1464598923921585,1.371984601020813,1.9463684558868408,-0.25578173995018005,2.3858211189418803,96.09327118868977,40.5,40.1
11.404566,38,4,-1.0984491109848022,1.904106855392456,-0.9273235201835632,-0.25578173995018005,2.3858210907906496,119.97996700361753,40.5,40.1
11.404566,38,5,-1.9425207376480103,2.301595687866211,0.10710459202528,-0.08526057749986649,3.0136690130519987,130.16398748110223,19.3,59.400000000000006
11.708345,39,0,-0.11562623083591461,0.04106326028704643,-0.026685049757361412,0.0,0.12556953644604565,160.4481196495576,34.6,54.1
11.708345,39,1,-0.8055294156074524,2.1732187271118164,-0.566025972366333,0.0,2.3858211744956157,110.33782473195299,16.3,55.6
11.708345,39,2,-1.8500198125839233,0.9378272294998169,2.1863458156585693,0.0,3.013669066933543,153.1182639895387,14.4,63.0
11.708345,39,3,1.4800158739089966,4.840327739715576,3.272550106048584,0.0,6.027338036934822,72.9980603883839,12.4,68.7
11.708345,39,4,3.7000396251678467,3.984846830368042,-2.599905252456665,0.0,6.027338119855083,47.12244983278919,12.4,68.7
11.708345,39,5,-0.2697945535182953,8.577140808105469,1.903059959411621,0.25578173995018005,8.789867504820084,91.80164864195683,11.3,47.800000000000004
11.708345,39,6,-0.27750298380851746,1.654733419418335,1.514459490776062,-0.34104230999946594,2.2602517878688237,99.52005911448336,37.6,41.5
11.708345,39,7,-1.1100119352340698,1.836056113243103,-0.7109919786453247,-0.34104230999946594,2.2602517870886527,121.15561321531081,37.6,41.5
11.708345,39,8,0.30833661556243896,2.3872768878936768,-0.7161852717399597,-0.17052115499973297,2.5113908002190852,82.64051755997396,32.300000000000004,40.400000000000006
12.010483,40,0,-0.11562623083591461,0.04109766706824303,-0.026632031425833702,0.0,0.12556953688550002,160.43298111848037,34.5,54.2
12.010483,40,1,-1.8500198125839233,1.7005176544189453,1.6636910438537598,0.0,3.013669107473941,137.4111238817953,14.9,63.1
12.010483,40,2,1.4800158739089966,4.96843957901001,3.0745673179626465,0.0,6.027337972105081,73.41207730751488,11.9,69.2
12.010483,40,3,3.7000396251678467,3.9459142684936523,-2.6586222648620605,0.0,6.027338134644039,46.841853423652175,11.9,69.2
12.010483,40,4,0.0,8.304403305053711,-2.4712228775024414,0.25578173995018005,8.664297822863572,90.0,13.600000000000001,45.7
12.010483,40,5,-0.19656459987163544,1.753489375114441,1.2014596462249756,-0.17052115499973297,2.1346821571533714,96.39610353742651,40.6,40.2
12.010483,40,6,-0.9828230142593384,1.581488013267517,-1.0439457893371582,-0.17052115499973297,2.1346822303428286,121.85907509247774,40.6,40.2
12.29833,41,0,-0.11562623083591461,0.041084662079811096,-0.026652084663510323,0.0,0.12556953584545658,160.43870280817802,34.4,54.300000000000004
12.29833,41,1,-1.8500198125839233,1.2854080200195312,2.001837730407715,0.0,3.01366908995787,145.2081293648288,14.4,63.400000000000006
12.29833,41,2,1.4800158739089966,4.996146202087402,3.0293362140655518,0.0,6.02733786654639,73.4990517095532,12.100000000000001,69.0
12.29833,41,3,3.7000396251678467,3.999785900115967,-2.5768632888793945,0.0,6.027338125918692,47.22933996017734,12.100000000000001,69.0
12.29833,41,4,0.2697945535182953,8.429166793823242,-2.4775242805480957,0.34104230999946594,8.789867376696073,88.16674481402394,16.8,43.400000000000006
12.29833,41,5,0.19656459987163544,2.0220484733581543,-0.6554009318351746,-0.42630288004875183,2.134682189925037,84.447687105527,31.5,41.0
12.29833,41,6,-2.8097174167633057,1.445263147354126,-1.2293745279312134,-0.34104230999946594,3.3903774505339537,152.77960506212693,18.5,52.5
12.29833,41,7,0.4162544310092926,2.715681314468384,-1.9865716695785522,-0.34104230999946594,3.3903775234418534,81.28563584965381,18.5,52.5
12.29833,41,8,-0.07322994619607925,2.2019522190093994,0.915525496006012,-0.08526057749986649,2.385821270266772,91.90477385380709,26.3,51.7
12.584299,42,0,-0.11562623083591461,0.04114450886845589,-0.026559606194496155,0.0,0.12556953670597568,160.412375912558,34.2,54.5
12.584299,42,1,-0.8055294156074524,2.144503593444824,-0.6666101813316345,0.0,2.385821123965844,110.5874396456417,14.600000000000001,56.400000000000006
12.584299,42,2,-1.8500198125839233,1.4141662120819092,1.9130504131317139,0.0,3.013669070341097,142.60548749098072,14.4,63.400000000000006
12.584299,42,3,-2.570756673812866,2.080850839614868,1.5237828493118286,0.0,3.6415167532961,141.01220916286772,11.3,70.9
12.584299,42,4,-1.2294923067092896,2.729337692260742,-2.0735740661621094,0.0,3.6415168513289333,114.25026744124689,11.3,70.9
12.584299,42,5,1.4800158739089966,4.845400810241699,3.2650341987609863,0.0,6.027338078952625,73.01483598353724,12.100000000000001,69.0
12.584299,42,6,3.7000396251678467,3.92069149017334,-2.6956799030303955,0.0,6.027338146191221,46.65848778742727,12.100000000000001,69.0
12.584299,42,7,-0.18500198423862457,1.6745967864990234,1.0945467948913574,-0.34104230999946594,2.0091124452683147,96.3042177898184,38.800000000000004,39.900000000000006
12.584299,42,8,-0.8633425831794739,1.6636583805084229,-0.7234734296798706,-0.34104230999946594,2.009112596750035,117.42670474711,38.800000000000004,39.900000000000006
12.584299,42,9,-0.31219086050987244,1.7458621263504028,2.889491558074951,-0.34104230999946594,3.3903774364806423,100.13833931958499,13.9,56.300000000000004
12.584299,42,10,-1.6650177240371704,2.855245590209961,-0.7549488544464111,-0.34104230999946594,3.3903774383689638,120.24831853587219,13.9,56.300000000000004
12.584299,42,11,-0.9250099062919617,2.402186632156372,1.5671812295913696,-0.25578173995018005,3.013669017797501,111.06019638889482,13.0,60.1
12.898817,43,0,-0.11562623083591461,0.04109913110733032,-0.026629768311977386,0.0,0.12556953609632923,160.43233702358978,34.6,54.1
12.898817,43,1,-0.8055294156074524,2.1294033527374268,-0.7133767008781433,0.0,2.3858211574663475,110.7210685059643,15.0,56.0
12.898817,43,2,-1.8500198125839233,1.4831771850585938,1.8600573539733887,0.0,3.0136690643303674,141.28054168330456,14.600000000000001,63.1
12.898817,43,3,-2.374191999435425,2.0716261863708496,1.5599555969238281,0.0,3.515947122841097,138.89333371740057,12.9,69.2
12.898817,43,4,-1.0791782140731812,2.6630055904388428,-2.026242733001709,0.0,3.515947099357575,112.06016319029148,12.9,69.2
12.898817,43,5,1.4800158739089966,4.825075626373291,3.2949957847595215,0.0,6.027337638528908,72.94743057754815,11.8,69.4
12.898817,43,6,3.7000396251678467,3.889667510986328,-2.740255117416382,0.0,6.027338109178999,46.43123013954822,11.8,69.4
12.898817,43,7,0.0,2.0055007934570312,0.12041538208723068,-0.34104230999946594,2.009112564492093,90.0,42.300000000000004,39.900000000000006
13.199221,44,0,-0.11562623083591461,0.041104063391685486,-0.02662215195596218,0.0,0.12556953555458525,160.43016713364685,34.9,53.800000000000004
13.199221,44,1,-1.8500198125839233,1.4574576616287231,1.8802778720855713,0.0,3.013669029380626,141.76872984740154,13.3,64.4
13.199221,44,2,1.4800158739089966,4.8049163818359375,3.324324369430542,0.0,6.027337798451962,72.88006081458946,11.5,69.7
13.199221,44,3,3.7000396251678467,3.9396207332611084,-2.6679394245147705,0.0,6.027338178884044,46.79621715761285,11.5,69.7
13.199221,44,4,-0.16187672317028046,1.0788772106170654,1.3785103559494019,-0.25578173995018005,1.7579735238486824,98.5331101700171,41.5,40.300000000000004
13.505534,45,0,-0.11562623083591461,0.04112258553504944,-0.026593539863824844,0.0,0.12556953715331004,160.42201909582684,33.4,55.300000000000004
13.505534,45,1,1.4800158739089966,4.879795074462891,3.213402271270752,0.0,6.02733781306332,73.12772867657436,11.5,69.60000000000001
13.505534,45,2,3.7000396251678467,3.8426406383514404,-2.8058197498321533,0.0,6.02733811660424,46.083098139344344,11.5,69.60000000000001
13.505534,45,3,0.23125246167182922,1.6751176118850708,-0.829600989818573,-0.08526057749986649,1.8835430754258793,82.13991475748445,33.5,49.300000000000004
13.505534,45,4,-0.34687870740890503,1.1533291339874268,1.4481855630874634,-0.08526057749986649,1.8835430321850397,106.73934180837294,33.5,49.300000000000004
13.801811,46,0,-0.11562623083591461,0.041098617017269135,-0.02663056179881096,0.0,0.1255695361135521,160.43256319372836,34.6,54.1
13.801811,46,1,-1.8500198125839233,1.6226391792297363,1.7397327423095703,0.0,3.0136690640460815,138.74623025731512,14.0,64.7
13.801811,46,2,1.4800158739089966,5.053206920623779,2.9331648349761963,0.0,6.027337979473493,73.67540685188405,11.8,69.3
13.801811,46,3,3.7000396251678467,3.9681482315063477,-2.62532114982605,0.0,6.027338115183447,47.00245962226596,11.8,69.3
13.801811,46,4,0.0,8.981934547424316,-1.8305683135986328,0.34104230999946594,9.166576709162793,90.0,12.0,45.2
13.801811,46,5,0.2697945535182953,1.5474764108657837,-0.7893027067184448,-0.17052115499973297,1.7579735794736073,80.11018006198682,43.7,41.900000000000006
14.093453,47,0,-0.11562623083591461,0.04114418476819992,-0.02656010538339615,0.0,0.12556953609668667,160.41251846267747,34.6,54.1
14.093453,47,1,-0.8055294156074524,2.1404244899749756,-0.6795936822891235,0.0,2.38582107663186,110.62337468928764,15.0,56.1
14.093453,47,2,-1.8500198125839233,1.4784811735153198,1.8637921810150146,0.0,3.0136690563837623,141.36918486912077,14.3,63.300000000000004
14.093453,47,3,-1.2294923067092896,2.685234785079956,-2.1303770542144775,0.0,3.6415166588091124,114.60169050072575,11.3,70.8
14.093453,47,4,-2.570756673812866,2.072852373123169,1.534645676612854,0.0,3.6415167429880464,141.1200750724936,11.3,70.8
14.093453,47,5,1.4800158739089966,5.185274600982666,2.6928203105926514,0.0,6.027337795391832,74.06983855105504,11.700000000000001,69.2
14.093453,47,6,3.7000396251678467,3.917018413543701,-2.701014518737793,0.0,6.027338211041835,46.63168086207378,11.700000000000001,69.2
14.093453,47,7,-0.28521138429641724,9.274369239807129,-0.49870169162750244,0.25578173995018005,9.292145807467996,91.7614416241382,15.0,48.0
14.093453,47,8,0.2967739999294281,9.657034873962402,-0.37464237213134766,0.25578173995018005,9.668854858304387,88.23977566705273,11.5,46.7
14.093453,47,9,-3.603684186935425,5.888477325439453,-0.1913367211818695,-0.5115634799003601,6.906324251890845,121.46617966768953,12.200000000000001,48.0
14.093453,47,10,1.3297016620635986,1.7888935804367065,-1.8365378379821777,-0.25578173995018005,2.8880993720027375,53.37622577614541,13.200000000000001,57.0
14.093453,47,11,0.2659403383731842,2.6620752811431885,1.0880019664764404,-0.25578173995018005,2.8880992616432404,84.29510069935881,13.200000000000001,57.0
14.093453,47,12,0.3777123689651489,1.2713806629180908,-1.153861165046692,-0.17052115499973297,1.7579735526776898,73.4539294403467,41.0,42.0
14.40008,48,0,-0.11562623083591461,0.04112357273697853,-0.026592010632157326,0.0,0.12556953659799236,160.42158484099687,32.7,56.0
14.40008,48,1,-0.8055294156074524,1.9953821897506714,-1.0303953886032104,0.0,2.3858211122038946,111.98377239092719,12.8,58.6
14.40008,48,2,1.4800158739089966,4.89823055267334,3.1852304935455322,0.0,6.027337955613365,73.18764186487518,12.4,69.3
14.40008,48,3,3.7000396251678467,4.020200252532959,-2.5448970794677734,0.0,6.027338089352702,47.374712186720735,12.4,69.3
14.40008,48,4,0.0,9.278093338012695,-1.6156539916992188,0.25578173995018005,9.417714893208924,90.0,11.3,46.400000000000006
14.40008,48,5,-0.10020940005779266,1.3396580219268799,0.9273712038993835,-0.25578173995018005,1.6324040214955289,94.2778848434,41.5,41.2
14.40008,48,6,-0.7014657855033875,1.243291974067688,-0.7917787432670593,-0.25578173995018005,1.6324039816487146,119.43170711726485,41.5,41.2
14.40008,48,7,1.2950137853622437,0.6298063397407532,-2.2090365886688232,-0.17052115499973297,2.6369602537644523,25.935126687571746,13.600000000000001,56.5
14.68829,49,0,-0.11562623083591461,0.04113680124282837,-0.026571543887257576,0.0,0.12556953698395415,160.41576605216153,28.3,60.400000000000006
14.68829,49,1,1.4800158739089966,4.863070964813232,3.238656520843506,0.0,6.02733790788556,73.07301748647424,12.4,69.0
14.68829,49,2,3.7000396251678467,4.102383136749268,-2.410179615020752,0.0,6.027338252094249,47.951927280596124,12.4,69.0
14.68829,49,3,-0.1503141075372696,0.9529240131378174,1.3168463706970215,-0.17052115499973297,1.6324040154806425,98.9639688852882,41.0,45.0
14.68829,49,4,-0.7515705227851868,1.3855993747711182,-0.42426273226737976,-0.17052115499973297,1.6324039769850767,118.47608864731609,41.0,45.0
14.996426,50,0,-0.11562623083591461,0.0411384142935276,-0.026569044217467308,0.0,0.12556953650681307,160.415056552459,26.1,62.6
14.996426,50,1,-1.2294923067092896,2.611375093460083,-2.2202956676483154,0.0,3.641516725593728,115.21207840962313,11.5,70.9
14.996426,50,2,-2.570756673812866,2.171485185623169,1.391584038734436,0.0,3.6415167065653735,139.8126487870126,11.5,70.9
14.996426,50,3,1.2950139045715332,5.061038494110107,3.006265878677368,0.0,6.027338233847319,75.64716540181131,11.700000000000001,68.9
14.996426,50,4,3.7000396251678467,4.138395309448242,-2.347806930541992,0.0,6.027338247367277,48.200868116544534,11.700000000000001,68.9
14.996426,50,5,-0.20041880011558533,0.6650637984275818,1.4772491455078125,-0.08526057749986649,1.6324039295842976,106.77032459654282,21.900000000000002,57.6
14.996426,50,6,-0.7515705227851868,1.4451206922531128,-0.10728724300861359,-0.08526057749986649,1.6324039384938105,117.47779467913479,21.900000000000002,57.6
15.288532,51,0,-0.11562623083591461,0.04111339524388313,-0.02660774253308773,0.0,0.12556953646687977,160.42606187482946,28.0,60.7
15.288532,51,1,-1.8500198125839233,1.5401532649993896,1.813161849975586,0.0,3.0136690728824598,140.2224033892157,13.3,65.0
15.288532,51,2,-2.570756673812866,2.1129307746887207,1.4789785146713257,0.0,3.6415166869643025,140.58287067416254,11.600000000000001,70.7
15.288532,51,3,-1.2294923067092896,2.6812314987182617,-2.135413408279419,0.0,3.6415167315606047,114.6340631118512,11.600000000000001,70.7
15.288532,51,4,1.4800158739089966,4.88382625579834,3.20727276802063,0.0,6.027338093415248,73.14086494488062,11.600000000000001,68.9
15.288532,51,5,3.7000396251678467,4.053508281707764,-2.491502046585083,0.0,6.0273381409892135,47.61019214268668,11.600000000000001,68.9
15.288532,51,6,2.4050257205963135,1.7605102062225342,0.44570866227149963,-0.25578173995018005,3.0136690452946846,36.20461445781879,11.600000000000001,51.2
15.288532,51,7,-0.13875149190425873,0.8654303550720215,1.2256951332092285,-0.17052115499973297,1.5068345083513752,99.10852076856966,38.300000000000004,44.7
15.288532,51,8,-0.6937574744224548,1.306564211845398,-0.2866019010543823,-0.17052115499973297,1.5068344708959225,117.96734009696932,38.300000000000004,44.7
15.605745,52,0,-0.11562623083591461,0.041138242930173874,-0.026569310575723648,0.0,0.1255695367243643,160.41513192626454,25.3,63.400000000000006
15.605745,52,1,-1.8500198125839233,1.5801703929901123,1.778395175933838,0.0,3.0136690560876667,139.49813402065467,11.700000000000001,66.2
15.605745,52,2,-1.2294923067092896,2.7613608837127686,-2.030733585357666,0.0,3.641516738538475,114.00095639616904,11.5,70.60000000000001
15.605745,52,3,-2.570756673812866,2.0503251552581787,1.564615249633789,0.0,3.641516716647676,141.4256408847615,11.5,70.60000000000001
15.605745,52,4,0.4162544310092926,0.4743489623069763,-1.3683111667633057,-0.25578173995018005,1.506834476133903,48.73214659767047,38.5,43.6
15.605745,52,5,-2.5591940879821777,9.956442832946777,1.715670108795166,-0.25578173995018005,10.422271930242148,104.41519135976061,16.2,48.5
15.605745,52,6,3.1989924907684326,7.261336803436279,-6.7574543952941895,-0.25578173995018005,10.422272066752614,66.22403969388837,16.2,48.5
15.605745,52,7,-0.15416830778121948,0.9690670967102051,0.783525288105011,-0.08526057749986649,1.2556953381097309,99.0393987503149,12.4,65.3
15.605745,52,8,-0.5781311392784119,1.0169148445129395,-0.4565296173095703,-0.08526057749986649,1.2556953080564381,119.61887112234773,12.4,65.3
15.901778,53,0,-0.11562623083591461,0.04115300998091698,-0.026546431705355644,0.0,0.125569536608593,160.40863692945132,22.200000000000003,66.5
15.901778,53,1,1.2950139045715332,5.121944904327393,2.901280403137207,0.0,6.027338433639424,75.8109069559827,11.4,69.10000000000001
15.901778,53,2,3.7000396251678467,4.072892665863037,-2.459686517715454,0.0,6.027338190352713,47.74626646178389,11.4,69.10000000000001
15.901778,53,3,0.34687870740890503,0.4389598071575165,1.1241708993911743,-0.25578173995018005,1.2556953296844735,51.68319154551996,21.900000000000002,54.5
16.205392,54,0,-0.11562623083591461,0.04106748104095459,-0.026678550988435745,0.0,0.12556953587240793,160.44626242043066,22.6,66.10000000000001
16.205392,54,1,1.4800158739089966,4.995634078979492,3.0301804542541504,0.0,6.027337755877613,73.49745213790287,12.700000000000001,69.0
16.205392,54,2,3.7000396251678467,4.051275253295898,-2.495131492614746,0.0,6.0273381829143995,47.59447110614412,12.700000000000001,69.0
16.205392,54,3,0.3006282150745392,9.334461212158203,-2.95096492767334,0.17052115499973297,9.794423793636,88.15535403459835,15.3,46.5
16.205392,54,4,0.2967739999294281,0.9114794135093689,-0.9944965243339539,-0.08526057749986649,1.381264951121909,71.96496076112969,15.0,66.4
16.502153,55,0,-0.11562623083591461,0.04113425314426422,-0.02657548524439335,0.0,0.12556953633358528,160.4168868450298,19.700000000000003,69.0
16.502153,55,1,-2.374191999435425,2.0514707565307617,1.586368203163147,0.0,3.5159470973112135,139.17065115825957,12.4,69.60000000000001
16.502153,55,2,-1.0791782140731812,2.7116076946258545,-1.9607247114181519,0.0,3.5159469992094756,111.7017958928619,12.4,69.60000000000001
16.502153,55,3,1.4800158739089966,5.016580104827881,2.9953763484954834,0.0,6.027337920201891,73.56263011987984,12.600000000000001,69.3
16.502153,55,4,3.7000396251678467,4.046528339385986,-2.5028223991394043,0.0,6.027338118182856,47.56102032428294,12.600000000000001,69.3
16.795691,56,0,-0.11562623083591461,0.04115251451730728,-0.026547197252511978,0.0,0.12556953607615653,160.40885484087872,19.700000000000003,69.0
16.795691,56,1,0.4663591682910919,0.34643563628196716,-1.2531497478485107,0.0,1.3812649327583888,36.60686873312823,11.5,69.60000000000001
16.795691,56,2,-0.21198143064975739,0.9640207290649414,0.9662404656410217,0.0,1.3812649023447303,102.40157193338733,11.5,69.60000000000001
16.795691,56,3,-2.374191999435425,2.035081386566162,1.60733962059021,0.0,3.5159471776535995,139.397875208549,12.3,69.60000000000001
16.795691,56,4,-1.0791782140731812,2.761849880218506,-1.8892968893051147,0.0,3.5159469726563195,111.34280960464923,12.3,69.60000000000001
16.795691,56,5,1.4800158739089966,5.021302700042725,2.987452745437622,0.0,6.027337861668429,73.57725636601467,12.4,69.3
16.795691,56,6,3.7000396251678467,4.026288986206055,-2.535252809524536,0.0,6.0273379726425205,47.417916001573296,12.4,69.3
17.16264,57,0,-0.11562623083591461,0.04113476723432541,-0.026574689894914627,0.0,0.12556953641609583,160.4166607188967,18.2,70.5
17.16264,57,1,-0.655215322971344,1.0276931524276733,-0.3021760582923889,0.0,1.2556953074724364,122.51992622624299,12.200000000000001,68.4
17.16264,57,2,-0.19271038472652435,0.8159669637680054,0.9347894787788391,0.0,1.2556953245026583,103.28829293834082,12.200000000000001,68.4
17.16264,57,3,-2.482109785079956,1.8101493120193481,1.7100802659988403,0.0,3.515947103292717,143.89753273304063,11.8,69.9
17.16264,57,4,-1.0791782140731812,2.787091016769409,-1.8518589735031128,0.0,3.515947043291597,111.16669956452391,11.8,69.9
17.16264,57,5,1.4800158739089966,4.840606689453125,3.2721376419067383,0.0,6.0273381236316865,72.99898365297177,12.200000000000001,68.9
17.16264,57,6,3.7000396251678467,4.07047700881958,-2.463682174682617,0.0,6.027338232170971,47.72934774186008,12.200000000000001,68.9
17.16264,57,7,-0.6475068926811218,1.4612994194030762,-0.7319902777671814,-0.08526057749986649,1.757973531075768,113.89829984103721,12.700000000000001,58.300000000000004
17.16264,57,8,0.0,1.348374605178833,1.1279879808425903,-0.08526057749986649,1.7579735381445643,90.0,12.700000000000001,58.300000000000004
17.698983,58,0,-0.11562623083591461,0.041168779134750366,-0.026521967723965645,0.0,0.12556953613324032,160.4017017559109,13.8,74.9
17.698983,58,1,-0.7207368612289429,1.1543667316436768,0.23636546730995178,0.0,1.381264930560573,121.97887986203949,19.400000000000002,68.7
17.698983,58,2,-0.21198143064975739,0.6751905083656311,-1.1862016916275024,0.0,1.3812649285156362,107.4300957287259,19.400000000000002,68.7
17.698983,58,3,1.2950139045715332,5.017443656921387,3.078474283218384,0.0,6.027338199889833,75.52767455709382,11.600000000000001,69.10000000000001
17.698983,58,4,3.7000396251678467,4.058022975921631,-2.4841420650482178,0.0,6.027338177028239,47.64194778701732,11.600000000000001,69.10000000000001
17.985566,59,0,-0.11562623083591461,0.04110850393772125,-0.02661529928445816,0.0,0.12556953654975053,160.42821362712039,16.400000000000002,72.3
17.985566,59,1,1.2950139045715332,5.040412902832031,3.0407209396362305,0.0,6.027338307811457,75.59087355683376,11.600000000000001,69.2
17.985566,59,2,3.7000396251678467,4.027929306030273,-2.532646417617798,0.0,6.02733818520763,47.42954310688776,11.600000000000001,69.2
17.985566,59,3,-0.7862583994865417,1.2426577806472778,0.3288613557815552,-0.08526057749986649,1.5068345701810928,122.32248611033279,22.1,62.300000000000004
18.297812,60,0,-0.11562623083591461,0.0411178283393383,-0.02660088986158371,0.0,0.12556953613871324,160.42411174532037,17.1,71.60000000000001
18.297812,60,1,-0.76313316822052,1.1289362907409668,0.22588366270065308,0.0,1.3812649311646639,124.05772622639383,14.4,69.8
18.297812,60,2,-0.25437772274017334,0.77007657289505,-1.1181086301803589,0.0,1.3812649502655385,108.27982691036097,14.4,69.8
18.297812,60,3,1.4800158739089966,5.022050857543945,2.986194610595703,0.0,6.027337725325445,73.57957114586706,12.600000000000001,68.9
18.297812,60,4,3.7000396251678467,4.018509864807129,-2.547565460205078,0.0,6.027338096987288,47.36270513553175,12.600000000000001,68.9
18.591271,61,0,-0.11562623083591461,0.041105590760707855,-0.026619799435138702,0.0,0.12556953679564967,160.42949520072332,19.1,69.60000000000001
18.591271,61,1,-0.6937574148178101,1.0460835695266724,-0.034358296543359756,0.0,1.255695296475111,123.55213941907338,14.4,68.3
18.591271,61,2,-2.482109785079956,1.8598525524139404,1.655887484550476,0.0,3.5159470791525314,143.15566579853086,12.3,69.60000000000001
18.591271,61,3,-1.0791782140731812,2.7462403774261475,-1.911915898323059,0.0,3.5159471313710564,111.45312333572787,12.3,69.60000000000001
18.591271,61,4,1.4800158739089966,4.990940570831299,3.037904739379883,0.0,6.0273377186067165,73.48277832127312,12.0,69.3
18.591271,61,5,3.7000396251678467,3.964594602584839,-2.6306846141815186,0.0,6.027338146308735,46.976854722931456,12.0,69.3
18.896093,62,0,-0.11562623083591461,0.04109267145395279,-0.02663973718881607,0.0,0.12556953652073383,160.43517894666212,18.3,70.4
18.896093,62,1,0.46250492334365845,1.0293278694152832,0.5507667064666748,0.0,1.2556952782519644,65.8043237877744,15.200000000000001,68.60000000000001
18.896093,62,2,-0.23125246167182922,0.5492247939109802,-1.1052806377410889,0.0,1.25569537047852,112.83364681138401,15.200000000000001,68.60000000000001
18.896093,62,3,-2.482109785079956,1.7990983724594116,1.7217025756835938,0.0,3.51594705564394,144.06441327614385,11.700000000000001,70.2
18.896093,62,4,-1.0791782140731812,2.756848096847534,-1.8965882062911987,0.0,3.5159470802423805,111.37803972026401,11.700000000000001,70.2
18.896093,62,5,1.4800158739089966,5.028829574584961,2.9747655391693115,0.0,6.0273380434709525,73.60051543307632,12.100000000000001,69.2
18.896093,62,6,3.7000396251678467,3.9775383472442627,-2.611072540283203,0.0,6.027338080963421,47.070000124016545,12.100000000000001,69.2
19.197862,63,0,-0.11562623083591461,0.0411367230117321,-0.026571663096547127,0.0,0.12556953658105371,160.41580046223677,16.7,72.0
19.197862,63,1,-0.7207368612289429,1.1776065826416016,0.040914203971624374,0.0,1.3812649487703694,121.4681059017335,17.900000000000002,69.8
19.197862,63,2,1.2950139045715332,5.009366512298584,3.091600179672241,0.0,6.027338180202063,75.50532147414302,11.5,69.0
19.197862,63,3,3.515037775039673,4.212265968322754,-2.4960222244262695,0.0,6.027337894350684,50.15578919048882,11.5,69.0
19.197862,63,4,0.0,1.3017128705978394,0.9850311875343323,0.25578173995018005,1.632404005721428,90.0,29.0,42.5
19.197862,63,5,-0.6012564301490784,1.3980966806411743,-0.590388834476471,0.25578173995018005,1.6324039325761162,113.27029380054022,29.0,42.5
19.501443,64,0,-0.11562623083591461,0.04109905660152435,-0.02662988379597664,0.0,0.12556953620143196,160.4323698018314,20.400000000000002,68.3
19.501443,64,1,-0.7207368612289429,1.16242516040802,0.19287008047103882,0.0,1.3812649074759933,121.80009705388561,14.8,69.9
19.501443,64,2,-2.374191999435425,2.0003397464752197,1.6503751277923584,0.0,3.515947214328931,139.88469092533654,11.9,69.9
19.501443,64,3,-1.0791782140731812,2.762749195098877,-1.88798189163208,0.0,3.515947149187587,111.33648700793728,11.9,69.9
19.501443,64,4,1.4800158739089966,4.903265476226807,3.1774742603302,0.0,6.0273378860356965,73.20393301618489,12.700000000000001,69.0
19.501443,64,5,3.7000396251678467,3.9950366020202637,-2.5842204093933105,0.0,6.0273382021933,47.19540503274835,12.700000000000001,69.0
19.501443,64,6,-0.05395891144871712,1.5545926094055176,0.8190247416496277,0.17052115499973297,1.757973626871924,91.9879016789755,20.200000000000003,50.300000000000004
19.501443,64,7,-0.7014658451080322,1.3946410417556763,-0.808327317237854,0.17052115499973297,1.7579735546917166,116.7011304021501,20.200000000000003,50.300000000000004
19.501443,64,8,-1.6110588312149048,1.7596148252487183,-0.019690828397870064,0.25578173995018005,2.3858211625336896,132.47643122478067,13.100000000000001,52.6
19.788607,65,0,-0.11562623083591461,0.04110473394393921,-0.026621121913194656,0.0,0.12556953667924164,160.4298721380149,28.700000000000003,60.0
19.788607,65,1,-1.8500198125839233,1.448091983795166,1.887500286102295,0.0,3.01366903135051,141.94814859120163,11.9,66.10000000000001
19.788607,65,2,-2.570756673812866,2.1083765029907227,1.4854636192321777,0.0,3.6415166508446917,140.64350299695798,11.5,70.7
19.788607,65,3,-1.2294923067092896,2.653944253921509,-2.1692333221435547,0.0,3.6415168049973747,114.85686633446403,11.5,70.7
19.788607,65,4,1.2950139045715332,5.272061347961426,2.6186091899871826,0.0,6.027338215131766,76.19926782391217,11.8,68.8
19.788607,65,5,3.7000396251678467,3.9295401573181152,-2.6827645301818848,0.0,6.027338102362429,46.72295833168054,11.8,68.8
19.788607,65,6,-0.8055294156074524,1.2638778686523438,1.8563075065612793,0.25578173995018005,2.3858211301759042,122.5112979735744,12.9,53.300000000000004
19.788607,65,7,0.42396286129951477,0.8385991454124451,0.832933247089386,0.34104230999946594,1.2556953565871871,63.180627539634926,23.400000000000002,55.1
20.100481,66,0,-0.11562623083591461,0.04112612083554268,-0.026588069275021553,0.0,0.1255695365129346,160.42046398274644,30.400000000000002,58.300000000000004
20.100481,66,1,-1.8500198125839233,1.4360229969024658,1.8966987133026123,0.0,3.013669086616774,142.18065856799853,12.0,65.0
20.100481,66,2,-2.570756673812866,2.1398353576660156,1.4397773742675781,0.0,3.6415167336322756,140.22682585397834,11.700000000000001,70.7
20.100481,66,3,-1.2294923067092896,2.5926945209503174,-2.2420811653137207,0.0,3.641516739365296,115.37096764143119,11.700000000000001,70.7
20.100481,66,4,0.8671967387199402,1.641610860824585,-0.3175184726715088,0.08526057749986649,1.8835430397289525,62.15431480938246,14.200000000000001,51.900000000000006
20.100481,66,5,-0.34687870740890503,1.7783403396606445,-0.51469886302948,0.08526057749986649,1.8835429702881346,101.03738547972118,14.200000000000001,51.900000000000006
20.100481,66,6,-0.12718886137008667,1.1118357181549072,0.8096524477005005,0.17052115499973297,1.3812649118431515,96.5260036345948,17.900000000000002,60.2
20.100481,66,7,-0.6359442472457886,1.085648536682129,-0.5699428915977478,0.17052115499973297,1.3812649023586543,120.3606456018044,17.900000000000002,60.2
20.100481,66,8,2.304816246032715,1.6267772912979126,-0.61849445104599,0.34104230999946594,2.888099317792515,35.215073848002355,15.100000000000001,50.0
20.100481,66,9,0.42396286129951477,1.034985899925232,0.8105260729789734,0.42630288004875183,1.381264940474502,67.72444661075394,34.0,49.2
20.390276,67,0,-0.11562623083591461,0.04113028198480606,-0.02658163011074066,0.0,0.12556953616548128,160.4186336088749,28.400000000000002,60.300000000000004
20.390276,67,1,-1.8500198125839233,1.4023975133895874,1.9216943979263306,0.0,3.013669101201357,142.83625008694813,11.600000000000001,65.8
20.390276,67,2,-2.374191999435425,2.0539047718048096,1.583215594291687,0.0,3.515947109931281,139.13703781749643,12.200000000000001,69.9
20.390276,67,3,-1.0791782140731812,2.73447585105896,-1.928704023361206,0.0,3.515946957433304,111.53698487514035,12.200000000000001,69.9
20.390276,67,4,0.5087554454803467,1.0962929725646973,0.8999221324920654,0.25578173995018005,1.5068345063575206,65.10545285346727,36.5,43.900000000000006
20.390276,67,5,-0.16958513855934143,0.8465456366539001,1.0781902074813843,-0.08526057749986649,1.3812649121970408,101.32789380119148,12.4,65.5
20.390276,67,6,-0.6359442472457886,1.1896597146987915,-0.29694703221321106,-0.08526057749986649,1.3812649500810685,118.12716816511828,12.4,65.5
20.714538,68,0,-0.11562623083591461,0.04110802710056305,-0.026616035029292107,0.0,0.12556953639359086,160.42842339736364,27.400000000000002,61.300000000000004
20.714538,68,1,-1.8500198125839233,1.6086798906326294,1.7526485919952393,0.0,3.013669090079692,138.9914948944115,11.4,66.60000000000001
20.714538,68,2,-1.2294923067092896,2.710209369659424,-2.09851336479187,0.0,3.6415167858815587,114.40152205515305,11.4,70.9
20.714538,68,3,-2.570756673812866,2.0605173110961914,1.5511682033538818,0.0,3.6415167527249657,141.28706769643898,11.4,70.9
20.714538,68,4,0.46250495314598083,0.8412202000617981,1.1614594459533691,0.17052115499973297,1.5068345301561432,61.19789565679288,37.7,45.1
20.714538,68,5,-0.12718886137008667,1.1534844636917114,0.7491257190704346,-0.17052115499973297,1.3812649121032394,96.29229486059121,27.5,54.400000000000006
20.714538,68,6,-0.6359442472457886,1.0623481273651123,-0.6122780442237854,-0.17052115499973297,1.3812650117771308,120.90563880336596,27.5,54.400000000000006
20.995389,69,0,-0.11562623083591461,0.04109099507331848,-0.026642322540283203,0.0,0.1255695364480421,160.43591648632653,24.400000000000002,64.3
20.995389,69,1,-1.2294923067092896,2.643604278564453,-2.1818225383758545,0.0,3.6415167860201425,114.94228234742664,11.700000000000001,70.8
20.995389,69,2,-2.570756673812866,2.136685848236084,1.4444470405578613,0.0,3.641516654222813,140.26831628047353,11.700000000000001,70.8
20.995389,69,3,-0.08479256927967072,1.2231624126434326,0.6360635161399841,0.08526057749986649,1.3812649507147825,93.96553752155978,15.0,68.3
20.995389,69,4,0.4509423077106476,0.8523555994033813,1.3171498775482178,0.25578173995018005,1.6324040041126422,62.11873341044466,31.3,43.400000000000006
21.29598,70,0,-0.11562623083591461,0.041138891130685806,-0.026568308472633362,0.0,0.1255695370536964,160.41484681702357,35.9,52.800000000000004
21.29598,70,1,-0.8055294156074524,2.137982130050659,-0.687238872051239,0.0,2.3858211364398416,110.64494824953024,16.0,54.7
21.29598,70,2,-1.8500198125839233,1.38321053981781,1.9355506896972656,0.0,3.013669055620357,143.21551372696308,15.700000000000001,62.400000000000006
21.29598,70,3,-1.2294923067092896,2.793562412261963,-1.9862030744552612,0.0,3.641516845551554,113.75507615356334,11.600000000000001,70.9
21.29598,70,4,-2.570756673812866,2.062807083129883,1.548121690750122,0.0,3.6415166768168485,141.25600948846403,11.600000000000001,70.9
21.29598,70,5,2.7480502128601074,0.4437747895717621,0.7696765661239624,0.25578173995018005,2.888099384145275,9.173337998739223,12.5,57.2
21.29598,70,6,0.0,1.3221570253372192,0.3997419476509094,0.34104230999946594,1.3812649363392624,90.0,21.8,61.300000000000004
21.593006,71,0,-0.11562623083591461,0.041062723845243454,-0.026685873046517372,0.0,0.12556953598371612,160.44835569939383,35.2,53.5
21.593006,71,1,-0.8055294156074524,2.113823890686035,-0.7582964897155762,0.0,2.3858211681848442,110.86068709175967,15.4,55.6
21.593006,71,2,-1.8500198125839233,1.6155223846435547,1.7463433742523193,0.0,3.0136690367444845,138.87104316638283,14.9,63.0
21.593006,71,3,-2.374191999435425,2.091867208480835,1.5327061414718628,0.0,3.5159471247739416,138.61717615281162,12.8,69.3
21.593006,71,4,-1.0791782140731812,2.6493148803710938,-2.0441105365753174,0.0,3.5159469334482445,112.1631500594525,12.8,69.3
21.593006,71,5,1.4800158739089966,4.860424995422363,3.242626190185547,0.0,6.027337947421426,73.06432989869369,13.100000000000001,68.8
21.593006,71,6,3.7000396251678467,4.123468399047852,-2.37392520904541,0.0,6.027338198898397,48.09797529941299,13.100000000000001,68.8
21.593006,71,7,0.48563018441200256,0.7371999025344849,1.5202534198760986,0.25578173995018005,1.7579735017780738,56.625119472135836,36.5,39.900000000000006
21.593006,71,8,-0.8903220295906067,1.8661494255065918,1.6365734338760376,0.25578173995018005,2.636960295332815,115.50536271817879,12.5,56.800000000000004
21.593006,71,9,2.185335874557495,1.1720952987670898,0.8966934680938721,0.25578173995018005,2.636960267001022,28.206688707274093,12.5,56.800000000000004
21.593006,71,10,0.0,1.3205437660217285,0.40503963828086853,0.42630288004875183,1.3812649805730783,90.0,17.5,60.6
21.593006,71,11,0.43167129158973694,1.016197919845581,-1.3680177927017212,0.42630288004875183,1.7579735485580341,66.98467250033498,34.2,43.5
21.88543,72,0,-0.11562623083591461,0.04112066328525543,-0.02659650892019272,0.0,0.12556953648509442,160.42286467043957,35.800000000000004,52.900000000000006
21.88543,72,1,-0.8055294156074524,2.13080096244812,-0.709191083908081,0.0,2.3858211111635,110.70863081837322,16.3,54.7
21.88543,72,2,-1.8500198125839233,1.4441478252410889,1.8905197381973267,0.0,3.0136690476253873,142.0239713493711,14.9,62.7
21.88543,72,3,-2.570756673812866,2.1141672134399414,1.4772106409072876,0.0,3.6415167389355108,140.56642778975396,11.600000000000001,70.8
21.88543,72,4,-1.2294923067092896,2.718087673187256,-2.088298797607422,0.0,3.6415166894411515,114.33901137836209,11.600000000000001,70.8
21.88543,72,5,1.4800158739089966,5.042923927307129,2.950808525085449,0.0,6.027337693820243,73.64389700961172,12.3,69.2
21.88543,72,6,3.7000396251678467,3.9780020713806152,-2.610365867614746,0.0,6.027338025242053,47.07333113527506,12.3,69.2
21.88543,72,7,-0.04625049605965614,1.3560043573379517,0.6554870009422302,0.25578173995018005,1.5068344746220517,91.95348290496942,34.7,42.2
21.88543,72,8,0.8055294156074524,1.2547584772109985,-1.8624838590621948,0.596824049949646,2.3858211585969626,57.300362488439724,18.7,43.1
22.197688,73,0,-0.11562623083591461,0.041122812777757645,-0.02659318596124649,0.0,0.12556953662271816,160.42191913507367,35.4,53.300000000000004
22.197688,73,1,-0.8055294156074524,2.137756586074829,-0.6879398226737976,0.0,2.3858210453291857,110.64694267478177,15.5,55.1
22.197688,73,2,-1.8500198125839233,1.4202046394348145,1.9085718393325806,0.0,3.013669024746841,142.48763354074143,15.200000000000001,62.5
22.197688,73,3,-2.570756673812866,2.096257448196411,1.5025173425674438,0.0,3.641516652411225,140.80536136279204,11.5,70.7
22.197688,73,4,-1.2294923067092896,2.6866328716278076,-2.1286139488220215,0.0,3.6415168353706795,114.5904036521884,11.5,70.7
22.197688,73,5,1.4800158739089966,5.064355850219727,2.913872480392456,0.0,6.027337720475423,73.70943697690814,12.9,68.5
22.197688,73,6,3.7000396251678467,4.011505126953125,-2.5585811138153076,0.0,6.027338046547232,47.31289123366615,12.9,68.5
22.197688,73,7,0.46250492334365845,0.46340101957321167,-1.7660925388336182,0.42630288004875183,1.8835429819312302,45.05545111396447,46.900000000000006,41.6
22.505601,74,0,-0.11562623083591461,0.04111352935433388,-0.026607537642121315,0.0,0.12556953696126616,160.42600287862248,34.6,54.1
22.505601,74,1,-0.8055294156074524,2.12396502494812,-0.7294087409973145,0.0,2.3858210699998104,110.76960179162462,15.0,56.0
22.505601,74,2,-1.8500198125839233,1.4682934284210205,1.871828556060791,0.0,3.0136690332851805,141.56224749175965,14.5,63.1
22.505601,74,3,-2.570756673812866,2.0853500366210938,1.5176196098327637,0.0,3.6415167075461756,140.95167786238622,11.600000000000001,70.8
22.505601,74,4,-1.2294923067092896,2.7484211921691895,-2.0482122898101807,0.0,3.6415167122988055,114.10111336847444,11.600000000000001,70.8
22.505601,74,5,1.4800158739089966,5.043201923370361,2.950333833694458,0.0,6.027337916290355,73.6447504199483,12.3,68.7
22.505601,74,6,3.7000396251678467,4.00876522064209,-2.5628721714019775,0.0,6.027338184388572,47.29338091581184,12.3,68.7
22.505601,74,7,-0.10791782289743423,1.5819863080978394,0.7590415477752686,0.42630288004875183,1.7579735512108905,93.90248081808456,44.5,40.800000000000004
22.505601,74,8,-0.975114643573761,2.370891571044922,1.3300912380218506,0.42630288004875183,2.888099394277548,112.35668224353442,11.3,56.800000000000004
22.811356,75,0,-0.11562623083591461,0.041067179292440414,-0.02667902037501335,0.0,0.12556953691293138,160.4463951953214,34.2,54.5
22.811356,75,1,-0.8055294156074524,2.125112295150757,-0.7260598540306091,0.0,2.3858212041233835,110.75934512682203,14.600000000000001,56.300000000000004
22.811356,75,2,-1.8500198125839233,1.4462062120437622,1.8889455795288086,0.0,3.013669045719594,141.98438121811546,14.8,62.900000000000006
22.811356,75,3,-2.570756673812866,2.0926625728607178,1.5075204372406006,0.0,3.64151677031749,140.85351736249962,11.600000000000001,70.8
22.811356,75,4,-1.2294923067092896,2.695368766784668,-2.1175410747528076,0.0,3.641516761526838,114.52009757335077,11.600000000000001,70.8
22.811356,75,5,1.4800158739089966,5.032214641571045,2.9690351486206055,0.0,6.027337795379416,73.6109548759684,13.5,68.3
22.811356,75,6,3.7000396251678467,4.090626239776611,-2.430079936981201,0.0,6.027338115742282,47.87013241686812,13.5,68.3
22.811356,75,7,-0.11562623083591461,1.7549208402633667,0.6742537021636963,0.34104230999946594,1.8835431069475026,93.76959083903145,41.0,40.7
23.106161,76,0,-0.11562623083591461,0.041076209396123886,-0.026665112003684044,0.0,0.12556953624921707,160.4424218783781,34.0,54.7
23.106161,76,1,-0.8055294156074524,2.123950481414795,-0.7294512987136841,0.0,2.385821134139377,110.76973187386926,14.200000000000001,56.6
23.106161,76,2,-1.8500198125839233,1.5057744979858398,1.8418118953704834,0.0,3.0136690600770644,140.85704901377255,14.200000000000001,63.5
23.106161,76,3,-2.570756673812866,2.103480339050293,1.4923888444900513,0.0,3.641516699931895,140.70880463017502,11.600000000000001,70.8
23.106161,76,4,-1.2294923067092896,2.7056825160980225,-2.104346752166748,0.0,3.641516780619114,114.43757707870449,11.600000000000001,70.8
23.106161,76,5,1.4800158739089966,5.0410003662109375,2.9540934562683105,0.0,6.027337706444585,73.63798956274285,12.9,68.8
23.106161,76,6,3.7000396251678467,4.060902118682861,-2.4794325828552246,0.0,6.027338150316382,47.662179082037326,12.9,68.8
23.106161,76,7,-1.7575188875198364,1.8424185514450073,-1.6120861768722534,0.17052115499973297,3.013668959982214,133.64900683178132,12.700000000000001,60.7
23.106161,76,8,-0.06166732311248779,1.9393808841705322,0.521087646484375,0.25578173995018005,2.009112592152207,91.82124475623931,39.5,41.0
23.106161,76,9,0.6783405542373657,2.132908344268799,-1.6192983388900757,0.42630288004875183,2.762529822989552,72.35748923485986,15.0,44.2
23.106161,76,10,-0.8479257225990295,2.0719668865203857,-1.1380062103271484,0.6820846199989319,2.511390639590987,112.25619865018841,23.3,41.400000000000006
23.106161,76,11,0.07708415389060974,2.1030149459838867,1.3705726861953735,0.6820846199989319,2.5113907139187726,87.90081361440848,23.3,41.400000000000006
23.400732,77,0,-0.11562623083591461,0.04108073189854622,-0.02665814384818077,0.0,0.1255695362103036,160.44043201516263,33.800000000000004,54.900000000000006
23.400732,77,1,-0.8055294156074524,2.1418421268463135,-0.6751130819320679,0.0,2.3858212441711215,110.6108723582654,14.100000000000001,56.7
23.400732,77,2,-1.8500198125839233,1.4959561824798584,1.8497953414916992,0.0,3.0136690283203227,141.04043133924233,14.100000000000001,63.6
23.400732,77,3,-2.570756673812866,2.1171655654907227,1.4729098081588745,0.0,3.641516608588193,140.52658616443418,11.600000000000001,70.8
23.400732,77,4,-1.2294923067092896,2.680649995803833,-2.136143207550049,0.0,3.6415166531848553,114.63877208584653,11.600000000000001,70.8
23.400732,77,5,1.4800158739089966,5.035516262054443,2.9634320735931396,0.0,6.0273377761029705,73.62112452733932,12.8,68.7
23.400732,77,6,3.7000396251678467,4.052936553955078,-2.492431402206421,0.0,6.027337905983217,47.60616794691247,12.8,68.7
23.400732,77,7,-1.8500198125839233,1.7040327787399292,-1.660090446472168,0.25578173995018005,3.0136690774604538,137.3521715360972,12.0,58.900000000000006
23.400732,77,8,0.5395891070365906,1.28959059715271,-2.0863564014434814,0.34104230999946594,2.5113907196096394,67.29464308467684,28.3,47.0
23.400732,77,9,0.0,2.045870542526245,0.6093288064002991,0.42630288004875183,2.1346821475540207,90.0,41.6,40.6
23.400732,77,10,1.2641801834106445,1.9561753273010254,-4.591377258300781,0.6820846199989319,5.148351054008559,57.127395905851614,13.700000000000001,48.800000000000004
23.68789,78,0,-0.11562623083591461,0.041058484464883804,-0.026692399755120277,0.0,0.12556953694491535,160.4502211730921,33.6,55.1
23.68789,78,1,-0.8055294156074524,2.129427671432495,-0.7133039236068726,0.0,2.385821102829016,110.72085196555254,13.9,56.900000000000006
23.68789,78,2,-1.8500198125839233,1.445476770401001,1.889503836631775,0.0,3.013669051068508,141.99840609759755,14.0,63.7
23.68789,78,3,-2.570756673812866,2.105057716369629,1.4901630878448486,0.0,3.641516702361257,140.68775335212518,11.600000000000001,70.7
23.68789,78,4,-1.2294923067092896,2.697408676147461,-2.1149418354034424,0.0,3.641516698513493,114.50373476505835,11.600000000000001,70.7
23.68789,78,5,1.4800158739089966,4.977757453918457,3.0594582557678223,0.0,6.027337809999474,73.44142651374383,12.700000000000001,68.7
23.68789,78,6,3.7000396251678467,3.972517490386963,-2.6187050342559814,0.0,6.0273380936927845,47.03390776079149,12.700000000000001,68.7
23.68789,78,7,-0.963551938533783,2.7766897678375244,1.1028954982757568,0.25578173995018005,3.139238265118267,109.13752170545732,18.1,49.7
23.68789,78,8,0.0,2.114912509918213,0.7974225282669067,0.42630288004875183,2.2602516703226083,90.0,39.900000000000006,39.6
23.68789,78,9,-3.330035448074341,0.6066042184829712,0.19379021227359772,0.5115634799003601,3.390377473038372,169.67611402414883,11.8,52.0
23.68789,78,10,0.0,3.3663806915283203,0.4026657044887543,0.5115634799003601,3.3903773580334855,90.0,11.8,52.0
23.997966,79,0,-0.11562623083591461,0.04107443615794182,-0.026667846366763115,0.0,0.12556953688237577,160.44320210173814,34.6,54.1
23.997966,79,1,-0.8055294156074524,2.1140923500061035,-0.7575478553771973,0.0,2.3858212122767717,110.85826601816777,14.700000000000001,56.2
23.997966,79,2,-1.8500198125839233,1.452357292175293,1.8842203617095947,0.0,3.013669089759,141.86632844377058,14.100000000000001,63.6
23.997966,79,3,-2.570756673812866,2.1129817962646484,1.4789055585861206,0.0,3.641516661847931,140.58219200596395,11.700000000000001,70.7
23.997966,79,4,-1.2294923067092896,2.7077040672302246,-2.1017448902130127,0.0,3.6415167487585363,114.42146368245463,11.700000000000001,70.7
23.997966,79,5,1.4800158739089966,5.181774616241455,2.699549674987793,0.0,6.027338020077652,74.0596251840452,12.4,68.5
23.997966,79,6,3.7000396251678467,3.9294326305389404,-2.682921886444092,0.0,6.02733804216398,46.72217582524543,12.4,68.5
23.997966,79,7,-0.1464598923921585,2.2557122707366943,0.763186514377594,0.34104230999946594,2.385821033556255,93.7149114613467,40.900000000000006,41.1
23.997966,79,8,0.8016752004623413,2.4038748741149902,-2.058561086654663,0.596824049949646,3.264808001234762,71.55682337866,13.4,46.400000000000006
24.297955,80,0,-0.11562623083591461,0.041059188544750214,-0.026691311970353127,0.0,0.1255695359391452,160.44991135065942,34.7,54.0
24.297955,80,1,-0.8055294156074524,2.1385395526885986,-0.6855021119117737,0.0,2.3858210752816182,110.64002069013443,14.600000000000001,56.2
24.297955,80,2,-1.8500198125839233,1.4602731466293335,1.8780921697616577,0.0,3.0136690541331577,141.71496581176584,14.200000000000001,63.400000000000006
24.297955,80,3,-2.570756673812866,2.1063668727874756,1.488311767578125,0.0,3.6415166066134317,140.67029129582858,11.600000000000001,70.7
24.297955,80,4,-1.2294923067092896,2.7144033908843994,-2.093085527420044,0.0,3.6415167342465007,114.36820696777843,11.600000000000001,70.7
24.297955,80,5,1.4800158739089966,5.111619472503662,2.83014178276062,0.0,6.027337980338309,73.85218055096395,11.8,69.2
24.297955,80,6,3.7000396251678467,4.025844097137451,-2.535959243774414,0.0,6.027337986902143,47.4147616017205,11.8,69.2
24.297955,80,7,-0.15416830778121948,2.320873737335205,0.9470270872116089,0.25578173995018005,2.5113906656848335,93.8003943466472,41.900000000000006,41.300000000000004
24.297955,80,8,-0.963551938533783,2.781346321105957,1.0910992622375488,0.25578173995018005,3.1392383305886757,109.1078065845254,11.600000000000001,58.800000000000004
24.297955,80,9,-2.023458957672119,1.9897617101669312,-1.3421175479888916,0.25578173995018005,3.13923833584672,135.48107613606518,11.600000000000001,58.800000000000004
24.592198,81,0,-0.11562623083591461,0.041084397584199905,-0.026652496308088303,0.0,0.12556953667840573,160.4388191801856,34.9,53.800000000000004
24.592198,81,1,-0.8055294156074524,2.1195342540740967,-0.7421852946281433,0.0,2.3858210547240515,110.80930425808911,14.600000000000001,56.2
24.592198,81,2,-1.8500198125839233,1.4602773189544678,1.8780889511108398,0.0,3.01366907000263,141.71488619676833,14.4,63.300000000000004
24.592198,81,3,-2.570756673812866,2.0983235836029053,1.4996308088302612,0.0,3.641516758199862,140.77771379330375,11.600000000000001,70.8
24.592198,81,4,-1.2294923067092896,2.7098653316497803,-2.0989575386047363,0.0,3.6415167439956053,114.40425870689943,11.600000000000001,70.8
24.592198,81,5,1.4800158739089966,5.0230841636657715,2.9844565391540527,0.0,6.0273379145682435,73.58276712488156,12.0,69.0
24.592198,81,6,3.7000396251678467,3.9758527278900146,-2.6136386394500732,0.0,6.027338142107934,47.057888518301944,12.0,69.0
24.592198,81,7,-0.08093836158514023,2.4358692169189453,1.0067522525787354,0.42630288004875183,2.6369603634453362,91.90310748995881,40.6,40.5
24.592198,81,8,-0.9365724921226501,3.111629009246826,0.9670864939689636,0.42630288004875183,3.390377473232796,106.75132465210997,15.0,59.400000000000006
24.592198,81,9,-1.9772087335586548,2.3297200202941895,-1.4689146280288696,0.42630288004875183,3.3903775502821762,130.32091435885712,15.0,59.400000000000006
24.91875,82,0,-0.11562623083591461,0.041109319776296616,-0.026614036411046982,0.0,0.12556953597062687,160.4278547246113,34.9,53.800000000000004
24.91875,82,1,-0.8055294156074524,2.1204049587249756,-0.7396942377090454,0.0,2.3858211151916473,110.80149075429756,15.100000000000001,55.800000000000004
24.91875,82,2,-1.8500198125839233,1.4627318382263184,1.8761779069900513,0.0,3.0136690721098707,141.6680800938838,14.5,63.2
24.91875,82,3,-2.570756673812866,2.0935680866241455,1.5062626600265503,0.0,3.6415167733067957,140.8413811250461,11.600000000000001,70.8
24.91875,82,4,-1.2294923067092896,2.7204253673553467,-2.0852527618408203,0.0,3.641516798309816,114.3205206872624,11.600000000000001,70.8
24.91875,82,5,1.4800158739089966,4.993119239807129,3.03432297706604,0.0,6.027337941339082,73.48959288073755,11.700000000000001,69.4
24.91875,82,6,3.7000396251678467,3.956037998199463,-2.6435346603393555,0.0,6.027338166340574,46.91510122229485,11.700000000000001,69.4
24.91875,82,7,-0.08479256927967072,2.618913412094116,0.8750282526016235,0.34104230999946594,2.7625299424083254,91.85441787023599,38.6,41.2
24.91875,82,8,0.3545871376991272,2.203979969024658,-1.8324459791183472,0.596824049949646,2.8880993764880376,80.86029339483036,34.300000000000004,40.400000000000006
25.199199,83,0,-0.11562623083591461,0.041076820343732834,-0.026664171367883682,0.0,0.12556953635976914,160.44215306367474,34.300000000000004,54.400000000000006
25.199199,83,1,-0.8055294156074524,2.12719464302063,-0.7199360728263855,0.0,2.3858211663201474,110.74075352819119,14.600000000000001,56.2
25.199199,83,2,-1.8500198125839233,1.4589506387710571,1.8791197538375854,0.0,3.0136690798072303,141.7402102937258,14.5,63.2
25.199199,83,3,-2.570756673812866,2.0952982902526855,1.5038548707962036,0.0,3.6415167545278004,140.81820353881562,11.600000000000001,70.8
25.199199,83,4,-1.2294923067092896,2.7122461795806885,-2.0958800315856934,0.0,3.6415166864518165,114.38533203908989,11.600000000000001,70.8
25.199199,83,5,1.2950139045715332,5.320775032043457,2.5181539058685303,0.0,6.02733830544558,76.32085119895177,11.8,69.10000000000001
25.199199,83,6,3.7000396251678467,3.9582176208496094,-2.6402699947357178,0.0,6.027338185875943,46.930845210055445,11.8,69.10000000000001
25.199199,83,7,-0.08479256927967072,2.709216356277466,0.5334122180938721,0.25578173995018005,2.7625299345596637,91.79264788752981,37.6,41.5
25.199199,83,8,-0.9712603688240051,3.302035331726074,0.717704713344574,0.25578173995018005,3.515947111600583,106.39071423792946,15.4,57.800000000000004
25.199199,83,9,2.798154830932617,2.828718423843384,1.1574610471725464,0.25578173995018005,4.1437946926680995,45.31121149876451,14.8,57.300000000000004
25.199199,83,10,0.6706321835517883,3.1926331520080566,-1.6180205345153809,0.42630288004875183,3.64151677450891,78.13714040867445,18.1,51.0
25.199199,83,11,-3.4071197509765625,1.8628250360488892,-1.7745112180709839,0.596824049949646,4.269364376050012,151.33259593772044,14.0,48.900000000000006
25.199199,83,12,0.6012564301490784,2.8378071784973145,-1.4981029033660889,0.6820846199989319,3.264807986115019,78.03744436021121,32.0,41.800000000000004
25.511778,84,0,-0.11562623083591461,0.04108981415629387,-0.0266441460698843,0.0,0.1255695369287962,160.4364360460968,34.9,53.800000000000004
25.511778,84,1,-0.8055294156074524,2.1151058673858643,-0.7547131776809692,0.0,2.385821127038718,110.84913055081465,15.0,55.800000000000004
25.511778,84,2,-1.8500198125839233,1.4624366760253906,1.8764079809188843,0.0,3.0136690676305737,141.67370545182212,14.700000000000001,63.0
25.511778,84,3,-2.570756673812866,2.107074737548828,1.4873098134994507,0.0,3.641516759113107,140.6608531411598,11.700000000000001,70.7
25.511778,84,4,-1.2294923067092896,2.705711841583252,-2.104308843612671,0.0,3.641516663596043,114.43734318822824,11.700000000000001,70.7
25.511778,84,5,1.4800158739089966,5.1241888999938965,2.8073198795318604,0.0,6.027338033979682,73.88973321713802,11.8,69.2
25.511778,84,6,3.7000396251678467,3.979315996170044,-2.6083626747131348,0.0,6.027338124580673,47.0827670249671,11.8,69.2
25.511778,84,7,-0.0886467844247818,2.855539083480835,0.4232686758041382,0.25578173995018005,2.888099389147196,91.77810767344096,33.300000000000004,40.800000000000004
25.511778,84,8,-1.0059483051300049,3.4768307209014893,0.4004495143890381,0.25578173995018005,3.6415166713847014,106.13669494066315,18.900000000000002,55.800000000000004
25.511778,84,9,-1.9001245498657227,2.4045000076293945,-1.9668630361557007,0.25578173995018005,3.641516688783369,128.3170908704265,18.900000000000002,55.800000000000004
25.511778,84,10,0.6937574744224548,3.32705020904541,-2.9806690216064453,0.5115634799003601,4.520503328523325,78.22144520708062,15.200000000000001,48.5
25.511778,84,11,-3.46878719329834,2.2259976863861084,-1.856717824935913,0.5115634799003601,4.520503442496381,147.31081040981218,15.200000000000001,48.5
25.511778,84,12,0.5395891070365906,3.0447463989257812,-1.6733936071395874,0.596824049949646,3.515946985183323,79.9503997080476,25.700000000000003,41.900000000000006
25.788648,85,0,-0.11562623083591461,0.041098009794950485,-0.02663150243461132,0.0,0.12556953686444322,160.43283033753565,35.1,53.6
25.788648,85,1,-0.8055294156074524,2.1319472789764404,-0.7057377696037292,0.0,2.385821166640362,110.69844010454578,15.100000000000001,55.7
25.788648,85,2,-1.8500198125839233,1.455070972442627,1.8821254968643188,0.0,3.0136690640720567,141.81436801027215,14.5,63.1
25.788648,85,3,-2.570756673812866,2.1013851165771484,1.4953376054763794,0.0,3.6415166947958895,140.73678652360013,11.700000000000001,70.7
25.788648,85,4,-1.2294923067092896,2.6998918056488037,-2.1117711067199707,0.0,3.641516758391231,114.48384436965011,11.700000000000001,70.7
25.788648,85,5,1.4800158739089966,4.908590316772461,3.1692426204681396,0.0,6.027338108346564,73.22112890208032,11.8,69.3
25.788648,85,6,3.7000396251678467,3.966917037963867,-2.6271812915802,0.0,6.027338181380671,46.99359130254902,11.8,69.3
25.788648,85,7,-1.0059483051300049,3.492588520050049,0.22480548918247223,0.34104230999946594,3.6415167267151047,106.06765499389195,26.8,48.300000000000004
25.788648,85,8,-2.123668670654297,1.9971963167190552,-2.182173728942871,0.34104230999946594,3.6415167078462214,136.7578974937314,26.8,48.300000000000004
25.788648,85,9,-0.09250099211931229,2.8553197383880615,0.9595800042152405,0.596824049949646,3.013669030676933,91.85550621655081,35.4,41.400000000000006
26.086359,86,0,-0.11562623083591461,0.04112473130226135,-0.026590216904878616,0.0,0.12556953618235556,160.42107520906922,34.9,53.7
26.086359,86,1,-0.8055294156074524,2.114488363265991,-0.7564416527748108,0.0,2.3858211692934703,110.85469559214522,15.100000000000001,55.6
26.086359,86,2,-1.8500198125839233,1.4690542221069336,1.8712315559387207,0.0,3.0136690512370645,141.54779426863445,14.5,63.1
26.086359,86,3,-2.570756673812866,2.0986361503601074,1.4991933107376099,0.0,3.6415167376399737,140.7735331403901,11.700000000000001,70.7
26.086359,86,4,-1.2294923067092896,2.7034802436828613,-2.10717511177063,0.0,3.64151667741704,114.45515369809982,11.700000000000001,70.7
26.086359,86,5,1.4800158739089966,4.943749904632568,3.11411190032959,0.0,6.0273379724677385,73.33381928782316,12.4,68.9
26.086359,86,6,3.7000396251678467,3.968045234680176,-2.6254770755767822,0.0,6.027338225673044,47.00171784622323,12.4,68.9
26.086359,86,7,-1.0406360626220703,3.6186108589172363,0.11691299825906754,0.25578173995018005,3.7670859576422235,106.04411773369164,29.900000000000002,44.6
26.086359,86,8,3.8850414752960205,3.5433058738708496,0.40703096985816956,0.25578173995018005,5.27392055220797,42.366007366555436,12.100000000000001,54.400000000000006
26.086359,86,9,-0.10020940005779266,3.138040065765381,0.8953399062156677,0.42630288004875183,3.264807946245999,91.82904777457546,38.300000000000004,41.2
26.086359,86,10,0.10406360775232315,3.2863783836364746,0.8267692923545837,0.7673451900482178,3.3903774978123034,88.18632755234852,23.3,41.6
26.414777,87,0,-0.11562623083591461,0.04108540713787079,-0.026650939136743546,0.0,0.12556953648825508,160.43837500060906,35.300000000000004,53.400000000000006
26.414777,87,1,-0.8055294156074524,2.1186070442199707,-0.744827926158905,0.0,2.3858210508781963,110.81763099618081,15.8,55.1
26.414777,87,2,-1.8500198125839233,1.441338300704956,1.8926626443862915,0.0,3.013669074315794,142.0780775530206,15.5,62.2
26.414777,87,3,-2.570756673812866,2.0897865295410156,1.5115045309066772,0.0,3.6415166568280157,140.89209158745936,11.600000000000001,70.8
26.414777,87,4,-1.2294923067092896,2.7101385593414307,-2.098604679107666,0.0,3.6415167090457192,114.40208526902182,11.600000000000001,70.8
26.414777,87,5,1.4800158739089966,4.833104133605957,3.2832086086273193,0.0,6.02733783034153,72.97411784614532,12.8,68.60000000000001
26.414777,87,6,3.7000396251678467,4.008375644683838,-2.563481092453003,0.0,6.027338039970119,47.290605654756014,12.8,68.60000000000001
26.414777,87,7,-0.20041880011558533,2.9958322048187256,1.2821046113967896,0.25578173995018005,3.2648078855322726,93.82733928001043,39.5,40.900000000000006
26.414777,87,8,-2.2701284885406494,1.6974096298217773,-2.6679739952087402,0.25578173995018005,3.892655654563558,143.21397543552015,20.900000000000002,53.900000000000006
26.414777,87,9,-3.5844132900238037,1.1670738458633423,0.9709212183952332,0.25578173995018005,3.8926556497753055,161.96491136816118,20.900000000000002,53.900000000000006
26.414777,87,10,0.43167129158973694,2.87715482711792,-1.974214792251587,0.34104230999946594,3.515947105565679,81.46732445274125,39.5,40.1
26.414777,87,11,0.5087553858757019,3.97513747215271,-1.0537941455841064,0.5115634799003601,4.143794404460422,82.70668591293547,12.700000000000001,51.2
26.414777,87,12,0.11177203059196472,3.4051601886749268,1.2857036590576172,1.6199510097503662,3.641516551695661,88.11998062857425,21.8,41.7
26.697701,88,0,-0.11562623083591461,0.04110705479979515,-0.026617534458637238,0.0,0.12556953592448414,160.4288511336923,33.7,54.900000000000006
26.697701,88,1,-0.8055294156074524,2.1186671257019043,-0.7446575164794922,0.0,2.3858212099376304,110.81709124602587,14.100000000000001,56.7
26.697701,88,2,-1.8500198125839233,1.4908937215805054,1.8538780212402344,0.0,3.013669045140629,141.13535842469702,14.4,63.300000000000004
26.697701,88,3,-2.570756673812866,2.100496530532837,1.4965856075286865,0.0,3.6415167212846744,140.74866042512997,11.600000000000001,70.8
26.697701,88,4,-1.2294923067092896,2.7026538848876953,-2.1082351207733154,0.0,3.6415168100968525,114.46175509791277,11.600000000000001,70.8
26.697701,88,5,1.4800158739089966,4.763936519622803,3.382789134979248,0.0,6.027337760715927,72.74150718786332,12.9,68.5
26.697701,88,6,3.7000396251678467,4.0179524421691895,-2.548444986343384,0.0,6.027338293456267,47.3587444888667,12.9,68.5
26.697701,88,7,-0.2081272155046463,3.1044540405273438,1.3467395305633545,0.34104230999946594,3.390377440752323,93.83545490530608,38.2,41.2
26.992827,89,0,-0.11562623083591461,0.04111771285533905,-0.026601068675518036,0.0,0.12556953620386577,160.42416254641464,34.4,54.300000000000004
26.992827,89,1,-0.8055294156074524,2.118547201156616,-0.7449980974197388,0.0,2.3858210427641984,110.81816863105855,14.5,56.2
26.992827,89,2,-1.8500198125839233,1.4664431810379028,1.8732784986495972,0.0,3.013669066713946,141.59742184097408,14.4,63.300000000000004
26.992827,89,3,-2.570756673812866,2.0932986736297607,1.5066369771957397,0.0,3.6415167436148117,140.84499152180817,11.600000000000001,70.8
26.992827,89,4,-1.2294923067092896,2.7153849601745605,-2.0918121337890625,0.0,3.641516829188996,114.3604222316168,11.600000000000001,70.8
26.992827,89,5,1.4800158739089966,4.709163188934326,3.458632469177246,0.0,6.027338009758854,72.55288734581164,12.3,69.0
26.992827,89,6,3.7000396251678467,3.9813930988311768,-2.6051909923553467,0.0,6.027338080934417,47.09767682534952,12.3,69.0
26.992827,89,7,0.6359442472457886,3.788020610809326,-1.5548341274261475,0.25578173995018005,4.143794685711431,80.46988421271895,18.8,47.0
26.992827,89,8,-3.850353717803955,1.4215240478515625,-2.1771628856658936,0.34104230999946594,4.6460728149210135,159.7362016026371,15.8,56.2
26.992827,89,9,0.7130284309387207,2.4231808185577393,-3.899458646774292,0.34104230999946594,4.6460728105202875,73.60331775107157,15.8,56.2
26.992827,89,10,-0.10791782289743423,3.426421642303467,0.7809434533119202,0.42630288004875183,3.5159471276763044,91.8039789291103,39.400000000000006,41.400000000000006
27.306785,90,0,-0.11562623083591461,0.041105400770902634,-0.02662009373307228,0.0,0.12556953699131923,160.42957878231846,34.2,54.5
27.306785,90,1,-0.8055294156074524,2.1216180324554443,-0.7362079620361328,0.0,2.385821216775136,110.79061425294036,14.3,56.5
27.306785,90,2,-1.8500198125839233,1.4640392065048218,1.8751578330993652,0.0,3.0136690269786146,141.64317407360264,14.4,63.300000000000004
27.306785,90,3,-2.570756673812866,2.095149040222168,1.5040626525878906,0.0,3.641516694951018,140.82020227106585,11.600000000000001,70.7
27.306785,90,4,-1.2294923067092896,2.7065887451171875,-2.1031808853149414,0.0,3.6415166900354174,114.43035123360904,11.600000000000001,70.7
27.306785,90,5,1.4800158739089966,4.8139777183532715,3.3111889362335205,0.0,6.027337773118382,72.91040649043926,12.8,68.5
27.306785,90,6,3.7000396251678467,3.97164249420166,-2.6200318336486816,0.0,6.027338064095383,47.02761286215372,12.8,68.5
27.306785,90,7,-0.11177203059196472,3.520299196243286,0.9250107407569885,0.25578173995018005,3.641516756574047,91.81857125415895,37.9,40.6
27.306785,90,8,0.37000396847724915,3.99977970123291,0.10483956336975098,0.25578173995018005,4.018224972438863,84.71483311478362,21.900000000000002,45.7
27.306785,90,9,-1.3566811084747314,2.985985040664673,-2.3215172290802,0.25578173995018005,4.018225048212413,114.43465396324396,21.900000000000002,45.7
27.306785,90,10,-3.661497116088867,1.029842495918274,-2.881220817565918,0.5115634799003601,4.771642285115418,164.2906888568351,12.8,55.900000000000006
27.306785,90,11,0.8787593245506287,2.420412063598633,-4.017207622528076,0.5115634799003601,4.771642232040888,70.04597080342805,12.8,55.900000000000006
27.600177,91,0,-0.11562623083591461,0.041065018624067307,-0.02668234333395958,0.0,0.1255695363442364,160.4473459354927,34.6,54.0
27.600177,91,1,-0.8055294156074524,2.1167473793029785,-0.7500969767570496,0.0,2.385821154599602,110.83435078462145,14.700000000000001,56.0
27.600177,91,2,-1.8500198125839233,1.451096534729004,1.8851914405822754,0.0,3.0136690640646417,141.890494111763,14.700000000000001,63.1
27.600177,91,3,-2.570756673812866,2.128843307495117,1.455980896949768,0.0,3.6415167274231752,140.37184828103202,11.3,70.8
27.600177,91,4,-1.2294923067092896,2.710812568664551,-2.097733974456787,0.0,3.641516709048209,114.39672529673174,11.3,70.8
27.600177,91,5,1.4800158739089966,4.972438335418701,3.068096160888672,0.0,6.027338055810701,73.42468486602775,11.9,69.2
27.600177,91,6,3.7000396251678467,3.9524037837982178,-2.6489651203155518,0.0,6.027338144375432,46.88882974895295,11.9,69.2
27.600177,91,7,0.6166732311248779,2.9842114448547363,-2.61922287940979,0.34104230999946594,4.018225020280933,78.32443695050628,33.0,42.7
27.917878,92,0,-0.11562623083591461,0.04112305864691734,-0.026592804118990898,0.0,0.1255695362765549,160.42181098095583,34.5,54.2
27.917878,92,1,-0.8055294156074524,2.1413257122039795,-0.676749050617218,0.0,2.385821184134735,110.6154250095887,14.9,56.0
27.917878,92,2,-1.8500198125839233,1.4632104635238647,1.8758046627044678,0.0,3.0136690760836036,141.65896005487122,14.700000000000001,63.0
27.917878,92,3,-2.570756673812866,2.0949840545654297,1.504292368888855,0.0,3.6415166614934007,140.82241186453848,11.5,70.8
27.917878,92,4,-1.2294923067092896,2.7063052654266357,-2.103545904159546,0.0,3.6415168395655764,114.43261113654553,11.5,70.8
27.917878,92,5,1.4800158739089966,5.094928741455078,2.860079765319824,0.0,6.027337897572986,73.8020508438814,12.100000000000001,68.9
27.917878,92,6,3.7000396251678467,3.924560308456421,-2.6900441646575928,0.0,6.027338089930923,46.68669456502225,12.100000000000001,68.9
27.917878,92,7,0.6166732311248779,2.9051666259765625,-2.706631660461426,0.25578173995018005,4.018225223165847,78.01583240100561,35.800000000000004,42.6
27.917878,92,8,-0.23125246167182922,3.6488916873931885,0.907220184803009,0.42630288004875183,3.767085970756494,93.62633216711188,35.2,41.800000000000004
27.917878,92,9,0.6744863390922546,3.592787742614746,-2.4397518634796143,0.6820846199989319,4.394933985904348,79.36742536397173,30.200000000000003,41.800000000000004
28.195126,93,0,-0.11562623083591461,0.041139572858810425,-0.026567252352833748,0.0,0.12556953695026804,160.41454696184212,33.5,55.1
28.195126,93,1,-0.8055294156074524,2.1108436584472656,-0.7665534615516663,0.0,2.385821200180928,110.887600130044,14.200000000000001,56.6
28.195126,93,2,-1.8500198125839233,1.4580652713775635,1.8798067569732666,0.0,3.0136690405737543,141.75712029878179,14.600000000000001,63.1
28.195126,93,3,-2.570756673812866,2.0920968055725098,1.5083054304122925,0.0,3.6415167432336903,140.86110223935623,11.700000000000001,70.7
28.195126,93,4,-1.2294923067092896,2.7086026668548584,-2.1005866527557373,0.0,3.6415167203908503,114.41430751945485,11.700000000000001,70.7
28.195126,93,5,1.4800158739089966,5.012337684631348,3.002469778060913,0.0,6.0273377887726935,73.54946939590188,11.8,69.3
28.195126,93,6,3.7000396251678467,3.972871780395508,-2.6181674003601074,0.0,6.027338048225236,47.036456172097175,11.8,69.3
28.195126,93,7,-2.6362781524658203,1.9390109777450562,-3.1185293197631836,0.42630288004875183,4.520503421877597,143.66511770375345,19.200000000000003,48.6
28.195126,93,8,-4.301295757293701,0.778151273727417,1.1525137424468994,0.42630288004875183,4.52050356963086,169.7454816706167,19.200000000000003,48.6
28.195126,93,9,-0.2389608770608902,3.815406084060669,0.7337174415588379,0.5115634799003601,3.8926555423130527,93.58378361099551,36.300000000000004,39.7
28.495259,94,0,-0.11562623083591461,0.04112038016319275,-0.026596950367093086,0.0,0.12556953727284065,160.42298921318672,33.9,54.800000000000004
28.495259,94,1,-0.8055294156074524,2.104834794998169,-0.7829021215438843,0.0,2.3858212182730254,110.94206547120278,14.100000000000001,56.7
28.495259,94,2,-1.8500198125839233,1.4843441247940063,1.8591262102127075,0.0,3.0136690351236983,141.25854825434953,14.4,63.300000000000004
28.495259,94,3,-2.570756673812866,2.089698314666748,1.5116264820098877,0.0,3.6415166542785475,140.89327541574932,11.700000000000001,70.7
28.495259,94,4,-1.2294923067092896,2.71136212348938,-2.0970237255096436,0.0,3.6415167722118915,114.3923566685577,11.700000000000001,70.7
28.495259,94,5,1.4800158739089966,4.879989147186279,3.2131075859069824,0.0,6.027337838738714,73.128361549897,12.200000000000001,69.0
28.495259,94,6,3.7000396251678467,3.958512783050537,-2.639827251434326,0.0,6.027338102247296,46.9329765329668,12.200000000000001,69.0
28.495259,94,7,-2.4242966175079346,2.985447645187378,-2.60689115524292,0.25578173995018005,4.6460728822414135,129.07790693584357,13.4,51.7
28.495259,94,8,-0.24666929244995117,3.8237931728363037,1.2099144458770752,0.34104230999946594,4.018225097578447,93.69098247879595,38.6,40.5
28.495259,94,9,0.42781707644462585,3.1723973751068115,-3.3673224449157715,0.42630288004875183,4.646072858287496,82.3196507598978,12.4,51.400000000000006
28.495259,94,10,2.4281508922576904,5.098328113555908,-0.20185048878192902,0.5115634799003601,5.650629162214405,64.53321421726766,18.2,54.2
28.495259,94,11,0.7862583994865417,5.770209312438965,-2.664262294769287,0.5115634799003601,6.404046482923886,82.24056923603007,11.3,49.400000000000006
28.79434,95,0,-0.11562623083591461,0.041085369884967804,-0.02665099687874317,0.0,0.12556953655459435,160.43839139095584,34.5,54.2
28.79434,95,1,-0.8055294156074524,2.1001906394958496,-0.795275866985321,0.0,2.3858210465674334,110.98434707099052,14.700000000000001,56.0
28.79434,95,2,-1.8500198125839233,1.4734241962432861,1.8677924871444702,0.0,3.013669017005941,141.4648874799341,14.5,63.2
28.79434,95,3,-2.570756673812866,2.0882201194763184,1.5136680603027344,0.0,3.641516736213047,140.9131184554597,11.700000000000001,70.7
28.79434,95,4,-1.2294923067092896,2.7104358673095703,-2.0982205867767334,0.0,3.641516655712179,114.39972069319556,11.700000000000001,70.7
28.79434,95,5,1.4800158739089966,4.839234828948975,3.2741661071777344,0.0,6.0273380869274975,72.9944421473163,12.0,69.3
28.79434,95,6,3.7000396251678467,4.001935958862305,-2.5735230445861816,0.0,6.027338177642226,47.24468839550314,12.0,69.3
28.79434,95,7,3.8850414752960205,4.556004524230957,0.691432774066925,0.25578173995018005,6.0273380335465765,49.54477917956702,15.100000000000001,55.400000000000006
28.79434,95,8,-3.515037775039673,4.895138740539551,0.10455268621444702,0.25578173995018005,6.027338144926137,125.68088137934045,15.100000000000001,55.400000000000006
28.79434,95,9,0.6937574744224548,3.5557892322540283,-2.7037038803100586,0.34104230999946594,4.520503419967115,78.9599144653987,28.900000000000002,42.5
28.79434,95,10,1.5802252292633057,4.743957996368408,-1.2260783910751343,0.34104230999946594,5.1483509464263815,71.57694475447772,12.100000000000001,58.0
28.79434,95,11,3.3184728622436523,3.6830813884735107,1.3885853290557861,0.34104230999946594,5.148351179517236,47.98100617282886,12.100000000000001,58.0
28.79434,95,12,-5.365057468414307,7.995649337768555,-5.160575866699219,0.596824049949646,10.924550024962366,123.86149644447711,13.700000000000001,42.400000000000006
28.79434,95,13,-1.6765804290771484,4.749722957611084,9.694070816040039,0.596824049949646,10.92455029260342,109.44226189438085,13.700000000000001,42.400000000000006
28.79434,95,14,0.8787593245506287,3.56148099899292,-3.0515904426574707,1.5346903800964355,4.771642179207354,76.13969540100754,25.5,41.1
29.091916,96,0,-0.11562623083591461,0.041116874665021896,-0.026602361351251602,0.0,0.12556953559284154,160.42453126499427,33.800000000000004,54.900000000000006
29.091916,96,1,-0.8055294156074524,2.1163690090179443,-0.7511639595031738,0.0,2.385821182695167,110.83775576085264,14.100000000000001,56.6
29.091916,96,2,-1.8500198125839233,1.447008728981018,1.8883309364318848,0.0,3.0136690750953457,141.96895752786216,14.700000000000001,63.0
29.091916,96,3,-2.570756673812866,2.090149164199829,1.5110031366348267,0.0,3.6415167009748726,140.8872255110486,11.600000000000001,70.8
29.091916,96,4,-1.2294923067092896,2.7121644020080566,-2.0959858894348145,0.0,3.6415167066054908,114.38598167681484,11.600000000000001,70.8
29.091916,96,5,1.4800158739089966,4.7847676277160645,3.353260040283203,0.0,6.027337814991154,72.81220821021486,12.4,69.0
29.091916,96,6,3.7000396251678467,3.9307777881622314,-2.680950880050659,0.0,6.02733812465886,46.73196332936691,12.4,69.0
29.091916,96,7,-0.2620861232280731,4.062374114990234,1.2868183851242065,0.34104230999946594,4.269364606405159,93.69135046030739,32.6,41.400000000000006
29.091916,96,8,0.6937574744224548,3.5438787937164307,-2.719296932220459,0.34104230999946594,4.520503527645305,78.92372647879884,29.3,42.1
29.091916,96,9,-0.6937574744224548,3.099545955657959,3.216592311859131,0.34104230999946594,4.520503364146951,102.61631700750844,29.3,42.1
29.091916,96,10,-2.782737970352173,1.149498701095581,-3.701836347579956,0.34104230999946594,4.771642297964535,157.5553658606321,22.0,48.900000000000006
29.091916,96,11,-4.393796443939209,1.3642510175704956,1.2656786441802979,0.34104230999946594,4.771642323147141,162.7507022189787,22.0,48.900000000000006
29.389992,97,0,-0.11562623083591461,0.0410880409181118,-0.02664688043296337,0.0,0.12556953691328676,160.43721621153622,33.300000000000004,55.400000000000006
29.389992,97,1,-0.8055294156074524,2.126586675643921,-0.7217293977737427,0.0,2.385821001677619,110.74617828575222,13.700000000000001,57.2
29.389992,97,2,-1.8500198125839233,1.4773104190826416,1.864720344543457,0.0,3.0136690834657767,141.39131855237844,14.5,63.2
29.389992,97,3,-2.570756673812866,2.097369432449341,1.500964879989624,0.0,3.641516714651812,140.7904788672324,11.5,70.8
29.389992,97,4,-1.2294923067092896,2.7048044204711914,-2.1054751873016357,0.0,3.6415167237842923,114.4445824294249,11.5,70.8
29.389992,97,5,1.4800158739089966,4.701613903045654,3.4688875675201416,0.0,6.027337823320559,72.52657661858628,12.4,69.0
29.389992,97,6,3.7000396251678467,4.033725738525391,-2.523404359817505,0.0,6.027338228820448,47.47058893575681,12.4,69.0
29.389992,97,7,-2.7056539058685303,2.085136651992798,-3.5091776847839355,0.17052115499973297,4.897212057815233,142.3800309425807,18.3,52.400000000000006
29.389992,97,8,-0.2697945535182953,3.918506383895874,1.9717919826507568,0.42630288004875183,4.3949340159536705,93.93867728247989,23.400000000000002,41.0
29.389992,97,9,0.7322994470596313,3.895411491394043,-2.6567041873931885,0.42630288004875183,4.771642307084753,79.35321090311946,29.200000000000003,42.0
29.699359,98,0,-0.11562623083591461,0.041121955960989,-0.026594510301947594,0.0,0.1255695365029995,160.42229603692212,33.6,55.0
29.699359,98,1,-0.8055294156074524,2.1184656620025635,-0.7452301383018494,0.0,2.3858211080309935,110.81890122806787,13.700000000000001,57.0
29.699359,98,2,-1.8500198125839233,1.449532389640808,1.8863943815231323,0.0,3.0136690624905857,141.92049722537564,14.200000000000001,63.5
29.699359,98,3,-2.570756673812866,2.1008169651031494,1.4961358308792114,0.0,3.641516747353941,140.74437809300633,11.5,70.8
29.699359,98,4,-1.2294923067092896,2.703129768371582,-2.1076247692108154,0.0,3.641516723112071,114.45795307553364,11.5,70.8
29.699359,98,5,1.4800158739089966,4.974841117858887,3.0641977787017822,0.0,6.027337651232342,73.43225157116578,12.3,69.0
29.699359,98,6,3.7000396251678467,4.020385265350342,-2.544605255126953,0.0,6.027338286016313,47.37602602574741,12.3,69.0
29.699359,98,7,-0.43937966227531433,4.3031768798828125,2.014493465423584,0.5115634799003601,4.771642240299818,95.83003146544799,29.3,40.800000000000004
29.699359,98,8,-2.050438642501831,3.9265434741973877,-1.7738455533981323,0.5115634799003601,4.771642309387531,117.57353648410098,29.3,40.800000000000004
29.993085,99,0,-0.11562623083591461,0.0411292165517807,-0.02658327855169773,0.0,0.1255695361544377,160.41910225927938,33.6,55.1
29.993085,99,1,-0.8055294156074524,2.1132922172546387,-0.7597765922546387,0.0,2.3858210547012915,110.86548352070797,13.700000000000001,57.1
29.993085,99,2,-1.8500198125839233,1.4852731227874756,1.858384132385254,0.0,3.013669049469302,141.24104901674406,14.100000000000001,63.6
29.993085,99,3,-2.570756673812866,2.0944340229034424,1.5050581693649292,0.0,3.641516695749314,140.82977924387183,11.5,70.8
29.993085,99,4,-1.2294923067092896,2.704768657684326,-2.1055212020874023,0.0,3.6415167658941763,114.44486782091288,11.5,70.8
29.993085,99,5,1.4800158739089966,4.9261884689331055,3.1418185234069824,0.0,6.027338007155011,73.27771736336504,11.700000000000001,69.60000000000001
29.993085,99,6,3.515037775039673,4.169699668884277,-2.5664989948272705,0.0,6.027337967884238,49.8692642746621,11.700000000000001,69.60000000000001
29.993085,99,7,-0.13875149190425873,4.315254211425781,1.3395068645477295,0.42630288004875183,4.520503238125606,91.84163817588824,27.900000000000002,40.2
29.993085,99,8,-0.40469181537628174,4.12770938873291,1.4538512229919434,0.596824049949646,4.394933860920041,95.59953765102195,26.0,41.1
29.993085,99,9,0.6320900917053223,4.2746968269348145,-2.7987406253814697,-0.42630288004875183,5.1483511860011335,81.58874841046446,21.0,45.2
30.29205,100,0,-0.11562623083591461,0.04109225422143936,-0.026640381664037704,0.0,0.1255695367098454,160.43536251145898,33.5,55.2
30.29205,100,1,-0.8055294156074524,2.1097891330718994,-0.7694506645202637,0.0,2.385821064239277,110.89713893569396,13.700000000000001,57.1
30.29205,100,2,-1.8500198125839233,1.4724186658859253,1.8685853481292725,0.0,3.0136690657478864,141.48394742027995,14.100000000000001,63.5
30.29205,100,3,-2.570756673812866,2.0970022678375244,1.501477837562561,0.0,3.641516728502103,140.7953922014612,11.700000000000001,70.7
30.29205,100,4,-1.2294923067092896,2.706263780593872,-2.1035990715026855,0.0,3.6415167219221343,114.43294188696652,11.700000000000001,70.7
30.29205,100,5,1.4800158739089966,4.8335113525390625,3.282609462738037,0.0,6.02733804154072,72.97546930797722,12.0,69.3
30.29205,100,6,3.7000396251678467,4.096602439880371,-2.419991970062256,0.0,6.027338211301223,47.91174223556956,12.0,69.3
30.29205,100,7,-0.27750298380851746,4.380839824676514,1.0799007415771484,0.25578173995018005,4.52050341081093,93.62454124712883,27.8,42.5
30.29205,100,8,-0.292919784784317,4.55916690826416,1.377230167388916,0.25578173995018005,4.771642047733167,93.6761171441955,25.700000000000003,42.5
30.29205,100,9,-0.4162544310092926,4.274293422698975,1.4114185571670532,0.42630288004875183,4.520503772609653,95.56224145602611,23.700000000000003,41.300000000000004
30.29205,100,10,0.8286546468734741,4.854058265686035,-2.214935541152954,-0.34104230999946594,5.3994897557012225,80.31221137163793,13.200000000000001,49.2
30.29205,100,11,1.2256381511688232,5.225363731384277,-3.9350829124450684,-0.34104230999946594,6.655185386650316,76.79958268643746,13.0,48.6
30.29205,100,12,0.8787593245506287,2.8219850063323975,-3.7460315227508545,-0.25578173995018005,4.77164222211731,72.70353742816994,27.8,41.900000000000006
30.591885,101,0,-0.11562623083591461,0.04109063372015953,-0.026642881333827972,0.0,0.12556953676195895,160.4360754679827,34.2,54.400000000000006
30.591885,101,1,-0.8055294156074524,2.1212191581726074,-0.7373565435409546,0.0,2.3858212482728147,110.79418938711324,14.5,56.300000000000004
30.591885,101,2,-1.8500198125839233,1.4832417964935303,1.8600058555603027,0.0,3.013669078803614,141.27932359101808,14.700000000000001,63.0
30.591885,101,3,-2.570756673812866,2.094240427017212,1.505327582359314,0.0,3.64151671317301,140.83237272434832,11.600000000000001,70.8
30.591885,101,4,-1.2294923067092896,2.7053420543670654,-2.1047844886779785,0.0,3.641516814071269,114.44029279771819,11.600000000000001,70.8
30.591885,101,5,1.4800158739089966,5.200918674468994,2.662480354309082,0.0,6.0273380262388425,74.11533437350289,11.700000000000001,69.3
30.591885,101,6,3.7000396251678467,3.9643352031707764,-2.631075620651245,0.0,6.027338197952446,46.9749847160157,11.700000000000001,69.3
30.591885,101,7,0.6475068926811218,6.142999649047852,-3.3603312969207764,0.34104230999946594,7.031894217729448,83.98291923635391,23.400000000000002,42.800000000000004
30.591885,101,8,0.8556341528892517,2.799708366394043,-3.6077024936676025,-0.596824049949646,4.646072967922775,73.0060377141439,24.900000000000002,41.0
30.591885,101,9,3.39941143989563,3.8111391067504883,1.316608190536499,-0.34104230999946594,5.27392041616898,48.268081803917084,18.0,48.5
30.591885,101,10,1.618767261505127,4.820406913757324,-1.3991096019744873,-0.34104230999946594,5.273920547321264,71.4371517542559,18.0,48.5
30.591885,101,11,0.7130284309387207,2.8237557411193848,-3.6199429035186768,-0.25578173995018005,4.646072820519159,75.82844817549658,30.5,41.1
30.885264,102,0,-0.11562623083591461,0.04109456017613411,-0.026636824011802673,0.0,0.12556953661945985,160.43434799339124,34.1,54.5
30.885264,102,1,-0.8055294156074524,2.112251043319702,-0.7626665234565735,0.0,2.3858211029780483,110.87488245461684,14.700000000000001,56.0
30.885264,102,2,-1.8500198125839233,1.4607255458831787,1.8777403831481934,0.0,3.0136690883131627,141.70633428842316,14.8,63.0
30.885264,102,3,-2.570756673812866,2.089750289916992,1.5115548372268677,0.0,3.6415167411540876,140.89257791210636,11.700000000000001,70.7
30.885264,102,4,-1.2294923067092896,2.7092409133911133,-2.0997633934020996,0.0,3.641516712486865,114.40922711681358,11.700000000000001,70.7
30.885264,102,5,1.4800158739089966,5.038019180297852,2.959174871444702,0.0,6.027337734677012,73.6288258396356,12.100000000000001,69.3
30.885264,102,6,3.7000396251678467,3.978529691696167,-2.6095616817474365,0.0,6.0273380448059095,47.07712061756206,12.100000000000001,69.3
30.885264,102,7,0.585839569568634,3.589235782623291,-3.0891339778900146,-0.25578173995018005,4.771642299868084,80.72985664312354,31.6,42.300000000000004
31.196094,103,0,-0.11562623083591461,0.041095685213804245,-0.02663508988916874,0.0,0.12556953696624193,160.43385303121406,34.0,54.6
31.196094,103,1,-0.8055294156074524,2.1280264854431152,-0.7174731492996216,0.0,2.3858210498950205,110.73333557575778,14.200000000000001,56.6
31.196094,103,2,-1.8500198125839233,1.4614834785461426,1.8771504163742065,0.0,3.01366901810903,141.69187796008012,14.100000000000001,63.6
31.196094,103,3,-2.570756673812866,2.0950405597686768,1.5042139291763306,0.0,3.641516767468926,140.82165509506643,11.5,70.8
31.196094,103,4,-1.2294923067092896,2.7048699855804443,-2.105391025543213,0.0,3.641516763875897,114.44405922794104,11.5,70.8
31.196094,103,5,1.2950139045715332,5.117551803588867,2.909022331237793,0.0,6.027338417501496,75.79921903798713,12.0,69.3
31.196094,103,6,3.7000396251678467,3.9540529251098633,-2.646502733230591,0.0,6.027338092340521,46.90075446330498,12.0,69.3
31.196094,103,7,0.7130284309387207,3.3521759510040283,-3.1369569301605225,-0.17052115499973297,4.646072742811807,77.99180011994738,29.1,45.1
31.496568,104,0,-0.11562623083591461,0.04114089906215668,-0.026565194129943848,0.0,0.12556953600346057,160.41396364020744,34.0,54.7
31.496568,104,1,-0.8055294156074524,2.124077081680298,-0.7290828824043274,0.0,2.3858212292087972,110.7685995708185,14.5,56.300000000000004
31.496568,104,2,-1.8500198125839233,1.461605191230774,1.8770557641983032,0.0,3.01366908997917,141.68955702614824,14.9,62.900000000000006
31.496568,104,3,-2.570756673812866,2.0914127826690674,1.509253740310669,0.0,3.641516738408147,140.87027467577718,11.600000000000001,70.7
31.496568,104,4,-1.2294923067092896,2.7015037536621094,-2.109708786010742,0.0,3.641516857722715,114.47094853557253,11.600000000000001,70.7
31.496568,104,5,1.4800158739089966,4.922515392303467,3.1475698947906494,0.0,6.027337805124215,73.26593689105226,12.0,69.3
31.496568,104,6,3.7000396251678467,3.9861502647399902,-2.5979063510894775,0.0,6.027338099852202,47.131793145557936,12.0,69.3
31.496568,104,7,-0.12718884646892548,4.026176929473877,0.9719858765602112,-0.34104230999946594,4.14379466362974,91.80939921759665,16.1,40.900000000000006
31.496568,104,8,0.6937574744224548,2.7999558448791504,-3.4805026054382324,-0.34104230999946594,4.520503351735542,76.08383386630693,30.3,40.2
31.496568,104,9,1.5802252292633057,4.086319923400879,-2.7037744522094727,-0.25578173995018005,5.148351054464319,68.85796103460227,12.600000000000001,53.0
31.496568,104,10,3.1604504585266113,3.952631950378418,0.9453959465026855,-0.25578173995018005,5.14835118573093,51.35482381762573,12.600000000000001,53.0
31.496568,104,11,3.8850414752960205,4.602467060089111,0.22924962639808655,-0.25578173995018005,6.027338193197662,49.83156841853619,11.4,54.5
31.496568,104,12,-3.7000396251678467,4.729315280914307,-0.5216208100318909,-0.25578173995018005,6.0273380960055745,128.0382987196112,11.4,54.5
31.796392,105,0,-0.11562623083591461,0.04110408574342728,-0.026622122153639793,0.0,0.12556953655280628,160.43015730044172,34.6,54.0
31.796392,105,1,-0.8055294156074524,2.1132688522338867,-0.7598419785499573,0.0,2.3858211822342272,110.86569435381658,14.5,56.2
31.796392,105,2,-1.8500198125839233,1.469556212425232,1.8708373308181763,0.0,3.0136690406900235,141.53826084737852,14.5,63.2
31.796392,105,3,-2.570756673812866,2.0944132804870605,1.50508713722229,0.0,3.641516738402551,140.83005710763106,11.600000000000001,70.7
31.796392,105,4,-1.2294923067092896,2.703765392303467,-2.106809377670288,0.0,3.6415167695226556,114.45287655306421,11.600000000000001,70.7
31.796392,105,5,1.4800158739089966,4.977312088012695,3.060183048248291,0.0,6.0273379610974285,73.440026008878,11.600000000000001,69.5
31.796392,105,6,3.7000396251678467,4.045666694641113,-2.5042147636413574,0.0,6.0273380371752765,47.5549438598096,11.600000000000001,69.5
31.796392,105,7,0.4470881223678589,6.591862678527832,-3.0643162727355957,0.34104230999946594,7.28303340518789,86.11989927242314,20.0,41.400000000000006
31.796392,105,8,0.5550059676170349,3.6415114402770996,-2.620365619659424,-0.6820846199989319,4.52050364168116,81.33418869162139,27.8,41.0
31.796392,105,9,3.1604504585266113,3.504500150680542,2.0580453872680664,-0.5115634799003601,5.148351116908827,47.955027727696546,18.400000000000002,48.7
31.796392,105,10,1.422202706336975,4.380767822265625,-2.3003766536712646,-0.5115634799003601,5.148351192300884,72.01413851051797,18.400000000000002,48.7
31.796392,105,11,0.8556341528892517,2.172525644302368,-4.016716957092285,-0.34104230999946594,4.646072813907961,68.50334374749984,30.3,42.400000000000006
31.796392,105,12,3.237534523010254,3.775418996810913,0.7020791172981262,-0.25578173995018005,5.022781448172921,49.385925360019556,12.9,53.0
31.796392,105,13,1.3875148296356201,4.728816509246826,0.9702726006507874,-0.25578173995018005,5.022781291292479,73.64741821661593,12.9,53.0
31.796392,105,14,-0.40469181537628174,4.276223659515381,0.9303654432296753,-0.17052115499973297,4.394933914131999,95.40623712686367,26.700000000000003,45.6
32.106565,106,0,-0.11562623083591461,0.041115984320640564,-0.02660374343395233,0.0,0.12556953686573402,160.42492292791167,34.300000000000004,54.300000000000004
32.106565,106,1,-0.8055294156074524,2.129518508911133,-0.713032603263855,0.0,2.3858210772229356,110.72004316169011,14.5,56.300000000000004
32.106565,106,2,-1.8500198125839233,1.4502134323120117,1.8858708143234253,0.0,3.013669032015317,141.9074305752492,14.100000000000001,63.6
32.106565,106,3,-2.570756673812866,2.0935773849487305,1.5062494277954102,0.0,3.6415166457749657,140.84125652504673,11.600000000000001,70.8
32.106565,106,4,-1.2294923067092896,2.710413932800293,-2.0982489585876465,0.0,3.641516677373512,114.39989512996067,11.600000000000001,70.8
32.106565,106,5,1.4800158739089966,5.105909824371338,2.8404295444488525,0.0,6.027337896502258,73.8350659532958,11.9,69.3
32.106565,106,6,3.7000396251678467,3.936159133911133,-2.673043727874756,0.0,6.027338112833461,46.77108304401762,11.9,69.3
32.106565,106,7,-0.12333464622497559,3.9730350971221924,0.5881443023681641,-0.5115634799003601,4.01822511046013,91.77805780933441,22.6,41.2
32.106565,106,8,0.9712603688240051,2.2821478843688965,-4.654319763183594,-0.34104230999946594,5.27392056520943,66.94585901563357,15.600000000000001,56.6
32.106565,106,9,-0.2697945535182953,4.277693271636963,0.9715946912765503,-0.25578173995018005,4.394934023558608,93.60887059025026,25.900000000000002,41.7
32.394775,107,0,-0.11562623083591461,0.04107678309082985,-0.02666422910988331,0.0,0.1255695364347406,160.44216945478954,33.5,55.1
32.394775,107,1,-0.8055294156074524,2.1102795600891113,-0.7681047320365906,0.0,2.3858211040469444,110.89270169826237,13.8,57.0
32.394775,107,2,-1.8500198125839233,1.4653173685073853,1.8741592168807983,0.0,3.0136690375058954,141.61884100157386,14.100000000000001,63.6
32.394775,107,3,-2.570756673812866,2.089388847351074,1.5120545625686646,0.0,3.641516803692269,140.89742872783415,11.8,70.7
32.394775,107,4,-1.2294923067092896,2.715276002883911,-2.0919535160064697,0.0,3.64151680172238,114.36128613146006,11.8,70.7
32.394775,107,5,1.4800158739089966,4.754713535308838,3.3957409858703613,0.0,6.027338105083494,72.71002384347686,11.9,69.4
32.394775,107,6,3.7000396251678467,3.989586591720581,-2.5926263332366943,0.0,6.02733819396599,47.156409788164034,11.9,69.4
32.394775,107,7,0.7862583994865417,2.85895037651062,-3.071753978729248,-0.5115634799003601,4.269364359240416,74.62287220356939,27.200000000000003,40.7
32.394775,107,8,1.5416830778121948,4.768920421600342,-0.33006733655929565,-0.34104230999946594,5.022781415374614,72.08516439892915,16.6,54.0
32.394775,107,9,3.237534523010254,3.762913703918457,0.7662790417671204,-0.34104230999946594,5.02278139089012,49.29196579608267,16.6,54.0
32.394775,107,10,-0.1194804385304451,3.8761987686157227,0.3370095193386078,-0.25578173995018005,3.892655634028563,91.76553329789408,17.3,41.1
32.394775,107,11,-0.2697945535182953,4.212087154388428,1.2251445055007935,-0.25578173995018005,4.394934169772162,93.66492917013765,28.5,43.6
32.697417,108,0,-0.11562623083591461,0.04109480604529381,-0.02663644216954708,0.0,0.12556953608527888,160.43423982258966,34.0,54.7
32.697417,108,1,-0.8055294156074524,2.1148433685302734,-0.7554481625556946,0.0,2.3858210408859533,110.85149588374871,14.100000000000001,56.7
32.697417,108,2,-1.8500198125839233,1.4698518514633179,1.8706051111221313,0.0,3.013669068421322,141.5326474727319,14.0,63.7
32.697417,108,3,-2.570756673812866,2.088192939758301,1.5137054920196533,0.0,3.6415167095841077,140.91348341592428,11.600000000000001,70.8
32.697417,108,4,-1.2294923067092896,2.712127923965454,-2.0960330963134766,0.0,3.641516709978406,114.38627146738908,11.600000000000001,70.8
32.697417,108,5,1.4800158739089966,4.860193729400635,3.2429728507995605,0.0,6.0273379684028745,73.06357016490058,12.4,68.8
32.697417,108,6,3.7000396251678467,3.871347427368164,-2.7660768032073975,0.0,6.027338136561145,46.296134993071256,12.4,68.8
32.697417,108,7,0.7862583994865417,2.891658067703247,-3.0409841537475586,-0.42630288004875183,4.2693645047735345,74.7887025703907,27.0,41.2
32.697417,108,8,2.374191999435425,4.9464240074157715,0.6499122381210327,-0.25578173995018005,5.525059640273739,64.35985581139533,13.5,57.5
32.697417,108,9,0.5241722464561462,3.2962498664855957,-2.662226915359497,-0.17052115499973297,4.269364340873912,80.964435786426,28.8,45.300000000000004
32.996262,109,0,-0.11562623083591461,0.041087087243795395,-0.026648351922631264,0.0,0.1255695371325859,160.4376357994325,34.1,54.5
32.996262,109,1,-0.8055294156074524,2.1161372661590576,-0.7518163919448853,0.0,2.38582112821415,110.83984175351722,14.4,56.400000000000006
32.996262,109,2,-1.8500198125839233,1.4691234827041626,1.8711771965026855,0.0,3.013669061973712,141.54647877380353,14.3,63.5
32.996262,109,3,-2.570756673812866,2.0922091007232666,1.5081493854522705,0.0,3.6415166299143427,140.85959664073528,11.600000000000001,70.8
32.996262,109,4,-1.2294923067092896,2.708632707595825,-2.100548028945923,0.0,3.641516785465065,114.41406835250851,11.600000000000001,70.8
32.996262,109,5,1.4800158739089966,5.0584540367126465,2.9241068363189697,0.0,6.027338137085426,73.69143995335253,11.700000000000001,69.4
32.996262,109,6,3.7000396251678467,3.953890085220337,-2.6467461585998535,0.0,6.027338157253083,46.89957722638892,11.700000000000001,69.4
32.996262,109,7,-0.24666929244995117,3.8096249103546143,1.2538120746612549,0.34104230999946594,4.0182250330212375,93.70467134473881,27.0,41.2
32.996262,109,8,0.7400079369544983,2.5406155586242676,-3.0238707065582275,-0.6820846199989319,4.018225132251839,73.76068392269592,34.300000000000004,39.7
32.996262,109,9,0.9250098466873169,2.474248170852661,-4.272093772888184,-0.596824049949646,5.022781344214202,69.50149609342499,12.8,55.5
32.996262,109,10,3.075657606124878,3.591578722000122,0.6398926973342896,-0.5115634799003601,4.771642284427825,49.42481878445565,14.8,52.300000000000004
32.996262,109,11,1.6110588312149048,3.4459688663482666,-2.8806869983673096,-0.5115634799003601,4.771642229677279,64.94297806075149,14.8,52.300000000000004
32.996262,109,12,0.5241722464561462,3.6516401767730713,-2.1490087509155273,-0.42630288004875183,4.269364254322845,81.83131583926595,28.700000000000003,40.400000000000006
32.996262,109,13,0.9250098466873169,2.756932258605957,-4.095365047454834,-0.42630288004875183,5.022781457213261,71.45229363964559,12.8,54.1
32.996262,109,14,-4.008376121520996,1.3121511936187744,-2.7275469303131104,-0.42630288004875183,5.022781315521844,161.87402108879874,12.8,54.1
32.996262,109,15,-0.25437769293785095,4.10405969619751,0.5128533244132996,-0.17052115499973297,4.143794460754412,93.54676781412203,28.8,44.0
33.296041,110,0,-0.11562623083591461,0.04108630493283272,-0.026649557054042816,0.0,0.1255695369169235,160.4379799942591,34.0,54.6
33.296041,110,1,-0.8055294156074524,2.116788864135742,-0.7499799132347107,0.0,2.385821159473927,110.8339775248753,14.100000000000001,56.7
33.296041,110,2,-1.8500198125839233,1.4724705219268799,1.8685444593429565,0.0,3.0136690497527985,141.48296423630543,14.3,63.5
33.296041,110,3,-2.570756673812866,2.095529794692993,1.5035321712493896,0.0,3.641516715103935,140.8151034936871,11.5,70.8
33.296041,110,4,-1.2294923067092896,2.708003520965576,-2.1013591289520264,0.0,3.641516798073202,114.41907849022947,11.5,70.8
33.296041,110,5,1.4800158739089966,5.008128643035889,3.0094854831695557,0.0,6.0273379169934875,73.53639195194583,12.3,68.8
33.296041,110,6,3.7000396251678467,4.035908222198486,-2.519911527633667,0.0,6.027337929212416,47.48602699404908,12.3,68.8
33.296041,110,7,0.7168826460838318,2.304502010345459,-3.054196834564209,-0.6820846199989319,3.8926557191979425,72.72016856646766,31.200000000000003,41.0
33.296041,110,8,0.6166732311248779,3.158902883529663,-2.405655860900879,-0.42630288004875183,4.0182251582812984,78.95378428050248,32.5,41.2
33.296041,110,9,-0.12718884646892548,4.0290093421936035,0.9601770639419556,-0.17052115499973297,4.143794550441615,91.80812804600295,32.6,43.800000000000004
33.59362,111,0,-0.11562623083591461,0.04109895974397659,-0.026630030944943428,0.0,0.12556953570626064,160.43241241356546,34.5,54.2
33.59362,111,1,-0.8055294156074524,2.11564040184021,-0.7532134056091309,0.0,2.385821113096452,110.8443155357432,14.600000000000001,56.2
33.59362,111,2,-1.8500198125839233,1.4755394458770752,1.8661220073699951,0.0,3.0136690776664414,141.42482563363498,14.3,63.5
33.59362,111,3,-2.570756673812866,2.0926458835601807,1.5075434446334839,0.0,3.6415167042582888,140.85374108178388,11.5,70.8
33.59362,111,4,-1.2294923067092896,2.7063183784484863,-2.1035287380218506,0.0,3.6415166688440648,114.43250659074698,11.5,70.8
33.59362,111,5,1.4800158739089966,4.988406181335449,3.042064905166626,0.0,6.027337895311226,73.47484423582779,11.9,69.2
33.59362,111,6,3.7000396251678467,3.9758071899414062,-2.6137077808380127,0.0,6.027338086005726,47.057561240154065,11.9,69.2
33.59362,111,7,0.7322994470596313,2.6953978538513184,-3.8687386512756348,-0.5115634799003601,4.771642361135645,74.80047394138963,11.5,53.6
33.59362,111,8,-3.807957172393799,1.750168800354004,-2.2814340591430664,-0.5115634799003601,4.771642277322972,155.31609479863016,11.5,53.6
33.59362,111,9,-0.6629236936569214,5.089580535888672,1.6766613721847534,-0.5115634799003601,5.3994899029338885,97.42106209483313,13.200000000000001,50.2
33.59362,111,10,0.6937574148178101,2.4687554836273193,-2.759507894515991,-0.25578173995018005,3.767085983681648,74.30383846064747,37.800000000000004,41.7
33.59362,111,11,1.0252193212509155,3.104465961456299,-3.4755985736846924,-0.25578173995018005,4.771642170983281,71.72470235479176,12.700000000000001,60.2
33.895864,112,0,-0.11562623083591461,0.041099343448877335,-0.02662944421172142,0.0,0.12556953686413824,160.4322436056743,34.1,54.6
33.895864,112,1,-0.8055294156074524,2.111478805541992,-0.7648017406463623,0.0,2.3858210511598785,110.88185886220118,14.200000000000001,56.6
33.895864,112,2,-1.8500198125839233,1.461637258529663,1.8770307302474976,0.0,3.0136690503053942,141.68894556093358,14.3,63.5
33.895864,112,3,-2.570756673812866,2.093707799911499,1.506068229675293,0.0,3.6415166812471025,140.83950897668822,11.5,70.8
33.895864,112,4,-1.2294923067092896,2.7090811729431152,-2.0999693870544434,0.0,3.641516656616854,114.41049845459152,11.5,70.8
33.895864,112,5,1.4800158739089966,4.820483684539795,3.301710605621338,0.0,6.027337958270582,72.93213014743398,11.8,69.5
33.895864,112,6,3.7000396251678467,4.033008098602295,-2.524550437927246,0.0,6.027337925223918,47.46551064192155,11.8,69.5
33.895864,112,7,0.5395891070365906,2.3030474185943604,-2.601288080215454,-0.42630288004875183,3.5159470264777446,76.81381424932455,31.200000000000003,40.300000000000004
33.895864,112,8,0.34687870740890503,3.52040433883667,-1.2951314449310303,-0.42630288004875183,3.767086009929009,84.3725959661162,31.0,40.7
33.895864,112,9,0.13104306161403656,4.259217739105225,-0.2633705139160156,-0.42630288004875183,4.26936436260788,88.2377405741551,15.0,51.5
33.895864,112,10,-0.12333464622497559,4.003720760345459,0.3180263936519623,-0.34104230999946594,4.018224999777878,91.76443891213162,26.400000000000002,44.800000000000004
33.895864,112,11,-3.7077479362487793,1.6856812238693237,-2.2354142665863037,-0.25578173995018005,4.646072846019555,155.55167497070283,12.3,58.5
33.895864,112,12,0.9982398152351379,1.20957350730896,4.373378753662109,-0.25578173995018005,4.646072806283553,50.46774001362289,12.3,58.5
34.204142,113,0,-0.11562623083591461,0.041080255061388016,-0.026658877730369568,0.0,0.12556953601519638,160.4406418172057,34.0,54.6
34.204142,113,1,-0.8055294156074524,2.1050291061401367,-0.7823796272277832,0.0,2.385821254454556,110.94029995850414,14.4,56.400000000000006
34.204142,113,2,-1.8500198125839233,1.457227349281311,1.8804564476013184,0.0,3.0136690770175583,141.77313137513508,14.5,63.2
34.204142,113,3,-2.570756673812866,2.090059518814087,1.511127233505249,0.0,3.6415167422352996,140.8884283707671,11.600000000000001,70.8
34.204142,113,4,-1.2294923067092896,2.7045061588287354,-2.105858325958252,0.0,3.6415167422940105,114.44696278588812,11.600000000000001,70.8
34.204142,113,5,1.4800158739089966,4.582353591918945,3.624967575073242,0.0,6.027337832636184,72.10049828324718,12.0,69.5
34.204142,113,6,3.7000396251678467,4.000520706176758,-2.5757224559783936,0.0,6.027338161957778,47.23458645576273,12.0,69.5
34.204142,113,7,0.8325088620185852,2.622437000274658,-3.586740016937256,-0.596824049949646,4.5205033762677465,72.38763692470157,12.8,56.0
34.204142,113,8,0.43167129158973694,2.9253835678100586,-1.902018666267395,-0.5115634799003601,3.515947117012066,81.6059760299757,30.3,40.900000000000006
34.204142,113,9,0.49333858489990234,3.4909017086029053,-1.927785038948059,-0.42630288004875183,4.018225087631316,81.9561564351265,20.3,46.6
34.204142,113,10,-0.11562623083591461,3.7495503425598145,0.3441503047943115,-0.25578173995018005,3.767085959855145,91.76629079621739,35.2,41.400000000000006
34.509155,114,0,-0.11562623083591461,0.041097380220890045,-0.02663247287273407,0.0,0.12556953663073514,160.43310731579223,33.800000000000004,54.800000000000004
34.509155,114,1,-0.8055294156074524,2.1246120929718018,-0.7275217175483704,0.0,2.3858210399180058,110.76381577370799,14.3,56.5
34.509155,114,2,-1.8500198125839233,1.4540987014770508,1.8828767538070679,0.0,3.0136690612304036,141.83297614190994,14.600000000000001,63.1
34.509155,114,3,-2.570756673812866,2.1052939891815186,1.4898293018341064,0.0,3.64151671772089,140.68460120529602,11.600000000000001,70.8
34.509155,114,4,-1.2294923067092896,2.7121787071228027,-2.0959675312042236,0.0,3.6415167943440787,114.38586803521751,11.600000000000001,70.8
34.509155,114,5,1.4800158739089966,4.787780284881592,3.3489575386047363,0.0,6.027338022601765,72.822386730913,12.100000000000001,69.2
34.509155,114,6,3.7000396251678467,4.022562026977539,-2.5411624908447266,0.0,6.027338159882025,47.39147903595787,12.100000000000001,69.2
34.509155,114,7,-3.507329225540161,1.3862460851669312,-2.256636142730713,-0.5115634799003601,4.394933809017758,158.4339548497453,14.9,50.7
34.509155,114,8,0.6744863390922546,1.1081492900848389,-4.199109077453613,-0.5115634799003601,4.394933869251156,58.67279038557025,14.9,50.7
34.509155,114,9,0.5203180313110352,2.8853673934936523,-1.7025226354599,-0.42630288004875183,3.3903774381913685,79.77771831344901,36.0,41.1
34.509155,114,10,0.4162544310092926,2.8379063606262207,-1.807672381401062,-0.25578173995018005,3.3903775160736624,81.6555517594678,32.6,40.7
34.790959,115,0,-0.11562623083591461,0.041130777448415756,-0.026580866426229477,0.0,0.12556953679456004,160.41841567097939,33.5,55.1
34.790959,115,1,-0.8055294156074524,2.1257450580596924,-0.7242048978805542,0.0,2.385821121833796,110.75369233020923,14.200000000000001,56.7
34.790959,115,2,-1.8500198125839233,1.470985770225525,1.869713544845581,0.0,3.013669056638115,141.51112556639535,14.600000000000001,63.1
34.790959,115,3,-2.570756673812866,2.057206392288208,1.5555564165115356,0.0,3.6415166869554594,141.33202439488073,11.700000000000001,70.8
34.790959,115,4,-1.2294923067092896,2.6703193187713623,-2.149043321609497,0.0,3.6415166887734105,114.7227114545389,11.700000000000001,70.8
34.790959,115,5,1.4800158739089966,4.876683712005615,3.2181224822998047,0.0,6.0273379965824825,73.11757619142452,12.3,69.0
34.790959,115,6,3.7000396251678467,4.065813064575195,-2.471371650695801,0.0,6.027338296441096,47.696651397051184,12.3,69.0
34.790959,115,7,0.40083760023117065,2.730475902557373,-1.744362711906433,-0.34104230999946594,3.2648079127102028,81.648553216809,34.300000000000004,40.7
34.790959,115,8,-3.4071197509765625,1.9973112344741821,-1.6216518878936768,-0.17052115499973297,4.269364356711723,149.62044671840928,15.4,60.6
34.790959,115,9,0.5241722464561462,3.78796124458313,-1.8984375,-0.17052115499973297,4.269364340955795,82.12153119725538,15.4,60.6
35.101155,116,0,-0.11562623083591461,0.041070520877838135,-0.026673873886466026,0.0,0.12556953647524643,160.44492484853782,33.9,54.7
35.101155,116,1,-0.8055294156074524,2.120323896408081,-0.7399264574050903,0.0,2.3858210803528577,110.80221795219698,14.100000000000001,56.7
35.101155,116,2,-1.8500198125839233,1.457756757736206,1.880046010017395,0.0,3.0136690381428677,141.76301457981629,14.600000000000001,63.2
35.101155,116,3,-2.374191999435425,2.1163461208343506,1.4987248182296753,0.0,3.515947188757442,138.28630467601437,12.8,69.2
35.101155,116,4,-1.0791782140731812,2.708749294281006,-1.9646718502044678,0.0,3.5159470752535333,111.72256534522874,12.8,69.2
35.101155,116,5,1.4800158739089966,4.819540023803711,3.3030879497528076,0.0,6.027337972261941,72.92898255307155,12.100000000000001,69.2
35.101155,116,6,3.7000396251678467,4.04567813873291,-2.5041966438293457,0.0,6.02733819036229,47.55502457471629,12.100000000000001,69.2
35.101155,116,7,0.6706321835517883,3.3832545280456543,-1.16811203956604,-0.42630288004875183,3.6415167807022386,78.78810838047748,20.8,45.5
35.101155,116,8,0.40083760023117065,3.027008295059204,-1.1556470394134521,-0.34104230999946594,3.264807816674879,82.45675724012949,25.900000000000002,40.6
35.101155,116,9,0.7631331086158752,3.3650779724121094,-2.294539451599121,-0.34104230999946594,4.143794540855485,77.22256962670244,15.5,55.5
35.101155,116,10,-3.1797213554382324,1.7492728233337402,-2.000112533569336,-0.34104230999946594,4.143794572083068,151.18331212021153,15.5,55.5
35.396766,117,0,-0.11562623083591461,0.04106610640883446,-0.02668066695332527,0.0,0.12556953588341477,160.44686728559196,34.4,54.300000000000004
35.396766,117,1,-0.8055294156074524,2.1171376705169678,-0.7489944696426392,0.0,2.3858210894545624,110.83083964515416,14.8,56.0
35.396766,117,2,-1.8500198125839233,1.4632127285003662,1.8758028745651245,0.0,3.0136690627912888,141.6589169019877,14.9,62.800000000000004
35.396766,117,3,-2.570756673812866,2.1222383975982666,1.4655914306640625,0.0,3.6415167078883193,140.4592829506441,11.8,70.7
35.396766,117,4,-1.2294923067092896,2.8043150901794434,-1.970992088317871,0.0,3.641516753974518,113.6740259960837,11.8,70.7
35.396766,117,5,1.2950139045715332,4.991240501403809,3.120779275894165,0.0,6.0273382221954215,75.45491188766924,12.0,69.3
35.396766,117,6,3.7000396251678467,3.9576239585876465,-2.641159772872925,0.0,6.027338182916347,46.92655794828709,12.0,69.3
35.396766,117,7,0.6359442472457886,3.2321088314056396,-2.513977289199829,-0.7673451900482178,4.143794685341911,78.86877025819429,20.700000000000003,44.0
35.396766,117,8,-3.3069100379943848,1.615100622177124,-1.9044238328933716,-0.7673451900482178,4.143794656403384,153.96903621886554,20.700000000000003,44.0
35.396766,117,9,0.37000396847724915,2.471409559249878,-1.684468150138855,-0.5115634799003601,3.013669042060326,81.4852756335548,37.2,42.1
35.396766,117,10,0.49333858489990234,2.7023823261260986,-2.9325551986694336,-0.42630288004875183,4.018225129227189,79.6541869243894,12.600000000000001,57.800000000000004
35.396766,117,11,-3.2067008018493652,1.8052098751068115,-1.6138216257095337,-0.42630288004875183,4.018225101381488,150.6226960137261,12.600000000000001,57.800000000000004
35.396766,117,12,0.22354406118392944,3.531099796295166,-0.8613983392715454,-0.34104230999946594,3.6415168292328604,86.37759842872211,14.8,51.6
35.715193,118,0,-0.11562623083591461,0.04106977581977844,-0.026675021275877953,0.0,0.1255695365256861,160.44525268273395,34.6,54.0
35.715193,118,1,-0.8055294156074524,2.114886999130249,-0.7553262710571289,0.0,2.385821123690563,110.85110270023584,14.700000000000001,56.1
35.715193,118,2,-1.8500198125839233,1.4604175090789795,1.8779799938201904,0.0,3.0136691034296366,141.71221123436715,14.4,63.300000000000004
35.715193,118,3,-2.6825287342071533,2.0089612007141113,1.4243450164794922,0.0,3.6415167501731585,143.17024871691012,11.5,70.8
35.715193,118,4,0.4470881223678589,3.5966339111328125,-0.35352444648742676,0.0,3.641516554148446,82.91406090292156,11.5,70.8
35.715193,118,5,1.4800158739089966,4.7269182205200195,3.4343268871307373,0.0,6.027338054081243,72.61446547879915,11.9,69.4
35.715193,118,6,3.7000396251678467,3.9603073596954346,-2.637134313583374,0.0,6.027338135441623,46.94593125703095,11.9,69.4
35.715193,118,7,0.4470881223678589,3.5691654682159424,-0.5672863721847534,-1.1083874702453613,3.6415166835721187,82.86008792697956,19.400000000000002,41.7
35.715193,118,8,0.28906556963920593,3.089142084121704,-0.477974534034729,-0.34104230999946594,3.1392383430743735,84.65413108612714,26.5,41.1
35.715193,118,9,0.4779217541217804,2.9843785762786865,-2.453129291534424,-0.25578173995018005,3.8926556501440275,80.90183900214113,16.400000000000002,56.300000000000004
36.010399,119,0,-0.11562623083591461,0.04108449071645737,-0.026652351021766663,0.0,0.12556953631250833,160.43877820410742,35.0,53.6
36.010399,119,1,-0.8055294156074524,2.125009536743164,-0.7263606190681458,0.0,2.3858212254046487,110.76026339836962,15.3,55.5
36.010399,119,2,-1.8500198125839233,1.4563486576080322,1.8811370134353638,0.0,3.013669056612934,141.78992905421563,14.9,62.900000000000006
36.010399,119,3,-2.570756673812866,2.1004867553710938,1.4965993165969849,0.0,3.641516716957556,140.74879106997176,11.700000000000001,70.7
36.010399,119,4,-1.2294923067092896,2.7179105281829834,-2.088529586791992,0.0,3.6415168276929277,114.34041363605947,11.700000000000001,70.7
36.010399,119,5,1.4800158739089966,4.645173072814941,3.5441107749938965,0.0,6.027337807760193,72.32740739549386,11.9,69.4
36.010399,119,6,3.7000396251678467,3.8335723876953125,-2.818197011947632,0.0,6.027338125380284,46.01545747581826,11.9,69.4
36.010399,119,7,0.4432339072227478,2.5485613346099854,-1.2843273878097534,0.25578173995018005,2.8880993770746874,80.13406542174272,19.6,41.2
36.010399,119,8,0.2659403383731842,2.59897518157959,-1.231146216392517,-0.25578173995018005,2.8880992476330025,84.15753927305313,37.300000000000004,41.2
36.288564,120,0,-0.11562623083591461,0.04106605052947998,-0.026680756360292435,0.0,0.12556953660568831,160.44689187370258,35.1,53.6
36.288564,120,1,-0.8055294156074524,2.126682758331299,-0.7214463353157043,0.0,2.385821034514736,110.74532078085662,15.3,55.5
36.288564,120,2,-1.8500198125839233,1.4607759714126587,1.8777011632919312,0.0,3.013669093354067,141.7053723248494,14.600000000000001,63.1
36.288564,120,3,-2.570756673812866,2.092088460922241,1.508316993713379,0.0,3.6415167386409126,140.8612141229282,11.700000000000001,70.7
36.288564,120,4,-1.2294923067092896,2.6995556354522705,-2.112200975418091,0.0,3.641516843530533,114.48653539081475,11.700000000000001,70.7
36.288564,120,5,1.4800158739089966,4.703597545623779,3.4661974906921387,0.0,6.027337878591272,72.53349744177522,12.100000000000001,69.10000000000001
36.288564,120,6,3.7000396251678467,3.862274169921875,-2.7787318229675293,0.0,6.0273381799456365,46.22897956141599,12.100000000000001,69.10000000000001
36.288564,120,7,-3.237534523010254,1.748523235321045,-0.8074490427970886,-0.42630288004875183,3.76708604213585,151.62746541988176,12.3,56.2
36.288564,120,8,0.16958513855934143,2.6117379665374756,-0.8841026425361633,-0.34104230999946594,2.7625299650162938,86.28489081328448,34.800000000000004,41.300000000000004
36.607253,121,0,-0.11562623083591461,0.04110667482018471,-0.026618123054504395,0.0,0.12556953630175338,160.42901829563314,33.0,55.7
36.607253,121,1,-0.8055294156074524,2.1148836612701416,-0.7553360462188721,0.0,2.385821259615615,110.85113277934838,13.4,57.400000000000006
36.607253,121,2,-1.8500198125839233,1.45418119430542,1.8828130960464478,0.0,3.0136690938901376,141.83139695647517,14.200000000000001,63.5
36.607253,121,3,-2.570756673812866,2.0981600284576416,1.4998594522476196,0.0,3.6415166836727924,140.77990157980847,11.700000000000001,70.7
36.607253,121,4,-1.2294923067092896,2.698162078857422,-2.113980770111084,0.0,3.6415168038114265,114.4976966454238,11.700000000000001,70.7
36.607253,121,5,1.4800158739089966,4.795760631561279,3.3375191688537598,0.0,6.027337822349262,72.84929259377952,12.100000000000001,69.10000000000001
36.607253,121,6,3.7000396251678467,3.882566213607788,-2.750307559967041,0.0,6.027338160852832,46.37894335147791,12.100000000000001,69.10000000000001
36.607253,121,7,0.0886467844247818,2.8632888793945312,0.36720097064971924,-0.6820846199989319,2.8880993771162617,88.22670188719727,28.3,40.5
36.607253,121,8,-3.4687869548797607,1.3445230722427368,0.5922090411186218,-0.6820846199989319,3.767085979708943,158.81336397131096,16.0,53.7
36.607253,121,9,0.1772935688495636,2.8755440711975098,-0.20231327414512634,-0.42630288004875183,2.888099266966058,86.47185700209967,28.900000000000002,40.0
36.607253,121,10,0.10406360775232315,3.192406177520752,-1.1368259191513062,-0.42630288004875183,3.3903775021648106,88.1329772292194,22.0,49.5
36.607253,121,11,0.33531609177589417,2.7374496459960938,-2.3779351711273193,-0.34104230999946594,3.6415165966740166,83.01650568072408,14.0,57.6
36.607253,121,12,-3.2413887977600098,1.5538190603256226,-0.5828284621238708,-0.34104230999946594,3.6415167206449786,154.38841733961112,14.0,57.6
36.607253,121,13,0.16187672317028046,2.565054178237915,-0.5897902250289917,-0.25578173995018005,2.636960280387227,86.3889380877021,30.8,42.300000000000004
36.883253,122,0,-0.11562623083591461,0.04107416793704033,-0.026668258011341095,0.0,0.12556953656998127,160.44332011937422,35.7,53.0
36.883253,122,1,-1.8500198125839233,1.4483762979507446,1.887282133102417,0.0,3.013669035801073,141.94268897738894,15.3,62.400000000000006
36.883253,122,2,-1.2294923067092896,2.747621774673462,-2.0492846965789795,0.0,3.6415167878989485,114.10732687875887,11.4,70.9
36.883253,122,3,-2.570756673812866,2.080319404602051,1.5245082378387451,0.0,3.641516726359419,141.01936582914584,11.4,70.9
36.883253,122,4,1.2950139045715332,4.999334335327148,3.1077966690063477,0.0,6.027338130991284,75.47746368321921,11.9,69.3
36.883253,122,5,3.7000396251678467,3.99367356300354,-2.5863263607025146,0.0,6.027338201869074,47.185657753353176,11.9,69.3
36.883253,122,6,0.25437772274017334,2.610729217529297,-0.8665772676467896,0.17052115499973297,2.762529861176126,84.43492337307161,32.7,40.7
36.883253,122,7,0.0,2.6972455978393555,0.5970239043235779,-0.42630288004875183,2.762529883530231,90.0,22.900000000000002,43.300000000000004
36.883253,122,8,0.5974022150039673,3.6615359783172607,-1.1785722970962524,-0.42630288004875183,3.8926556213574974,80.7334885831168,15.9,51.6
36.883253,122,9,-1.2950137853622437,3.018792152404785,1.2536814212799072,-0.25578173995018005,3.515947080057004,113.21856212284044,17.5,56.1
36.883253,122,10,-3.237534761428833,1.0090903043746948,0.9284339547157288,-0.25578173995018005,3.515947124476156,162.68853841301134,17.5,56.1
36.883253,122,11,0.16187672317028046,2.6309399604797363,-0.07422732561826706,-0.17052115499973297,2.636960152338655,86.4791383557929,32.6,42.800000000000004
37.193262,123,0,-0.11562623083591461,0.041074760258197784,-0.02666734717786312,0.0,0.1255695368833274,160.44305949732498,34.6,54.0
37.193262,123,1,-0.8055294156074524,2.1716501712799072,-0.5720141530036926,0.0,2.3858210949409986,110.35131011578481,15.9,55.900000000000006
37.193262,123,2,-1.8500198125839233,1.417905330657959,1.910280704498291,0.0,3.013669060072754,142.5324661154797,14.700000000000001,63.2
37.193262,123,3,-1.0791782140731812,2.7169861793518066,-1.9532651901245117,0.0,3.5159471582307735,111.6628175392122,12.3,70.2
37.193262,123,4,-2.374191999435425,2.1304075717926025,1.4786685705184937,0.0,3.515947214275783,138.09776837737635,12.3,70.2
37.193262,123,5,1.2950139045715332,5.111972332000732,2.9188151359558105,0.0,6.027338047103327,75.78434754659723,11.700000000000001,69.4
37.193262,123,6,3.7000396251678467,3.9752540588378906,-2.614548921585083,0.0,6.027338062816874,47.053585603638226,11.700000000000001,69.4
37.193262,123,7,0.2659403383731842,2.751627206802368,-0.8360274434089661,0.34104230999946594,2.888099450317107,84.47960108989332,30.900000000000002,40.300000000000004
37.193262,123,8,0.3545871376991272,2.7402310371398926,-0.8405469655990601,0.596824049949646,2.8880992670793395,82.62687107370193,24.700000000000003,41.2
37.494212,124,0,-0.11562623083591461,0.04108580946922302,-0.02665032260119915,0.0,0.12556953727640113,160.43819798507596,34.0,54.7
37.494212,124,1,-0.8055294156074524,2.1419007778167725,-0.6749270558357239,0.0,2.3858212657531697,110.61035541976187,14.100000000000001,56.7
37.494212,124,2,-1.8500198125839233,1.4720221757888794,1.8688976764678955,0.0,3.0136690458765343,141.49146571007412,14.200000000000001,63.5
37.494212,124,3,-2.570756673812866,2.075559616088867,1.5309818983078003,0.0,3.6415166028508663,141.0835289332249,11.4,70.9
37.494212,124,4,-1.2294923067092896,2.720926523208618,-2.0845987796783447,0.0,3.641516792381152,114.31656007949847,11.4,70.9
37.494212,124,5,1.4800158739089966,4.702820301055908,3.467252016067505,0.0,6.02733791270826,72.53078630986947,12.0,69.2
37.494212,124,6,3.7000396251678467,3.962010145187378,-2.634575366973877,0.0,6.027338134089166,46.9582175627328,12.0,69.2
37.494212,124,7,0.08093836158514023,2.6338181495666504,-0.10005225241184235,0.17052115499973297,2.6369602796734473,88.23983005509234,36.9,42.0
37.494212,124,8,2.7519044876098633,2.565286159515381,2.0183658599853516,-0.42630288004875183,4.269364371177855,42.98990553953798,23.6,46.1
37.494212,124,9,0.3006282150745392,3.0183024406433105,-1.207660436630249,-0.25578173995018005,3.2648079081462407,84.31199968799048,32.5,40.7
37.494212,124,10,0.5395891070365906,3.039106845855713,-1.6836144924163818,-0.25578173995018005,3.515947181633148,79.93213221954102,25.0,41.6
37.796354,125,0,-0.11562623083591461,0.04105345532298088,-0.026700133457779884,0.0,0.12556953682298685,160.4524342250698,33.9,54.7
37.796354,125,1,-1.8500198125839233,1.4198393821716309,1.9088436365127563,0.0,3.0136690605927217,142.49475183528037,14.9,63.0
37.796354,125,2,1.4800158739089966,4.7298808097839355,3.4302451610565186,0.0,6.027337830811926,72.62469936711771,11.8,69.5
37.796354,125,3,3.7000396251678467,3.962172031402588,-2.6343319416046143,0.0,6.027338153181674,46.95938534550163,11.8,69.5
37.796354,125,4,0.08479256927967072,2.7599971294403076,-0.0824429988861084,0.17052115499973297,2.762529779457431,88.24031384129495,37.9,41.1
37.796354,125,5,2.8829474449157715,2.7642390727996826,1.5083329677581787,-0.5115634799003601,4.269364351207919,43.79577429238532,15.8,44.400000000000006
38.097265,126,0,-0.11562623083591461,0.04111609607934952,-0.026603566482663155,0.0,0.12556953597001141,160.42487376509789,34.4,54.300000000000004
38.097265,126,1,-0.8055294156074524,2.1345322132110596,-0.6978801488876343,0.0,2.3858210559168125,110.67549528760851,14.4,56.400000000000006
38.097265,126,2,-1.8500198125839233,1.4885096549987793,1.855792760848999,0.0,3.013669038099106,141.18015047324337,14.200000000000001,63.5
38.097265,126,3,-2.570756673812866,2.0993402004241943,1.4982072114944458,0.0,3.641516717199641,140.76411813149883,11.600000000000001,70.8
38.097265,126,4,-1.2294923067092896,2.728619337081909,-2.074519157409668,0.0,3.641516792960643,114.25591589206984,11.600000000000001,70.8
38.097265,126,5,1.4800158739089966,4.849459648132324,3.259002447128296,0.0,6.027337954377082,73.02823460222531,11.700000000000001,69.3
38.097265,126,6,3.7000396251678467,3.96818470954895,-2.6252660751342773,0.0,6.027338142344532,47.002722329675024,11.700000000000001,69.3
38.097265,126,7,0.8325088620185852,1.492627739906311,-2.928079605102539,-0.7673451900482178,3.3903773756168714,60.84953160020513,23.900000000000002,41.2
38.097265,126,8,0.46250495314598083,2.6553096771240234,-1.3481913805007935,-0.5115634799003601,3.013668912068757,80.11928207985541,27.3,41.900000000000006
38.097265,126,9,0.16187672317028046,2.585334062576294,-0.4933585524559021,-0.34104230999946594,2.6369601722253933,86.417189915921,33.800000000000004,41.6
38.097265,126,10,0.28906556963920593,2.770264148712158,-1.448065996170044,-0.25578173995018005,3.139238360885436,84.0429808398165,21.400000000000002,50.1
38.395984,127,0,-0.11562623083591461,0.0410909540951252,-0.02664238214492798,0.0,0.12556953568491155,160.43593451515838,34.7,54.0
38.395984,127,1,-0.8055294156074524,2.1364104747772217,-0.6921094655990601,0.0,2.385821214701247,110.65885364531448,14.9,55.800000000000004
38.395984,127,2,-1.8500198125839233,1.4186404943466187,1.909734845161438,0.0,3.0136690823607117,142.51812583240243,14.600000000000001,63.1
38.395984,127,3,-2.570756673812866,2.08475923538208,1.5184310674667358,0.0,3.6415166966680843,140.9596204745753,11.5,70.9
38.395984,127,4,-1.2294923067092896,2.7146658897399902,-2.092745065689087,0.0,3.6415167355294638,114.36612465579985,11.5,70.9
38.395984,127,5,1.2950139045715332,5.02003812789917,3.0742413997650146,0.0,6.027338052791146,75.53484031203804,11.700000000000001,69.2
38.395984,127,6,3.7000396251678467,3.8193325996398926,-2.837465286254883,0.0,6.027338051344535,45.90890707520385,11.700000000000001,69.2
38.395984,127,7,0.08093836158514023,2.6314775943756104,-0.14944691956043243,-0.7673451900482178,2.636960320111594,88.23826546648365,21.1,41.0
38.395984,127,8,0.15416830778121948,2.464643955230713,-0.45699626207351685,-0.5115634799003601,2.5113907057104004,86.42070018363475,38.900000000000006,39.7
38.395984,127,9,0.4817759692668915,2.3907105922698975,-1.976667046546936,-0.25578173995018005,3.1392384161543263,78.60635274530817,35.4,43.900000000000006
38.698771,128,0,-0.11562623083591461,0.04107191413640976,-0.026671728119254112,0.0,0.12556953638927013,160.44431180216694,34.5,54.2
38.698771,128,1,-0.8055294156074524,2.144312858581543,-0.6672235131263733,0.0,2.3858211356586922,110.58911726297667,14.8,56.1
38.698771,128,2,-1.8500198125839233,1.4478932619094849,1.8876527547836304,0.0,3.013669047436724,141.95196508163082,14.600000000000001,63.1
38.698771,128,3,-2.570756673812866,2.098335027694702,1.4996145963668823,0.0,3.6415166760623965,140.77756071713696,11.600000000000001,70.9
38.698771,128,4,-1.2294923067092896,2.6927664279937744,-2.120849370956421,0.0,3.6415167749543498,114.54100160288455,11.600000000000001,70.9
38.698771,128,5,1.2950139045715332,5.058067798614502,3.011261463165283,0.0,6.027338257303873,75.63908426725679,11.8,69.4
38.698771,128,6,3.7000396251678467,3.745861291885376,-2.933774948120117,0.0,6.0273381763490415,45.352590640287495,11.8,69.4
38.698771,128,7,0.5550059676170349,2.0914087295532227,-2.0976603031158447,-0.42630288004875183,3.013669000638591,75.13774029531389,27.6,51.1
38.698771,128,8,2.8366971015930176,2.765540838241577,0.671615481376648,-0.42630288004875183,4.018225221287744,44.27230253301846,16.6,54.0
38.698771,128,9,1.6033504009246826,2.738367795944214,-2.4651050567626953,-0.42630288004875183,4.018225184691212,59.650465131225666,16.6,54.0
38.698771,128,10,0.1464598923921585,2.3267147541046143,-0.5070403218269348,-0.25578173995018005,2.385821019063664,86.3981503929489,41.0,41.0
38.994029,129,0,-0.11562623083591461,0.04113594442605972,-0.02657286822795868,0.0,0.12556953654053415,160.41614292521558,35.1,53.6
38.994029,129,1,-0.8787593245506287,2.148043632507324,-0.5530214905738831,0.0,2.3858210676151925,112.24934816855482,15.0,55.5
38.994029,129,2,-1.8500198125839233,1.4710198640823364,1.8696867227554321,0.0,3.0136690575983653,141.51047866012738,15.0,62.7
38.994029,129,3,-2.570756673812866,2.0950019359588623,1.5042675733566284,0.0,3.641516705972528,140.8221723787663,11.700000000000001,70.7
38.994029,129,4,-1.2294923067092896,2.6932196617126465,-2.1202738285064697,0.0,3.64151679748184,114.5373584693617,11.700000000000001,70.7
38.994029,129,5,1.4800158739089966,4.979587078094482,3.0564799308776855,0.0,6.0273380544985375,73.44717756452457,12.3,68.8
38.994029,129,6,3.7000396251678467,3.9785635471343994,-2.6095101833343506,0.0,6.027338095986034,47.07736375618137,12.3,68.8
38.994029,129,7,0.5087554454803467,0.6089339256286621,2.646117687225342,-0.34104230999946594,2.7625298991566103,50.121733836733526,30.0,42.7
38.994029,129,8,0.1464598923921585,2.3491601943969727,-0.39004966616630554,-0.17052115499973297,2.3858212131455265,86.43247555534565,33.5,40.900000000000006
39.294857,130,0,-0.11562623083591461,0.04113221913576126,-0.0265786312520504,0.0,0.12556953590574813,160.41778152421728,34.1,54.6
39.294857,130,1,-0.8055294156074524,2.1385133266448975,-0.6855840682983398,0.0,2.385821117005886,110.64025247526111,14.3,56.5
39.294857,130,2,-1.8500198125839233,1.4502832889556885,1.8858171701431274,0.0,3.013669080105481,141.90609055282061,14.4,63.400000000000006
39.294857,130,3,-2.570756673812866,2.080923080444336,1.523684024810791,0.0,3.64151668266712,141.01123643030672,11.600000000000001,70.7
39.294857,130,4,-1.2294923067092896,2.6909914016723633,-2.123101234436035,0.0,3.641516841619126,114.55527919948696,11.600000000000001,70.7
39.294857,130,5,1.4800158739089966,4.886713981628418,3.2028706073760986,0.0,6.027337774910165,73.15026287179023,12.9,68.60000000000001
39.294857,130,6,3.7000396251678467,3.93298077583313,-2.677717924118042,0.0,6.027338076798764,46.74798482293646,12.9,68.60000000000001
39.294857,130,7,2.7750296592712402,2.507510185241699,-0.4500444233417511,-0.34104230999946594,3.7670859987405283,42.1008919882846,11.700000000000001,55.0
39.294857,130,8,1.618767261505127,1.8482881784439087,-2.855584144592285,-0.34104230999946594,3.7670860680827514,48.78748467797173,11.700000000000001,55.0
39.294857,130,9,0.27750298380851746,1.9725689888000488,-1.068036437034607,-0.25578173995018005,2.260251789609258,81.99212465561706,40.900000000000006,41.0
39.294857,130,10,0.5935479998588562,1.0199707746505737,-2.4977853298187256,-0.25578173995018005,2.762529848370037,59.80374160722834,24.700000000000003,50.300000000000004
39.599395,131,0,-0.11562623083591461,0.04110158979892731,-0.026625972241163254,0.0,0.12556953587198885,160.43125534909487,34.7,54.0
39.599395,131,1,-1.8500198125839233,1.4551211595535278,1.8820866346359253,0.0,3.013669025657702,141.8134077454553,14.200000000000001,63.5
39.599395,131,2,1.4800158739089966,5.04824686050415,2.94169282913208,0.0,6.027337725113777,73.66022265834202,11.4,68.8
39.599395,131,3,3.7000396251678467,3.883671998977661,-2.7487456798553467,0.0,6.027338072149163,46.38709182921371,11.4,68.8
39.599395,131,4,2.7943007946014404,2.042088747024536,-1.132431149482727,-0.42630288004875183,3.6415166743752874,36.15951812070119,11.9,51.1
39.599395,131,5,1.5648083686828613,1.124420404434204,-3.089934825897217,-0.42630288004875183,3.6415166764550673,35.699795328477,11.9,51.1
39.599395,131,6,1.3489726781845093,0.9494053721427917,2.6709024906158447,-0.25578173995018005,3.1392384365511012,35.1378375366668,13.9,56.6
39.599395,131,7,0.19271038472652435,3.130237579345703,-0.1388988196849823,-0.25578173995018005,3.139238359481384,86.47708090566971,13.9,56.6
39.599395,131,8,0.4162544310092926,1.5895036458969116,-1.5520787239074707,-0.17052115499973297,2.2602517463461202,75.32509592292053,37.4,41.5
39.893928,132,0,-0.11562623083591461,0.04108687490224838,-0.02664867602288723,0.0,0.1255695364343041,160.4377292235973,34.7,54.0
39.893928,132,1,-1.8500198125839233,1.4547858238220215,1.8823459148406982,0.0,3.01366906664684,141.81982443726108,14.4,63.300000000000004
39.893928,132,2,-2.570756673812866,2.108548164367676,1.485220193862915,0.0,3.641516752902543,140.64121570874636,11.4,70.9
39.893928,132,3,-1.2294923067092896,2.6884496212005615,-2.1263186931610107,0.0,3.6415167008921876,114.57575141160106,11.4,70.9
39.893928,132,4,1.2950139045715332,5.195038318634033,2.768270492553711,0.0,6.0273381906985355,76.00264390977101,11.600000000000001,68.9
39.893928,132,5,3.7000396251678467,4.000654220581055,-2.575515031814575,0.0,6.027338143788521,47.235539633518336,11.600000000000001,68.9
39.893928,132,6,1.2333464622497559,3.048651933670044,2.308833360671997,-0.42630288004875183,4.018225179848192,67.97397464216866,11.5,47.7
39.893928,132,7,0.4162544310092926,1.773856282234192,-1.3374992609024048,-0.17052115499973297,2.2602517855918305,76.79387097550149,31.1,41.6
39.893928,132,8,0.728445291519165,1.1608912944793701,2.252833366394043,-0.08526057749986649,2.6369602418452853,57.89222447218716,22.5,55.400000000000006
40.193135,133,0,-0.11562623083591461,0.041112955659627914,-0.0266084186732769,0.0,0.1255695358145563,160.42625525158851,34.7,54.0
40.193135,133,1,-0.8055294156074524,2.1213691234588623,-0.7369242906570435,0.0,2.3858210342634445,110.7928451013985,15.100000000000001,55.6
40.193135,133,2,-1.8500198125839233,1.4522234201431274,1.8843234777450562,0.0,3.0136690491403466,141.86889368748837,15.3,62.5
40.193135,133,3,-2.570756673812866,2.0972461700439453,1.501137137413025,0.0,3.6415167278261897,140.7921282670707,13.100000000000001,69.3
40.193135,133,4,-1.2294923067092896,2.7015929222106934,-2.1095943450927734,0.0,3.6415167101694936,114.47023554545567,13.100000000000001,69.3
40.193135,133,5,1.2950139045715332,5.289353370666504,2.583503007888794,0.0,6.02733837482061,76.24266848881514,11.600000000000001,68.8
40.193135,133,6,3.7000396251678467,3.891848564147949,-2.737156867980957,0.0,6.0273382345781785,46.447269105413206,11.600000000000001,68.8
40.193135,133,7,0.3931291997432709,1.587793231010437,-1.3715794086456299,-0.42630288004875183,2.134682174552934,76.09353624371712,37.2,40.7
40.193135,133,8,0.8093836307525635,1.818593978881836,1.7295010089874268,-0.17052115499973297,2.636960307218142,66.0080614276741,33.300000000000004,42.800000000000004
