timestamp_s,frame_number,point_index,x,y,z,doppler_mps,range,azimuth_deg,elevation_deg,snr_db,noise_db
0.0,1,0,-0.11562623083591461,0.04112444818019867,-0.026590658351778984,0.0,0.12556953693880968,160.42119974904963,-12.225537551491682,34.0,54.7
0.0,1,1,-0.8787593245506287,2.1265451908111572,-0.6306586265563965,0.0,2.3858211798659048,112.45204452144223,-15.327506510885225,13.4,56.6
0.0,1,2,-1.8500198125839233,1.4413864612579346,1.8926259279251099,0.0,3.0136690496312148,142.07714939914132,38.903740151984636,14.5,63.300000000000004
0.0,1,3,-2.570756673812866,2.094156265258789,1.5054445266723633,0.0,3.641516656856564,140.83350024534047,24.419315019269416,11.8,70.5
0.0,1,4,-1.117720365524292,2.664393424987793,-2.2163827419281006,0.0,3.6415166616868122,112.75818314014722,-37.491430054753039,11.8,70.5
0.283103,2,0,-0.11562623083591461,0.04113604128360748,-0.02657272107899189,0.0,0.12556953713121974,160.41610032208624,-12.21716319657679,33.9,54.800000000000004
0.283103,2,1,-0.8787593245506287,2.11458683013916,-0.669662356376648,0.0,2.3858212599083326,112.56631575156362,-16.301044754372644,13.3,56.7
0.283103,2,2,-1.8500198125839233,1.4392188787460327,1.8942748308181763,0.0,3.013669096394505,142.11894642375159,38.944034606187095,14.4,63.400000000000006
0.283103,2,3,-2.570756673812866,2.096167802810669,1.502642273902893,0.0,3.6415165984536655,140.8065614270121,24.370902291246381,11.600000000000001,70.60000000000001
0.283103,2,4,-1.117720365524292,2.664673328399658,-2.2160463333129883,0.0,3.6415167326242246,112.75603616208164,-37.4847584965284,11.600000000000001,70.60000000000001
0.283103,2,5,1.4800158739089966,4.700298309326172,3.470669984817505,0.0,6.0273378308495555,72.521983650940726,35.157174220959867,11.9,69.9
0.283103,2,6,3.7000396251678467,4.149657726287842,-2.327843189239502,0.0,6.0273382505747373,48.278228594495857,-22.719135543167695,11.9,69.9
0.571422,3,0,-0.11562623083591461,0.041129618883132935,-0.026582660153508186,0.0,0.12556953702084311,160.41892528607892,-12.22180340903534,34.1,54.5
0.571422,3,1,-0.8787593245506287,2.1130168437957764,-0.6745997667312622,0.0,2.3858212376293442,112.58140008182949,-16.424622709590569,13.5,56.5
0.571422,3,2,-1.8500198125839233,1.44001305103302,1.8936711549758911,0.0,3.0136690822461261,142.10362706044597,38.9292797998752,14.4,63.400000000000006
0.571422,3,3,-2.570756673812866,2.095669984817505,1.5033369064331055,0.0,3.6415167740190695,140.81322635932216,24.382900135368921,11.700000000000001,70.60000000000001
0.571422,3,4,-1.117720365524292,2.6640243530273438,-2.2168262004852295,0.0,3.6415165758497232,112.76101466527869,-37.500225414813357,11.700000000000001,70.60000000000001
0.571422,3,5,1.4800158739089966,4.833731651306152,3.2822844982147217,0.0,6.0273377366032994,72.976200339894817,32.995025272572548,11.700000000000001,70.0
0.571422,3,6,3.7000396251678467,4.186925411224365,-2.2601253986358643,0.0,6.0273380894493931,48.532555786369841,-22.023016855099534,11.700000000000001,70.0
0.571422,3,7,-1.4645988941192627,3.8339684009552,-2.433969020843506,-0.34104230999946594,4.7716421507280105,110.90715638263717,-30.669853766708073,12.600000000000001,42.5
0.571422,3,8,0.1464598923921585,4.3986945152282715,1.8435313701629639,-0.34104230999946594,4.7716424689150525,88.092971749689582,22.727670579290169,12.600000000000001,42.5
0.878401,4,0,-0.11562623083591461,0.04111746698617935,-0.026601450517773628,0.0,0.12556953658562781,160.42427070368976,-12.23057622948903,34.6,54.1
0.878401,4,1,-0.8787593245506287,2.1185994148254395,-0.6568573117256165,0.0,2.3858212336532625,112.5278497457773,-15.980910353309733,13.9,56.1
0.878401,4,2,-1.8500198125839233,1.4358184337615967,1.8968535661697388,0.0,3.0136690815637861,142.18461217938008,39.0070988124087,14.5,63.2
0.878401,4,3,-2.570756673812866,2.0983924865722656,1.4995344877243042,0.0,3.6415167970958091,140.77679215730714,24.317230844716409,11.600000000000001,70.60000000000001
0.878401,4,4,-1.117720365524292,2.6629838943481445,-2.218076229095459,0.0,3.6415167437681375,112.76900067095212,-37.525018554990055,11.600000000000001,70.60000000000001
0.878401,4,5,1.4800158739089966,4.738852024078369,3.4178407192230225,0.0,6.02733777675627,72.655618190850319,34.545216572981168,11.3,70.2
0.878401,4,6,3.7000396251678467,4.047468185424805,-2.5013017654418945,0.0,6.0273379249583243,47.567646670626488,-24.518862265822193,11.3,70.2
0.878401,4,7,-0.2697945535182953,4.031026363372803,1.7301684617996216,-0.42630288004875183,4.39493407794938,93.829066818923138,23.183260525483643,16.6,41.400000000000006
1.182576,5,0,-0.11562623083591461,0.04110776260495186,-0.026616446673870087,0.0,0.12556953705914609,160.4285397545309,-12.237577742761493,34.4,54.300000000000004
1.182576,5,1,-0.8787593245506287,2.1260221004486084,-0.632419764995575,0.0,2.3858211754525209,112.45702009081512,-15.371364946530043,13.700000000000001,56.300000000000004
1.182576,5,2,-1.8500198125839233,1.43919038772583,1.894296407699585,0.0,3.0136690527161458,142.11949612608927,38.944562715520121,14.8,62.900000000000006
1.182576,5,3,-2.570756673812866,2.097130298614502,1.5012987852096558,0.0,3.6415166356605222,140.79367883737225,24.347697804793356,11.600000000000001,70.60000000000001
1.182576,5,4,-1.117720365524292,2.6574759483337402,-2.224672317504883,0.0,3.6415167378103064,112.81136526167381,-37.655993352143319,11.600000000000001,70.60000000000001
1.182576,5,5,1.4800158739089966,4.747973442077637,3.405158519744873,0.0,6.027337997680922,72.686945519362069,34.398979636747143,11.5,70.10000000000001
1.182576,5,6,3.7000396251678467,4.067742824554443,-2.468194007873535,0.0,6.02733826618593,47.710184857914172,-24.173418908412859,11.5,70.10000000000001
1.485742,6,0,-0.11562623083591461,0.041163645684719086,-0.026529936119914055,0.0,0.12556953648836974,160.40395934896597,-12.197189407898845,34.300000000000004,54.400000000000006
1.485742,6,1,-0.8787593245506287,2.130021095275879,-0.6188169121742249,0.0,2.3858210719996951,112.41903519305978,-15.032845114614762,13.9,56.1
1.485742,6,2,-1.8500198125839233,1.44634211063385,1.8888415098190308,0.0,3.0136690357703966,141.98176890656521,38.811344730938366,14.600000000000001,63.1
1.485742,6,3,-2.570756673812866,2.0999629497528076,1.4973342418670654,0.0,3.6415167304511349,140.75579243359309,24.279247822754797,11.700000000000001,70.5
1.485742,6,4,-1.117720365524292,2.654780626296997,-2.2278878688812256,0.0,3.6415166271181247,112.83215086583265,-37.71992784606649,11.700000000000001,70.5
1.485742,6,5,1.4800158739089966,4.817292213439941,3.3063652515411377,0.0,6.0273379226064963,72.921480409390909,33.268378539624919,11.4,70.2
1.485742,6,6,3.7000396251678467,4.125839710235596,-2.3698015213012695,0.0,6.0273382012901,48.114348585256877,-23.152231193273117,11.4,70.2
1.789334,7,0,-0.11562623083591461,0.04110334441065788,-0.02662326954305172,0.0,0.12556953715062963,160.43048343571857,-12.240763326692521,34.7,54.0
1.789334,7,1,-0.8787593245506287,2.1245710849761963,-0.6372776031494141,0.0,2.3858212399669574,112.4708329182663,-15.492389346864078,14.100000000000001,55.800000000000004
1.789334,7,2,-1.8500198125839233,1.4514118432998657,1.88494873046875,0.0,3.0136690863994873,141.88444890974418,38.71642758639782,14.700000000000001,63.0
1.789334,7,3,-2.570756673812866,2.0998246669769287,1.4975279569625854,0.0,3.6415166469319753,140.75764100133742,24.282592120420841,11.600000000000001,70.60000000000001
1.789334,7,4,-1.117720365524292,2.659271240234375,-2.2225260734558105,0.0,3.6415167845056446,112.79754031647545,-37.613350745798449,11.600000000000001,70.60000000000001
2.088979,8,0,-0.11562623083591461,0.041096389293670654,-0.02663400024175644,0.0,0.12556953627044667,160.43354327166267,-12.245773647541311,34.6,54.0
2.088979,8,1,-0.8787593245506287,2.127833127975464,-0.6262994408607483,0.0,2.3858211920881685,112.43980273290217,-15.218987210148089,14.200000000000001,55.900000000000006
2.088979,8,2,-1.8500198125839233,1.4506953954696655,1.885500192642212,0.0,3.0136690949478449,141.89818633507264,38.729865907799841,14.600000000000001,63.1
2.088979,8,3,-2.570756673812866,2.0979347229003906,1.5001745223999023,0.0,3.6415166586413283,140.78291559066272,24.328283073357976,11.600000000000001,70.60000000000001
2.088979,8,4,-1.117720365524292,2.6620607376098633,-2.219183921813965,0.0,3.6415166435249664,112.77609077303742,-37.546998494420549,11.600000000000001,70.60000000000001
2.391791,9,0,-0.11562623083591461,0.041117675602436066,-0.026601126417517662,0.0,0.12556953623768838,160.42417893387122,-12.230424946677745,34.7,53.900000000000006
2.391791,9,1,-0.8787593245506287,2.124778985977173,-0.636583685874939,0.0,2.3858211330393111,112.46885283228707,-15.475097956859594,14.3,55.7
2.391791,9,2,-1.8500198125839233,1.4415068626403809,1.8925342559814453,0.0,3.0136690681054565,142.07482911694089,38.901500300653851,14.700000000000001,63.0
2.391791,9,3,-2.570756673812866,2.0963990688323975,1.5023199319839478,0.0,3.6415167320487472,140.80346560018583,24.365333585242531,11.700000000000001,70.60000000000001
2.391791,9,4,-1.117720365524292,2.6628241539001465,-2.2182679176330566,0.0,3.6415166956231144,112.77022722325492,-37.528822138040596,11.700000000000001,70.60000000000001
2.685847,10,0,-0.11562623083591461,0.04113845154643059,-0.026568986475467682,0.0,0.12556953649389574,160.41504016685843,-12.215419726571959,34.7,54.0
2.685847,10,1,-0.8787593245506287,2.122128963470459,-0.645362913608551,0.0,2.385821153889411,112.49411691283179,-15.693979303140965,14.3,55.6
2.685847,10,2,-1.8500198125839233,1.4480866193771362,1.8875044584274292,0.0,3.0136690668943031,141.94825161061212,38.778729126065464,14.700000000000001,63.0
2.685847,10,3,-2.570756673812866,2.09492564201355,1.5043737888336182,0.0,3.6415166919909745,140.8231941960974,24.400813966577822,11.8,70.5
2.685847,10,4,-1.117720365524292,2.6625170707702637,-2.2186365127563477,0.0,3.6415167092005043,112.77258548423698,-37.536135255107666,11.8,70.5
2.983828,11,0,-0.11562623083591461,0.041124481707811356,-0.026590600609779358,0.0,0.12556953569176371,160.421185000884,-12.2255107164731,34.6,54.1
2.983828,11,1,-0.8787593245506287,2.1164093017578125,-0.6638796925544739,0.0,2.3858211435977115,112.54882949601469,-16.156411017478788,13.9,56.0
2.983828,11,2,-1.8500198125839233,1.446373462677002,1.888817548751831,0.0,3.0136690649376536,141.98116626814382,38.810759663431291,14.700000000000001,62.900000000000006
2.983828,11,3,-2.570756673812866,2.094717025756836,1.5046641826629639,0.0,3.6415166615762944,140.82598837950624,24.405831501300888,11.8,70.5
2.983828,11,4,-1.117720365524292,2.6675188541412354,-2.2126200199127197,0.0,3.6415165803858822,112.734231522319,-37.416853273067851,11.8,70.5
3.283467,12,0,-0.11562623083591461,0.04111839830875397,-0.026600008830428123,0.0,0.12556953614064362,160.42386101780826,-12.229903173404935,34.800000000000004,53.900000000000006
3.283467,12,1,-0.8787593245506287,2.1235249042510986,-0.6407549977302551,0.0,2.3858212289640677,112.48080195321879,-15.579066331156936,14.100000000000001,55.800000000000004
3.283467,12,2,-1.8500198125839233,1.4502323865890503,1.8858562707901,0.0,3.0136690521925549,141.90706698068854,38.738545087557213,14.700000000000001,63.0
3.283467,12,3,-2.570756673812866,2.096524477005005,1.502144694328308,0.0,3.6415166402658641,140.80178694630993,24.362307493596763,11.700000000000001,70.5
3.283467,12,4,-1.117720365524292,2.6644344329833984,-2.2163336277008057,0.0,3.6415167736058467,112.75786856741924,-37.490454772702414,11.700000000000001,70.5
3.582274,13,0,-0.11562623083591461,0.0411066934466362,-0.026618093252182007,0.0,0.12556953608187693,160.42901010141227,-12.238346622262698,35.300000000000004,53.400000000000006
3.582274,13,1,-0.8787593245506287,2.1054487228393555,-0.6978608965873718,0.0,2.38582105489416,112.65438299223685,-17.007893690977255,14.700000000000001,55.300000000000004
3.582274,13,2,-1.8500198125839233,1.4447523355484009,1.8900578022003174,0.0,3.0136690451481076,142.01234002373624,38.841026979363214,14.700000000000001,63.0
3.582274,13,3,-2.570756673812866,2.0978643894195557,1.5002729892730713,0.0,3.6415167052603827,140.78385652536204,24.32998301865446,11.8,70.5
3.582274,13,4,-1.117720365524292,2.6639602184295654,-2.2169034481048584,0.0,3.641516683897283,112.76150677482848,-37.501756130692279,11.8,70.5
3.888979,14,0,-0.11562623083591461,0.041085004806518555,-0.02665155753493309,0.0,0.12556953609976312,160.43855201653076,-12.253971485077678,34.800000000000004,53.900000000000006
3.888979,14,1,-0.8787593245506287,2.120523691177368,-0.650618314743042,0.0,2.385821214342819,112.50944704448978,-15.825117506453905,14.100000000000001,55.800000000000004
3.888979,14,2,-1.8500198125839233,1.4423511028289795,1.8918908834457397,0.0,3.0136690471334324,142.0585636863089,38.885784861587922,14.9,62.900000000000006
3.888979,14,3,-2.570756673812866,2.093585968017578,1.506237506866455,0.0,3.6415166494916327,140.84114151005443,24.433018371542438,11.700000000000001,70.60000000000001
3.888979,14,4,-1.117720365524292,2.664186477661133,-2.2166314125061035,0.0,3.6415166101734306,112.75977076071283,-37.496361989729294,11.700000000000001,70.60000000000001
4.187752,15,0,-0.11562623083591461,0.0411069430410862,-0.026617711409926414,0.0,0.12556953684793715,160.428900298933,-12.238168265170037,35.0,53.7
4.187752,15,1,-0.8787593245506287,2.123222589492798,-0.6417557597160339,0.0,2.3858211521708586,112.48368426653272,-15.604018425968638,13.9,56.0
4.187752,15,2,-1.8500198125839233,1.4345649480819702,1.8978017568588257,0.0,3.0136690935726382,142.20884766659557,39.030301138212586,14.700000000000001,63.1
4.187752,15,3,-2.570756673812866,2.091379404067993,1.5092997550964355,0.0,3.6415166398696224,140.87072232880618,24.485950404398118,11.700000000000001,70.60000000000001
4.187752,15,4,-1.117720365524292,2.662435293197632,-2.2187345027923584,0.0,3.6415166208399175,112.77321357737149,-37.538080660446695,11.700000000000001,70.60000000000001
4.187752,15,5,-0.13875149190425873,3.9515392780303955,2.191126585006714,0.34104230999946594,4.5205033297018842,92.011016340113812,28.993378741440512,18.2,41.6
4.489517,16,0,-0.11562623083591461,0.04113761708140373,-0.026570279151201248,0.0,0.12556953663460405,160.41540720511031,-12.216023208569537,34.300000000000004,54.300000000000004
4.489517,16,1,-0.8787593245506287,2.1168670654296875,-0.6624189019203186,0.0,2.38582122649768,112.54444137932038,-16.119890276994095,13.700000000000001,56.2
4.489517,16,2,-1.8500198125839233,1.4452190399169922,1.889701008796692,0.0,3.0136690732293223,142.00336273106259,38.832318082770378,14.600000000000001,63.1
4.489517,16,3,-2.570756673812866,2.0872416496276855,1.5150169134140015,0.0,3.6415166933332026,140.92625941171673,24.584832659564071,11.8,70.5
4.489517,16,4,-1.117720365524292,2.667781114578247,-2.212303876876831,0.0,3.6415166255905476,112.73222386949385,-37.410590105990551,11.8,70.5
4.489517,16,5,-2.636277914047241,3.1962172985076904,-2.3670244216918945,0.25578173995018005,4.7716423663408518,129.51621639677961,-29.739720784515121,18.3,44.900000000000006
4.489517,16,6,-0.2620861232280731,3.955188751220703,1.585958480834961,0.34104230999946594,4.2693642965556178,93.791097933828183,21.806560802940581,23.0,41.1
4.789326,17,0,-0.11562623083591461,0.041127145290374756,-0.026586484163999557,0.0,0.12556953642208926,160.42001334968808,-12.223588784842216,34.9,53.7
4.789326,17,1,-0.8787593245506287,2.1035513877868652,-0.7035598754882812,0.0,2.3858212191909538,112.67274999351255,-17.151068484732427,14.4,55.5
4.789326,17,2,-1.8500198125839233,1.444449543952942,1.890289306640625,0.0,3.0136691017394082,142.01816554728612,38.8466771482963,14.600000000000001,63.2
4.789326,17,3,-2.570756673812866,2.0929505825042725,1.5071206092834473,0.0,3.6415167921740075,140.84965683088356,24.448279783636647,11.700000000000001,70.60000000000001
4.789326,17,4,-1.117720365524292,2.6664743423461914,-2.213878870010376,0.0,3.6415167011805303,112.74223078910242,-37.44179415610806,11.700000000000001,70.60000000000001
4.789326,17,5,1.4800158739089966,4.854077339172363,3.25212025642395,0.0,6.0273377177599929,73.043453121803381,32.6538031350523,11.3,70.3
4.789326,17,6,3.7000396251678467,4.135097026824951,-2.353611469268799,0.0,6.0273383509922853,48.178168192262042,-22.984951965895327,11.3,70.3
4.789326,17,7,-0.3815665543079376,3.664869546890259,1.8958299160003662,0.25578173995018005,4.1437945052200647,95.943913830314244,27.226587453470838,27.0,41.2
5.090127,18,0,-0.11562623083591461,0.04113467037677765,-0.026574838906526566,0.0,0.1255695362229,160.41670332232252,-12.218152018098246,34.5,54.2
5.090127,18,1,-0.8787593245506287,2.10931134223938,-0.6860980987548828,0.0,2.3858212192239878,112.61707819806261,-16.712719084615518,13.8,56.1
5.090127,18,2,-1.8500198125839233,1.448477864265442,1.8872041702270508,0.0,3.0136690280026444,141.94073882223134,38.771406743683222,14.4,63.300000000000004
5.090127,18,3,-2.570756673812866,2.0980422496795654,1.5000243186950684,0.0,3.6415167326363456,140.78147712568727,24.325688948188635,11.700000000000001,70.60000000000001
5.090127,18,4,-1.117720365524292,2.6600470542907715,-2.221597194671631,0.0,3.6415166128855745,112.79157093840465,-37.594905241830247,11.700000000000001,70.60000000000001
5.394814,19,0,-0.11562623083591461,0.041131652891635895,-0.026579512283205986,0.0,0.12556953691135175,160.4180305941847,-12.220333781996475,34.5,54.1
5.394814,19,1,-0.8787593245506287,2.1180827617645264,-0.6585214138031006,0.0,2.3858212398681413,112.5327955845346,-16.022484783961392,13.9,56.0
5.394814,19,2,-1.8500198125839233,1.443848967552185,1.8907480239868164,0.0,3.0136690658173828,142.02972300400847,38.857876338637723,14.5,63.2
5.394814,19,3,-2.570756673812866,2.099091053009033,1.49855637550354,0.0,3.6415167630176124,140.76744960166403,24.300344242618738,11.600000000000001,70.60000000000001
5.394814,19,4,-1.117720365524292,2.658580780029297,-2.2233517169952393,0.0,3.6415166396591707,112.80285544293842,-37.629753670722877,11.600000000000001,70.60000000000001
5.694622,20,0,-0.11562623083591461,0.041141584515571594,-0.026564134284853935,0.0,0.12556953636959836,160.41366214978316,-12.213154467531805,35.0,53.7
5.694622,20,1,-0.8787593245506287,2.1211509704589844,-0.6485701203346252,0.0,2.3858211565317795,112.50345425541781,-15.773998998013685,14.100000000000001,55.900000000000006
5.694622,20,2,-1.8500198125839233,1.4468002319335938,1.8884906768798828,0.0,3.0136690685505587,141.97296403874995,38.802784803293186,14.200000000000001,63.5
5.694622,20,3,-2.570756673812866,2.0970749855041504,1.5013763904571533,0.0,3.6415167769217782,140.79441905145291,24.349037051250296,11.8,70.5
5.694622,20,4,-1.117720365524292,2.6691179275512695,-2.210690975189209,0.0,3.6415167052296158,112.72199553144014,-37.378646580804414,11.8,70.5
5.989109,21,0,-0.11562623083591461,0.04111059755086899,-0.026612065732479095,0.0,0.12556953663552126,160.42729261110875,-12.235532346371373,34.7,54.0
5.989109,21,1,-0.8787593245506287,2.1166348457336426,-0.6631598472595215,0.0,2.3858210334549046,112.54666723202256,-16.138414611970859,13.8,56.1
5.989109,21,2,-1.8500198125839233,1.4387421607971191,1.894636869430542,0.0,3.0136690560202166,142.12814524292136,38.952885634883174,14.4,63.300000000000004
5.989109,21,3,-2.570756673812866,2.0938382148742676,1.5058870315551758,0.0,3.6415167304060696,140.83776151514559,24.426961130347468,11.700000000000001,70.60000000000001
5.989109,21,4,-1.117720365524292,2.666522979736328,-2.213820219039917,0.0,3.641516659195672,112.74185818722933,-37.440632391135004,11.700000000000001,70.60000000000001
5.989109,21,5,1.4800158739089966,4.850133895874023,3.257998466491699,0.0,6.0273377043758725,73.030458372649548,32.720195759333983,11.3,70.2
5.989109,21,6,3.7000396251678467,4.148051738739014,-2.3307037353515625,0.0,6.0273382481033613,48.267211514970633,-22.74861838675471,11.3,70.2
5.989109,21,7,-0.3931291997432709,3.9814858436584473,1.4901987314224243,-0.34104230999946594,4.2693643964970249,95.639067696377012,20.428891773256648,22.1,42.1
6.295177,22,0,-0.11562623083591461,0.04110690578818321,-0.02661776915192604,0.0,0.12556953689260786,160.42891668735325,-12.238195220348452,34.7,54.0
6.295177,22,1,-0.8787593245506287,2.1131091117858887,-0.674310564994812,0.0,2.3858212017795566,112.58051304821693,-16.417382410154051,13.9,56.1
6.295177,22,2,-1.8500198125839233,1.435511589050293,1.8970857858657837,0.0,3.0136690774178825,142.19054339054554,39.012780658038047,14.4,63.300000000000004
6.295177,22,3,-2.570756673812866,2.0905227661132812,1.510486364364624,0.0,3.641516767574025,140.88221297133344,24.506466403880548,11.700000000000001,70.60000000000001
6.295177,22,4,-1.117720365524292,2.6671011447906494,-2.2131237983703613,0.0,3.6415167552772023,112.73742985918571,-37.426831829067325,11.700000000000001,70.60000000000001
6.295177,22,5,0.0,3.8942582607269287,1.7499216794967651,0.25578173995018005,4.2693645060609082,90,24.1972167122495,15.700000000000001,43.0
6.295177,22,6,-0.13875149190425873,4.428956508636475,0.8944518566131592,0.25578173995018005,4.520503495817449,91.7943900724375,11.412169189161533,14.3,44.2
6.591009,23,0,-0.11562623083591461,0.041089050471782684,-0.026645321398973465,0.0,0.12556953642682411,160.43677204079108,-12.251059657809845,34.5,54.2
6.591009,23,1,-0.8787593245506287,2.109673023223877,-0.684985339641571,0.0,2.3858212696945946,112.61359107866635,-16.684819115432415,13.700000000000001,56.1
6.591009,23,2,-1.8500198125839233,1.445112943649292,1.889782190322876,0.0,3.0136691015632926,142.00540335302509,38.834299000800868,14.4,63.400000000000006
6.591009,23,3,-2.570756673812866,2.09128475189209,1.5094311237335205,0.0,3.6415167316305426,140.87199177584472,24.48822099461168,11.8,70.5
6.591009,23,4,-1.117720365524292,2.6731388568878174,-2.205827236175537,0.0,3.641516711421914,112.69128272913844,-37.2824052472049,11.8,70.5
6.591009,23,5,-0.25437769293785095,3.9498274326324463,1.2268613576889038,0.25578173995018005,4.1437945833777121,93.684887029020757,17.221827531844422,28.6,41.900000000000006
6.88789,24,0,-0.11562623083591461,0.041074663400650024,-0.02666749432682991,0.0,0.12556953645079852,160.44310211470938,-12.261412849847181,35.1,53.5
6.88789,24,1,-0.8787593245506287,2.107792615890503,-0.6907494068145752,0.0,2.38582111758235,112.63173201096821,-16.829383811849251,14.600000000000001,55.300000000000004
6.88789,24,2,-1.8500198125839233,1.4367785453796387,1.896126389503479,0.0,3.0136690562149959,142.16605968067336,38.98931012654311,14.700000000000001,63.0
6.88789,24,3,-2.570756673812866,2.0949041843414307,1.5044037103652954,0.0,3.6415167089120288,140.82348158757318,24.401330809788757,11.8,70.5
6.88789,24,4,-1.117720365524292,2.668264150619507,-2.211721181869507,0.0,3.6415165768288413,112.72852701666228,-37.399049190414011,11.8,70.5
6.88789,24,5,1.2950139045715332,5.176307201385498,2.8031392097473145,0.0,6.0273382753394369,75.953994436763324,27.714806090960014,11.4,70.10000000000001
6.88789,24,6,3.7000396251678467,4.119582653045654,-2.3806612491607666,0.0,6.0273379236892461,48.071122671903048,-23.264554084719531,11.4,70.10000000000001
6.88789,24,7,-0.2620861232280731,4.1270432472229,1.061272144317627,-0.25578173995018005,4.2693645504619768,93.63366465931999,14.393409807641765,26.400000000000002,41.800000000000004
7.188126,25,0,-0.11562623083591461,0.041123878210783005,-0.02659153938293457,0.0,0.12556953684381289,160.42145046827849,-12.225948892833216,35.800000000000004,52.900000000000006
7.188126,25,1,-0.8787593245506287,2.1140339374542236,-0.6714053153991699,0.0,2.3858211451697597,112.57162573059311,-16.344660922860538,14.600000000000001,55.300000000000004
7.188126,25,2,-1.8500198125839233,1.4475260972976685,1.8879343271255493,0.0,3.0136690483279471,141.95901759258368,38.78921370891986,14.700000000000001,63.0
7.188126,25,3,-2.570756673812866,2.0941014289855957,1.5055208206176758,0.0,3.6415166637194214,140.83423491019678,24.420633322814059,11.8,70.5
7.188126,25,4,-1.117720365524292,2.6684377193450928,-2.2115118503570557,0.0,3.6415166265995662,112.72719890931602,-37.394902774098206,11.8,70.5
7.487054,26,0,-0.11562623083591461,0.04111107438802719,-0.02661132998764515,0.0,0.12556953682469907,160.42708284380933,-12.23518881384282,34.4,54.300000000000004
7.487054,26,1,-0.8787593245506287,2.117496967315674,-0.6604020595550537,0.0,2.3858210824243109,112.53840579369472,-16.069480715534144,13.700000000000001,56.1
7.487054,26,2,-1.8500198125839233,1.4512790441513062,1.8850510120391846,0.0,3.0136691074064084,141.88699485773012,38.718919550817795,14.4,63.300000000000004
7.487054,26,3,-2.570756673812866,2.093716859817505,1.506055474281311,0.0,3.6415166149078835,140.83938757801633,24.429872825839272,11.700000000000001,70.5
7.487054,26,4,-1.117720365524292,2.6677398681640625,-2.2123537063598633,0.0,3.641516681513898,112.73253959627654,-37.411576493385468,11.700000000000001,70.5
7.786022,27,0,-0.11562623083591461,0.04109467193484306,-0.026636648923158646,0.0,0.12556953605316934,160.43429882482707,-12.247010370439018,35.300000000000004,53.400000000000006
7.786022,27,1,-0.8787593245506287,2.117435932159424,-0.6605980396270752,0.0,2.3858211683283517,112.53899048552233,-16.074378041737461,14.5,55.400000000000006
7.786022,27,2,-1.8500198125839233,1.451990008354187,1.8845033645629883,0.0,3.0136690631790795,141.87336673427498,38.705576767359048,14.8,62.900000000000006
7.786022,27,3,-2.570756673812866,2.0948798656463623,1.504437804222107,0.0,3.6415168040552204,140.82380730075261,24.401919183841368,11.8,70.5
7.786022,27,4,-1.117720365524292,2.6719157695770264,-2.207308530807495,0.0,3.6415166682850284,112.70061663181639,-37.311703837978293,11.8,70.5
8.087427,28,0,-0.11562623083591461,0.041121214628219604,-0.02659565582871437,0.0,0.12556953634850987,160.42262214037925,-12.227870818385117,34.4,54.300000000000004
8.087427,28,1,-0.8787593245506287,2.1244399547576904,-0.6377148032188416,0.0,2.3858212929932496,112.47208199589809,-15.503284562048531,13.700000000000001,56.2
8.087427,28,2,-1.8500198125839233,1.458160400390625,1.8797329664230347,0.0,3.013669040435254,141.75530301231575,38.589451193918947,14.8,62.900000000000006
8.087427,28,3,-2.570756673812866,2.0940701961517334,1.5055642127990723,0.0,3.6415166429972059,140.83465335660537,24.421383290030182,11.8,70.5
8.087427,28,4,-1.117720365524292,2.6743643283843994,-2.204341173171997,0.0,3.6415166324189694,112.68193792045912,-37.253025263094123,11.8,70.5
8.390926,29,0,-0.11562623083591461,0.04109267145395279,-0.02663973718881607,0.0,0.12556953652073383,160.43517894666212,-12.24845228002507,34.7,54.0
8.390926,29,1,-0.8787593245506287,2.1196069717407227,-0.6535987854003906,0.0,2.3858212500967921,112.51821047959766,-15.899527054742791,14.100000000000001,55.900000000000006
8.390926,29,2,-1.8500198125839233,1.456299901008606,1.8811748027801514,0.0,3.0136690838985078,141.79086134629384,38.624529355709406,14.700000000000001,63.0
8.390926,29,3,-2.570756673812866,2.0918126106262207,1.5086994171142578,0.0,3.6415166902170277,140.86491287432847,24.47557125155906,11.700000000000001,70.5
8.390926,29,4,-1.117720365524292,2.673463821411133,-2.2054333686828613,0.0,3.64151671197618,112.68880400809431,-37.274616975524516,11.700000000000001,70.5
8.390926,29,5,1.4800158739089966,4.972795009613037,3.0675177574157715,0.0,6.0273379187429024,73.425808508573155,30.59285626973961,11.5,70.10000000000001
8.390926,29,6,3.7000396251678467,4.097561359405518,-2.418367624282837,0.0,6.0273380764716382,47.918412574254425,-23.655289035019265,11.5,70.10000000000001
8.390926,29,7,-0.13489727675914764,4.207700252532959,1.2619450092315674,-0.34104230999946594,4.3949338899200088,91.836252055456441,16.686587276371103,16.1,41.2
8.688656,30,0,-0.11562623083591461,0.04106603190302849,-0.026680784299969673,0.0,0.12556953645069441,160.4469000697411,-12.267618525410766,34.800000000000004,53.800000000000004
8.688656,30,1,-0.8787593245506287,2.1171319484710693,-0.661571741104126,0.0,2.3858212016723148,112.54190295318884,-16.098714280617088,14.3,55.6
8.688656,30,2,-1.8500198125839233,1.4443073272705078,1.8903979063034058,0.0,3.0136690605832341,142.02090202781903,38.8493288565329,15.0,62.800000000000004
8.688656,30,3,-2.570756673812866,2.091840982437134,1.5086601972579956,0.0,3.6415167392924994,140.86453243166582,24.474892887250331,11.600000000000001,70.60000000000001
8.688656,30,4,-1.117720365524292,2.6693763732910156,-2.210378885269165,0.0,3.6415166969596346,112.72001909466361,-37.372467494463528,11.600000000000001,70.60000000000001
8.688656,30,5,1.4800158739089966,4.679614543914795,3.4985084533691406,0.0,6.0273377759120832,72.44946432368809,35.481501856413324,11.4,70.10000000000001
8.688656,30,6,3.7000396251678467,4.141934394836426,-2.341557025909424,0.0,6.0273379749709566,48.225202974627322,-22.860539223420215,11.4,70.10000000000001
8.688656,30,7,-0.12718884646892548,3.977036237716675,1.1567370891571045,-0.42630288004875183,4.1437947502511934,91.8317412130505,16.209434313258402,19.200000000000003,40.6
8.688656,30,8,-0.13875149190425873,4.282865047454834,1.4397106170654297,-0.34104230999946594,4.52050347329884,91.855555863609112,18.571302997337291,15.3,41.6
8.688656,30,9,-1.8037692308425903,2.7612719535827637,-3.0913984775543213,-0.34104230999946594,4.52050337758998,123.1541168204855,-43.14614069235823,15.3,41.6
8.990911,31,0,-0.11562623083591461,0.04108935594558716,-0.02664485201239586,0.0,0.12556953678383084,160.43663764274535,-12.250840456384498,34.9,53.800000000000004
8.990911,31,1,-0.8787593245506287,2.1127400398254395,-0.6754658222198486,0.0,2.3858211381730636,112.58406157897672,-16.446307888579192,14.200000000000001,55.800000000000004
8.990911,31,2,-1.8500198125839233,1.4414533376693726,1.8925750255584717,0.0,3.0136690692574191,142.07586059065312,38.902496284942679,14.4,63.300000000000004
8.990911,31,3,-2.570756673812866,2.095210552215576,1.5039769411087036,0.0,3.6415166858680714,140.81937849863866,24.393957743769047,11.700000000000001,70.60000000000001
8.990911,31,4,-1.117720365524292,2.659430503845215,-2.2223353385925293,0.0,3.6415166864161619,112.79631464645971,-37.609563556717781,11.700000000000001,70.60000000000001
8.990911,31,5,1.4800158739089966,4.622220039367676,3.5739943981170654,0.0,6.0273378067872461,72.245147666246339,36.367626711427931,11.600000000000001,70.10000000000001
8.990911,31,6,3.7000396251678467,4.104564666748047,-2.4064619541168213,0.0,6.027338008436268,47.96707616298719,-23.531790668515718,11.600000000000001,70.10000000000001
8.990911,31,7,-0.27750298380851746,4.2317023277282715,1.5654525756835938,0.5115634799003601,4.5205037621085884,93.7519219472581,20.261201492239252,27.3,40.7
8.990911,31,8,-0.2697945535182953,4.251634120941162,1.079935908317566,1.278908610343933,4.3949338294828681,93.630931115542225,14.224559187150563,24.200000000000003,40.0
9.270309,32,0,-0.11562623083591461,0.04108372703194618,-0.026653526350855827,0.0,0.1255695359197104,160.43911420856304,-12.254890794893477,34.5,54.2
9.270309,32,1,-0.8787593245506287,2.1112191677093506,-0.6802046298980713,0.0,2.3858211716561684,112.59869552628767,-16.565001890061172,13.700000000000001,56.300000000000004
9.270309,32,2,-1.8500198125839233,1.4462233781814575,1.888932466506958,0.0,3.0136690643757986,141.98405123164383,38.81356357193161,14.100000000000001,63.6
9.270309,32,3,-2.570756673812866,2.0978236198425293,1.5003300905227661,0.0,3.64151674394759,140.78440196007347,24.330968749807507,11.600000000000001,70.60000000000001
9.270309,32,4,-1.117720365524292,2.656139373779297,-2.2262678146362305,0.0,3.6415166580607057,112.82166808842206,-37.687709878011347,11.600000000000001,70.60000000000001
9.270309,32,5,1.4800158739089966,4.592892169952393,3.6116061210632324,0.0,6.02733807294182,72.138957147141156,36.812921921200406,11.5,70.10000000000001
9.270309,32,6,3.7000396251678467,4.1056227684021,-2.4046566486358643,0.0,6.0273381473136718,47.974420586006865,-23.513073622746003,11.5,70.10000000000001
9.584483,33,0,-0.11562623083591461,0.0410991907119751,-0.026629678905010223,0.0,0.12556953664437667,160.43231080100608,-12.243755938567077,34.5,54.1
9.584483,33,1,-0.8787593245506287,2.1091251373291016,-0.6866698265075684,0.0,2.3858210842462837,112.61887387576787,-16.72705626474928,13.700000000000001,56.2
9.584483,33,2,-1.8500198125839233,1.4393064975738525,1.8942081928253174,0.0,3.0136690559313113,142.11725596798144,38.942406313637676,14.100000000000001,63.6
9.584483,33,3,-2.570756673812866,2.0895698070526123,1.5118043422698975,0.0,3.6415167477035446,140.89500003677074,24.529258800299143,11.700000000000001,70.60000000000001
9.584483,33,4,-1.117720365524292,2.661874532699585,-2.219407320022583,0.0,3.6415166751660242,112.77752138554348,-37.551431541817522,11.700000000000001,70.60000000000001
9.584483,33,5,1.4800158739089966,4.6526312828063965,3.5343146324157715,0.0,6.0273381157588579,72.35397772321646,35.90058883400124,11.3,70.2
9.584483,33,6,3.7000396251678467,4.104675769805908,-2.4062726497650146,0.0,6.0273380914008046,47.967847442116195,-23.529827590801617,11.3,70.2
9.886025,34,0,-0.11562623083591461,0.04110713303089142,-0.026617417111992836,0.0,0.12556953666018453,160.42881671804162,-12.238030876803485,34.4,54.300000000000004
9.886025,34,1,-0.8787593245506287,2.120453119277954,-0.6508482098579407,0.0,2.3858211948542096,112.51012145110133,-15.830856174892617,13.9,56.1
9.886025,34,2,-1.8500198125839233,1.434427261352539,1.8979058265686035,0.0,3.0136690929143919,142.21151073677686,39.0328482292254,14.5,63.300000000000004
9.886025,34,3,-2.570756673812866,2.0893044471740723,1.5121709108352661,0.0,3.6415166912306067,140.89856153425544,24.535599139894639,11.700000000000001,70.60000000000001
9.886025,34,4,-1.117720365524292,2.6671857833862305,-2.2130215167999268,0.0,3.6415165868666346,112.73678172551287,-37.424807386816894,11.700000000000001,70.60000000000001
9.886025,34,5,1.4800158739089966,4.76146936416626,3.386261224746704,0.0,6.0273379343736408,72.733096265080391,34.181552310848154,11.3,70.4
9.886025,34,6,3.7000396251678467,4.122164249420166,-2.3761892318725586,0.0,6.0273382676499114,48.088966038741951,-23.218287336106872,11.3,70.4
10.192835,35,0,-0.11562623083591461,0.04109736159443855,-0.026632502675056458,0.0,0.12556953685540587,160.4331155104297,-12.245074360175101,34.4,54.2
10.192835,35,1,-0.8787593245506287,2.1193008422851562,-0.6545904874801636,0.0,2.3858211829252349,112.52113838362162,-15.924292234392533,14.200000000000001,55.800000000000004
10.192835,35,2,-1.8500198125839233,1.4373623132705688,1.8956838846206665,0.0,3.0136690456939821,142.15478393385746,38.978487385934024,14.600000000000001,63.2
10.192835,35,3,-2.570756673812866,2.0895965099334717,1.5117675065994263,0.0,3.6415167779771909,140.89464166701495,24.5286215145895,11.700000000000001,70.60000000000001
10.192835,35,4,-1.117720365524292,2.670461893081665,-2.2090673446655273,0.0,3.6415167267467923,112.71172125044828,-37.34650501232435,11.700000000000001,70.60000000000001
10.192835,35,5,1.4800158739089966,4.697432518005371,3.4745476245880127,0.0,6.0273377575648679,72.511970570501049,35.202272695299484,11.600000000000001,70.0
10.192835,35,6,3.7000396251678467,4.06949520111084,-2.465303421020508,0.0,6.02733816683383,47.7224682376749,-24.143303881876221,11.600000000000001,70.0
10.192835,35,7,-0.14260569214820862,4.510480880737305,1.1050877571105957,-0.25578173995018005,4.6460728696228566,91.8108897149656,13.75992564850716,16.2,42.400000000000006
10.474661,36,0,-0.11562623083591461,0.04113159328699112,-0.02657960169017315,0.0,0.12556953631217613,160.41805681212082,-12.22037558228962,34.4,54.2
10.474661,36,1,-0.8787593245506287,2.1154747009277344,-0.6668521165847778,0.0,2.3858212225863786,112.55779359679771,-16.230742723862647,13.9,56.2
10.474661,36,2,-1.8500198125839233,1.4446845054626465,1.890109658241272,0.0,3.0136690507509023,142.01364495235381,38.842292663240109,14.4,63.400000000000006
10.474661,36,3,-2.570756673812866,2.0932457447052,1.5067102909088135,0.0,3.6415166516728084,140.84570086454283,24.441189131566119,11.600000000000001,70.60000000000001
10.474661,36,4,-1.117720365524292,2.668095111846924,-2.2119252681732178,0.0,3.6415166803616823,112.72982060316134,-37.403090101796394,11.600000000000001,70.60000000000001
10.474661,36,5,1.4800158739089966,4.682061672210693,3.4952328205108643,0.0,6.027337800304819,72.458074583351532,35.4432717989708,12.0,69.60000000000001
10.474661,36,6,3.7000396251678467,4.17630672454834,-2.2796874046325684,0.0,6.0273381975927212,48.460349216953,-22.223751786120626,12.0,69.60000000000001
10.474661,36,7,-0.25437769293785095,3.7449092864990234,1.7555567026138306,-0.25578173995018005,4.1437945063508339,93.885919007273145,25.065825182018987,25.6,41.7
10.793199,37,0,-0.11562623083591461,0.04114684462547302,-0.02655598893761635,0.0,0.12556953702394474,160.41134857605809,-12.20935174728738,34.9,53.800000000000004
10.793199,37,1,-0.8787593245506287,2.1065049171447754,-0.6946666836738586,0.0,2.3858211831246345,112.64417079666104,-16.927692122622268,14.0,55.900000000000006
10.793199,37,2,-1.8500198125839233,1.4319967031478882,1.8997403383255005,0.0,3.0136690624288134,142.258553030846,39.077763015544853,14.600000000000001,63.2
10.793199,37,3,-2.570756673812866,2.092500686645508,1.5077447891235352,0.0,3.6415166275460678,140.85568749956607,24.459069616492453,11.600000000000001,70.60000000000001
10.793199,37,4,-1.117720365524292,2.66335391998291,-2.2176318168640137,0.0,3.6415166886564831,112.76615994373635,-37.516203058170213,11.600000000000001,70.60000000000001
10.793199,37,5,1.4800158739089966,4.895327091217041,3.189690351486206,0.0,6.0273376258004916,73.178233377566883,31.951678785990527,11.5,70.10000000000001
10.793199,37,6,3.7000396251678467,4.194894790649414,-2.2452995777130127,0.0,6.02733819576337,48.586612259618533,-21.871070846646838,11.5,70.10000000000001
11.0888,38,0,-0.11562623083591461,0.04112781211733818,-0.026585454121232033,0.0,0.1255695367424417,160.4197200298884,-12.223107855694851,34.4,54.300000000000004
11.0888,38,1,-0.8787593245506287,2.110262870788574,-0.683165431022644,0.0,2.3858211040348074,112.60790629398835,-16.639199493916205,13.8,56.2
11.0888,38,2,-1.8500198125839233,1.440152645111084,1.8935649394989014,0.0,3.0136690475685919,142.10093498805404,38.926684534945878,14.4,63.300000000000004
11.0888,38,3,-2.570756673812866,2.096357822418213,1.5023775100708008,0.0,3.6415167414600695,140.80401772250769,24.366328036100725,11.600000000000001,70.60000000000001
11.0888,38,4,-1.117720365524292,2.6600239276885986,-2.2216250896453857,0.0,3.641516737614356,112.79174883957808,-37.595457659876352,11.600000000000001,70.60000000000001
11.0888,38,5,0.5550059676170349,4.296956539154053,-1.289605975151062,-0.34104230999946594,4.52050336739335,82.640276477162232,-16.575543599800387,18.900000000000002,40.800000000000004
11.393035,39,0,-0.11562623083591461,0.041123971343040466,-0.02659139409661293,0.0,0.12556953657772577,160.42140950103089,-12.225881088458186,34.4,54.2
11.393035,39,1,-0.8787593245506287,2.1181061267852783,-0.6584460735321045,0.0,2.3858211891421908,112.53257187041213,-16.020602711134547,13.9,56.2
11.393035,39,2,-1.8500198125839233,1.4454482793807983,1.8895256519317627,0.0,3.0136690635546097,141.99895399962554,38.828038583029517,14.4,63.400000000000006
11.393035,39,3,-2.570756673812866,2.0906505584716797,1.5103093385696411,0.0,3.6415167076044019,140.8804985713351,24.503405779783794,11.600000000000001,70.60000000000001
11.393035,39,4,-1.117720365524292,2.6591391563415527,-2.222683906555176,0.0,3.6415166643523684,112.7985569099114,-37.61648723129349,11.600000000000001,70.60000000000001
11.393035,39,5,1.4800158739089966,4.786670207977295,3.35054349899292,0.0,6.0273377543990128,72.8186376014935,33.7721144578997,11.4,70.0
11.393035,39,6,3.7000396251678467,4.136375427246094,-2.3513636589050293,0.0,6.0273382151126027,48.186968973862939,-22.961744126407794,11.4,70.0
11.393035,39,7,0.5550059676170349,4.41315221786499,-0.8068508505821228,-0.25578173995018005,4.5205035579260748,82.832011256857839,-10.281640775290695,17.1,41.900000000000006
11.393035,39,8,-1.4645988941192627,4.158624649047852,1.8246537446975708,-0.25578173995018005,4.7716422938399941,109.40142156214156,22.482134248031809,19.400000000000002,42.5
11.393035,39,9,0.1464598923921585,4.672540664672852,-0.9562854766845703,-0.25578173995018005,4.771642136206232,88.2046625799502,-11.560944021454475,19.400000000000002,42.5
11.689469,40,0,-0.11562623083591461,0.04113471135497093,-0.02657477930188179,0.0,0.12556953703235793,160.41668529779346,-12.218124110966293,34.6,54.0
11.689469,40,1,-0.8787593245506287,2.1162760257720947,-0.6643044948577881,0.0,2.3858211646371714,112.55010738224429,-16.167032309775141,14.200000000000001,55.800000000000004
11.689469,40,2,-1.8500198125839233,1.4372414350509644,1.895775556564331,0.0,3.0136690612021768,142.15711846956455,38.980729148334262,14.600000000000001,63.2
11.689469,40,3,-2.570756673812866,2.091076374053955,1.509719729423523,0.0,3.6415167086655886,140.87478663915977,24.493211040818096,11.700000000000001,70.60000000000001
11.689469,40,4,-1.117720365524292,2.6590945720672607,-2.2227373123168945,0.0,3.6415167057520219,112.79890007544635,-37.617547554554491,11.700000000000001,70.60000000000001
11.689469,40,5,1.4800158739089966,4.558697700500488,3.654672384262085,0.0,6.0273378823373562,72.013583837528387,37.326002444097412,11.9,69.8
11.689469,40,6,3.7000396251678467,4.13738489151001,-2.3495864868164062,0.0,6.0273380216591281,48.193916206577072,-22.943398623571753,11.9,69.8
11.986514,41,0,-0.11562623083591461,0.04110303893685341,-0.026623738929629326,0.0,0.12556953667891652,160.43061782350304,-12.240982531076249,35.4,53.300000000000004
11.986514,41,1,-0.8787593245506287,2.118678569793701,-0.6566019058227539,0.0,2.3858212203176148,112.5270921894836,-15.974530372143752,14.700000000000001,55.300000000000004
11.986514,41,2,-1.8500198125839233,1.4262272119522095,1.9040756225585938,0.0,3.0136690832750572,142.37045859762515,39.18401721091255,14.9,62.900000000000006
11.986514,41,3,-2.570756673812866,2.0910141468048096,1.5098059177398682,0.0,3.6415167097424614,140.87562130382136,24.494701234402747,11.600000000000001,70.7
11.986514,41,4,-1.117720365524292,2.6673102378845215,-2.212871789932251,0.0,3.6415167553245316,112.7358287587039,-37.421838969906439,11.600000000000001,70.7
11.986514,41,5,1.4800158739089966,4.585299491882324,3.6212403774261475,0.0,6.027337744674707,72.111264998985391,36.927403540003084,11.8,69.9
11.986514,41,6,3.7000396251678467,4.138796806335449,-2.3470983505249023,0.0,6.0273379612380662,48.20362998459894,-22.917717263892811,11.8,69.9
11.986514,41,7,-0.12718884646892548,4.059101104736328,0.823744535446167,0.17052115499973297,4.1437946185610111,91.794732458733222,11.466204848350806,28.3,43.7
12.295236,42,0,-0.11562623083591461,0.04110490530729294,-0.026620857417583466,0.0,0.12556953670094129,160.42979675041553,-12.239637147071498,33.800000000000004,54.800000000000004
12.295236,42,1,-0.8787593245506287,2.117642402648926,-0.6599360704421997,0.0,2.3858212240342076,112.53701269858144,-16.057834252617582,13.4,56.6
12.295236,42,2,-1.8500198125839233,1.4301340579986572,1.901142954826355,0.0,3.0136690703338092,142.29464415631367,39.11212242068062,14.3,63.5
12.295236,42,3,-2.570756673812866,2.0901458263397217,1.5110077857971191,0.0,3.64151671423574,140.88727029764254,24.515483415784253,11.700000000000001,70.60000000000001
12.295236,42,4,-1.117720365524292,2.6698291301727295,-2.209831953048706,0.0,3.6415166703643811,112.71655746851287,-37.36164012454261,11.700000000000001,70.60000000000001
12.295236,42,5,1.4800158739089966,4.59005069732666,3.6152167320251465,0.0,6.0273380866321205,72.128603395458484,36.855804898915146,11.200000000000001,70.5
12.295236,42,6,3.7000396251678467,4.142585277557373,-2.340405225753784,0.0,6.0273379389563795,48.229675946360317,-22.84865757518325,11.200000000000001,70.5
12.295236,42,7,0.3815665543079376,3.8154304027557373,-1.5709649324417114,-0.25578173995018005,4.1437945186267173,84.289057251918464,-22.278729157261029,25.6,41.1
12.587858,43,0,-0.11562623083591461,0.04112239181995392,-0.026593834161758423,0.0,0.12556953604173718,160.42210430837014,-12.227020351385589,33.300000000000004,55.300000000000004
12.587858,43,1,-0.8787593245506287,2.1243128776550293,-0.6381375193595886,0.0,2.3858211681243167,112.47329259130954,-15.513820551642828,12.700000000000001,57.2
12.587858,43,2,-1.8500198125839233,1.4236267805099487,1.9060206413269043,0.0,3.0136690598508658,142.42100726620927,39.231740713117652,13.700000000000001,64.0
12.587858,43,3,-2.570756673812866,2.0918726921081543,1.5086162090301514,0.0,3.6415167309913206,140.86410723590782,24.4741325050636,11.700000000000001,70.60000000000001
12.587858,43,4,-1.117720365524292,2.6625475883483887,-2.218599796295166,0.0,3.6415166526941118,112.77235110220063,-37.535407416186587,11.700000000000001,70.60000000000001
12.587858,43,5,1.2950139045715332,4.87578821182251,3.2982468605041504,0.0,6.0273380569208523,75.125605992370012,33.176126004993982,11.5,70.2
12.587858,43,6,3.7000396251678467,4.167276859283447,-2.296152114868164,0.0,6.02733806786587,48.398784505836339,-22.392927637334537,11.5,70.2
12.87823,44,0,-0.11562623083591461,0.041132066398859024,-0.026578867807984352,0.0,0.12556953594528678,160.41784870748791,-12.220032994032017,33.4,55.2
12.87823,44,1,-0.8787593245506287,2.1187784671783447,-0.6562795042991638,0.0,2.3858212278430355,112.52613618586865,-15.966476978549238,12.9,57.0
12.87823,44,2,-1.8500198125839233,1.4306484460830688,1.9007558822631836,0.0,3.0136690606619445,142.28467371561661,39.102638882563177,13.700000000000001,64.10000000000001
12.87823,44,3,-2.570756673812866,2.0976171493530273,1.5006186962127686,0.0,3.6415167242011428,140.78716435020763,24.335952559793924,11.700000000000001,70.60000000000001
12.87823,44,4,-1.117720365524292,2.658566474914551,-2.2233688831329346,0.0,3.6415166768162863,112.80296558776934,-37.630094258747924,11.700000000000001,70.60000000000001
12.87823,44,5,1.2950139045715332,4.946372985839844,3.1914165019989014,0.0,6.02733821992019,75.328644628453148,31.971015968682117,11.4,70.10000000000001
12.87823,44,6,3.7000396251678467,4.007316589355469,-2.565136671066284,0.0,6.0273381866612379,47.283059684474367,-25.187613046845176,11.4,70.10000000000001
13.189847,45,0,-0.11562623083591461,0.04112790524959564,-0.026585306972265244,0.0,0.12556953609195784,160.41967906352093,-12.223039220423118,34.800000000000004,53.800000000000004
13.189847,45,1,-0.8787593245506287,2.126185894012451,-0.6318690180778503,0.0,2.3858212134166443,112.4554618822833,-15.357648212405097,14.0,56.0
13.189847,45,2,-1.8500198125839233,1.4479941129684448,1.887575387954712,0.0,3.0136690434347151,141.95002816872938,38.780459316663219,14.100000000000001,63.7
13.189847,45,3,-2.570756673812866,2.0978305339813232,1.5003201961517334,0.0,3.6415166505507743,140.78430945885319,24.330798560838421,11.700000000000001,70.60000000000001
13.189847,45,4,-1.117720365524292,2.655038833618164,-2.2275803089141846,0.0,3.6415167246891058,112.8301580872004,-37.713809217783442,11.700000000000001,70.60000000000001
13.479168,46,0,-0.11562623083591461,0.041162602603435516,-0.026531552895903587,0.0,0.12556953615219218,160.40441808388965,-12.197944193988409,34.4,54.300000000000004
13.479168,46,1,-0.8787593245506287,2.132979393005371,-0.608542799949646,0.0,2.3858213220693609,112.39101381031669,-14.777518313328812,13.8,56.2
13.479168,46,2,-1.8500198125839233,1.4357022047042847,1.8969415426254272,0.0,3.0136690833075774,142.18685873815818,39.009251275457828,14.3,63.5
13.479168,46,3,-2.570756673812866,2.0945966243743896,1.5048317909240723,0.0,3.6415166639423373,140.82760112357556,24.408727448952853,11.700000000000001,70.60000000000001
13.479168,46,4,-1.117720365524292,2.6569080352783203,-2.2253506183624268,0.0,3.6415167853629753,112.81574187618476,-37.669474495110968,11.700000000000001,70.60000000000001
13.479168,46,5,1.4800158739089966,4.922293186187744,3.1479177474975586,0.0,6.0273379980571029,73.265223703423459,31.484864326682494,11.600000000000001,69.7
13.479168,46,6,3.7000396251678467,4.153047561645508,-2.3217902183532715,0.0,6.0273383093321424,48.301467285200744,-22.656769986248484,11.600000000000001,69.7
13.786258,47,0,-0.11562623083591461,0.04109404608607292,-0.026637617498636246,0.0,0.12556953669998208,160.43457416917272,-12.247462547424416,34.2,54.400000000000006
13.786258,47,1,-0.8787593245506287,2.1390063762664795,-0.5870062708854675,0.0,2.3858211563845679,112.33413054770875,-14.2432739173214,13.600000000000001,56.300000000000004
13.786258,47,2,-1.8500198125839233,1.439420461654663,1.8941216468811035,0.0,3.0136690902563874,142.11505734161975,38.940290293416858,14.200000000000001,63.5
13.786258,47,3,-2.570756673812866,2.0954442024230957,1.50365149974823,0.0,3.64151673264274,140.81624961651542,24.388335096126255,11.700000000000001,70.60000000000001
13.786258,47,4,-1.117720365524292,2.6625187397003174,-2.2186343669891357,0.0,3.6415166221161761,112.77257266635132,-37.536093731705193,11.700000000000001,70.60000000000001
13.786258,47,5,1.4800158739089966,4.7187275886535645,3.4455718994140625,0.0,6.0273379494578467,72.586111088737468,34.865877230202891,11.700000000000001,69.8
13.786258,47,6,3.7000396251678467,4.108098983764648,-2.400423765182495,0.0,6.027338114016275,47.991600160707364,-23.46919984361568,11.700000000000001,69.8
14.089955,48,0,-0.11562623083591461,0.041098713874816895,-0.02663041278719902,0.0,0.12556953621281275,160.43252058191462,-12.244098636569461,34.800000000000004,53.900000000000006
14.089955,48,1,-0.8787593245506287,2.1249516010284424,-0.6360072493553162,0.0,2.3858211329499395,112.46720906734403,-15.460734521111331,14.200000000000001,55.900000000000006
14.089955,48,2,-1.8500198125839233,1.4393929243087769,1.894142508506775,0.0,3.0136690495201304,142.11558858763485,38.94080084632796,14.600000000000001,63.2
14.089955,48,3,-2.570756673812866,2.0980052947998047,1.5000759363174438,0.0,3.6415167042978207,140.78197149170271,24.326580436061136,11.700000000000001,70.60000000000001
14.089955,48,4,-1.117720365524292,2.6604230403900146,-2.221147060394287,0.0,3.6415166940773442,112.78867903760484,-37.585966211689673,11.700000000000001,70.60000000000001
14.089955,48,5,1.4800158739089966,4.626518249511719,3.5684287548065186,0.0,6.0273378765602308,72.260608063837282,36.301949736158868,11.8,69.8
14.089955,48,6,3.7000396251678467,4.172387599945068,-2.2868523597717285,0.0,6.0273381543912992,48.433647341168736,-22.2973468799741,11.8,69.8
14.377151,49,0,-0.11562623083591461,0.04114484786987305,-0.026559077203273773,0.0,0.12556953589722575,160.41222680868015,-12.210793609035859,34.4,54.2
14.377151,49,1,-0.8787593245506287,2.1228628158569336,-0.6429445743560791,0.0,2.3858210769306707,112.4871153145542,-15.63366309512066,13.9,56.1
14.377151,49,2,-1.8500198125839233,1.444867730140686,1.8899695873260498,0.0,3.0136690438023139,142.01012014637942,38.838873788378805,14.200000000000001,63.5
14.377151,49,3,-2.570756673812866,2.096301555633545,1.5024559497833252,0.0,3.6415167127371975,140.80477092070834,24.36768310387907,11.700000000000001,70.5
14.377151,49,4,-1.117720365524292,2.662038803100586,-2.219210147857666,0.0,3.641516591349736,112.77625928705274,-37.547519578477363,11.700000000000001,70.5
14.688137,50,0,-0.11562623083591461,0.04114839807152748,-0.026553578674793243,0.0,0.12556953635978566,160.41066533081241,-12.2082265920488,33.7,54.900000000000006
14.688137,50,1,-0.8787593245506287,2.114711046218872,-0.6692695021629333,0.0,2.385821121964137,112.56512310657889,-16.29121638095312,13.100000000000001,56.900000000000006
14.688137,50,2,-1.8500198125839233,1.4403637647628784,1.8934043645858765,0.0,3.0136690544297982,142.09686391877327,38.922760323531179,13.8,63.900000000000006
14.688137,50,3,-2.570756673812866,2.0946474075317383,1.5047613382339478,0.0,3.6415167613065362,140.82692088784839,24.407509451930142,11.700000000000001,70.5
14.688137,50,4,-1.117720365524292,2.6633152961730957,-2.2176783084869385,0.0,3.6415167529850567,112.7664564315721,-37.517124523965059,11.700000000000001,70.5
14.688137,50,5,1.4800158739089966,4.752140998840332,3.3993401527404785,0.0,6.0273380968646064,72.701222426923991,34.331974261206504,11.700000000000001,69.9
14.688137,50,6,3.7000396251678467,4.1352858543396,-2.3532791137695312,0.0,6.0273381282467735,48.179468311439187,-22.981521079983906,11.700000000000001,69.9
14.688137,50,7,0.27750298380851746,4.40920352935791,-0.9575321078300476,-0.25578173995018005,4.5205034461717135,86.398713291274177,-12.229018161914549,14.3,42.0
14.988303,51,0,-0.11562623083591461,0.04112229868769646,-0.026593981310725212,0.0,0.12556953670630283,160.4221452759711,-12.227088986277629,33.7,55.0
14.988303,51,1,-0.8787593245506287,2.1225314140319824,-0.6440383195877075,0.0,2.3858212236323664,112.49027666813203,-15.660939421786265,13.0,57.0
14.988303,51,2,-1.8500198125839233,1.4434229135513306,1.8910733461380005,0.0,3.0136690951051079,142.03792416906907,38.865819029863914,13.600000000000001,64.10000000000001
14.988303,51,3,-2.570756673812866,2.098151445388794,1.4998713731765747,0.0,3.6415166482957426,140.78001639452805,24.323048660264835,11.700000000000001,70.5
14.988303,51,4,-1.117720365524292,2.661343574523926,-2.220043897628784,0.0,3.6415166269792518,112.78160167219812,-37.564066718152404,11.700000000000001,70.5
14.988303,51,5,1.4800158739089966,4.633194446563721,3.559756278991699,0.0,6.027337930837489,72.284570326465271,36.199721243276215,11.8,69.8
14.988303,51,6,3.7000396251678467,4.08515739440918,-2.4392619132995605,0.0,6.0273379568912553,47.831996460440216,-23.872310692155029,11.8,69.8
14.988303,51,7,0.27750298380851746,4.509292125701904,-0.1556500792503357,0.34104230999946594,4.5205033268553692,86.478444296994354,-1.9731996814876591,19.700000000000003,41.800000000000004
15.288773,52,0,-0.11562623083591461,0.04110347479581833,-0.026623062789440155,0.0,0.12556953599460802,160.4304260751471,-12.240666907443972,33.6,55.1
15.288773,52,1,-0.8787593245506287,2.125411033630371,-0.6344702243804932,0.0,2.3858211328571621,112.46283513001246,-15.422440355137196,12.8,57.1
15.288773,52,2,-1.8500198125839233,1.4482327699661255,1.887392282485962,0.0,3.0136690413753766,141.94544500767356,38.775993849962681,13.4,64.3
15.288773,52,3,-2.570756673812866,2.0969645977020264,1.501530408859253,0.0,3.6415167126759211,140.79589633567494,24.3516974676585,11.600000000000001,70.60000000000001
15.288773,52,4,-1.117720365524292,2.659623384475708,-2.222104549407959,0.0,3.6415167157734323,112.79483043169421,-37.604979521317226,11.600000000000001,70.60000000000001
15.288773,52,5,1.4800158739089966,4.604859828948975,3.596334457397461,0.0,6.0273379331803589,72.182437788729032,36.631806767677176,12.0,69.60000000000001
15.288773,52,6,3.7000396251678467,4.0864338874816895,-2.4371235370635986,0.0,6.0273382416685655,47.840902861538034,-23.85008232664142,12.0,69.60000000000001
15.582591,53,0,-0.11562623083591461,0.04112408682703972,-0.026591217145323753,0.0,0.12556953692654868,160.42135870167283,-12.225798439701112,34.7,54.0
15.582591,53,1,-0.8787593245506287,2.1272449493408203,-0.6282944083213806,0.0,2.3858212188905981,112.44539177511992,-15.26864354573126,13.9,56.1
15.582591,53,2,-1.8500198125839233,1.4412034749984741,1.8927652835845947,0.0,3.0136690564897473,142.0806760490041,38.9071446747691,14.4,63.300000000000004
15.582591,53,3,-2.570756673812866,2.0999274253845215,1.4973838329315186,0.0,3.64151663609548,140.75626731497206,24.280104472503542,11.700000000000001,70.60000000000001
15.582591,53,4,-1.117720365524292,2.6571476459503174,-2.225064277648926,0.0,3.6415166438664546,112.81389512583446,-37.663784686045496,11.700000000000001,70.60000000000001
15.582591,53,5,1.4800158739089966,4.478613376617432,3.75238299369812,0.0,6.0273379609603834,71.713192193222568,38.503363371934405,11.700000000000001,69.8
15.582591,53,6,3.7000396251678467,4.115421772003174,-2.387847900390625,0.0,6.0273383167605479,48.042337607178077,-23.338935796611423,11.700000000000001,69.8
15.887098,54,0,-0.11562623083591461,0.041122984141111374,-0.0265929214656353,0.0,0.12556953672793317,160.42184375491556,-12.226594166270461,35.2,53.5
15.887098,54,1,-0.8787593245506287,2.133103847503662,-0.6081061363220215,0.0,2.3858212522634843,112.38983641741982,-14.766673775102856,14.8,55.300000000000004
15.887098,54,2,-1.8500198125839233,1.435071349143982,1.8974188566207886,0.0,3.0136690929077008,142.19905475315127,39.020930548151838,15.100000000000001,62.7
15.887098,54,3,-2.570756673812866,2.0965113639831543,1.502163052558899,0.0,3.6415166636632281,140.80196246719953,24.362624411139198,11.600000000000001,70.7
15.887098,54,4,-1.117720365524292,2.6563122272491455,-2.2260615825653076,0.0,3.6415166666533652,112.82033517197726,-37.683609495141688,11.600000000000001,70.7
15.887098,54,5,1.4800158739089966,4.418553352355957,3.822923421859741,0.0,6.0273380694998746,71.481476453324916,39.365416458055968,12.0,69.7
15.887098,54,6,3.7000396251678467,4.038192272186279,-2.5162506103515625,0.0,6.0273383171223944,47.502173781687311,-24.675145731956007,12.0,69.7
15.887098,54,7,2.643986463546753,5.544410705566406,-0.3565332889556885,-0.34104230999946594,6.1529074816343048,64.50472968187853,-3.3218932322328287,16.400000000000002,42.300000000000004
16.203737,55,0,-0.11562623083591461,0.0411379374563694,-0.026569779962301254,0.0,0.12556953596605142,160.41526628844073,-12.215790224160296,35.7,53.0
16.203737,55,1,-0.8787593245506287,2.1123287677764893,-0.6767511367797852,0.0,2.385821216016311,112.58801709791231,-16.478493772442935,15.100000000000001,55.2
16.203737,55,2,-1.8500198125839233,1.4330447912216187,1.8989498615264893,0.0,3.0136690689576286,142.23826044735478,39.058406183437121,14.700000000000001,63.1
16.203737,55,3,-2.570756673812866,2.096381425857544,1.5023442506790161,0.0,3.6415166079783563,140.80370176705338,24.365754513244919,11.700000000000001,70.60000000000001
16.203737,55,4,-1.117720365524292,2.6654820442199707,-2.215073585510254,0.0,3.6415167626680072,112.74983512274508,-37.465472707170541,11.700000000000001,70.60000000000001
16.203737,55,5,1.4800158739089966,4.602717399597168,3.59907603263855,0.0,6.0273379477419686,72.174669018437058,36.664289292976463,11.4,70.10000000000001
16.203737,55,6,3.7000396251678467,4.1171488761901855,-2.3848681449890137,0.0,6.027338066303372,48.054289658521384,-23.308090693027147,11.4,70.10000000000001
16.203737,55,7,-0.6359442472457886,0.7134037017822266,0.9972577095031738,0.17052115499973297,1.3812649515878963,131.714535769934,46.218917579826083,13.100000000000001,42.6
16.48833,56,0,-0.11562623083591461,0.04109026864171028,-0.02664344199001789,0.0,0.12556953625558859,160.43623608894342,-12.250182141945309,35.300000000000004,53.400000000000006
16.48833,56,1,-0.8055294156074524,2.08038330078125,-0.8457368016242981,0.0,2.3858212538243659,111.1665230835778,-20.761857675861513,14.600000000000001,55.6
16.48833,56,2,-1.8500198125839233,1.4235998392105103,1.9060407876968384,0.0,3.0136690749843833,142.4215313261511,39.232234960940332,14.0,63.7
16.48833,56,3,-2.570756673812866,2.102231740951538,1.4941471815109253,0.0,3.641516712667205,140.72547708410713,24.224248911214165,11.5,70.7
16.48833,56,4,-1.117720365524292,2.660614013671875,-2.2209184169769287,0.0,3.6415167664205841,112.78721043076874,-37.581425711426007,11.5,70.7
16.48833,56,5,1.4800158739089966,4.616304874420166,3.581631660461426,0.0,6.0273379722592013,72.223828491317931,36.457838200557568,11.8,69.7
16.48833,56,6,3.7000396251678467,4.077369213104248,-2.452258586883545,0.0,6.0273381442164542,47.7775901426347,-24.007484997697642,11.8,69.7
16.48833,56,7,0.49333858489990234,3.584102153778076,-1.7484169006347656,0.34104230999946594,4.0182250890776343,82.16269392213087,-25.79303759737579,19.8,41.400000000000006
16.48833,56,8,-4.058481216430664,1.6915427446365356,-2.1564087867736816,0.34104230999946594,4.897212012638188,157.3740136373047,-26.125191405855848,14.100000000000001,49.300000000000004
16.48833,56,9,0.9018846154212952,2.178471803665161,4.292266368865967,0.34104230999946594,4.8972120477058771,67.5105059335862,61.219598203761009,14.100000000000001,49.300000000000004
16.785759,57,0,-0.11562623083591461,0.04109097644686699,-0.02664235234260559,0.0,0.12556953667599768,160.43592468124959,-12.249673323926732,35.0,53.6
16.785759,57,1,-0.8787593245506287,2.115058183670044,-0.6681717038154602,0.0,2.3858211367522832,112.56179074365193,-16.263751611491898,14.600000000000001,55.7
16.785759,57,2,-1.8500198125839233,1.3999595642089844,1.9234710931777954,0.0,3.0136690486289046,142.88423088208179,39.661371376475046,14.100000000000001,63.6
16.785759,57,3,-2.570756673812866,2.107943296432495,1.4860783815383911,0.0,3.6415166858060459,140.64927588887534,24.085111942340497,11.5,70.7
16.785759,57,4,-1.117720365524292,2.6498687267303467,-2.2337279319763184,0.0,3.6415166563538421,112.87012246464624,-37.8361838377336,11.5,70.7
16.785759,57,5,1.4800158739089966,4.71220588684082,3.4544858932495117,0.0,6.0273380603430375,72.5634700446728,34.969216386894,11.600000000000001,69.9
16.785759,57,6,3.7000396251678467,4.01810884475708,-2.5481977462768555,0.0,6.02733802521957,47.3598558338347,-25.009803408193989,11.600000000000001,69.9
17.082675,58,0,-0.11562623083591461,0.0411047525703907,-0.02662109211087227,0.0,0.12556953645836555,160.4298639437072,-12.239746749436422,35.2,53.400000000000006
17.082675,58,1,-0.8787593245506287,2.0959508419036865,-0.7258892059326172,0.0,2.3858212467515112,112.74661015720045,-17.71312574947655,14.9,55.5
17.082675,58,2,-1.8500198125839233,1.4281009435653687,1.9026706218719482,0.0,3.0136690440889389,142.33407850253298,39.149564754262059,14.3,63.400000000000006
17.082675,58,3,-2.570756673812866,2.11545729637146,1.4753626585006714,0.0,3.6415167750297139,140.54927978361005,23.900564031808393,11.5,70.7
17.082675,58,4,-1.117720365524292,2.6481332778930664,-2.2357850074768066,0.0,3.6415166171048154,112.88356699709003,-37.8771775226024,11.5,70.7
17.388181,59,0,-0.11562623083591461,0.04110591486096382,-0.02661929838359356,0.0,0.12556953667315893,160.42935262055522,-12.238909237625345,35.2,53.5
17.388181,59,1,-0.8787593245506287,2.10113787651062,-0.7107351422309875,0.0,2.3858211938438174,112.69615460272661,-17.331490887683987,15.100000000000001,55.2
17.388181,59,2,-1.8500198125839233,1.4463763236999512,1.8888154029846191,0.0,3.01366909319268,141.98111127501707,38.810706877431372,14.8,62.900000000000006
17.388181,59,3,-2.570756673812866,2.1021482944488525,1.4942644834518433,0.0,3.6415166722552863,140.72659162311322,24.226273053244896,11.600000000000001,70.60000000000001
17.388181,59,4,-1.2294923067092896,2.630356550216675,-2.1977756023406982,0.0,3.6415167872425243,115.05252466874241,-37.123352410100793,11.600000000000001,70.60000000000001
17.388181,59,5,1.4800158739089966,4.811576843261719,3.3146767616271973,0.0,6.0273377821146195,72.902376323471273,33.362926655860939,11.4,70.0
17.388181,59,6,3.7000396251678467,4.163692474365234,-2.3026459217071533,0.0,6.0273382591034741,48.374305138561311,-22.459707469127672,11.4,70.0
17.690443,60,0,-0.11562623083591461,0.04109972342848778,-0.026628855615854263,0.0,0.12556953641161703,160.43207643704315,-12.243371562069864,34.7,54.0
17.690443,60,1,-0.8787593245506287,2.130983829498291,-0.615493893623352,0.0,2.3858211930393094,112.40990874998744,-14.95022977622142,14.200000000000001,55.900000000000006
17.690443,60,2,-1.8500198125839233,1.4522972106933594,1.8842666149139404,0.0,3.0136690546939633,141.86747969736535,38.699809250710857,14.4,63.300000000000004
17.690443,60,3,-2.570756673812866,2.0988118648529053,1.498947262763977,0.0,3.641516719246026,140.77118313694086,24.307092847403347,11.600000000000001,70.60000000000001
17.690443,60,4,-1.117720365524292,2.6690409183502197,-2.2107839584350586,0.0,3.64151671013732,112.7225845142289,-37.38048763050795,11.600000000000001,70.60000000000001
17.690443,60,5,1.4800158739089966,4.78487491607666,3.35310697555542,0.0,6.0273378318326118,72.812570894029292,33.801434133451515,11.3,70.2
17.690443,60,6,3.7000396251678467,4.047923564910889,-2.5005650520324707,0.0,6.0273380521270958,47.570856702345232,-24.51116465876304,11.3,70.2
17.970901,61,0,-0.11562623083591461,0.04107930138707161,-0.02666034922003746,0.0,0.12556953643421809,160.44106142292949,-12.258076545871493,35.1,53.6
17.970901,61,1,-0.8787593245506287,2.082916736602783,-0.7624847292900085,0.0,2.3858212515830104,112.8743383223328,-18.63813456870022,14.700000000000001,55.400000000000006
17.970901,61,2,-1.8500198125839233,1.431386947631836,1.9001997709274292,0.0,3.013669037939716,142.27036394951821,39.089016149716315,14.700000000000001,63.0
17.970901,61,3,-2.570756673812866,2.09307861328125,1.5069427490234375,0.0,3.6415167727422411,140.84794081994147,24.445205860865613,11.600000000000001,70.60000000000001
17.970901,61,4,-1.117720365524292,2.6468069553375244,-2.2373552322387695,0.0,3.6415167594777111,112.89385211375925,-37.908482426999129,11.600000000000001,70.60000000000001
17.970901,61,5,1.4800158739089966,4.740798473358154,3.4151406288146973,0.0,6.0273379419606519,72.6623124514442,34.51405988823042,11.200000000000001,70.2
17.970901,61,6,3.7000396251678467,4.031890392303467,-2.5263352394104004,0.0,6.0273379783489851,47.457599371158665,-24.780689287287025,11.200000000000001,70.2
18.293571,62,0,-0.11562623083591461,0.04110482707619667,-0.026620974764227867,0.0,0.1255695359698438,160.42983116648475,-12.239692008609445,35.300000000000004,53.400000000000006
18.293571,62,1,-0.8787593245506287,2.092308282852173,-0.7363222241401672,0.0,2.3858210994831963,112.7821693615294,-17.976340368944243,15.0,55.1
18.293571,62,2,-1.8500198125839233,1.4365819692611694,1.896275281906128,0.0,3.01366902730335,142.16985741526642,38.992952593739169,14.9,62.900000000000006
18.293571,62,3,-2.570756673812866,2.103097915649414,1.4929276704788208,0.0,3.6415166823788709,140.71391026324378,24.203210332843753,11.700000000000001,70.60000000000001
18.293571,62,4,-1.117720365524292,2.6651599407196045,-2.215461015701294,0.0,3.64151669462279,112.75230455179309,-37.473154014589184,11.700000000000001,70.60000000000001
18.293571,62,5,1.4800158739089966,4.7384843826293945,3.4183502197265625,0.0,6.0273376756367254,72.6543532296838,34.551097529736495,11.4,70.10000000000001
18.293571,62,6,3.7000396251678467,3.9756650924682617,-2.613924264907837,0.0,6.0273382365648658,47.056539969424641,-25.701205640965583,11.4,70.10000000000001
18.586702,63,0,-0.11562623083591461,0.0411047525703907,-0.02662109211087227,0.0,0.12556953645836555,160.4298639437072,-12.239746749436422,34.9,53.800000000000004
18.586702,63,1,-0.8787593245506287,2.1032917499542236,-0.7043357491493225,0.0,2.3858212387854869,112.67526559153958,-17.170569209199478,14.600000000000001,55.5
18.586702,63,2,-1.8500198125839233,1.4625285863876343,1.8763363361358643,0.0,3.0136690626639524,141.67195368171235,38.506880972519809,14.8,62.900000000000006
18.586702,63,3,-2.570756673812866,2.0912058353424072,1.5095402002334595,0.0,3.6415166260562919,140.87305021629268,24.490107618818197,11.5,70.7
18.586702,63,4,-1.117720365524292,2.672999143600464,-2.205996513366699,0.0,3.6415166969523294,112.69234857320558,-37.285752924953442,11.5,70.7
18.586702,63,5,1.4800158739089966,4.7542500495910645,3.3963897228240967,0.0,6.027338025228417,72.708438761528768,34.298017811098234,11.600000000000001,69.9
18.586702,63,6,3.7000396251678467,3.944164514541626,-2.661217212677002,0.0,6.0273380524598048,46.829173219517152,-26.201188555650866,11.600000000000001,69.9
18.892375,64,0,-0.11562623083591461,0.041124217212200165,-0.026591012254357338,0.0,0.12556953623927986,160.42130134759734,-12.225702849053832,35.6,53.1
18.892375,64,1,-0.8055294156074524,2.1186470985412598,-0.7447144389152527,0.0,2.3858211926074935,110.81727115977235,-18.188350720338015,15.5,54.7
18.892375,64,2,-1.8500198125839233,1.4454089403152466,1.8895556926727295,0.0,3.0136690308340457,141.99971053052698,38.828772220611867,15.4,62.400000000000006
18.892375,64,3,-2.570756673812866,2.093374252319336,1.506532073020935,0.0,3.6415167888213404,140.84397865629779,24.438108081341088,11.600000000000001,70.60000000000001
18.892375,64,4,-1.2294923067092896,2.6296803951263428,-2.19858455657959,0.0,3.6415167671177131,115.05817581869758,-37.139317601687495,11.600000000000001,70.60000000000001
18.892375,64,5,1.4800158739089966,4.643044471740723,3.5468993186950684,0.0,6.0273380302206574,72.319809909817835,36.048412279941644,11.3,70.3
18.892375,64,6,3.7000396251678467,3.995256185531616,-2.583880662918091,0.0,6.0273380937228742,47.196974969808856,-25.384674907642395,11.3,70.3
19.173935,65,0,-0.11562623083591461,0.0411275252699852,-0.02658589370548725,0.0,0.12556953586070527,160.41984620643109,-12.223313172049631,35.2,53.400000000000006
19.173935,65,1,-0.8055294156074524,2.113847494125366,-0.7582305669784546,0.0,2.3858211291983822,110.86047420496656,-18.530351021381687,14.700000000000001,55.6
19.173935,65,2,-1.8500198125839233,1.4382377862930298,1.895019769668579,0.0,3.0136690535473343,142.13788022850503,38.962247268002038,14.100000000000001,63.7
19.173935,65,3,-2.570756673812866,2.1049110889434814,1.4903703927993774,0.0,3.6415167823372165,140.68970967083237,24.159103184612022,11.700000000000001,70.60000000000001
19.173935,65,4,-1.117720365524292,2.662876605987549,-2.218204975128174,0.0,3.6415167095465737,112.76982446094134,-37.527573201710375,11.700000000000001,70.60000000000001
19.173935,65,5,1.4800158739089966,4.6793622970581055,3.4988458156585693,0.0,6.0273377652080358,72.448576323688869,35.485440314827073,11.700000000000001,69.9
19.173935,65,6,3.7000396251678467,3.9815726280212402,-2.604916572570801,0.0,6.0273380666820238,47.098965124882575,-25.606215939611921,11.700000000000001,69.9
19.488411,66,0,-0.11562623083591461,0.04107625037431717,-0.02666505239903927,0.0,0.12556953699674658,160.44240384809555,-12.26027256764206,34.800000000000004,53.900000000000006
19.488411,66,1,-0.8055294156074524,2.146287679672241,-0.6608434319496155,0.0,2.38582113430003,110.57176028728335,-16.080511275457063,14.700000000000001,55.5
19.488411,66,2,-1.8500198125839233,1.4530271291732788,1.8837038278579712,0.0,3.0136690687853185,141.8534957961507,38.68610040109342,14.700000000000001,63.0
19.488411,66,3,-2.570756673812866,2.0964269638061523,1.5022810697555542,0.0,3.6415167585873838,140.80309220445903,24.364662152435514,11.700000000000001,70.60000000000001
19.488411,66,4,-1.117720365524292,2.6613821983337402,-2.2199976444244385,0.0,3.6415166568842636,112.78130481077666,-37.5631482649446,11.700000000000001,70.60000000000001
19.488411,66,5,1.4800158739089966,4.695956230163574,3.4765429496765137,0.0,6.0273379516649115,72.506808079255165,35.225487314440869,11.4,70.0
19.488411,66,6,3.7000396251678467,4.053637981414795,-2.491291046142578,0.0,6.0273381511883848,47.61110496831882,-24.414311251176642,11.4,70.0
19.488411,66,7,0.0,4.4791412353515625,1.234214186668396,0.25578173995018005,4.6460726280160811,90,15.405387508137657,17.5,44.800000000000004
19.488411,66,8,-0.6475068926811218,2.942906141281128,-4.328310966491699,0.34104230999946594,5.2739205108829665,102.40867278995593,-55.155011669955954,14.4,43.400000000000006
19.785294,67,0,-0.11562623083591461,0.04109690338373184,-0.026633206754922867,0.0,0.12556953622237549,160.4333170987739,-12.245403164831373,35.4,53.300000000000004
19.785294,67,1,-0.8055294156074524,2.1603541374206543,-0.6132979393005371,0.0,2.3858210328584391,110.44893373723305,-14.895653983603674,15.100000000000001,55.1
19.785294,67,2,-1.8500198125839233,1.4706937074661255,1.8699432611465454,0.0,3.0136690408936562,141.51666772191695,38.35172589064149,15.0,62.7
19.785294,67,3,-2.570756673812866,2.0945844650268555,1.504848837852478,0.0,3.6415167144846641,140.82776399887149,24.409021631567924,11.600000000000001,70.60000000000001
19.785294,67,4,-1.2294923067092896,2.6277318000793457,-2.200913190841675,0.0,3.6415168019695381,115.07447507859906,-37.185292297457195,11.600000000000001,70.60000000000001
19.785294,67,5,1.4800158739089966,4.711237907409668,3.455805778503418,0.0,6.0273379850456417,72.560104699433666,34.984529385798119,11.5,70.0
19.785294,67,6,3.7000396251678467,4.019286632537842,-2.546339750289917,0.0,6.0273380846121549,47.368223299984066,-24.990315186076359,11.5,70.0
20.085766,68,0,-0.11562623083591461,0.04108916223049164,-0.026645146310329437,0.0,0.12556953584378153,160.43672287074838,-12.250977963138071,34.6,54.1
20.085766,68,1,-0.8055294156074524,2.1218020915985107,-0.7356774806976318,0.0,2.3858212655029951,110.78896491591505,-17.960061598214381,14.0,56.2
20.085766,68,2,-1.8500198125839233,1.3970322608947754,1.9255982637405396,0.0,3.0136690459064019,142.94192301044811,39.713924691414412,14.3,63.5
20.085766,68,3,-2.570756673812866,2.0926127433776855,1.5075894594192505,0.0,3.64151670981366,140.85418532857847,24.456384140494333,11.8,70.5
20.085766,68,4,-1.117720365524292,2.665140151977539,-2.215484857559204,0.0,3.6415167168728946,112.75245628012139,-37.473626417343013,11.8,70.5
20.085766,68,5,1.4800158739089966,4.776716709136963,3.364718437194824,0.0,6.0273376932083078,72.78495000188218,33.934369050258006,11.4,70.10000000000001
20.085766,68,6,3.7000396251678467,4.033048629760742,-2.5244863033294678,0.0,6.0273381831058144,47.465797482006096,-24.761331386433795,11.4,70.10000000000001
20.385837,69,0,-0.11562623083591461,0.04107414931058884,-0.026668287813663483,0.0,0.12556953680658836,160.44332831504983,-12.261783324518582,34.4,54.300000000000004
20.385837,69,1,-0.8055294156074524,2.1262917518615723,-0.7225984334945679,0.0,2.3858211897651174,110.74881080221915,-17.630183993347561,14.3,56.0
20.385837,69,2,-1.8500198125839233,1.4236102104187012,1.9060330390930176,0.0,3.0136690734510978,142.42132958538866,39.23204479865867,14.4,63.300000000000004
20.385837,69,3,-2.570756673812866,2.100942611694336,1.4959592819213867,0.0,3.6415167041705518,140.74269907726236,24.255517435218817,11.600000000000001,70.60000000000001
20.385837,69,4,-1.117720365524292,2.652951955795288,-2.230065107345581,0.0,3.6415166178758622,112.84627351003013,-37.763248210204935,11.600000000000001,70.60000000000001
20.385837,69,5,1.4800158739089966,4.752025127410889,3.3995020389556885,0.0,6.0273380452261813,72.700825791664784,34.333838165465181,11.4,70.10000000000001
20.385837,69,6,3.7000396251678467,3.9912428855895996,-2.590075731277466,0.0,6.02733815986247,47.168266757288734,-25.449875934655488,11.4,70.10000000000001
20.68837,70,0,-0.11562623083591461,0.04108990728855133,-0.02664399892091751,0.0,0.12556953618135175,160.43639507122987,-12.250442190934752,34.4,54.300000000000004
20.68837,70,1,-0.8055294156074524,2.1183297634124756,-0.7456164956092834,0.0,2.3858211551775432,110.82012233258075,-18.211154811276309,14.100000000000001,56.1
20.68837,70,2,-1.8500198125839233,1.4469060897827148,1.8884096145629883,0.0,3.0136690946381779,141.97092980349908,38.80080683754818,14.3,63.400000000000006
20.68837,70,3,-2.570756673812866,2.0961074829101562,1.5027267932891846,0.0,3.6415167542020916,140.8073689401032,24.372361109777202,11.600000000000001,70.60000000000001
20.68837,70,4,-1.2294923067092896,2.629445791244507,-2.1988651752471924,0.0,3.6415167939013608,115.06013714172501,-37.144856162186919,11.600000000000001,70.60000000000001
20.68837,70,5,1.4800158739089966,4.725518226623535,3.4362528324127197,0.0,6.0273379717283389,72.609625311710886,34.7579798360863,11.5,69.8
20.68837,70,6,3.7000396251678467,3.914236545562744,-2.7050442695617676,0.0,6.0273381739139325,46.611360486293464,-26.66645219773061,11.5,69.8
20.987216,71,0,-0.11562623083591461,0.04108704999089241,-0.02664840966463089,0.0,0.12556953719723704,160.437652189629,-12.252501559492558,35.7,53.0
20.987216,71,1,-0.8055294156074524,2.138197898864746,-0.6865673661231995,0.0,2.3858211673014904,110.64304060827769,-16.724486368103129,15.5,54.7
20.987216,71,2,-1.8500198125839233,1.4574928283691406,1.8802506923675537,0.0,3.0136690790213176,141.76805781835972,38.602044527985562,15.200000000000001,62.6
20.987216,71,3,-2.570756673812866,2.1010375022888184,1.495826244354248,0.0,3.6415168014546304,140.74143110728664,24.253220871688406,11.700000000000001,70.60000000000001
20.987216,71,4,-1.117720365524292,2.6562252044677734,-2.226165533065796,0.0,3.6415167352310411,112.82100620804134,-37.685675363225116,11.700000000000001,70.60000000000001
20.987216,71,5,1.4800158739089966,4.7410430908203125,3.4148011207580566,0.0,6.027337992046581,72.663153389598421,34.510142895068888,11.8,69.8
20.987216,71,6,3.7000396251678467,4.032757759094238,-2.5249505043029785,0.0,6.0273380045030551,47.463738913194142,-24.766191729151192,11.8,69.8
21.279981,72,0,-0.11562623083591461,0.04106947034597397,-0.026675492525100708,0.0,0.1255695367247795,160.44538709513952,-12.265147517261259,35.9,52.800000000000004
21.279981,72,1,-0.8055294156074524,2.1357262134552,-0.6942182779312134,0.0,2.3858212664955332,110.66491332257354,-16.916435634480475,15.5,54.800000000000004
21.279981,72,2,-1.8500198125839233,1.4468538761138916,1.8884495496749878,0.0,3.0136690507496855,141.97193316217326,38.801781744143675,15.200000000000001,62.6
21.279981,72,3,-2.570756673812866,2.0993001461029053,1.4982633590698242,0.0,3.6415167269301763,140.76465369579188,24.295286086525412,11.700000000000001,70.60000000000001
21.279981,72,4,-1.117720365524292,2.659788131713867,-2.221907138824463,0.0,3.6415165871752957,112.79356284800738,-37.601060552995904,11.700000000000001,70.60000000000001
21.279981,72,5,1.4800158739089966,4.7161946296691895,3.449037790298462,0.0,6.0273377581524343,72.577324320596,34.906043102077213,11.600000000000001,70.10000000000001
21.279981,72,6,3.7000396251678467,3.9964401721954346,-2.5820488929748535,0.0,6.0273380329513921,47.205438415244743,-25.3654030725684,11.600000000000001,70.10000000000001
21.588127,73,0,-0.11562623083591461,0.04109374061226845,-0.026638088747859,0.0,0.12556953669966064,160.43470856377823,-12.247682580400593,35.5,53.2
21.588127,73,1,-0.8055294156074524,2.1082162857055664,-0.7737500071525574,0.0,2.3858211626799779,110.91138174364421,-18.923887126704532,15.3,54.900000000000006
21.588127,73,2,-1.8500198125839233,1.4417755603790283,1.8923295736312866,0.0,3.0136690741849681,142.06965151019847,38.89650002271032,15.100000000000001,62.6
21.588127,73,3,-2.570756673812866,2.0933516025543213,1.5065631866455078,0.0,3.6415166405257033,140.844282193375,24.438646860750723,11.600000000000001,70.60000000000001
21.588127,73,4,-1.117720365524292,2.6721296310424805,-2.207049608230591,0.0,3.6415166557073144,112.69898403882638,-37.306582015032518,11.600000000000001,70.60000000000001
21.588127,73,5,1.4800158739089966,4.684821128845215,3.4915335178375244,0.0,6.027337911755076,72.467773964396642,35.400118324745627,11.3,70.2
21.588127,73,6,3.7000396251678467,4.048112869262695,-2.500258684158325,0.0,6.0273380955287044,47.57219101859728,-24.507963730340126,11.3,70.2
21.892222,74,0,-0.11562623083591461,0.04106266796588898,-0.026685960590839386,0.0,0.12556953631535353,160.44838028795814,-12.270035617259108,34.800000000000004,53.900000000000006
21.892222,74,1,-0.8055294156074524,2.1090080738067627,-0.7715888023376465,0.0,2.385821027379011,110.90420944525663,-18.86903008486642,14.4,55.800000000000004
21.892222,74,2,-1.8500198125839233,1.4354071617126465,1.8971648216247559,0.0,3.0136690905372312,142.1925621552854,39.014714349250283,14.4,63.300000000000004
21.892222,74,3,-2.570756673812866,2.0963339805603027,1.5024107694625854,0.0,3.6415167381466684,140.80433687231607,24.366902536360591,11.600000000000001,70.60000000000001
21.892222,74,4,-1.2294923067092896,2.6183652877807617,-2.212047815322876,0.0,3.6415166688877409,115.15309994705663,-37.4055175275667,11.600000000000001,70.60000000000001
21.892222,74,5,1.4800158739089966,4.633633613586426,3.5591843128204346,0.0,6.0273377559754922,72.286144392135782,36.192985017757572,11.4,70.2
21.892222,74,6,3.7000396251678467,3.946104049682617,-2.6583406925201416,0.0,6.02733818830852,46.84322837974036,-26.17071636625106,11.4,70.2
22.187639,75,0,-0.11562623083591461,0.0410568006336689,-0.02669498883187771,0.0,0.12556953676878449,160.45096212892045,-12.274251378865923,34.5,54.2
22.187639,75,1,-0.8055294156074524,2.1135640144348145,-0.7590202689170837,0.0,2.385821085318355,110.86303127135982,-18.550354315166285,14.0,56.300000000000004
22.187639,75,2,-1.8500198125839233,1.442435383796692,1.8918266296386719,0.0,3.013669049512866,142.05694029444911,38.884215478340131,14.0,63.7
22.187639,75,3,-2.570756673812866,2.0981991291046143,1.4998047351837158,0.0,3.6415166764698812,140.7793785397273,24.321897848675906,11.600000000000001,70.60000000000001
22.187639,75,4,-1.117720365524292,2.652193069458008,-2.2309675216674805,0.0,3.6415165763626542,112.85213917120878,-37.781211383634563,11.600000000000001,70.60000000000001
22.187639,75,5,1.2950139045715332,4.617945671081543,3.6505231857299805,0.0,6.02733795001131,74.334870930633,37.276417834787154,11.9,69.9
22.187639,75,6,3.515037775039673,4.133492946624756,-2.6244144439697266,0.0,6.0273381913967121,49.622841540893994,-25.811925505622348,11.9,69.9
22.469954,76,0,-0.11562623083591461,0.04105054587125778,-0.02670460380613804,0.0,0.12556953626613127,160.45371454433774,-12.278741289190794,34.5,54.2
22.469954,76,1,-0.8055294156074524,2.118713140487671,-0.7445266246795654,0.0,2.3858212225438771,110.81667788403284,-18.183602956723227,14.200000000000001,56.1
22.469954,76,2,-1.8500198125839233,1.437774658203125,1.8953711986541748,0.0,3.0136690686623062,142.14682137818045,38.970840273253913,14.100000000000001,63.6
22.469954,76,3,-2.570756673812866,2.0979886054992676,1.5000994205474854,0.0,3.6415167631476111,140.78219475605636,24.326985523925131,11.700000000000001,70.60000000000001
22.469954,76,4,-1.117720365524292,2.657691240310669,-2.2244150638580322,0.0,3.6415167060787121,112.80970653232744,-37.650881275114038,11.700000000000001,70.60000000000001
22.469954,76,5,1.4800158739089966,4.701465129852295,3.4690892696380615,0.0,6.02733786301694,72.526057342643142,35.138797040355151,12.200000000000001,69.4
22.469954,76,6,3.7000396251678467,3.900571584701538,-2.7247114181518555,0.0,6.027338071437538,46.511321887839848,-26.875853496921682,12.200000000000001,69.4
22.789163,77,0,-0.11562623083591461,0.04107099771499634,-0.02667314000427723,0.0,0.12556953654574513,160.44471503535158,-12.26404903878103,34.4,54.300000000000004
22.789163,77,1,-0.8787593245506287,2.1065080165863037,-0.6946573257446289,0.0,2.3858211950265091,112.64414084142861,-16.927457126054787,14.0,56.300000000000004
22.789163,77,2,-1.8500198125839233,1.435508370399475,1.8970881700515747,0.0,3.0136690450992862,142.19060561109779,39.012839492712345,14.100000000000001,63.7
22.789163,77,3,-2.570756673812866,2.099280834197998,1.4982903003692627,0.0,3.6415166786608366,140.76491191721169,24.29575151502349,11.700000000000001,70.60000000000001
22.789163,77,4,-1.117720365524292,2.662436008453369,-2.218733787536621,0.0,3.6415167079904309,112.77320808370334,-37.538065414391134,11.700000000000001,70.60000000000001
22.789163,77,5,1.4800158739089966,4.663814067840576,3.5195443630218506,0.0,6.0273378177839971,72.393672437934825,35.727446938648221,11.8,70.0
22.789163,77,6,3.7000396251678467,3.9997923374176025,-2.5768532752990723,0.0,6.0273381166727606,47.2293859268489,-25.310756145312549,11.8,70.0
23.081051,78,0,-0.11562623083591461,0.04108685627579689,-0.02664870396256447,0.0,0.12556953626908321,160.43773741870461,-12.252639065945065,34.2,54.400000000000006
23.081051,78,1,-0.8055294156074524,2.122192621231079,-0.7345499992370605,0.0,2.3858212134180734,110.7854662440149,-17.931600710400737,13.700000000000001,56.400000000000006
23.081051,78,2,-1.8500198125839233,1.4406193494796753,1.8932099342346191,0.0,3.0136690714365022,142.09193602195833,38.918008892677349,14.5,63.2
23.081051,78,3,-2.570756673812866,2.0938339233398438,1.5058929920196533,0.0,3.6415167276693947,140.83781901706908,24.427064151942972,11.700000000000001,70.5
23.081051,78,4,-1.2294923067092896,2.6256697177886963,-2.2033727169036865,0.0,3.6415167346540418,115.09174522816282,-37.233882871134739,11.700000000000001,70.5
23.081051,78,5,1.4800158739089966,4.589606761932373,3.6157801151275635,0.0,6.0273379743589848,72.126984735746959,36.862499146195191,12.3,69.3
23.081051,78,6,3.7000396251678467,4.069857120513916,-2.4647061824798584,0.0,6.0273382827882225,47.725004410137558,-24.137081969451351,12.3,69.3
23.371789,79,0,-0.11562623083591461,0.041089851409196854,-0.026644086465239525,0.0,0.12556953647169861,160.43641965614754,-12.250483038302125,34.7,54.0
23.371789,79,1,-0.8787593245506287,2.095787525177002,-0.7263603210449219,0.0,2.3858211620238223,112.74820222860085,-17.725003743013712,14.4,55.900000000000006
23.371789,79,2,-1.8500198125839233,1.4360750913619995,1.896659255027771,0.0,3.0136690768340721,142.17965180105384,39.002344972936974,14.700000000000001,63.0
23.371789,79,3,-2.570756673812866,2.098287582397461,1.4996811151504517,0.0,3.6415167309152481,140.7781953497655,24.319762992165042,11.8,70.5
23.371789,79,4,-1.2294923067092896,2.62841796875,-2.2000935077667236,0.0,3.6415166886370978,115.06873327560091,-37.169107145364812,11.8,70.5
23.371789,79,5,1.4800158739089966,4.593601703643799,3.610703229904175,0.0,6.0273378379830564,72.141540733851855,36.80220374676292,11.9,69.60000000000001
23.371789,79,6,3.7000396251678467,3.982781410217285,-2.6030681133270264,0.0,6.0273381016834069,47.107637710111838,-25.586732222503073,11.9,69.60000000000001
23.686414,80,0,-0.11562623083591461,0.04108382388949394,-0.026653379201889038,0.0,0.12556953637559889,160.43907159328626,-12.2548220418742,35.0,53.7
23.686414,80,1,-0.8787593245506287,2.0877792835235596,-0.7490676641464233,0.0,2.3858211694644265,112.82652917756609,-18.298427093128623,14.700000000000001,55.5
23.686414,80,2,-1.8500198125839233,1.4182407855987549,1.9100316762924194,0.0,3.0136690656621967,142.52592196656127,39.330258362974668,14.9,62.900000000000006
23.686414,80,3,-2.570756673812866,2.097583770751953,1.5006651878356934,0.0,3.6415166561828753,140.78761094638929,24.33675588377471,11.8,70.5
23.686414,80,4,-1.2294923067092896,2.628000259399414,-2.200592517852783,0.0,3.6415167341768964,115.07222834014468,-37.17896027694897,11.8,70.5
23.686414,80,5,1.4800158739089966,4.524134635925293,3.6973719596862793,0.0,6.0273377704651541,71.885118048739415,37.838196293456704,12.100000000000001,69.5
23.686414,80,6,3.7000396251678467,4.001740455627441,-2.5738272666931152,0.0,6.0273382766185017,47.2432931412163,-25.278939784712382,12.100000000000001,69.5
23.985573,81,0,-0.11562623083591461,0.04111919924616814,-0.026598773896694183,0.0,0.12556953681834518,160.42350868961657,-12.229326537507319,34.5,54.2
23.985573,81,1,-0.8787593245506287,2.09700345993042,-0.7228423357009888,0.0,2.38582113825125,112.73635391119743,-17.636330502392486,14.100000000000001,56.1
23.985573,81,2,-1.8500198125839233,1.4215083122253418,1.9076011180877686,0.0,3.0136690618593973,142.46223805915344,39.270543301785651,14.5,63.300000000000004
23.985573,81,3,-2.570756673812866,2.102954149246216,1.4931302070617676,0.0,3.6415166956950209,140.71582984278726,24.206704124105251,11.700000000000001,70.60000000000001
23.985573,81,4,-1.117720365524292,2.6587374210357666,-2.2231645584106445,0.0,3.6415167366492871,112.80164942293936,-37.626034326329147,11.700000000000001,70.60000000000001
23.985573,81,5,1.4800158739089966,4.5742363929748535,3.6352052688598633,0.0,6.0273379623665306,72.070766472581084,37.093646111634584,11.600000000000001,70.0
23.985573,81,6,3.7000396251678467,3.9926655292510986,-2.5878822803497314,0.0,6.027338214604379,47.178446862065819,-25.426786209929134,11.600000000000001,70.0
24.288161,82,0,-0.11562623083591461,0.04110581800341606,-0.02661944553256035,0.0,0.12556953616029295,160.42939523069398,-12.238977992081502,34.2,54.400000000000006
24.288161,82,1,-0.8055294156074524,2.1390275955200195,-0.6839776039123535,0.0,2.385821044516693,110.63570828783644,-16.659557835989155,14.0,56.2
24.288161,82,2,-1.8500198125839233,1.4295905828475952,1.901551604270935,0.0,3.0136690337900327,142.30518130990743,39.122136714911093,14.4,63.400000000000006
24.288161,82,3,-2.570756673812866,2.0977611541748047,1.5004174709320068,0.0,3.6415167613229791,140.78523767180138,24.332477498396244,11.700000000000001,70.60000000000001
24.288161,82,4,-1.117720365524292,2.664975643157959,-2.2156827449798584,0.0,3.6415167197933354,112.75371771028489,-37.477549667806663,11.700000000000001,70.60000000000001
24.288161,82,5,1.4800158739089966,4.585256099700928,3.62129545211792,0.0,6.02733782348369,72.111106499558616,36.928057897040169,11.9,69.7
24.288161,82,6,3.7000396251678467,4.035036563873291,-2.5213074684143066,0.0,6.02733810648518,47.479862303110657,-24.728058703889012,11.9,69.7
24.588114,83,0,-0.11562623083591461,0.04113471135497093,-0.02657477930188179,0.0,0.12556953703235793,160.41668529779346,-12.218124110966293,34.800000000000004,53.900000000000006
24.588114,83,1,-0.8055294156074524,2.1453990936279297,-0.6637226939201355,0.0,2.3858211845762933,110.57956672728476,-16.1524854005163,14.5,55.6
24.588114,83,2,-1.8500198125839233,1.452345371246338,1.8842295408248901,0.0,3.01366908383301,141.86655686421466,38.698905657743282,14.9,62.900000000000006
24.588114,83,3,-2.570756673812866,2.0980772972106934,1.499975323677063,0.0,3.6415167434277205,140.78100828176966,24.32484287568726,11.8,70.5
24.588114,83,4,-1.117720365524292,2.661456823348999,-2.2199082374572754,0.0,3.6415166923672571,112.78073126593755,-37.561373206610249,11.8,70.5
24.588114,83,5,1.2950139045715332,4.672788619995117,3.580054521560669,0.0,6.0273381253698108,74.509850061859254,36.439199103256712,11.600000000000001,70.0
24.588114,83,6,3.7000396251678467,3.994697332382202,-2.584744691848755,0.0,6.0273381460802424,47.192979203582425,-25.393766214407286,11.600000000000001,70.0
24.886843,84,0,-0.11562623083591461,0.04112718626856804,-0.026586422696709633,0.0,0.12556953682919206,160.41999532441818,-12.223560047257802,34.9,53.800000000000004
24.886843,84,1,-0.8055294156074524,2.1381568908691406,-0.6866948008537292,0.0,2.3858210911339555,110.64340313956009,-16.727682477164333,14.600000000000001,55.6
24.886843,84,2,-1.8500198125839233,1.448320746421814,1.8873248100280762,0.0,3.0136690644489166,141.94375565551863,38.774348078521172,14.9,62.900000000000006
24.886843,84,3,-2.570756673812866,2.095297336578369,1.5038561820983887,0.0,3.6415167473267704,140.81821630990692,24.391871047501489,11.8,70.5
24.886843,84,4,-1.117720365524292,2.6663386821746826,-2.2140421867370605,0.0,3.6415166604342488,112.74327011718979,-37.445031146596278,11.8,70.5
24.886843,84,5,1.4800158739089966,4.723237037658691,3.439387559890747,0.0,6.0273378773771,72.601733011575163,34.794258936994304,11.5,70.0
24.886843,84,6,3.7000396251678467,3.979597568511963,-2.607933282852173,0.0,6.0273382220451719,47.084788688839311,-25.638019480935561,11.5,70.0
25.187251,85,0,-0.11562623083591461,0.0410933792591095,-0.02663864754140377,0.0,0.12556953698683593,160.43486754305212,-12.247943460822521,35.300000000000004,53.400000000000006
25.187251,85,1,-0.8055294156074524,2.1393723487854004,-0.6828989386558533,0.0,2.3858211681879542,110.6326630471013,-16.632519610864229,14.8,55.300000000000004
25.187251,85,2,-1.8500198125839233,1.4437472820281982,1.890825629234314,0.0,3.0136690398061634,142.03168019452889,38.859771483963954,14.8,63.0
25.187251,85,3,-2.570756673812866,2.0953369140625,1.5038007497787476,0.0,3.6415166283324143,140.81768631351804,24.390914247707624,11.700000000000001,70.60000000000001
25.187251,85,4,-1.117720365524292,2.6659913063049316,-2.2144603729248047,0.0,3.6415166076863494,112.74593186477875,-37.4533197495469,11.700000000000001,70.60000000000001
25.187251,85,5,1.4800158739089966,4.706048488616943,3.46286940574646,0.0,6.0273380430743444,72.542041318818889,35.066525614622172,11.5,69.9
25.187251,85,6,3.7000396251678467,4.045687675476074,-2.504181146621704,0.0,6.02733815298319,47.5550918369486,-24.548949084853572,11.5,69.9
25.487524,86,0,-0.11562623083591461,0.04113039746880531,-0.026581455022096634,0.0,0.12556953692816528,160.41858281126758,-12.221240780724315,34.800000000000004,53.800000000000004
25.487524,86,1,-0.8055294156074524,2.138413667678833,-0.6858949661254883,0.0,2.3858211496423629,110.64113330414978,-16.707626247759769,14.600000000000001,55.6
25.487524,86,2,-1.8500198125839233,1.4556381702423096,1.881686806678772,0.0,3.0136690309402572,141.80351689485707,38.636990968595839,14.600000000000001,63.1
25.487524,86,3,-2.570756673812866,2.0946578979492188,1.5047465562820435,0.0,3.641516687320971,140.82678037131009,24.407254574840064,11.700000000000001,70.60000000000001
25.487524,86,4,-1.117720365524292,2.6657912731170654,-2.2147011756896973,0.0,3.6415166105533818,112.74746487524418,-37.458092564426316,11.700000000000001,70.60000000000001
25.487524,86,5,1.4800158739089966,4.690029621124268,3.4845335483551025,0.0,6.0273376281454363,72.486053325100144,35.318528039810772,11.4,70.10000000000001
25.487524,86,6,3.7000396251678467,4.004602432250977,-2.5693717002868652,0.0,6.027338119139964,47.263710967466132,-25.232109567270371,11.4,70.10000000000001
25.784564,87,0,-0.11562623083591461,0.04111887514591217,-0.026599273085594177,0.0,0.12556953643008856,160.42365125944343,-12.229559638284435,34.9,53.7
25.784564,87,1,-0.8055294156074524,2.1410329341888428,-0.6776746511459351,0.0,2.3858211579026483,110.61800696102843,-16.501623838842185,14.700000000000001,55.5
25.784564,87,2,-1.8500198125839233,1.4571796655654907,1.880493402481079,0.0,3.0136690796212973,141.77404273108687,38.607949313861909,14.8,62.900000000000006
25.784564,87,3,-2.570756673812866,2.095160961151123,1.5040463209152222,0.0,3.6415168082193037,140.82004262373846,24.395155506263627,11.700000000000001,70.60000000000001
25.784564,87,4,-1.117720365524292,2.660733699798584,-2.2207748889923096,0.0,3.641516681869029,112.78629012182273,-37.578577185483589,11.700000000000001,70.60000000000001
25.784564,87,5,1.4800158739089966,4.653933048248291,3.532599925994873,0.0,6.027337890125227,72.358607414947073,35.880470405214623,11.8,69.8
25.784564,87,6,3.7000396251678467,4.035745143890381,-2.5201735496520996,0.0,6.0273382860606945,47.484873753794389,-24.716191289398807,11.8,69.8
26.080697,88,0,-0.11562623083591461,0.041134461760520935,-0.026575161144137383,0.0,0.12556953608055116,160.4167950836239,-12.218302472767036,35.4,53.300000000000004
26.080697,88,1,-0.8055294156074524,2.1484477519989014,-0.6537868976593018,0.0,2.3858211772949351,110.55280714435624,-15.904224845452163,15.100000000000001,55.2
26.080697,88,2,-1.8500198125839233,1.4628734588623047,1.8760675191879272,0.0,3.0136690926756975,141.66538132262252,38.500349797364919,15.0,62.7
26.080697,88,3,-2.570756673812866,2.097141742706299,1.501283049583435,0.0,3.6415167389318892,140.79352569157933,24.347425315018128,11.700000000000001,70.60000000000001
26.080697,88,4,-1.117720365524292,2.659365653991699,-2.2224130630493164,0.0,3.6415167609048158,112.79681370661739,-37.61110639460351,11.700000000000001,70.60000000000001
26.080697,88,5,1.4800158739089966,4.6456074714660645,3.543541193008423,0.0,6.02733771681258,72.328957091474493,36.008941966477146,11.700000000000001,69.9
26.080697,88,6,3.7000396251678467,4.057765960693359,-2.4845619201660156,0.0,6.0273381981363015,47.640141018154885,-24.34408201094805,11.700000000000001,69.9
26.402784,89,0,-0.11562623083591461,0.041112955659627914,-0.0266084186732769,0.0,0.12556953581455629,160.42625525158851,-12.233829647061272,35.300000000000004,53.300000000000004
26.402784,89,1,-0.8055294156074524,2.1456916332244873,-0.6627761125564575,0.0,2.3858211164447978,110.57699607152905,-16.128820782466303,15.100000000000001,55.1
26.402784,89,2,-1.8500198125839233,1.4545438289642334,1.8825329542160034,0.0,3.0136690895053859,141.82445574180198,38.657587800510292,15.0,62.7
26.402784,89,3,-2.570756673812866,2.096623182296753,1.502007007598877,0.0,3.6415166751470034,140.80046578085057,24.359929138581883,11.600000000000001,70.60000000000001
26.402784,89,4,-1.117720365524292,2.6594197750091553,-2.222348213195801,0.0,3.6415167081742288,112.79639721013133,-37.609819002439693,11.600000000000001,70.60000000000001
26.402784,89,5,1.4800158739089966,4.703054428100586,3.4669346809387207,0.0,6.0273380544478181,72.531603061795622,35.113753776476052,11.700000000000001,69.9
26.402784,89,6,3.7000396251678467,4.022910118103027,-2.5406112670898438,0.0,6.0273381070429251,47.393949323452212,-24.930250184474374,11.700000000000001,69.9
26.684857,90,0,-0.11562623083591461,0.04111204296350479,-0.02660983055830002,0.0,0.12556953617934055,160.42665675566371,-12.234488806629944,34.800000000000004,53.900000000000006
26.684857,90,1,-0.8055294156074524,2.156644821166992,-0.6262175440788269,0.0,2.3858212289665395,110.48118653649021,-15.216948736063259,14.8,55.400000000000006
26.684857,90,2,-1.8500198125839233,1.4492756128311157,1.8865916728973389,0.0,3.0136690676226614,141.92542502022013,38.756471806318856,15.100000000000001,62.6
26.684857,90,3,-2.570756673812866,2.0981006622314453,1.4999425411224365,0.0,3.6415167020732246,140.78069572263684,24.324277117414983,11.700000000000001,70.60000000000001
26.684857,90,4,-1.117720365524292,2.6581027507781982,-2.2239232063293457,0.0,3.6415166451428695,112.80653666168816,-37.641108193676132,11.700000000000001,70.60000000000001
26.684857,90,5,1.4800158739089966,4.68796443939209,3.487311840057373,0.0,6.0273378403596842,72.47880992675249,35.350900731564643,11.5,70.0
26.684857,90,6,3.7000396251678467,4.015570640563965,-2.5521960258483887,0.0,6.027338164689934,47.341814409152413,-25.051750029350405,11.5,70.0
26.989259,91,0,-0.11562623083591461,0.04108674079179764,-0.026648880913853645,0.0,0.12556953603551035,160.43778822838871,-12.252721711755935,35.1,53.6
26.989259,91,1,-0.8055294156074524,2.1499533653259277,-0.6488186120986938,0.0,2.3858211801999833,110.53961617686643,-15.780200015293262,14.8,55.400000000000006
26.989259,91,2,-1.8500198125839233,1.448630928993225,1.8870867490768433,0.0,3.0136690717346917,141.93780005234956,38.768542790207924,15.100000000000001,62.6
26.989259,91,3,-2.570756673812866,2.09881854057312,1.498937964439392,0.0,3.6415167394156769,140.77109385904447,24.3069321732403,11.700000000000001,70.60000000000001
26.989259,91,4,-1.117720365524292,2.6572084426879883,-2.224991798400879,0.0,3.6415167205920196,112.81342659239765,-37.662343170311246,11.700000000000001,70.60000000000001
26.989259,91,5,1.4800158739089966,4.734330654144287,3.424100875854492,0.0,6.0273377653670934,72.640048866791645,34.617495805790838,11.600000000000001,69.9
26.989259,91,6,3.7000396251678467,4.079885482788086,-2.4480700492858887,0.0,6.0273381974705718,47.795180647878915,-23.963905389130232,11.600000000000001,69.9
27.293623,92,0,-0.11562623083591461,0.04110939800739288,-0.02661391906440258,0.0,0.12556953671100735,160.42782030938619,-12.236397647820517,35.300000000000004,53.400000000000006
27.293623,92,1,-0.8055294156074524,2.15057635307312,-0.6467505097389221,0.0,2.3858211399125713,110.53416279898487,-15.728596016358312,15.0,55.300000000000004
27.293623,92,2,-1.8500198125839233,1.439220666885376,1.8942734003067017,0.0,3.0136690511820561,142.1189119238785,38.944000332729061,14.8,63.0
27.293623,92,3,-2.570756673812866,2.0953407287597656,1.5037956237792969,0.0,3.6415167064906706,140.81763522995104,24.390825133706482,11.600000000000001,70.7
27.293623,92,4,-1.117720365524292,2.661860227584839,-2.2194244861602783,0.0,3.6415166807902422,112.77763129879195,-37.551772153817218,11.600000000000001,70.7
27.293623,92,5,1.4800158739089966,4.839791774749756,3.2733423709869385,0.0,6.0273378607521577,72.996286184641292,32.893732984898712,11.3,70.10000000000001
27.293623,92,6,3.7000396251678467,4.038766860961914,-2.5153281688690186,0.0,6.0273382833654141,47.50623419769051,-24.665496405163438,11.3,70.10000000000001
27.592128,93,0,-0.11562623083591461,0.04111211746931076,-0.026609713211655617,0.0,0.12556953570566859,160.42662397974584,-12.234434065402663,35.2,53.400000000000006
27.592128,93,1,-0.8055294156074524,2.1293976306915283,-0.7133936285972595,0.0,2.3858211119710426,110.72111945727823,-17.398384128488278,14.9,55.300000000000004
27.592128,93,2,-1.8500198125839233,1.4295319318771362,1.9015957117080688,0.0,3.0136690432089503,142.30631864178312,39.123217482799227,14.700000000000001,63.0
27.592128,93,3,-2.570756673812866,2.0955569744110107,1.503494143486023,0.0,3.6415166549739673,140.81473955163835,24.38561725836842,11.700000000000001,70.60000000000001
27.592128,93,4,-1.117720365524292,2.6667978763580322,-2.213489055633545,0.0,3.6415166522020672,112.73975247336716,-37.434070236265342,11.700000000000001,70.60000000000001
27.592128,93,5,1.4800158739089966,4.793463230133057,3.34081768989563,0.0,6.0273376844822479,72.841555252781518,33.660965487968859,11.5,70.10000000000001
27.592128,93,6,3.7000396251678467,4.084401607513428,-2.4405274391174316,0.0,6.0273380443074185,47.826721711047007,-23.885466521407775,11.5,70.10000000000001
27.592128,93,7,0.2697945535182953,4.240581512451172,-1.122551679611206,1.193648099899292,4.3949337808718738,86.359630678056931,-14.798442437837718,15.200000000000001,41.1
27.592128,93,8,0.2697945535182953,4.279451847076416,-0.963817834854126,1.3641692399978638,4.3949336776948957,86.392608503187176,-12.668040610697989,18.400000000000002,41.0
27.954901,94,0,-0.11562623083591461,0.041134271770715714,-0.02657545544207096,0.0,0.12556953612791921,160.4168786520429,-12.218439864782615,35.300000000000004,53.400000000000006
27.954901,94,1,-0.8787593245506287,2.1201837062835693,-0.6517254114151001,0.0,2.3858212235536826,112.51269639624073,-15.852753777652046,14.9,55.300000000000004
27.954901,94,2,-1.8500198125839233,1.4506806135177612,1.8855115175247192,0.0,3.013669064795883,141.89846982387613,38.730142367432073,14.700000000000001,63.0
27.954901,94,3,-2.570756673812866,2.0996084213256836,1.497831106185913,0.0,3.6415166375444774,140.76053197415257,24.287825004732241,11.600000000000001,70.60000000000001
27.954901,94,4,-1.117720365524292,2.657247304916382,-2.224945306777954,0.0,3.6415166720950731,112.81312710801907,-37.661419715198569,11.600000000000001,70.60000000000001
27.954901,94,5,1.4800158739089966,4.698756217956543,3.4727578163146973,0.0,6.0273380387682511,72.51659696158984,35.1814517544923,11.700000000000001,69.8
27.954901,94,6,3.7000396251678467,4.0173020362854,-2.5494697093963623,0.0,6.0273381087910289,47.354122417954954,-25.0231460576345,11.700000000000001,69.8
28.488972,95,0,-0.11562623083591461,0.041155874729156494,-0.026541991159319878,0.0,0.12556953681822533,160.40737698697561,-12.202817031886992,35.2,53.5
28.488972,95,1,-0.8787593245506287,2.108491897583008,-0.6886118054389954,0.0,2.3858210853389283,112.62498258162817,-16.77575988901836,14.700000000000001,55.5
28.488972,95,2,-1.8500198125839233,1.4534919261932373,1.8833452463150024,0.0,3.0136690931950874,141.84459392944996,38.677366899409883,14.700000000000001,63.0
28.488972,95,3,-2.570756673812866,2.099261999130249,1.498316764831543,0.0,3.64151670938374,140.76516376462482,24.29620815251387,11.600000000000001,70.60000000000001
28.488972,95,4,-1.2294923067092896,2.6248888969421387,-2.2043027877807617,0.0,3.6415166941489483,115.0982904911767,-37.252265759281435,11.600000000000001,70.60000000000001
28.488972,95,5,1.2950139045715332,5.013129711151123,3.085494041442871,0.0,6.0273380520457964,75.515744335048169,30.791574041279919,11.5,70.10000000000001
28.488972,95,6,3.7000396251678467,4.019434452056885,-2.5461061000823975,0.0,6.0273379542772316,47.369273280332912,-24.987865295768373,11.5,70.10000000000001
28.787376,96,0,-0.11562623083591461,0.04111002758145332,-0.02661294676363468,0.0,0.1255695367535937,160.42754334930032,-12.235943682192373,35.1,53.5
28.787376,96,1,-0.8787593245506287,2.118818521499634,-0.6561499834060669,0.0,2.3858211748281457,112.52575289337265,-15.963242101736624,14.700000000000001,55.5
28.787376,96,2,-1.8500198125839233,1.4510102272033691,1.8852578401565552,0.0,3.0136690445822989,141.89214900313451,38.723960533733234,14.700000000000001,63.0
28.787376,96,3,-2.570756673812866,2.0999157428741455,1.4974004030227661,0.0,3.6415167128679786,140.75642348542121,24.280389941453528,11.600000000000001,70.60000000000001
28.787376,96,4,-1.2294923067092896,2.6207754611968994,-2.2091920375823975,0.0,3.6415168280795593,115.13282432446785,-37.348971722527182,11.600000000000001,70.60000000000001
28.787376,96,5,1.4800158739089966,4.823114395141602,3.2978663444519043,0.0,6.027337876833629,72.940898978550152,33.171805590942157,11.4,70.2
28.787376,96,6,3.7000396251678467,4.058198928833008,-2.4838547706604004,0.0,6.0273382429996429,47.643184630931053,-24.336703861375014,11.4,70.2
28.787376,96,7,0.5395891070365906,3.7801268100738525,-2.1759891510009766,-0.17052115499973297,4.3949338891439105,81.8762702262686,-29.677205686932144,26.6,44.800000000000004
29.084578,97,0,-0.11562623083591461,0.04113980010151863,-0.026566898450255394,0.0,0.12556953652450623,160.41444701036312,-12.214444915358179,34.9,53.7
29.084578,97,1,-0.8787593245506287,2.1005496978759766,-0.7124719619750977,0.0,2.3858213010056262,112.70186530081811,-17.375189037741826,14.700000000000001,55.5
29.084578,97,2,-1.8500198125839233,1.4472236633300781,1.8881661891937256,0.0,3.0136690589163804,141.964827775528,38.794869196142187,14.9,62.800000000000004
29.084578,97,3,-2.570756673812866,2.0997557640075684,1.4976246356964111,0.0,3.641516674942078,140.75856213439448,24.284260720463571,11.600000000000001,70.60000000000001
29.084578,97,4,-1.2294923067092896,2.6176507472991943,-2.212893486022949,0.0,3.6415167646979412,115.15911690945664,-37.422268692712741,11.600000000000001,70.60000000000001
29.084578,97,5,1.2950139045715332,4.922945976257324,3.2274370193481445,0.0,6.0273383688026527,75.261860008073015,32.375545256420956,11.9,69.8
29.084578,97,6,3.7000396251678467,3.985640048980713,-2.598689079284668,0.0,6.0273381155070931,47.1281361943932,-25.540587903524937,11.9,69.8
29.385542,98,0,-0.11562623083591461,0.041146405041217804,-0.02655666694045067,0.0,0.12556953636978274,160.41154191749203,-12.20966833543617,35.0,53.6
29.385542,98,1,-0.8787593245506287,2.1010169982910156,-0.7110921740531921,0.0,2.3858211285828119,112.69732800193623,-17.34047356482564,14.4,55.800000000000004
29.385542,98,2,-1.8500198125839233,1.4354724884033203,1.8971153497695923,0.0,3.0136690631599348,142.19129926213267,39.013504258397425,14.200000000000001,63.5
29.385542,98,3,-2.570756673812866,2.097879409790039,1.5002520084381104,0.0,3.6415167146117806,140.78365557786768,24.329620663607809,11.600000000000001,70.60000000000001
29.385542,98,4,-1.117720365524292,2.662221670150757,-2.2189908027648926,0.0,3.6415166097771987,112.77485446523305,-37.54316658734718,11.600000000000001,70.60000000000001
29.385542,98,5,1.2950139045715332,4.819209098815918,3.3803796768188477,0.0,6.027338061747793,74.958846313204788,34.113994208842406,11.4,70.0
29.385542,98,6,3.515037775039673,4.104784965515137,-2.6690924167633057,0.0,6.0273380942417969,49.425666820090612,-26.284652832447403,11.4,70.0
29.666561,99,0,-0.11562623083591461,0.041106387972831726,-0.026618564501404762,0.0,0.12556953597751574,160.4291444867398,-12.23856665794084,34.300000000000004,54.300000000000004
29.666561,99,1,-0.8787593245506287,2.099727153778076,-0.7148920297622681,0.0,2.3858211762442032,112.70985604788943,-17.436097077218605,14.100000000000001,56.2
29.666561,99,2,-1.8500198125839233,1.4394993782043457,1.8940616846084595,0.0,3.0136690979444953,142.1135349387875,38.938824519619516,13.700000000000001,63.900000000000006
29.666561,99,3,-2.570756673812866,2.098313331604004,1.4996448755264282,0.0,3.6415166436847657,140.77785092460346,24.319137892446648,11.600000000000001,70.60000000000001
29.666561,99,4,-1.117720365524292,2.6647746562957764,-2.2159245014190674,0.0,3.6415167417345993,112.75525902863292,-37.482342708749343,11.600000000000001,70.60000000000001
29.666561,99,5,1.4800158739089966,4.720600605010986,3.443005084991455,0.0,6.02733780987342,72.592603011835038,34.83614517125438,11.600000000000001,70.10000000000001
29.666561,99,6,3.515037775039673,4.183559894561768,-2.5438435077667236,0.0,6.0273380312828344,49.96293652632643,-24.96413795050605,11.600000000000001,70.10000000000001
29.972471,100,0,-0.11562623083591461,0.041145097464323044,-0.02655869536101818,0.0,0.12556953691858636,160.41211702907844,-12.210615245483909,34.300000000000004,54.400000000000006
29.972471,100,1,-0.8787593245506287,2.0988762378692627,-0.7173867225646973,0.0,2.3858212678423807,112.71812802602308,-17.498902905445256,13.9,56.300000000000004
29.972471,100,2,-1.8500198125839233,1.4454209804534912,1.889546513557434,0.0,3.01366905027497,141.99947898456318,38.828547908276207,14.100000000000001,63.7
29.972471,100,3,-2.570756673812866,2.0954971313476562,1.503577709197998,0.0,3.6415167212353627,140.81554086762654,24.387060409243361,11.600000000000001,70.60000000000001
29.972471,100,4,-1.117720365524292,2.661440134048462,-2.21992826461792,0.0,3.6415167036114471,112.78085953237782,-37.561770583768208,11.600000000000001,70.60000000000001
29.972471,100,5,1.2950139045715332,4.780153274536133,3.4353864192962646,0.0,6.027338234326769,74.841587386237933,34.747953841054212,11.8,69.8
29.972471,100,6,3.515037775039673,4.07410192489624,-2.7156965732574463,0.0,6.0273381299211461,49.21316017794242,-26.779822081715277,11.8,69.8
30.291403,101,0,-0.11562623083591461,0.041113127022981644,-0.02660815417766571,0.0,0.1255695358742337,160.426179867373,-12.233706150860101,34.1,54.6
30.291403,101,1,-0.8787593245506287,2.107189416885376,-0.6925872564315796,0.0,2.3858210949041907,112.63755712104842,-16.875500658303185,13.8,56.5
30.291403,101,2,-1.8500198125839233,1.4384441375732422,1.8948631286621094,0.0,3.0136690462350111,142.13389710973951,38.958417487469745,14.200000000000001,63.6
30.291403,101,3,-2.570756673812866,2.0971498489379883,1.5012714862823486,0.0,3.6415166401347707,140.79341721371344,24.347226320434103,11.5,70.7
30.291403,101,4,-1.117720365524292,2.6603543758392334,-2.221229314804077,0.0,3.6415167018015588,112.78920711982026,-37.587599314503194,11.5,70.7
30.291403,101,5,1.4800158739089966,4.734926223754883,3.4232773780822754,0.0,6.027337831805526,72.642101258064486,34.607983752528476,11.9,69.8
30.291403,101,6,3.7000396251678467,4.007423400878906,-2.564969539642334,0.0,6.0273380758853312,47.283820834482086,-25.185857874383533,11.9,69.8
30.567156,102,0,-0.11562623083591461,0.04110252484679222,-0.026624532416462898,0.0,0.12556953664204015,160.43084398881703,-12.241353015993347,34.9,53.800000000000004
30.567156,102,1,-0.8787593245506287,2.105684995651245,-0.6971482038497925,0.0,2.385821214912478,112.65209774572908,-16.989995182945247,14.3,55.800000000000004
30.567156,102,2,-1.8500198125839233,1.4422236680984497,1.8919880390167236,0.0,3.0136690520955929,142.06101842775368,38.888157796819648,14.3,63.5
30.567156,102,3,-2.570756673812866,2.0961050987243652,1.502730131149292,0.0,3.6415167592523368,140.80740085799798,24.372418729980655,11.700000000000001,70.60000000000001
30.567156,102,4,-1.117720365524292,2.6598448753356934,-2.221839427947998,0.0,3.6415167197119382,112.79312628713038,-37.5997142729166,11.700000000000001,70.60000000000001
30.567156,102,5,1.4800158739089966,4.768228530883789,3.376736879348755,0.0,6.0273379084062277,72.756120414730049,34.072179948254245,11.9,69.7
30.567156,102,6,3.515037775039673,4.102016448974609,-2.6733450889587402,0.0,6.0273380087957511,49.40656761616718,-26.329749674360624,11.9,69.7
30.883464,103,0,-0.11562623083591461,0.04112512990832329,-0.02658959850668907,0.0,0.1255695357801549,160.42089987021262,-12.225042851073781,34.2,54.5
30.883464,103,1,-0.8055294156074524,2.102886438369751,-0.7881200909614563,0.0,2.3858210934320692,110.95978398711169,-19.289106830791766,14.0,56.300000000000004
30.883464,103,2,-1.8500198125839233,1.441995620727539,1.8921618461608887,0.0,3.013669047725287,142.06541165313291,38.892403276949231,14.200000000000001,63.5
30.883464,103,3,-2.570756673812866,2.0979199409484863,1.5001952648162842,0.0,3.6415166877497476,140.78311334433678,24.328641034114433,11.600000000000001,70.60000000000001
30.883464,103,4,-1.117720365524292,2.662419319152832,-2.2187538146972656,0.0,3.6415167082878606,112.77333626994749,-37.538462799720243,11.600000000000001,70.60000000000001
30.883464,103,5,1.4800158739089966,4.672647953033447,3.507807493209839,0.0,6.027337661806361,72.424907378116231,35.590130940870864,11.600000000000001,69.8
30.883464,103,6,3.7000396251678467,4.049140453338623,-2.498593807220459,0.0,6.0273379407625685,47.579432783411839,-24.490572230191464,11.600000000000001,69.8
31.183392,104,0,-0.11562623083591461,0.04112665355205536,-0.026587245985865593,0.0,0.12556953666723439,160.42022965324142,-12.223944433992763,34.2,54.5
31.183392,104,1,-0.8055294156074524,2.1144959926605225,-0.7564202547073364,0.0,2.3858211467161161,110.85462681755956,-18.48450497913673,14.0,56.300000000000004
31.183392,104,2,-1.8500198125839233,1.4392070770263672,1.8942837715148926,0.0,3.01366908013148,142.11917412372441,38.944253407335879,14.100000000000001,63.6
31.183392,104,3,-2.570756673812866,2.0963125228881836,1.5024405717849731,0.0,3.6415166814552382,140.80462410962255,24.367417706609459,11.700000000000001,70.60000000000001
31.183392,104,4,-1.117720365524292,2.6620614528656006,-2.2191832065582275,0.0,3.6415167305136364,112.77608527805492,-37.546983248285166,11.700000000000001,70.60000000000001
31.183392,104,5,1.2950139045715332,4.902112007141113,3.2589941024780273,0.0,6.0273381938943205,75.201966092284721,32.731443058398504,11.600000000000001,70.0
31.183392,104,6,3.515037775039673,4.147782325744629,-2.601771116256714,0.0,6.0273378636926509,49.720394140704862,-25.57306429050896,11.600000000000001,70.0
31.501399,105,0,-0.11562623083591461,0.04111497476696968,-0.026605302467942238,0.0,0.12556953661943432,160.42536703335588,-12.232374646690433,34.2,54.400000000000006
31.501399,105,1,-0.8787593245506287,2.1039552688598633,-0.7023509740829468,0.0,2.3858211614962093,112.6688378917745,-17.120688368835953,13.700000000000001,56.5
31.501399,105,2,-1.8500198125839233,1.4290869235992432,1.9019302129745483,0.0,3.0136690722739972,142.31494916853532,39.131414987670674,13.5,64.2
31.501399,105,3,-2.570756673812866,2.098567485809326,1.4992892742156982,0.0,3.6415166752642647,140.77445150200717,24.312997954359769,11.700000000000001,70.60000000000001
31.501399,105,4,-1.2294923067092896,2.6290950775146484,-2.199284553527832,0.0,3.6415168276770604,115.06306969582543,-37.153134246612922,11.700000000000001,70.60000000000001
31.501399,105,5,1.4800158739089966,4.673415184020996,3.5067856311798096,0.0,6.027337881047468,72.427615096328935,35.578185195013518,11.8,69.8
31.501399,105,6,3.7000396251678467,3.9865734577178955,-2.597256660461426,0.0,6.0273379963217817,47.134825982884728,-25.52549812620676,11.8,69.8
31.783124,106,0,-0.11562623083591461,0.04111293703317642,-0.02660844847559929,0.0,0.12556953603120768,160.42626344552923,-12.233843540030161,33.800000000000004,54.800000000000004
31.783124,106,1,-0.8787593245506287,2.102640151977539,-0.7062786817550659,0.0,2.385821270651781,112.68158117095636,-17.219411798601573,13.700000000000001,56.6
31.783124,106,2,-1.8500198125839233,1.4494295120239258,1.8864734172821045,0.0,3.0136690547223317,141.92247146641796,38.753588973138783,14.0,63.7
31.783124,106,3,-2.570756673812866,2.0964980125427246,1.5021817684173584,0.0,3.6415166974647373,140.80214118027911,24.3629474323308,11.700000000000001,70.60000000000001
31.783124,106,4,-1.2294923067092896,2.6285486221313477,-2.199937582015991,0.0,3.6415167933063692,115.06764025760067,-37.166027181121358,11.700000000000001,70.60000000000001
31.783124,106,5,1.4800158739089966,4.69947624206543,3.47178316116333,0.0,6.02733790780783,72.519112482732709,35.1701176827385,12.100000000000001,69.5
31.783124,106,6,3.7000396251678467,4.0210185050964355,-2.5436043739318848,0.0,6.0273382398224182,47.380522381359533,-24.961629583254933,12.100000000000001,69.5
32.087988,107,0,-0.11562623083591461,0.04112889617681503,-0.026583777740597725,0.0,0.12556953689890291,160.4192431826616,-12.222325187972153,34.1,54.6
32.087988,107,1,-0.8787593245506287,2.10579514503479,-0.6968153715133667,0.0,2.3858212014553986,112.65103252275978,-16.981637691285879,13.700000000000001,56.5
32.087988,107,2,-1.8500198125839233,1.4395785331726074,1.8940014839172363,0.0,3.0136690729416764,142.11200799978474,38.937353450824261,14.100000000000001,63.7
32.087988,107,3,-2.570756673812866,2.094947576522827,1.5043431520462036,0.0,3.6415166542857613,140.82290042057269,24.400284916192827,11.600000000000001,70.60000000000001
32.087988,107,4,-1.117720365524292,2.668527841567993,-2.2114031314849854,0.0,3.6415166437451427,112.72650937308853,-37.392749477469437,11.600000000000001,70.60000000000001
32.087988,107,5,1.2950139045715332,4.888432502746582,3.279477119445801,0.0,6.0273380130793512,75.16238047684169,32.963210615913056,11.8,69.8
32.087988,107,6,3.7000396251678467,4.0895280838012695,-2.43192720413208,0.0,6.0273379780968961,47.862479134150028,-23.796086470608273,11.8,69.8
32.394075,108,0,-0.11562623083591461,0.04111073166131973,-0.02661185897886753,0.0,0.1255695367251165,160.42723361400058,-12.23543580573204,34.5,54.2
32.394075,108,1,-0.8055294156074524,2.1031625270843506,-0.787382960319519,0.0,2.3858210706048859,110.95727147254138,-19.270352973766634,13.9,56.400000000000006
32.394075,108,2,-1.8500198125839233,1.4358378648757935,1.8968387842178345,0.0,3.0136690353250679,142.184236614175,39.006737865909,14.0,63.800000000000004
32.394075,108,3,-2.570756673812866,2.097191333770752,1.501213550567627,0.0,3.64151664705853,140.79286206752755,24.346225727103441,11.600000000000001,70.60000000000001
32.394075,108,4,-1.117720365524292,2.6614537239074707,-2.219912052154541,0.0,3.6415167525784753,112.78075508674451,-37.561448194694421,11.600000000000001,70.60000000000001
32.394075,108,5,1.4800158739089966,4.810136795043945,3.3167665004730225,0.0,6.0273379690140416,72.897556304657058,33.386713378932733,11.8,69.7
32.394075,108,6,3.7000396251678467,4.067407131195068,-2.468747138977051,0.0,6.027338254562796,47.707831135810565,-24.17918253934786,11.8,69.7
32.681561,109,0,-0.11562623083591461,0.04111453890800476,-0.02660597860813141,0.0,0.12556953716819377,160.42555876967327,-12.232690273868878,35.1,53.5
32.681561,109,1,-0.8787593245506287,2.1011579036712646,-0.7106755971908569,0.0,2.3858210936881838,112.69596020448641,-17.329993649993884,14.600000000000001,55.7
32.681561,109,2,-1.8500198125839233,1.4337886571884155,1.8983882665634155,0.0,3.0136690646222029,142.22386481990213,39.044657466631371,14.100000000000001,63.7
32.681561,109,3,-2.570756673812866,2.0955638885498047,1.5034847259521484,0.0,3.6415167455496862,140.81464697049043,24.385453922564267,11.600000000000001,70.60000000000001
32.681561,109,4,-1.117720365524292,2.6655631065368652,-2.2149760723114014,0.0,3.6415167844389051,112.74921373275495,-37.463539449543511,11.600000000000001,70.60000000000001
32.681561,109,5,1.4800158739089966,4.718056678771973,3.4464902877807617,0.0,6.02733781323849,72.5837845562272,34.876518998459304,11.5,70.0
32.681561,109,6,3.7000396251678467,3.98826003074646,-2.5946664810180664,0.0,6.0273381727243951,47.1469094717213,-25.498214989179239,11.5,70.0
32.984267,110,0,-0.11562623083591461,0.04113548621535301,-0.026573574170470238,0.0,0.125569535826518,160.41634447109442,-12.217561600456566,34.7,53.900000000000006
32.984267,110,1,-0.8787593245506287,2.1039273738861084,-0.7024343013763428,0.0,2.3858210940516988,112.66910804895103,-17.122782782048333,14.4,55.900000000000006
32.984267,110,2,-1.8500198125839233,1.4493610858917236,1.8865259885787964,0.0,3.0136690544639264,141.92378463594349,38.754870632321982,14.0,63.7
32.984267,110,3,-2.570756673812866,2.097738265991211,1.5004494190216064,0.0,3.6415167399861668,140.78554389176585,24.333029329663013,11.700000000000001,70.60000000000001
32.984267,110,4,-1.2294923067092896,2.6286768913269043,-2.199784278869629,0.0,3.6415167725571966,115.06656727190816,-37.163000617934067,11.700000000000001,70.60000000000001
32.984267,110,5,1.2950139045715332,4.918027877807617,3.234926223754883,0.0,6.02733829256858,75.247764146148512,32.459880525698615,11.600000000000001,69.9
32.984267,110,6,3.7000396251678467,4.053264141082764,-2.491899251937866,0.0,6.0273381609967851,47.608473796227024,-24.420660719149051,11.600000000000001,69.9
33.284278,111,0,-0.11562623083591461,0.041106123477220535,-0.026618976145982742,0.0,0.12556953665481574,160.42926084494829,-12.238758787110481,35.0,53.6
33.284278,111,1,-0.8787593245506287,2.120027542114258,-0.6522330641746521,0.0,2.3858211793448296,112.51418920862734,-15.865427825570373,14.8,55.5
33.284278,111,2,-1.8500198125839233,1.4434340000152588,1.8910648822784424,0.0,3.0136690940346926,142.03771074116568,38.865612379495765,14.5,63.2
33.284278,111,3,-2.570756673812866,2.0982398986816406,1.499747633934021,0.0,3.6415166502246872,140.77883318306465,24.320912099476942,11.700000000000001,70.60000000000001
33.284278,111,4,-1.117720365524292,2.65944242477417,-2.222321033477783,0.0,3.6415166623309903,112.79622290971082,-37.609279728066852,11.700000000000001,70.60000000000001
33.284278,111,5,1.2950139045715332,4.988240718841553,3.1255722045898438,0.0,6.02733839171546,75.446536197781725,31.236104500178975,11.600000000000001,69.8
33.284278,111,6,3.7000396251678467,4.035196781158447,-2.5210509300231934,0.0,6.0273380593969108,47.480995527700742,-24.7253740984839,11.600000000000001,69.8
33.588956,112,0,-0.11562623083591461,0.04111640155315399,-0.02660309709608555,0.0,0.12556953654889458,160.42473938689321,-12.231344995533291,34.6,54.1
33.588956,112,1,-0.8055294156074524,2.1299805641174316,-0.7116512656211853,0.0,2.3858211095526696,110.71593002277122,-17.354540187778721,14.5,55.900000000000006
33.588956,112,2,-1.8500198125839233,1.4329320192337036,1.8990349769592285,0.0,3.0136690797784635,142.24044335068072,39.060490018200611,14.600000000000001,63.1
33.588956,112,3,-2.570756673812866,2.0984697341918945,1.4994261264801025,0.0,3.6415166908918484,140.77575893326963,24.315360661286249,11.600000000000001,70.7
33.588956,112,4,-1.117720365524292,2.6553220748901367,-2.2272427082061768,0.0,3.6415167469289775,112.82797248153084,-37.707094570296093,11.600000000000001,70.7
33.588956,112,5,1.2950139045715332,4.957675933837891,3.1738295555114746,0.0,6.0273381957068883,75.360655278712485,31.77415259472907,11.4,70.10000000000001
33.588956,112,6,3.7000396251678467,4.009451866149902,-2.561798095703125,0.0,6.0273382996089833,47.298271731749089,-25.152546557891437,11.4,70.10000000000001
33.883246,113,0,-0.11562623083591461,0.04107840359210968,-0.02666173130273819,0.0,0.12556953617440764,160.44145644437577,-12.258721912124519,35.2,53.5
33.883246,113,1,-0.8055294156074524,2.110787868499756,-0.7667069435119629,0.0,2.3858211589396392,110.88810457469067,-18.7451780724313,14.3,55.900000000000006
33.883246,113,2,-1.8500198125839233,1.46161949634552,1.8770445585250854,0.0,3.0136690484754656,141.68928425228785,38.5240897955026,13.700000000000001,64.0
33.883246,113,3,-2.570756673812866,2.0922701358795166,1.5080649852752686,0.0,3.641516744058714,140.85877833813586,24.464603581022171,11.700000000000001,70.60000000000001
33.883246,113,4,-1.2294923067092896,2.6299033164978027,-2.1983180046081543,0.0,3.641516831729307,115.05631242924322,-37.134055977560593,11.700000000000001,70.60000000000001
33.883246,113,5,1.2950139045715332,5.00569486618042,3.097541570663452,0.0,6.0273382092202876,75.495138027756653,30.924982388596689,11.5,70.0
33.883246,113,6,3.7000396251678467,4.022528171539307,-2.5412161350250244,0.0,6.0273381822784007,47.391238762761581,-24.936590694327876,11.5,70.0
34.193155,114,0,-0.11562623083591461,0.041116610169410706,-0.026602772995829582,0.0,0.12556953619493519,160.42464761654082,-12.231193712879532,34.7,54.0
34.193155,114,1,-0.8055294156074524,2.118961811065674,-0.7438181042671204,0.0,2.3858210679762086,110.81444428728823,-18.165695512553935,14.0,56.300000000000004
34.193155,114,2,-1.8500198125839233,1.4577172994613647,1.8800766468048096,0.0,3.0136690644400232,141.76376851545197,38.59781076511576,13.4,64.2
34.193155,114,3,-2.570756673812866,2.0950558185577393,1.504192590713501,0.0,3.6415167319104031,140.82145073817145,24.397683108318468,11.600000000000001,70.60000000000001
34.193155,114,4,-1.2294923067092896,2.628110647201538,-2.20046067237854,0.0,3.6415167275293454,115.07130461289889,-37.176356752044541,11.600000000000001,70.60000000000001
34.490782,115,0,-0.11562623083591461,0.041121955960989,-0.026594510301947594,0.0,0.12556953650299951,160.42229603692215,-12.227335980847503,34.2,54.400000000000006
34.490782,115,1,-0.8055294156074524,2.1214921474456787,-0.7365707755088806,0.0,2.3858212586898278,110.79174244095539,-17.982614566464562,13.8,56.5
34.490782,115,2,-1.8500198125839233,1.4545745849609375,1.8825091123580933,0.0,3.013669040933094,141.82386709999716,38.657008077106028,13.4,64.3
34.490782,115,3,-2.570756673812866,2.092858076095581,1.507248878479004,0.0,3.6415167148192666,140.85089675679004,24.450497334271518,11.600000000000001,70.7
34.490782,115,4,-1.2294923067092896,2.6278610229492188,-2.200758934020996,0.0,3.6415168232298853,115.07339356423297,-37.182245627474266,11.600000000000001,70.7
34.490782,115,5,1.4800158739089966,4.813870906829834,3.3113441467285156,0.0,6.0273377334208256,72.910049395258071,33.325004619269862,11.5,69.9
34.490782,115,6,3.7000396251678467,3.970949411392212,-2.6210825443267822,0.0,6.0273382317423447,47.022625630916266,-25.776747256319403,11.5,69.9
34.798483,116,0,-0.11562623083591461,0.04108445346355438,-0.02665240876376629,0.0,0.12556953637976873,160.43879459453618,-12.254368918079603,34.1,54.5
34.798483,116,1,-0.8055294156074524,2.1201603412628174,-0.7403950095176697,0.0,2.3858210918237814,110.80368532883125,-18.079198520809008,13.5,56.800000000000004
34.798483,116,2,-1.8500198125839233,1.4357795715332031,1.8968828916549683,0.0,3.0136690245676343,142.185363321254,39.00781717949971,13.4,64.3
34.798483,116,3,-2.570756673812866,2.0961599349975586,1.5026533603668213,0.0,3.6415166442656912,140.80666675375409,24.371093463570045,11.700000000000001,70.60000000000001
34.798483,116,4,-1.117720365524292,2.6597626209259033,-2.221937894821167,0.0,3.6415167202176493,112.79375912213182,-37.601669733970482,11.700000000000001,70.60000000000001
34.798483,116,5,1.4800158739089966,4.681097030639648,3.4965250492095947,0.0,6.027338037395622,72.45468145392023,35.458349617596518,11.4,70.10000000000001
34.798483,116,6,3.7000396251678467,4.033886909484863,-2.523146629333496,0.0,6.0273381968695388,47.471729308009685,-24.747307808186598,11.4,70.10000000000001
35.07961,117,0,-0.11562623083591461,0.04110395163297653,-0.02662232704460621,0.0,0.12556953609230329,160.4302162996905,-12.240323377284202,34.1,54.5
35.07961,117,1,-0.8055294156074524,2.1171929836273193,-0.7488385438919067,0.0,2.385821228455264,110.83034212860403,-18.292631321899652,14.0,56.300000000000004
35.07961,117,2,-1.8500198125839233,1.432997465133667,1.8989856243133545,0.0,3.0136690998484474,142.23917651265995,39.059281330328147,14.100000000000001,63.6
35.07961,117,3,-2.570756673812866,2.0971319675445557,1.5012966394424438,0.0,3.6415167121478196,140.7936565035692,24.347660202741658,11.700000000000001,70.60000000000001
35.07961,117,4,-1.117720365524292,2.657071113586426,-2.225155830383301,0.0,3.6415167427394812,112.81448495264948,-37.665603210151737,11.700000000000001,70.60000000000001
35.07961,117,5,1.4800158739089966,4.6007399559021,3.6016032695770264,0.0,6.0273378236402673,72.167492691768061,36.694245432650945,11.9,69.7
35.07961,117,6,3.7000396251678467,4.018144130706787,-2.548142194747925,0.0,6.0273380631585942,47.360106557629145,-25.009220531901338,11.9,69.7
35.389122,118,0,-0.11562623083591461,0.04112030193209648,-0.026597069576382637,0.0,0.12556953690429032,160.4230236263482,-12.228530813852631,35.2,53.5
35.389122,118,1,-0.8055294156074524,2.121980667114258,-0.735161542892456,0.0,2.38582105053241,110.78736495618726,-17.947038756823439,14.9,55.300000000000004
35.389122,118,2,-1.8500198125839233,1.456423282623291,1.8810791969299316,0.0,3.0136690313043357,141.78850216931565,38.622203603316692,14.8,62.900000000000006
35.389122,118,3,-2.570756673812866,2.0967659950256348,1.5018078088760376,0.0,3.6415167456226638,140.79855432747834,24.356488182398888,11.700000000000001,70.60000000000001
35.389122,118,4,-1.117720365524292,2.663755416870117,-2.217149496078491,0.0,3.6415166653983277,112.76307836736684,-37.506636332198241,11.700000000000001,70.60000000000001
35.389122,118,5,1.4800158739089966,4.599205017089844,3.603563070297241,0.0,6.0273377686883522,72.1619184013366,36.717483316254551,11.600000000000001,70.0
35.389122,118,6,3.7000396251678467,3.953653573989868,-2.647099256515503,0.0,6.0273380761974851,46.897867296804236,-26.051710322629333,11.600000000000001,70.0
35.690053,119,0,-0.11562623083591461,0.041137441992759705,-0.026570545509457588,0.0,0.12556953563543205,160.415484217813,-12.216147658906186,35.2,53.5
35.690053,119,1,-0.8055294156074524,2.1141700744628906,-0.7573302388191223,0.0,2.3858209978523406,110.85756516813517,-18.507549859348469,15.0,55.2
35.690053,119,2,-1.8500198125839233,1.4496673345565796,1.8862906694412231,0.0,3.0136690557283243,141.9179077683776,38.749133859075634,15.0,62.7
35.690053,119,3,-2.570756673812866,2.098125696182251,1.4999074935913086,0.0,3.6415166898237619,140.78036084094012,24.323672045851922,11.700000000000001,70.60000000000001
35.690053,119,4,-1.117720365524292,2.664890766143799,-2.215784788131714,0.0,3.6415166947718562,112.75436858691724,-37.479573142060723,11.700000000000001,70.60000000000001
35.690053,119,5,1.4800158739089966,4.612231254577637,3.5868756771087646,0.0,6.0273378249240244,72.209117700287663,36.519843260552534,11.8,69.7
35.690053,119,6,3.7000396251678467,3.930142641067505,-2.6818816661834717,0.0,6.027338025891722,46.727342376896708,-26.4203267654109,11.8,69.7
35.997418,120,0,-0.11562623083591461,0.0410989411175251,-0.026630062609910965,0.0,0.12556953632513654,160.43242060813228,-12.243935124907647,34.800000000000004,53.900000000000006
35.997418,120,1,-0.8055294156074524,2.1178834438323975,-0.7468830943107605,0.0,2.3858210908690274,110.82413366003604,-18.243179699623973,14.5,55.7
35.997418,120,2,-1.8500198125839233,1.4496581554412842,1.8862977027893066,0.0,3.0136690425689907,141.91808390054044,38.749305516445666,14.600000000000001,63.1
35.997418,120,3,-2.570756673812866,2.0973801612854004,1.5009496212005615,0.0,3.641516604697701,140.79033530611477,24.341668094727421,11.600000000000001,70.7
35.997418,120,4,-1.117720365524292,2.665031671524048,-2.2156152725219727,0.0,3.6415166705051116,112.75328807789369,-37.476212540605012,11.600000000000001,70.7
35.997418,120,5,1.4800158739089966,4.594058513641357,3.610121965408325,0.0,6.0273378218668743,72.143203708841824,36.795303418188574,11.600000000000001,70.0
35.997418,120,6,3.7000396251678467,3.9788594245910645,-2.6090590953826904,0.0,6.0273381282012455,47.0794885563052,-25.649891175439674,11.600000000000001,70.0
36.300478,121,0,-0.11562623083591461,0.041138507425785065,-0.026568898931145668,0.0,0.12556953627753437,160.41501558846383,-12.215378877234469,34.7,54.0
36.300478,121,1,-0.8055294156074524,2.121861219406128,-0.7355066537857056,0.0,2.3858211818138404,110.78843513015316,-17.955749729261552,14.3,55.800000000000004
36.300478,121,2,-1.8500198125839233,1.4534872770309448,1.883348822593689,0.0,3.0136690858501569,141.84468296018991,38.677454104969307,14.700000000000001,63.0
36.300478,121,3,-2.570756673812866,2.0946297645568848,1.5047857761383057,0.0,3.6415167112879194,140.82715721238381,24.407932052863092,11.600000000000001,70.7
36.300478,121,4,-1.117720365524292,2.6643118858337402,-2.2164807319641113,0.0,3.6415166449806131,112.75880865224514,-37.493373429126081,11.600000000000001,70.7
36.300478,121,5,1.4800158739089966,4.701251029968262,3.4693796634674072,0.0,6.0273380096922944,72.525309998822053,35.142171787539773,11.600000000000001,70.0
36.300478,121,6,3.7000396251678467,3.8820037841796875,-2.75110125541687,0.0,6.0273381127786347,46.374797903505268,-27.157443580969911,11.600000000000001,70.0
36.592498,122,0,-0.11562623083591461,0.04111583158373833,-0.026603978127241135,0.0,0.12556953657769573,160.42499011713906,-12.231756333671013,35.4,53.2
36.592498,122,1,-0.8055294156074524,2.123652458190918,-0.730318546295166,0.0,2.3858211545821906,110.77239783662777,-17.824826275078273,15.200000000000001,55.1
36.592498,122,2,-1.8500198125839233,1.450202226638794,1.8858795166015625,0.0,3.0136690853905166,141.90764553222556,38.739111177264782,15.0,62.7
36.592498,122,3,-2.570756673812866,2.0948338508605957,1.5045017004013062,0.0,3.6415167314149808,140.82442360943747,24.403023669531684,11.600000000000001,70.7
36.592498,122,4,-1.117720365524292,2.6596646308898926,-2.222055196762085,0.0,3.6415167254554541,112.79451306464331,-37.603999252968,11.600000000000001,70.7
36.592498,122,5,1.4800158739089966,4.6554365158081055,3.53061842918396,0.0,6.0273379391100628,72.363951528373633,35.857225991872504,11.700000000000001,69.8
36.592498,122,6,3.7000396251678467,4.02401876449585,-2.5388548374176025,0.0,6.0273380633830129,47.401815476724224,-24.911839538898256,11.700000000000001,69.8
36.884508,123,0,-0.11562623083591461,0.04111931100487709,-0.026598598808050156,0.0,0.12556953632703924,160.42345952766584,-12.229244840384746,35.300000000000004,53.400000000000006
36.884508,123,1,-0.8055294156074524,2.117611885070801,-0.7476524114608765,0.0,2.3858210040917274,110.8265750356136,-18.262634498912796,15.0,55.300000000000004
36.884508,123,2,-1.8500198125839233,1.4448894262313843,1.8899530172348022,0.0,3.013669054216678,142.00970278774736,38.838469181625214,15.200000000000001,62.5
36.884508,123,3,-2.570756673812866,2.0961554050445557,1.502659797668457,0.0,3.6415166930250238,140.80672739656691,24.371204309042842,11.700000000000001,70.60000000000001
36.884508,123,4,-1.117720365524292,2.658052444458008,-2.2239832878112793,0.0,3.6415166177652978,112.80692412719945,-37.642302350772326,11.700000000000001,70.60000000000001
36.884508,123,5,1.2950139045715332,4.902251243591309,3.258784532546997,0.0,6.0273381270585515,75.20236795173507,32.729075292296343,11.9,69.7
36.884508,123,6,3.515037775039673,4.1221442222595215,-2.6422035694122314,0.0,6.027337990462966,49.545085233345695,-25.999920703090346,11.9,69.7
37.176491,124,0,-0.11562623083591461,0.041126709431409836,-0.02658715844154358,0.0,0.1255695364328927,160.42020507326291,-12.223903585131151,35.800000000000004,52.800000000000004
37.176491,124,1,-0.8055294156074524,2.128739595413208,-0.7153548002243042,0.0,2.3858211154009066,110.72698045658402,-17.447746634908597,15.600000000000001,54.7
37.176491,124,2,-1.8500198125839233,1.4415959119796753,1.892466425895691,0.0,3.0136690683504015,142.07311312123025,38.899843236870339,15.100000000000001,62.6
37.176491,124,3,-2.570756673812866,2.1002206802368164,1.496972680091858,0.0,3.6415167151324717,140.75234734580209,24.273007270463207,11.600000000000001,70.7
37.176491,124,4,-1.117720365524292,2.655970335006714,-2.2264695167541504,0.0,3.6415166819580675,112.82297173132996,-37.691720021295495,11.600000000000001,70.7
37.176491,124,5,1.4800158739089966,4.765455722808838,3.3806490898132324,0.0,6.0273380112226285,72.746682440367451,34.117087915258118,11.8,69.8
37.176491,124,6,3.515037775039673,4.077818870544434,-2.7101118564605713,0.0,6.02733801735495,49.239000992644051,-26.720371861581274,11.8,69.8
37.487977,125,0,-0.11562623083591461,0.04108874127268791,-0.02664579451084137,0.0,0.12556953564383394,160.43690807806561,-12.251280641040431,35.2,53.400000000000006
37.487977,125,1,-0.8055294156074524,2.1217947006225586,-0.7356986403465271,0.0,2.3858212171926434,110.78903114094985,-17.9605961563215,15.200000000000001,55.2
37.487977,125,2,-1.8500198125839233,1.4458746910095215,1.8891993761062622,0.0,3.0136690614158721,141.99075466468389,38.820076420643908,15.100000000000001,62.6
37.487977,125,3,-2.570756673812866,2.0960147380828857,1.502855896949768,0.0,3.6415166490366,140.80861056758394,24.3745919381829,11.600000000000001,70.7
37.487977,125,4,-1.117720365524292,2.657904863357544,-2.2241597175598145,0.0,3.6415166520809974,112.80806088703375,-37.645807721397794,11.600000000000001,70.7
37.487977,125,5,1.4800158739089966,4.708022594451904,3.4601848125457764,0.0,6.0273379425634248,72.548917076890049,35.0353530642389,11.600000000000001,70.0
37.487977,125,6,3.7000396251678467,4.0187578201293945,-2.5471744537353516,0.0,6.0273381639348367,47.364466737662511,-24.999069404434056,11.600000000000001,70.0
37.795299,126,0,-0.11562623083591461,0.04111025482416153,-0.026612594723701477,0.0,0.12556953654033964,160.42744338169251,-12.235779338146902,35.800000000000004,52.900000000000006
37.795299,126,1,-0.8055294156074524,2.1147992610931396,-0.755571722984314,0.0,2.3858210709737766,110.85189337875035,-18.463020863456894,15.5,54.800000000000004
37.795299,126,2,-1.8500198125839233,1.445454716682434,1.8895207643508911,0.0,3.013669086652635,141.99883020514596,38.82791895010439,15.3,62.400000000000006
37.795299,126,3,-2.570756673812866,2.0967347621917725,1.5018514394760132,0.0,3.6415167561323885,140.79897234929572,24.3572416639931,11.700000000000001,70.60000000000001
37.795299,126,4,-1.117720365524292,2.6619248390197754,-2.2193470001220703,0.0,3.6415166855376411,112.77713486526214,-37.550234316953457,11.700000000000001,70.60000000000001
37.795299,126,5,1.4800158739089966,4.74171781539917,3.4138638973236084,0.0,6.0273378482831061,72.665472526564585,34.499332701729905,11.9,69.8
37.795299,126,6,3.515037775039673,4.169018745422363,-2.5676045417785645,0.0,6.0273377989458021,49.864652969276122,-25.213542002683937,11.9,69.8
38.08561,127,0,-0.11562623083591461,0.04112197458744049,-0.026594480499625206,0.0,0.125569536290994,160.42228784338494,-12.227322087750091,35.6,53.0
38.08561,127,1,-0.8055294156074524,2.1256697177886963,-0.7244260311126709,0.0,2.3858211297342504,110.75436522927882,-17.676243368600712,15.200000000000001,55.0
38.08561,127,2,-1.8500198125839233,1.4362714290618896,1.8965106010437012,0.0,3.0136690901231473,142.1758576653416,38.998708095271937,15.0,62.7
38.08561,127,3,-2.570756673812866,2.0939812660217285,1.505687952041626,0.0,3.6415166658037772,140.83584483815366,24.423521372158518,11.700000000000001,70.60000000000001
38.08561,127,4,-1.117720365524292,2.665631055831909,-2.2148940563201904,0.0,3.6415166376176016,112.7486928864971,-37.46191546299368,11.700000000000001,70.60000000000001
38.08561,127,5,1.2950139045715332,4.85098934173584,3.334613800048828,0.0,6.0273383679817085,75.052961476536851,33.590136263666871,11.8,69.7
38.08561,127,6,3.7000396251678467,4.007017135620117,-2.5656044483184814,0.0,6.0273381967662178,47.280925629274385,-25.192527002020956,11.8,69.7
38.383972,128,0,-0.11562623083591461,0.04109745845198631,-0.02663235366344452,0.0,0.12556953695139494,160.43307289832396,-12.245004775702634,35.9,52.800000000000004
38.383972,128,1,-0.8055294156074524,2.1204922199249268,-0.7394441366195679,0.0,2.3858211427833576,110.80070800144924,-18.055178469842794,15.600000000000001,54.6
38.383972,128,2,-1.8500198125839233,1.4415264129638672,1.8925193548202515,0.0,3.0136690618903046,142.07445237206502,38.901136363684166,15.4,62.300000000000004
38.383972,128,3,-2.570756673812866,2.0973427295684814,1.5010020732879639,0.0,3.6415166655175319,140.79083617745135,24.342573471201909,11.700000000000001,70.60000000000001
38.383972,128,4,-1.117720365524292,2.669722557067871,-2.209960699081421,0.0,3.6415166673666635,112.7173722005662,-37.364188822189185,11.700000000000001,70.60000000000001
38.383972,128,5,1.2950139045715332,4.95083475112915,3.184490442276001,0.0,6.0273381457297424,75.3412969673873,31.893437748142727,11.8,69.9
38.383972,128,6,3.7000396251678467,4.02433443069458,-2.5383546352386475,0.0,6.0273381431709652,47.40405478630634,-24.906596586523108,11.8,69.9
38.683842,129,0,-0.11562623083591461,0.041081517934799194,-0.02665693685412407,0.0,0.12556953713218902,160.44008617079888,-12.256483136027832,35.7,53.0
38.683842,129,1,-0.8055294156074524,2.116177797317505,-0.7517022490501404,0.0,2.38582111242555,110.83947689061581,-18.365079942895807,15.4,54.900000000000006
38.683842,129,2,-1.8500198125839233,1.4309519529342651,1.9005273580551147,0.0,3.0136690324711166,142.27879206747173,39.097040831969473,15.100000000000001,62.6
38.683842,129,3,-2.570756673812866,2.097870111465454,1.5002648830413818,0.0,3.6415166620270516,140.78377997379997,24.329843350985882,11.700000000000001,70.60000000000001
38.683842,129,4,-1.117720365524292,2.6696689128875732,-2.2100255489349365,0.0,3.6415166959511858,112.71778232153413,-37.365472281847566,11.700000000000001,70.60000000000001
38.683842,129,5,1.4800158739089966,4.744790554046631,3.4095921516418457,0.0,6.0273379720512121,72.676026422246437,34.450073861620851,11.9,69.8
38.683842,129,6,3.7000396251678467,4.0293498039245605,-2.530385971069336,0.0,6.0273382377948241,47.439607895977225,-24.823106891746097,11.9,69.8
38.683842,129,7,0.0,4.22055721282959,0.6437145471572876,0.34104230999946594,4.2693643092373588,90,8.6718571245731635,18.8,41.6
38.987987,130,0,-0.11562623083591461,0.0411282479763031,-0.026584776118397713,0.0,0.12556953595592293,160.41952830746814,-12.222791393799875,34.7,54.0
38.987987,130,1,-0.8055294156074524,2.1225361824035645,-0.7335567474365234,0.0,2.385821239475169,110.7823892830248,-17.906531397590431,14.5,55.800000000000004
38.987987,130,2,-1.8500198125839233,1.4399605989456177,1.893710970878601,0.0,3.0136690386794052,142.10463865007392,38.930253553282952,14.4,63.400000000000006
38.987987,130,3,-2.570756673812866,2.098299741744995,1.499664068222046,0.0,3.641516716929472,140.77803270412892,24.319468755846234,11.700000000000001,70.60000000000001
38.987987,130,4,-1.117720365524292,2.6702613830566406,-2.2093098163604736,0.0,3.6415167902974264,112.71325354101323,-37.351303332679372,11.700000000000001,70.60000000000001
38.987987,130,5,1.4800158739089966,4.791421413421631,3.3437461853027344,0.0,6.0273381106210175,72.834673001595434,33.694415362517077,11.3,70.2
38.987987,130,6,3.515037775039673,4.0839715003967285,-2.700831174850464,0.0,6.0273379539439045,49.281715734404955,-26.621645486861837,11.3,70.2
39.285113,131,0,-0.11562623083591461,0.0411309115588665,-0.026580659672617912,0.0,0.12556953695707826,160.41835668037228,-12.220869455183916,36.0,52.7
39.285113,131,1,-0.8787593245506287,2.103499412536621,-0.7037147879600525,0.0,2.3858210812674634,112.67325353279197,-17.154962925755459,15.4,54.900000000000006
39.285113,131,2,-1.8500198125839233,1.428802728652954,1.9021437168121338,0.0,3.0136690700485116,142.32046191957778,39.136648071392024,15.200000000000001,62.5
39.285113,131,3,-2.570756673812866,2.1004459857940674,1.4966567754745483,0.0,3.6415168156642741,140.74933595980494,24.267554203007148,11.700000000000001,70.60000000000001
39.285113,131,4,-1.117720365524292,2.655224561691284,-2.227358818054199,0.0,3.6415166610740952,112.82872488860446,-37.709404798573907,11.700000000000001,70.60000000000001
39.285113,131,5,1.2950139045715332,4.947316646575928,3.1899538040161133,0.0,6.0273384081431631,75.331322371609588,31.954625745858706,11.8,69.7
39.285113,131,6,3.7000396251678467,4.043574810028076,-2.5075912475585938,0.0,6.0273380805242933,47.540185669764753,-24.584592249092996,11.8,69.7
39.600841,132,0,-0.11562623083591461,0.041111815720796585,-0.026610182598233223,0.0,0.12556953638160914,160.42675672229555,-12.23465315096229,34.7,54.0
39.600841,132,1,-0.8055294156074524,2.1319174766540527,-0.7058272957801819,0.0,2.3858210197205136,110.6987049247325,-17.208065252938937,14.5,55.800000000000004
39.600841,132,2,-1.8500198125839233,1.4487371444702148,1.8870052099227905,0.0,3.0136690732388853,141.9357609045008,38.766554522769326,14.700000000000001,63.0
39.600841,132,3,-2.570756673812866,2.098252773284912,1.4997297525405884,0.0,3.6415167042328216,140.7786609669316,24.320602968826062,11.600000000000001,70.60000000000001
39.600841,132,4,-1.2294923067092896,2.616647720336914,-2.2140793800354004,0.0,3.6415167342330919,115.16756768435717,-37.445767348367568,11.600000000000001,70.60000000000001
39.600841,132,5,1.4800158739089966,4.773941516876221,3.3686554431915283,0.0,6.0273380599167448,72.775534518793947,33.979486686376731,11.5,70.10000000000001
39.600841,132,6,3.7000396251678467,4.090667724609375,-2.4300105571746826,0.0,6.0273382988640574,47.87042148919722,-23.7761742262672,11.5,70.10000000000001
39.890506,133,0,-0.11562623083591461,0.041121214628219604,-0.02659565582871437,0.0,0.12556953634850987,160.42262214037925,-12.227870818385117,34.9,53.800000000000004
39.890506,133,1,-0.8055294156074524,2.133171796798706,-0.7020278573036194,0.0,2.385821172363221,110.68756477202352,-17.112568977024537,14.8,55.5
39.890506,133,2,-1.8500198125839233,1.46732759475708,1.8725857734680176,0.0,3.0136690356247593,141.58060431457903,38.415817469363141,14.4,63.2
39.890506,133,3,-2.570756673812866,2.0959019660949707,1.503013253211975,0.0,3.6415166849494183,140.81012036910869,24.377309836864217,11.600000000000001,70.60000000000001
39.890506,133,4,-1.2294923067092896,2.629235029220581,-2.1991171836853027,0.0,3.6415167936888411,115.06189938822051,-37.149830678499143,11.600000000000001,70.60000000000001
40.189333,134,0,-0.11562623083591461,0.0411096066236496,-0.026613594964146614,0.0,0.12556953631748058,160.42772853552449,-12.236246366203909,34.800000000000004,53.900000000000006
40.189333,134,1,-0.8055294156074524,2.128091812133789,-0.7172793745994568,0.0,2.3858210539572213,110.73275323999108,-17.496201480127098,14.4,55.900000000000006
40.189333,134,2,-1.8500198125839233,1.471858263015747,1.869026780128479,0.0,3.0136690525335088,141.49457430125972,38.329510631549766,14.100000000000001,63.5
40.189333,134,3,-2.570756673812866,2.0975780487060547,1.5006732940673828,0.0,3.6415167007572462,140.78768750630513,24.33689554943836,11.600000000000001,70.60000000000001
40.189333,134,4,-1.2294923067092896,2.6219706535339355,-2.207773208618164,0.0,3.6415167143571709,115.12278108203829,-37.320896358371158,11.600000000000001,70.60000000000001
40.189333,134,5,1.4800158739089966,4.792730331420898,3.341869592666626,0.0,6.0273380020647824,72.839085523057861,33.672977998105615,11.600000000000001,70.0
40.189333,134,6,3.7000396251678467,3.9978671073913574,-2.5798392295837402,0.0,6.0273381427188228,47.215634932623487,-25.342158729058468,11.600000000000001,70.0
40.489389,135,0,-0.11562623083591461,0.04116783291101456,-0.026523437350988388,0.0,0.12556953632478393,160.40211788223485,-12.194155651958926,35.1,53.6
40.489389,135,1,-0.8055294156074524,2.1310486793518066,-0.708446741104126,0.0,2.3858212209126273,110.70642781124923,-17.27392963238869,14.8,55.5
40.489389,135,2,-1.8500198125839233,1.4480856657028198,1.8875051736831665,0.0,3.0136690566231312,141.94826992520436,38.778746726428587,14.8,62.900000000000006
40.489389,135,3,-2.570756673812866,2.098818778991699,1.4989376068115234,0.0,3.641516729621801,140.77109067055238,24.306926068581795,11.600000000000001,70.7
40.489389,135,4,-1.117720365524292,2.6541574001312256,-2.228630542755127,0.0,3.6415167741313668,112.8369621241286,-37.73470010000986,11.600000000000001,70.7
40.489389,135,5,1.4800158739089966,4.808350086212158,3.3193559646606445,0.0,6.0273378500567958,72.891572304016151,33.416199519316841,11.4,70.10000000000001
40.489389,135,6,3.7000396251678467,4.11545467376709,-2.3877904415130615,0.0,6.0273380187463141,48.042565348563542,-23.338342142640769,11.4,70.10000000000001
40.788492,136,0,-0.11562623083591461,0.041109971702098846,-0.026613034307956696,0.0,0.12556953701333798,160.42756793151798,-12.235984530378408,34.7,54.0
40.788492,136,1,-0.8055294156074524,2.136676788330078,-0.691286563873291,0.0,2.3858211271151832,110.65649614600486,-16.842861321931871,14.5,55.800000000000004
40.788492,136,2,-1.8500198125839233,1.4410969018936157,1.8928464651107788,0.0,3.0136690807191826,142.08273016250487,38.90912774150182,14.8,63.0
40.788492,136,3,-2.570756673812866,2.0970821380615234,1.501366138458252,0.0,3.6415166691145497,140.79432333323655,24.34886076477207,11.600000000000001,70.7
40.788492,136,4,-1.117720365524292,2.6519558429718018,-2.2312498092651367,0.0,3.6415167609013892,112.85397335105469,-37.786828997955247,11.600000000000001,70.7
40.788492,136,5,1.4800158739089966,4.784696102142334,3.3533618450164795,0.0,6.0273376743377325,72.811966412758139,33.804350794445227,11.3,70.2
40.788492,136,6,3.7000396251678467,4.012662410736084,-2.5567660331726074,0.0,6.027338168605751,47.321127692201358,-25.099713019730533,11.3,70.2
40.788492,136,7,-0.12718884646892548,4.074202060699463,0.7454759478569031,-0.17052115499973297,4.1437946164001653,91.7880846418239,10.364037703663596,27.3,43.6
41.088283,137,0,-0.11562623083591461,0.041107114404439926,-0.026617445051670074,0.0,0.12556953648500341,160.42882491224282,-12.238043939101562,35.6,53.1
41.088283,137,1,-0.8055294156074524,2.120067834854126,-0.7406599521636963,0.0,2.3858211224924375,110.80451536122872,-18.085891484827791,15.100000000000001,55.2
41.088283,137,2,-1.8500198125839233,1.43024742603302,1.9010576009750366,0.0,3.0136690277553861,142.29244650076311,39.110031709389276,15.0,62.7
41.088283,137,3,-2.570756673812866,2.10129714012146,1.4954612255096436,0.0,3.6415166928134246,140.7379619464844,24.246922602034697,11.5,70.7
41.088283,137,4,-1.117720365524292,2.6501429080963135,-2.233402729034424,0.0,3.6415167168227245,112.86799974738639,-37.829704571359237,11.5,70.7
41.088283,137,5,1.4800158739089966,4.840662956237793,3.2720541954040527,0.0,6.0273380111436161,72.999169872325425,32.879149862861276,11.600000000000001,70.0
41.088283,137,6,3.7000396251678467,3.928483486175537,-2.6843113899230957,0.0,6.0273380000657824,46.71526761642982,-26.446120419124714,11.600000000000001,70.0
41.457577,138,0,-0.11562623083591461,0.04110930487513542,-0.02661406435072422,0.0,0.12556953701396503,160.42786127989393,-12.23646545122253,35.4,53.2
41.457577,138,1,-0.8787593245506287,2.118034839630127,-0.6586750745773315,0.0,2.3858211136296763,112.53325443994079,-16.0263250179721,15.200000000000001,55.0
41.457577,138,2,-1.8500198125839233,1.4304097890853882,1.9009355306625366,0.0,3.0136690865786209,142.28929929676917,39.107039899341977,15.200000000000001,62.5
41.457577,138,3,-2.570756673812866,2.0972366333007812,1.501150369644165,0.0,3.6415166901024909,140.79225588343996,24.345134301411925,11.700000000000001,70.60000000000001
41.457577,138,4,-1.117720365524292,2.653273582458496,-2.229682683944702,0.0,3.6415167705178497,112.84378842040334,-37.755635481852558,11.700000000000001,70.60000000000001
41.457577,138,5,1.2950139045715332,5.0243072509765625,3.0672593116760254,0.0,6.0273380567471539,75.546616240501962,30.590001487125765,11.8,69.60000000000001
41.457577,138,6,3.7000396251678467,4.025171756744385,-2.5370264053344727,0.0,6.0273380426577416,47.409993785046574,-24.892676983260838,11.8,69.60000000000001
42.000461,139,0,-0.11562623083591461,0.04111609607934952,-0.026603566482663155,0.0,0.12556953597001141,160.42487376509789,-12.231564202669226,35.4,53.300000000000004
42.000461,139,1,-0.8787593245506287,2.099750518798828,-0.7148236632347107,0.0,2.385821255081972,112.70962899083268,-17.434375587977989,15.3,55.0
42.000461,139,2,-1.8500198125839233,1.4316946268081665,1.8999680280685425,0.0,3.01366907922338,142.26440375591918,39.0833392739097,15.3,62.5
42.000461,139,3,-2.570756673812866,2.0985913276672363,1.4992560148239136,0.0,3.6415167217107776,140.77413262372207,24.312423391977688,11.600000000000001,70.7
42.000461,139,4,-1.117720365524292,2.6636524200439453,-2.217273235321045,0.0,3.6415166662236733,112.76386881519538,-37.509090617846319,11.600000000000001,70.7
42.295784,140,0,-0.11562623083591461,0.04113277047872543,-0.026577778160572052,0.0,0.12556953594135919,160.41753900946284,-12.219524276098978,35.4,53.2
42.295784,140,1,-0.8787593245506287,2.103787422180176,-0.702853798866272,0.0,2.3858212277513453,112.67046354497954,-17.133323615905571,15.200000000000001,55.0
42.295784,140,2,-1.8500198125839233,1.4462288618087769,1.8889282941818237,0.0,3.0136690807456645,141.98394581992491,38.813461518305012,15.3,62.400000000000006
42.295784,140,3,-2.570756673812866,2.0986180305480957,1.499218463897705,0.0,3.6415166505985872,140.77377548348261,24.311775573876954,11.700000000000001,70.60000000000001
42.295784,140,4,-1.117720365524292,2.663583278656006,-2.2173562049865723,0.0,3.641516612297147,112.76439946905323,-37.510736969221021,11.700000000000001,70.60000000000001
42.295784,140,5,1.4800158739089966,4.84609317779541,3.2640061378479004,0.0,6.0273378985093071,73.0171230084816,32.788100451366077,11.9,69.7
42.295784,140,6,3.7000396251678467,4.03375768661499,-2.523352861404419,0.0,6.0273380496945421,47.470814989810656,-24.749467158231596,11.9,69.7
42.583771,141,0,-0.11562623083591461,0.04114314168691635,-0.02656172402203083,0.0,0.12556953670461804,160.41297724638449,-12.212029197475191,35.4,53.2
42.583771,141,1,-0.8787593245506287,2.107062816619873,-0.6929727792739868,0.0,2.3858212289443363,112.63878006415976,-16.885174933305862,15.200000000000001,55.1
42.583771,141,2,-1.8500198125839233,1.4480262994766235,1.887550711631775,0.0,3.013669052817618,141.94941002661267,38.779857361387641,15.100000000000001,62.6
42.583771,141,3,-2.570756673812866,2.101942300796509,1.4945544004440308,0.0,3.6415167400024031,140.72934309406452,24.231274761979254,11.600000000000001,70.7
42.583771,141,4,-1.117720365524292,2.6562705039978027,-2.22611141204834,0.0,3.6415166929135929,112.82065689693567,-37.684599858321036,11.600000000000001,70.7
42.583771,141,5,1.4800158739089966,4.846286296844482,3.263719081878662,0.0,6.0273377293315926,73.0177608117202,32.784855659152562,11.700000000000001,69.8
42.583771,141,6,3.7000396251678467,4.033858299255371,-2.5231919288635254,0.0,6.0273380124368083,47.471526878678162,-24.747782779570805,11.700000000000001,69.8
42.583771,141,7,-0.12718884646892548,4.056981086730957,0.8341242074966431,-0.34104230999946594,4.14379484703221,91.795669701159369,11.612683544463732,25.900000000000002,41.6
42.884168,142,0,-0.11562623083591461,0.04111586883664131,-0.02660392038524151,0.0,0.12556953654201472,160.42497372951746,-12.231729378257871,35.5,53.2
42.884168,142,1,-0.8787593245506287,2.1095964908599854,-0.6852206587791443,0.0,2.3858211701531959,112.61432887457714,-16.690719521468989,15.200000000000001,55.1
42.884168,142,2,-1.8500198125839233,1.4533005952835083,1.8834928274154663,0.0,3.0136690525221845,141.84825806643912,38.6809616763597,15.100000000000001,62.6
42.884168,142,3,-2.570756673812866,2.0951638221740723,1.504042148590088,0.0,3.6415167310388603,140.82000430848777,24.395083973783738,11.600000000000001,70.7
42.884168,142,4,-1.117720365524292,2.6594221591949463,-2.2223453521728516,0.0,3.6415167033324374,112.79637886259981,-37.609762236728947,11.600000000000001,70.7
42.884168,142,5,1.4800158739089966,4.717555999755859,3.4471755027770996,0.0,6.0273377659462284,72.582047945383835,34.884459422352045,11.700000000000001,69.8
42.884168,142,6,3.7000396251678467,3.930464506149292,-2.681410074234009,0.0,6.02733808974702,46.729684174738679,-26.4153207931122,11.700000000000001,69.8
42.884168,142,7,-0.25437769293785095,4.066267490386963,0.7561696767807007,0.25578173995018005,4.1437943836687774,93.579646430197556,10.514387957050587,23.0,42.5
43.203166,143,0,-0.11562623083591461,0.04110526666045189,-0.026620298624038696,0.0,0.125569536526102,160.42963778114367,-12.239376263717963,35.0,53.6
43.203166,143,1,-0.8787593245506287,2.1121416091918945,-0.6773346066474915,0.0,2.3858210949538345,112.58981758041843,-16.493107463452919,14.600000000000001,55.5
43.203166,143,2,-1.8500198125839233,1.4186789989471436,1.9097062349319458,0.0,3.0136690781744222,142.51737490388291,39.322259613480021,14.700000000000001,63.1
43.203166,143,3,-2.570756673812866,2.0949513912200928,1.504338026046753,0.0,3.6415167312726484,140.8228493294277,24.400195803741493,11.700000000000001,70.60000000000001
43.203166,143,4,-1.117720365524292,2.649698257446289,-2.2339303493499756,0.0,3.6415167824367582,112.87144242904986,-37.840215039960682,11.700000000000001,70.60000000000001
43.494473,144,0,-0.11562623083591461,0.04112958163022995,-0.026582717895507812,0.0,0.12556953704266857,160.41894167247,-12.221830364808705,34.6,54.0
43.494473,144,1,-0.8055294156074524,2.1194660663604736,-0.7423802614212036,0.0,2.3858211371371154,110.80991639584381,-18.129357489696353,14.5,55.900000000000006
43.494473,144,2,-1.8500198125839233,1.4454357624053955,1.8895351886749268,0.0,3.0136690394657331,141.99919471231013,38.828271692679941,14.3,63.400000000000006
43.494473,144,3,-2.570756673812866,2.0949180126190186,1.5043845176696777,0.0,3.641516735174128,140.82329637946407,24.400999023683642,11.700000000000001,70.60000000000001
43.494473,144,4,-1.2294923067092896,2.6215388774871826,-2.2082860469818115,0.0,3.6415168108534997,115.1264084449833,-37.331042375544627,11.700000000000001,70.60000000000001
43.494473,144,5,1.4800158739089966,4.916800498962402,3.156489610671997,0.0,6.0273377867761644,73.2475757115018,31.580465673435139,11.5,69.9
43.494473,144,6,3.7000396251678467,4.065977573394775,-2.4711008071899414,0.0,6.0273382230016148,47.697805376024576,-24.203710618277817,11.5,69.9
43.784988,145,0,-0.11562623083591461,0.04113829880952835,-0.026569223031401634,0.0,0.12556953650768413,160.41510734784197,-12.215530163117123,35.0,53.6
43.784988,145,1,-0.8055294156074524,2.1243128776550293,-0.7283951044082642,0.0,2.385821089207194,110.76649094427344,-17.776312537276795,14.600000000000001,55.6
43.784988,145,2,-1.8500198125839233,1.4424779415130615,1.891794204711914,0.0,3.0136690647259856,142.05612058917779,38.883423305902483,14.700000000000001,63.1
43.784988,145,3,-2.570756673812866,2.0954792499542236,1.5036025047302246,0.0,3.6415166696272463,140.81578030822007,24.387489131021219,11.700000000000001,70.60000000000001
43.784988,145,4,-1.117720365524292,2.6571433544158936,-2.225069522857666,0.0,3.6415167173822427,112.81392819947128,-37.663888047081663,11.700000000000001,70.60000000000001
43.784988,145,5,1.4800158739089966,4.928980827331543,3.1374356746673584,0.0,6.02733785314047,73.286662377430574,31.368093484644369,11.600000000000001,69.9
43.784988,145,6,3.7000396251678467,4.051950931549072,-2.4940340518951416,0.0,6.027338171324562,47.599229034351559,-24.442949960562391,11.600000000000001,69.9
44.093846,146,0,-0.11562623083591461,0.04112708941102028,-0.02658657170832157,0.0,0.12556953665576692,160.42003792960807,-12.223629633721435,34.9,53.7
44.093846,146,1,-0.8055294156074524,2.1292262077331543,-0.7139050364494324,0.0,2.3858210922394116,110.72264598481824,-17.4112550856557,14.8,55.6
44.093846,146,2,-1.8500198125839233,1.417030692100525,1.910929560661316,0.0,3.0136690387494771,142.5495341987201,39.352331335935,14.9,62.900000000000006
44.093846,146,3,-2.570756673812866,2.0963025093078613,1.5024546384811401,0.0,3.6415167207054426,140.80475815450259,24.367660397286517,11.600000000000001,70.7
44.093846,146,4,-1.117720365524292,2.6631908416748047,-2.217827558517456,0.0,3.6415166282756162,112.76741183100424,-37.520086743901594,11.600000000000001,70.7
44.093846,146,5,1.4800158739089966,4.754327297210693,3.3962817192077637,0.0,6.0273380983855711,72.708702961419263,34.296774568385885,11.5,69.9
44.093846,146,6,3.7000396251678467,4.049128532409668,-2.4986135959625244,0.0,6.0273381356710916,47.579348783702521,-24.490778095554735,11.5,69.9
44.380891,147,0,-0.11562623083591461,0.04113968834280968,-0.02656707353889942,0.0,0.125569536953375,160.41449616681271,-12.214526614134757,35.0,53.7
44.380891,147,1,-0.8055294156074524,2.1243913173675537,-0.7281665205955505,0.0,2.3858211564222,110.76578958085885,-17.770547413662928,14.600000000000001,55.7
44.380891,147,2,-1.8500198125839233,1.440625786781311,1.8932050466537476,0.0,3.0136690782445812,142.0918119136754,38.917889357590809,14.700000000000001,63.0
44.380891,147,3,-2.570756673812866,2.097567319869995,1.5006883144378662,0.0,3.6415167107168891,140.78783105659724,24.337154858994122,11.600000000000001,70.7
44.380891,147,4,-1.117720365524292,2.667302370071411,-2.212881088256836,0.0,3.6415166427823835,112.73588900149211,-37.42202453979926,11.600000000000001,70.7
44.380891,147,5,1.4800158739089966,4.777661323547363,3.363377332687378,0.0,6.02733786937303,72.788152548574772,33.91900367970473,11.600000000000001,69.7
44.380891,147,6,3.7000396251678467,4.0940842628479,-2.4242498874664307,0.0,6.0273382762204459,47.894217357608071,-23.71634849774793,11.600000000000001,69.7
44.68379,148,0,-0.11562623083591461,0.041136208921670914,-0.0265724565833807,0.0,0.12556953607719995,160.41602658595417,-12.217039818195682,35.0,53.6
44.68379,148,1,-0.8787593245506287,2.1145179271698,-0.6698797941207886,0.0,2.3858212324854629,112.56697736623509,-16.306485522865788,14.9,55.400000000000006
44.68379,148,2,-1.8500198125839233,1.4568310976028442,1.8807634115219116,0.0,3.0136690534986257,141.78070543673655,38.614519220980007,14.8,62.900000000000006
44.68379,148,3,-2.570756673812866,2.097895860671997,1.500229001045227,0.0,3.6415167133703026,140.78343549383649,24.329223391332885,11.700000000000001,70.60000000000001
44.68379,148,4,-1.117720365524292,2.6634559631347656,-2.2175092697143555,0.0,3.641516695600199,112.76537666536998,-37.513772091148766,11.700000000000001,70.60000000000001
44.980708,149,0,-0.11562623083591461,0.04115251451730728,-0.026547197252511978,0.0,0.12556953607615653,160.40885484087872,-12.205247503636892,35.0,53.6
44.980708,149,1,-0.8787593245506287,2.1084249019622803,-0.6888171434402466,0.0,2.3858211531454971,112.62562905454597,-16.78090987720169,14.9,55.400000000000006
44.980708,149,2,-1.8500198125839233,1.4419270753860474,1.892214059829712,0.0,3.0136690339023056,142.06673224955986,38.893678909539815,14.700000000000001,63.1
44.980708,149,3,-2.570756673812866,2.099372625350952,1.4981615543365479,0.0,3.6415166262037637,140.76368458544047,24.293529369727288,11.700000000000001,70.60000000000001
44.980708,149,4,-1.2294923067092896,2.6316909790039062,-2.1961774826049805,0.0,3.641516754915322,115.04137881100711,-37.0918233192537,11.700000000000001,70.60000000000001
44.980708,149,5,1.4800158739089966,4.808887004852295,3.3185782432556152,0.0,6.0273379504611659,72.89337096544071,33.407342175107594,11.8,69.8
44.980708,149,6,3.7000396251678467,4.132941722869873,-2.357393503189087,0.0,6.0273381057751294,48.163323775191053,-23.024011030613931,11.8,69.8
45.271082,150,0,-0.11562623083591461,0.04113397002220154,-0.026575924828648567,0.0,0.12556953662256448,160.41701137853366,-12.21865895508898,35.1,53.6
45.271082,150,1,-0.8787593245506287,2.107750654220581,-0.6908773183822632,0.0,2.3858210829622224,112.63213714409588,-16.832593351128562,14.4,55.800000000000004
45.271082,150,2,-1.8500198125839233,1.427505612373352,1.903117299079895,0.0,3.013669031988687,142.34563350191189,39.160516415159826,14.3,63.400000000000006
45.271082,150,3,-2.570756673812866,2.0924172401428223,1.5078606605529785,0.0,3.6415166557965324,140.85680617918644,24.461072299179325,11.700000000000001,70.60000000000001
45.271082,150,4,-1.117720365524292,2.677271842956543,-2.2008090019226074,0.0,3.6415166619884172,112.65979586808177,-37.183236328932416,11.700000000000001,70.60000000000001
45.582861,151,0,-0.11562623083591461,0.04115082696080208,-0.026549814268946648,0.0,0.12556953633184145,160.40959705490386,-12.206469207725579,35.2,53.400000000000006
45.582861,151,1,-0.8055294156074524,2.1117115020751953,-0.7641592621803284,0.0,2.3858211344066733,110.87975620937182,-18.680580649988492,14.9,55.300000000000004
45.582861,151,2,-1.8500198125839233,1.4313377141952515,1.9002368450164795,0.0,3.0136690306317524,142.27131776192002,39.089924386311623,14.5,63.2
45.582861,151,3,-2.570756673812866,2.0923922061920166,1.5078957080841064,0.0,3.6415167838340325,140.857141790006,24.461677199853693,11.700000000000001,70.60000000000001
45.582861,151,4,-1.117720365524292,2.6803739070892334,-2.1970300674438477,0.0,3.6415167464347706,112.63621734416506,-37.1086425246449,11.700000000000001,70.60000000000001
45.582861,151,5,1.4800158739089966,4.872661113739014,3.224210262298584,0.0,6.0273381464688409,73.10443271650206,32.339234827973435,11.600000000000001,69.8
45.582861,151,6,3.7000396251678467,4.042334079742432,-2.5095906257629395,0.0,6.0273379819764985,47.531428423415477,-24.605495174748352,11.600000000000001,69.8
45.878141,152,0,-0.11562623083591461,0.04114602506160736,-0.026557253673672676,0.0,0.12556953594872616,160.41170904351245,-12.209942291936597,35.6,53.0
45.878141,152,1,-0.8055294156074524,2.119187831878662,-0.7431738972663879,0.0,2.3858210636528425,110.81241453149167,-18.149414072248831,15.200000000000001,55.0
45.878141,152,2,-1.8500198125839233,1.4252896308898926,1.9047775268554688,0.0,3.0136690703673716,142.38867591379957,39.201235652784518,14.9,62.800000000000004
45.878141,152,3,-2.570756673812866,2.095724582672119,1.503260612487793,0.0,3.6415166993200505,140.81249532561728,24.381582709334218,11.700000000000001,70.60000000000001
45.878141,152,4,-1.2294923067092896,2.633598804473877,-2.1938893795013428,0.0,3.6415167999986422,115.02545974525992,-37.046703372428674,11.700000000000001,70.60000000000001
45.878141,152,5,1.4800158739089966,4.87199068069458,3.2252230644226074,0.0,6.0273380521654,73.102240205449448,32.350631224578805,11.5,70.0
45.878141,152,6,3.7000396251678467,4.008464813232422,-2.5633420944213867,0.0,6.0273382251012988,47.2912408993314,-25.168762684438676,11.5,70.0
46.171875,153,0,-0.11562623083591461,0.041111625730991364,-0.0266104768961668,0.0,0.12556953654532116,160.42684030105019,-12.234790539956316,35.4,53.300000000000004
46.171875,153,1,-0.8787593245506287,2.1003592014312744,-0.713033139705658,0.0,2.3858212388693762,112.70371543758925,-17.38931114853796,15.200000000000001,55.0
46.171875,153,2,-1.8500198125839233,1.4733898639678955,1.8678196668624878,0.0,3.0136690770744359,141.4655380855894,38.300260771759987,15.200000000000001,62.400000000000006
46.171875,153,3,-2.570756673812866,2.101470708847046,1.4952173233032227,0.0,3.6415166977513023,140.73564299282739,24.242713780925794,11.600000000000001,70.60000000000001
46.171875,153,4,-1.2294923067092896,2.6270222663879395,-2.2017598152160645,0.0,3.6415166626360005,115.08041498591865,-37.202016125675925,11.600000000000001,70.60000000000001
46.171875,153,5,1.4800158739089966,4.824583053588867,3.2957170009613037,0.0,6.0273376525979412,72.945790591035347,33.147400817512576,11.3,70.2
46.171875,153,6,3.7000396251678467,3.983332872390747,-2.602224111557007,0.0,6.0273380796873832,47.111593317893529,-25.577837234953378,11.3,70.2
