timestamp_s,frame_number,point_index,x,y,z,doppler_mps,range,azimuth_deg,elevation_deg,snr_db,noise_db
0.0,1,0,-0.11562623083591461,0.041163112968206406,-0.026530759409070015,0.0,0.12556953580138572,160.40419363111815,-12.197573808102733,35.1,53.6
0.0,1,1,0.3468787372112274,1.388106107711792,-1.7497354745864868,0.0,2.2602516797079115,75.9694980420478,-50.726495803524941,28.1,53.6
0.381504,2,0,-0.11562623083591461,0.04116068780422211,-0.02653452381491661,0.0,0.12556953624156308,160.4052601969488,-12.199331092765737,34.800000000000004,53.900000000000006
0.381504,2,1,0.45865076780319214,0.9164295196533203,-1.87260901927948,0.0,2.1346822082889361,63.413145367745045,-61.310101759686333,16.900000000000002,52.1
0.381504,2,2,0.292919784784317,1.8504905700683594,-1.4771678447723389,0.0,2.3858210728928038,81.005108559927919,-38.253683608844447,17.3,55.900000000000006
0.381504,2,3,-1.8500198125839233,1.7235076427459717,1.6398625373840332,0.0,3.0136690334329068,137.02757287266471,32.96601962918254,13.3,64.5
0.381504,2,4,-2.374191999435425,2.0584115982055664,1.577351689338684,0.0,3.5159471426160511,139.07488926589667,26.655680108376295,11.5,70.9
0.381504,2,5,-1.0791782140731812,2.588012456893921,-2.1211905479431152,0.0,3.5159470182941472,112.63570297922661,-37.107012924448377,11.5,70.9
0.90172,3,0,-0.11562623083591461,0.04109736159443855,-0.026632502675056458,0.0,0.12556953685540587,160.4331155104297,-12.245074360175101,35.0,53.6
0.90172,3,1,0.45865076780319214,0.8238694071769714,-1.9151362180709839,0.0,2.13468219195641,60.895171774796758,-63.786310008810432,19.0,51.800000000000004
0.90172,3,2,-0.16187672317028046,2.5523955821990967,0.6423645615577698,0.0,2.6369602787071176,93.628923220762942,14.099136417959052,19.200000000000003,58.900000000000006
0.90172,3,3,-1.8500198125839233,1.6680930852890015,1.696199655532837,0.0,3.013669046124964,137.96021123978812,34.252112987831879,12.5,65.0
1.195385,4,0,-0.11562623083591461,0.04111504927277565,-0.026605185121297836,0.0,0.1255695361517335,160.42533425796267,-12.232319905302637,34.800000000000004,53.900000000000006
1.195385,4,1,0.48563018441200256,1.462281584739685,-1.6536729335784912,0.0,2.2602518179023621,71.628444674269986,-47.023399377886264,24.700000000000003,53.900000000000006
1.195385,4,2,-0.08093836158514023,1.9331530332565308,1.7916271686553955,0.0,2.6369602916671235,92.397492344467707,42.799035475574058,17.3,59.2
1.504282,5,0,-0.11562623083591461,0.0411752387881279,-0.026511941105127335,0.0,0.12556953678237928,160.39886101401515,-12.188788984721649,35.0,53.6
1.504282,5,1,0.48563018441200256,1.2518906593322754,-1.818150520324707,0.0,2.260251803116732,68.797859785439286,-53.552519141166627,24.400000000000002,53.6
1.796663,6,0,-0.11562623083591461,0.04112144187092781,-0.026595303788781166,0.0,0.1255695362039769,160.4225221788777,-12.227706472549841,34.800000000000004,53.800000000000004
1.796663,6,1,0.3468787372112274,0.9580745100975037,-2.017549514770508,0.0,2.2602516828394439,70.096795549664677,-63.204549656883756,22.700000000000003,53.800000000000004
1.796663,6,2,-1.8500198125839233,1.548918604850769,1.8056796789169312,0.0,3.0136690684710987,140.06243684368442,36.809991546578885,12.100000000000001,65.60000000000001
1.796663,6,3,1.2950139045715332,5.248295783996582,2.6659209728240967,0.0,6.0273380760243809,76.139179481908144,26.251033512856917,11.4,70.3
2.100326,7,0,-0.11562623083591461,0.04113864153623581,-0.026568692177534103,0.0,0.12556953646801314,160.41495660034744,-12.215282334001328,35.2,53.5
2.100326,7,1,0.45865076780319214,1.0937671661376953,-1.7748749256134033,0.0,2.1346822110324819,67.250172408255139,-56.247658665714411,19.5,51.7
2.100326,7,2,-0.16187672317028046,2.365168333053589,1.1547011137008667,0.0,2.6369603673862567,93.9153287368059,25.969393496369616,20.0,58.6
2.100326,7,3,-1.8500198125839233,1.5459944009780884,1.8081839084625244,0.0,3.0136690331938349,140.1157203844827,36.86948148797687,13.3,64.60000000000001
2.406173,8,0,-0.11562623083591461,0.04112760350108147,-0.026585778221488,0.0,0.12556953703308985,160.41981179462709,-12.223259140002316,35.0,53.7
2.406173,8,1,0.43937966227531433,1.8523876667022705,-1.4379664659500122,0.0,2.3858210562757254,76.656249573874831,-37.0644831586555,21.5,55.7
2.406173,8,2,-1.8500198125839233,1.6726901531219482,1.6916664838790894,0.0,3.0136690508388644,137.88177912155726,34.147909611637814,12.200000000000001,65.8
2.701533,9,0,-0.11562623083591461,0.04111337661743164,-0.026607772335410118,0.0,0.12556953668330548,160.42607006875051,-12.233527792672884,35.300000000000004,53.400000000000006
2.701533,9,1,0.4162544310092926,1.4948629140853882,-1.643427848815918,0.0,2.2602517509132571,74.439788237961452,-46.643780291431675,27.8,53.400000000000006
2.999654,10,0,-0.11562623083591461,0.04108504578471184,-0.026651497930288315,0.0,0.12556953685659689,160.43853398711354,-12.253943579146123,35.2,53.5
2.999654,10,1,0.4162544310092926,0.8185612559318542,-2.065291166305542,0.0,2.2602517299334846,63.045772020348615,-66.027965300851477,20.0,53.5
2.999654,10,2,-1.8500198125839233,1.5633418560028076,1.7932066917419434,0.0,3.0136690768880783,139.80083289135908,36.514372898744121,13.9,64.3
3.301168,11,0,-0.11562623083591461,0.041126251220703125,-0.026587864384055138,0.0,0.12556953583291414,160.4204066293081,-12.224233229689435,35.5,53.2
3.301168,11,1,-0.16187672317028046,2.466566562652588,0.9183709621429443,0.0,2.6369603534386914,93.754843528137812,20.381462399553882,23.400000000000002,57.5
3.301168,11,2,-1.8500198125839233,1.607553482055664,1.7536817789077759,0.0,3.0136690737862191,139.011365941985,35.584938383179264,13.600000000000001,64.4
3.595946,12,0,-0.11562623083591461,0.04112879931926727,-0.026583924889564514,0.0,0.12556953632668547,160.41928578745362,-12.222393943913024,35.0,53.6
3.595946,12,1,0.43937966227531433,1.696594476699829,-1.618843674659729,0.0,2.3858210639055373,75.480677048652822,-42.728633652791011,23.700000000000003,55.300000000000004
3.595946,12,2,-0.16187672317028046,2.309748649597168,1.2619097232818604,0.0,2.6369601907373554,94.008969666321832,28.590555511998282,21.400000000000002,57.900000000000006
3.595946,12,3,-1.8500198125839233,1.5937823057174683,1.7662066221237183,0.0,3.0136690556537258,139.25527486247523,35.878278711114483,11.700000000000001,66.0
3.907735,13,0,-0.11562623083591461,0.041101325303316116,-0.026626383885741234,0.0,0.12556953658367975,160.43137171035124,-12.2422174800812,34.6,54.1
3.907735,13,1,0.43937966227531433,1.7629610300064087,-1.5463041067123413,0.0,2.3858211314719044,76.005381960784334,-40.400187666013437,26.6,56.0
3.907735,13,2,-0.16187672317028046,2.3213698863983154,1.2404018640518188,0.0,2.636960183113219,93.988964922729153,28.059668525360031,24.6,58.900000000000006
4.197801,14,0,-0.11562623083591461,0.04111487790942192,-0.026605449616909027,0.0,0.12556953608317889,160.42540964138698,-12.232443401733217,35.6,53.1
4.197801,14,1,0.43937966227531433,1.774160385131836,-1.533441424369812,0.0,2.3858210665860153,76.090282143232827,-39.995774336771426,24.8,54.800000000000004
4.197801,14,2,-0.08093836158514023,2.064919948577881,1.6380215883255005,0.0,2.6369603971677997,92.244665096803871,38.402203926327509,18.400000000000002,57.5
4.197801,14,3,-1.0521987676620483,2.108595848083496,-1.1833261251449585,0.0,2.6369602605414957,116.51940158004354,-26.66327542059507,18.400000000000002,57.5
4.197801,14,4,-1.8500198125839233,1.6680468320846558,1.6962451934814453,0.0,3.0136690756268538,137.96100136678891,34.253160033774449,11.600000000000001,65.8
4.514967,15,0,-0.11562623083591461,0.04114902392029762,-0.026552608236670494,0.0,0.12556953623822753,160.41039006817951,-12.207773560543442,35.4,53.300000000000004
4.514967,15,1,0.4162544310092926,1.549116611480713,-1.5923906564712524,0.0,2.260251762551531,74.959636617256592,-44.790710201334285,28.1,53.300000000000004
4.514967,15,2,-0.08093836158514023,2.3303608894348145,1.2314327955245972,0.0,2.6369602999053723,91.989203968054184,27.839055821606195,20.1,58.1
4.82303,16,0,-0.11562623083591461,0.0410817451775074,-0.026656584814190865,0.0,0.12556953674401294,160.43998618763362,-12.256318796568561,35.5,53.2
4.82303,16,1,0.48563018441200256,1.4878545999526978,-1.6307023763656616,0.0,2.2602518060820245,71.923510767087166,-46.175925398375881,25.1,53.2
4.82303,16,2,-0.08093836158514023,2.2604851722717285,1.3554391860961914,0.0,2.6369602992160384,92.050642177540652,30.931690538614234,24.200000000000003,57.2
4.82303,16,3,-1.8500198125839233,1.5725367069244385,1.7851487398147583,0.0,3.0136690304079563,139.63510623620604,36.323993864619155,12.4,65.2
5.109423,17,0,-0.11562623083591461,0.041075389832258224,-0.02666637673974037,0.0,0.12556953673410587,160.44278248487521,-12.260890977631329,35.5,53.1
5.109423,17,1,0.4162544310092926,1.593394160270691,-1.5480843782424927,0.0,2.260251743385691,75.3593857205936,-43.229063838792008,23.1,53.1
5.109423,17,2,-0.16187672317028046,2.4889180660247803,0.855944812297821,0.0,2.636960131399114,93.721218667903074,18.941056962075944,19.700000000000003,57.900000000000006
5.109423,17,3,-1.8500198125839233,1.5970276594161987,1.7632726430892944,0.0,3.0136690371971078,139.197632701151,35.809466183040833,12.100000000000001,65.3
5.403095,18,0,-0.11562623083591461,0.041115257889032364,-0.02660486102104187,0.0,0.12556953579013821,160.42524248693263,-12.232168622848457,35.7,53.0
5.403095,18,1,0.4162544310092926,1.5442153215408325,-1.5971440076828003,0.0,2.2602516877315684,74.914071720542054,-44.960748124238869,26.8,53.0
5.403095,18,2,-0.16187672317028046,2.174792528152466,1.4824413061141968,0.0,2.6369601514026919,94.256857216951786,34.206563641088742,19.1,57.7
5.687489,19,0,-0.11562623083591461,0.04110119119286537,-0.0266265906393528,0.0,0.12556953652804631,160.43143071048908,-12.242314019841782,35.300000000000004,53.300000000000004
5.687489,19,1,0.43937966227531433,1.927205204963684,-1.336026906967163,0.0,2.3858210925801897,77.1567706720898,-34.054843949944214,24.3,54.900000000000006
5.687489,19,2,-0.24281509220600128,2.559634208679199,0.5855533480644226,0.0,2.6369602148445952,95.419044449312651,12.829831902679762,20.3,57.5
5.687489,19,3,-1.8500198125839233,1.567588448524475,1.789495587348938,0.0,3.0136690773941566,139.72419194470518,36.426635198100108,12.600000000000001,65.5
6.00621,20,0,-0.11562623083591461,0.04108906909823418,-0.026645293459296227,0.0,0.12556953659312312,160.43676384578191,-12.251046595729639,35.4,53.300000000000004
6.00621,20,1,0.0,1.2951505184173584,2.1516664028167725,0.0,2.5113906853309822,90,58.955043107973879,21.5,56.2
6.00621,20,2,-1.8500198125839233,1.7691941261291504,1.5904653072357178,0.0,3.0136690356446492,136.2793388681342,31.853590055712072,11.9,65.3
6.304187,21,0,-0.11562623083591461,0.041103094816207886,-0.026623651385307312,0.0,0.12556953640862406,160.430593240355,-12.240941683171737,35.5,53.2
6.304187,21,1,0.4162544310092926,1.5069419145584106,-1.6323590278625488,0.0,2.2602516853289156,74.558537779723167,-46.236609293617974,25.0,53.2
6.304187,21,2,-1.8500198125839233,1.5335338115692139,1.8187638521194458,0.0,3.0136690607887626,140.34370271631184,37.121327590867544,13.200000000000001,64.5
6.304187,21,3,0.46250492334365845,0.8564481139183044,-2.315095901489258,0.25578173995018005,2.5113906922348233,61.629765432460331,-67.196312633055356,16.2,40.5
6.671885,22,0,-0.11562623083591461,0.04109440743923187,-0.026637060567736626,0.0,0.12556953681443234,160.43441519047747,-12.247202497390798,35.5,53.1
6.671885,22,1,0.48563018441200256,1.1837197542190552,-1.8632522821426392,0.0,2.26025180001039,67.69373001194063,-55.523260510192749,21.900000000000002,53.1
6.671885,22,2,-0.24281509220600128,2.3691322803497314,1.1321719884872437,0.0,2.6369604362434576,95.851877199767628,25.42614878106642,23.200000000000003,57.1
6.671885,22,3,-1.8500198125839233,1.6922168731689453,1.6721333265304565,0.0,3.0136690452809427,137.55078050773895,33.700362221208422,14.200000000000001,63.6
7.199939,23,0,-0.11562623083591461,0.041099246591329575,-0.02662958949804306,0.0,0.12556953597321849,160.43228621734164,-12.2437142602494,35.2,53.5
7.199939,23,1,0.43937966227531433,1.6803125143051147,-1.635737657546997,0.0,2.3858210992588869,75.346015572914936,-43.283429319873676,26.3,55.1
7.199939,23,2,-0.16187672317028046,2.445266008377075,0.9736682176589966,0.0,2.6369603188724606,93.78745693698859,21.668683369277936,21.200000000000003,57.900000000000006
7.502227,24,0,-0.11562623083591461,0.04108775407075882,-0.02664732187986374,0.0,0.12556953673271409,160.43734241547853,-12.251993694392043,35.5,53.1
7.502227,24,1,0.4162544310092926,1.473032832145691,-1.6630226373672485,0.0,2.260251704636,74.220595864130729,-47.372216916701149,23.5,53.1
7.502227,24,2,-1.8500198125839233,1.5985060930252075,1.7619324922561646,0.0,3.0136690501214276,139.17140673370241,35.778054292503938,12.9,65.10000000000001
7.798711,25,0,-0.11562623083591461,0.04112781211733818,-0.026585454121232033,0.0,0.1255695367424417,160.4197200298884,-12.223107855694851,35.7,52.900000000000006
7.798711,25,1,0.3468787372112274,1.2203636169433594,-1.8705949783325195,0.0,2.2602517091800136,74.132617509853347,-55.853465125113452,24.6,52.900000000000006
7.798711,25,2,-1.8500198125839233,1.5300548076629639,1.821691632270813,0.0,3.0136690967143527,140.40762553434635,37.191168313277096,12.5,65.5
8.097046,26,0,-0.11562623083591461,0.041112083941698074,-0.026609770953655243,0.0,0.12556953696480461,160.42663872890725,-12.234460900042336,34.9,53.7
8.097046,26,1,0.4162544310092926,1.4951380491256714,-1.6431775093078613,0.0,2.2602517258866048,74.442512932812932,-46.634538297273828,27.0,53.7
8.404071,27,0,-0.11562623083591461,0.04113626480102539,-0.026572369039058685,0.0,0.12556953585742131,160.41600200725847,-12.216998968948381,34.5,54.1
8.404071,27,1,0.3468787372112274,1.24120032787323,-1.8568345308303833,0.0,2.2602516645555113,74.385895886492293,-55.23691258050227,23.0,54.1
8.404071,27,2,-1.8500198125839233,1.6670349836349487,1.697239637374878,0.0,3.0136690810857512,137.97829133058096,34.276036627686288,12.4,65.3
8.715666,28,0,-0.11562623083591461,0.04114331305027008,-0.02656145766377449,0.0,0.1255695365098447,160.412901874596,-12.211904867013292,35.2,53.5
8.715666,28,1,0.4162544310092926,1.3010190725326538,-1.8007830381393433,0.0,2.2602517401561624,72.258191612958839,-52.817818821458836,27.1,53.5
9.01989,29,0,-0.11562623083591461,0.04110783711075783,-0.026616327464580536,0.0,0.12556953618193623,160.42850697784709,-12.237522171180274,34.7,54.0
9.01989,29,1,0.327607661485672,1.4556554555892944,-1.5266330242156982,0.0,2.1346821720989184,77.316425199718239,-45.656072198911687,21.900000000000002,52.2
9.01989,29,2,-0.16187672317028046,1.9159183502197266,1.8046085834503174,0.0,2.6369602457518369,94.8294736444411,43.184653957360815,18.2,58.800000000000004
9.01989,29,3,-1.1331369876861572,2.1595327854156494,-1.0029842853546143,0.0,2.636960136372152,117.686623318701,-22.355751731822036,18.2,58.800000000000004
9.01989,29,4,-1.8500198125839233,1.6117159128189087,1.7498570680618286,0.0,3.0136690676371023,138.93799586085731,35.495575514553664,12.100000000000001,65.5
9.316393,30,0,-0.11562623083591461,0.04109547287225723,-0.026635413989424706,0.0,0.12556953621919084,160.43394645099494,-12.24643374777968,34.800000000000004,53.900000000000006
9.316393,30,1,0.43937966227531433,1.6402419805526733,-1.6759158372879028,0.0,2.3858210611990454,75.003971387814815,-44.623759236061638,23.900000000000002,55.7
9.316393,30,2,-1.8500198125839233,1.5316561460494995,1.820345401763916,0.0,3.0136690658410545,140.37818805741051,37.159046855983519,11.700000000000001,66.3
9.598264,31,0,-0.11562623083591461,0.04111779108643532,-0.026600949466228485,0.0,0.12556953656700653,160.42412813276664,-12.230342298416451,34.800000000000004,53.900000000000006
9.598264,31,1,0.43937966227531433,1.723130226135254,-1.590569019317627,0.0,2.3858210471565418,75.695027157692621,-41.811012601813545,23.400000000000002,56.2
9.598264,31,2,-1.8500198125839233,1.704742670059204,1.6593613624572754,0.0,3.0136690278279903,137.34027945168589,33.40898680864322,11.4,66.3
9.901423,32,0,-0.11562623083591461,0.04112490266561508,-0.026589952409267426,0.0,0.12556953629644266,160.42099982970092,-12.225208028126147,35.0,53.6
9.901423,32,1,-0.23125246167182922,2.0707578659057617,1.401987075805664,0.0,2.5113907702637563,96.372119983724616,33.934947171637631,21.5,57.1
9.901423,32,2,-1.0791782140731812,1.9957191944122314,-1.0768297910690308,0.0,2.5113906744290819,118.40215192403555,-25.390052117438909,21.5,57.1
9.901423,32,3,-1.8500198125839233,1.6583209037780762,1.7057548761367798,0.0,3.0136690635046164,138.12758307053139,34.472181345491578,12.9,64.7
10.222494,33,0,-0.11562623083591461,0.04108233377337456,-0.02665567398071289,0.0,0.1255695359589786,160.43972721542144,-12.255893579559025,34.4,54.300000000000004
10.222494,33,1,0.3468787372112274,1.4207597970962524,-1.723326563835144,0.0,2.2602516906296266,76.27964311949674,-49.680571559436657,24.0,54.300000000000004
10.222494,33,2,-0.16187672317028046,2.4867608547210693,0.8621922135353088,0.0,2.6369601883908538,93.7244376628337,19.084632600936857,21.400000000000002,58.800000000000004
10.222494,33,3,-1.8500198125839233,1.460559368133545,1.8778696060180664,0.0,3.0136690647783744,141.70950462786669,38.544142000186838,11.8,66.60000000000001
10.503739,34,0,-0.11562623083591461,0.04114581644535065,-0.026557577773928642,0.0,0.12556953613632954,160.4118007991222,-12.210093578923551,34.7,54.0
10.503739,34,1,0.327607661485672,1.4860669374465942,-1.4970457553863525,0.0,2.1346821112653531,77.567836371549234,-44.531140079768392,20.700000000000003,52.0
10.503739,34,2,-0.15416830778121948,1.857245922088623,1.6834348440170288,0.0,2.5113906817318532,94.745191969661974,42.091750212302316,18.1,57.0
10.503739,34,3,0.46250492334365845,1.6412298679351807,-1.8437833786010742,0.0,2.5113907363700387,74.261958399562573,-47.236982198424016,18.1,57.0
10.503739,34,4,-1.8500198125839233,1.5526864528656006,1.8024407625198364,0.0,3.0136690644890831,139.99390292604804,36.733117726212981,12.600000000000001,64.8
10.816608,35,0,-0.11562623083591461,0.04113660752773285,-0.026571838185191154,0.0,0.12556953579889876,160.41585125808902,-12.216751140318664,35.300000000000004,53.400000000000006
10.816608,35,1,0.4162544310092926,1.219064712524414,-1.8572429418563843,0.0,2.2602517270721108,71.14732817335701,-55.255071603914637,23.200000000000003,53.400000000000006
10.816608,35,2,-1.8500198125839233,1.6016039848327637,1.7591170072555542,0.0,3.013669072144614,139.11652036673726,35.712102389714865,11.9,65.7
10.816608,35,3,-0.16187672317028046,2.5847649574279785,0.4963323473930359,0.17052115499973297,2.6369603253975376,93.583596880097033,10.849004928498081,28.1,43.1
11.103925,36,0,-0.11562623083591461,0.04112530127167702,-0.02658933587372303,0.0,0.12556953629050346,160.42082449100843,-12.224920184048917,35.5,53.2
11.103925,36,1,0.43937966227531433,1.7667738199234009,-1.5419461727142334,0.0,2.3858210783577145,76.034399805004156,-40.262900716246868,23.0,55.1
11.103925,36,2,-1.8500198125839233,1.662780523300171,1.7014079093933105,0.0,3.0136690677255125,138.05109243012265,34.371993583838,13.100000000000001,65.2
11.401794,37,0,-0.11562623083591461,0.04113626480102539,-0.026572369039058685,0.0,0.12556953585742131,160.41600200725847,-12.216998968948381,35.2,53.400000000000006
11.401794,37,1,-0.16187672317028046,2.490841865539551,0.8503304123878479,0.0,2.636960197435787,93.718352654072163,18.812133152337239,21.3,58.1
11.401794,37,2,-1.8500198125839233,1.4405804872512817,1.8932394981384277,0.0,3.0136690668541628,142.09268527715236,38.918731376661356,13.5,64.8
11.401794,37,3,0.48563018441200256,1.1509511470794678,-1.8836700916290283,-0.08526057749986649,2.2602518074482965,67.123263884745086,-56.448510999232553,27.1,49.2
11.69211,38,0,-0.11562623083591461,0.04115653783082962,-0.026540962979197502,0.0,0.12556953682881788,160.40708535160627,-12.202337040641936,35.300000000000004,53.300000000000004
11.69211,38,1,-0.08093836158514023,2.3071188926696777,1.2744455337524414,0.0,2.6369603754685036,92.009226935802516,28.901217094101369,18.3,58.300000000000004
11.69211,38,2,-1.8500198125839233,1.6084401607513428,1.7528685331344604,0.0,3.0136690515257003,138.99572298142613,35.565929160690743,12.8,65.0
11.69211,38,3,0.4162544310092926,1.3131122589111328,-1.7919838428497314,-0.08526057749986649,2.2602516782146318,72.4114703599821,-52.450293363834085,27.3,48.7
12.00202,39,0,-0.11562623083591461,0.041109781712293625,-0.026613328605890274,0.0,0.12556953718652364,160.42765151111408,-12.236121919124868,34.7,53.900000000000006
12.00202,39,1,-1.8500198125839233,1.5598124265670776,1.796277642250061,0.0,3.01366910610199,139.8646628695937,36.587050975908859,12.4,65.8
12.00202,39,2,0.6475068926811218,3.0806515216827393,-1.5659518241882324,-0.25578173995018005,3.5159471113476939,78.130066523557687,-26.448004889362643,14.700000000000001,47.900000000000006
12.00202,39,3,0.48563018441200256,1.3553088903427124,-1.742423415184021,-0.08526057749986649,2.2602518050065963,70.286536001076115,-50.434589894369424,27.1,49.800000000000004
12.284694,40,0,-0.11562623083591461,0.04111345112323761,-0.026607654988765717,0.0,0.12556953621234829,160.42603729307132,-12.233473051372705,34.9,53.7
12.284694,40,1,0.4162544310092926,1.4813261032104492,-1.6556397676467896,0.0,2.2602517150974668,74.304572606627289,-47.09658993078704,26.8,53.7
12.284694,40,2,-0.08093836158514023,2.502457618713379,0.8274745941162109,0.0,2.6369602491771675,91.85250308354594,18.288305259262891,15.700000000000001,58.7
12.284694,40,3,-1.0521987676620483,1.1822153329849243,-2.1092188358306885,0.0,2.6369602647057753,131.66981606774993,-53.117452169462183,15.700000000000001,58.7
12.284694,40,4,-1.8500198125839233,1.542807936668396,1.810903549194336,0.0,3.0136690762067242,140.17387716095797,36.934140051318622,11.3,67.4
12.284694,40,5,0.5395891070365906,3.0910212993621826,-1.586289405822754,0.34104230999946594,3.5159469786344513,80.097849865244342,-26.818767577723079,14.700000000000001,44.0
12.284694,40,6,0.33917027711868286,2.5107803344726562,-1.1011433601379395,-0.7673451900482178,2.762529830505231,82.306735345551033,-23.490663549733338,24.900000000000002,41.5
12.613153,41,0,-0.11562623083591461,0.041071683168411255,-0.026672082021832466,0.0,0.12556953601485485,160.44441342985272,-12.263555074033787,35.4,53.2
12.613153,41,1,-0.16187672317028046,2.4938745498657227,0.84139484167099,0.0,2.6369602999595685,93.713843601415263,18.607148419806617,22.400000000000002,58.2
12.613153,41,2,-1.8500198125839233,1.6121689081192017,1.7494397163391113,0.0,3.0136690621838329,138.93002089169104,35.48583033830613,12.9,64.60000000000001
12.613153,41,3,0.30833661556243896,2.071420192718506,-1.3860845565795898,-0.25578173995018005,2.5113907464365059,81.533530693945082,-33.498772106484743,26.3,39.6
12.906,42,0,-0.11562623083591461,0.04117932915687561,-0.026505589485168457,0.0,0.12556953723370484,160.39706225700095,-12.185823954184759,34.7,53.900000000000006
12.906,42,1,0.3931291997432709,1.3442554473876953,-1.6109918355941772,0.0,2.1346821706927179,73.698374517141119,-48.997003341502712,19.0,51.900000000000006
12.906,42,2,-0.24281509220600128,2.541991949081421,0.6579341888427734,0.0,2.6369603021369072,95.4564281895621,14.448209310174477,21.3,58.400000000000006
12.906,42,3,-1.8500198125839233,1.555820345878601,1.7997363805770874,0.0,3.0136690752595214,139.93700472622547,36.668989496849676,13.5,64.3
13.196611,43,0,-0.11562623083591461,0.04113411903381348,-0.026575691998004913,0.0,0.12556953615897834,160.41694583456024,-12.218550300881709,35.1,53.6
13.196611,43,1,0.4162544310092926,1.4800337553024292,-1.6567951440811157,0.0,2.2602517155441442,74.291543793068769,-47.13962950025789,27.1,53.6
13.496552,44,0,-0.11562623083591461,0.04113100469112396,-0.026580514386296272,0.0,0.12556953670879564,160.41831571469834,-12.220801650340823,35.300000000000004,53.400000000000006
13.496552,44,1,0.4162544310092926,1.369144320487976,-1.749546766281128,0.0,2.2602517136514031,73.089404379529668,-50.718938570223777,26.200000000000003,53.400000000000006
13.496552,44,2,-1.8500198125839233,1.6337584257125854,1.729295015335083,0.0,3.0136690512733288,138.55217366528987,35.016839184663219,11.3,66.4
13.496552,44,3,0.40469181537628174,2.382908582687378,-1.0542916059494019,1.0231269598007202,2.6369602896617703,80.361364369050449,-23.566502989462816,23.700000000000003,40.300000000000004
13.496552,44,4,-3.0178449153900146,1.5966434478759766,-1.2664856910705566,1.278908610343933,3.6415167497455116,152.11814113731157,-20.352244388714325,13.600000000000001,42.5
13.496552,44,5,0.558860182762146,3.1899635791778564,-1.6650679111480713,1.278908610343933,3.6415166468235651,80.063009781048919,-27.209521335877277,13.600000000000001,42.5
13.808794,45,0,-0.11562623083591461,0.04111389070749283,-0.026606976985931396,0.0,0.12556953647584179,160.42584391683539,-12.233156473256848,35.2,53.5
13.808794,45,1,0.3661497235298157,1.4997541904449463,-1.819014549255371,0.0,2.3858210708686554,76.280202241840385,-49.678632023948254,23.700000000000003,55.2
13.808794,45,2,-0.16958513855934143,2.6025428771972656,0.9108144640922546,0.0,2.7625299156516068,93.728198149353119,19.250751188736213,16.900000000000002,60.7
13.808794,45,3,-1.8500198125839233,1.6056212186813354,1.7554510831832886,0.0,3.0136690777658672,139.04548104135472,35.626311210240161,11.9,66.3
13.808794,45,4,-0.16187672317028046,2.5214831829071045,0.7546373605728149,-0.25578173995018005,2.6369601933210891,93.673291330104973,16.629216453653928,28.6,40.7
14.097289,46,0,-0.11562623083591461,0.04110690578818321,-0.02661776915192604,0.0,0.12556953689260786,160.42891668735325,-12.238195220348452,35.1,53.6
14.097289,46,1,-0.16187672317028046,2.170473098754883,1.4887584447860718,0.0,2.6369602296668817,94.265297498455183,34.372694860125087,23.200000000000003,58.1
14.097289,46,2,-1.8500198125839233,1.7037317752838135,1.660399317741394,0.0,3.0136690534000041,137.35721531282113,33.432629479167574,11.600000000000001,66.0
14.389581,47,0,-0.11562623083591461,0.0411234013736248,-0.026592275127768517,0.0,0.12556953649005556,160.42166022091266,-12.226292429611178,35.4,53.300000000000004
14.389581,47,1,0.4162544310092926,1.1198010444641113,-1.9187276363372803,0.0,2.2602517277865823,69.60880355907004,-58.092225479503128,22.700000000000003,53.300000000000004
14.389581,47,2,-0.16187672317028046,2.4121413230895996,1.0530569553375244,0.0,2.6369601413835455,93.839313614036271,23.537240202946844,22.8,58.2
14.389581,47,3,-1.8500198125839233,1.6692456007003784,1.6950654983520508,0.0,3.0136690638014834,137.94052957334691,34.226029976647894,12.100000000000001,65.5
14.389581,47,4,1.2950139045715332,4.928438663482666,3.2190425395965576,0.0,6.0273380147853555,75.277571605769069,32.281111846482951,11.4,70.10000000000001
14.701935,48,0,-0.11562623083591461,0.04110214114189148,-0.026625121012330055,0.0,0.1255695358464361,160.4310127937766,-12.241627912183542,34.800000000000004,53.900000000000006
14.701935,48,1,0.48563018441200256,1.3931118249893188,-1.712349534034729,0.0,2.2602517912051434,70.781760460740372,-49.2524047053317,23.3,53.900000000000006
14.701935,48,2,-1.8500198125839233,1.7397470474243164,1.6226238012313843,0.0,3.0136690422634778,136.75949527162197,32.576238891519814,11.3,66.4
14.998332,49,0,-0.11562623083591461,0.04109618067741394,-0.026634324342012405,0.0,0.12556953673859905,160.43363505214637,-12.245924927195309,34.6,54.0
14.998332,49,1,0.43937966227531433,1.912527322769165,-1.3569550514221191,0.0,2.3858210870766832,77.061508947035435,-34.663669121850937,20.3,55.800000000000004
14.998332,49,2,-0.16187672317028046,2.5996830463409424,0.4111001491546631,0.0,2.6369602476282905,93.563085804231491,8.9689540515474153,18.8,58.7
14.998332,49,3,-1.7575188875198364,1.8108866214752197,1.6474275588989258,0.0,3.0136689528955518,134.14316969732474,33.13761432117316,12.4,65.7
15.302266,50,0,-0.11562623083591461,0.04111023619771004,-0.026612622663378716,0.0,0.12556953636362245,160.42745157575405,-12.235792400482522,34.5,54.2
15.302266,50,1,0.4162544310092926,1.5481336116790771,-1.5933462381362915,0.0,2.2602516818992626,74.950519717573471,-44.824854827403229,23.6,54.2
15.302266,50,2,-0.15416830778121948,2.353350877761841,0.8631659150123596,0.0,2.5113907736204006,93.7480979924703,20.102481136607082,18.1,57.300000000000004
15.302266,50,3,-1.8500198125839233,1.6746212244033813,1.6897549629211426,0.0,3.0136690904762533,137.84889025427023,34.104007794094883,11.4,66.60000000000001
15.600911,51,0,-0.11562623083591461,0.041125889867544174,-0.026588423177599907,0.0,0.12556953580303112,160.42056558036606,-12.224494118356313,34.6,54.1
15.600911,51,1,0.3931291997432709,0.9531680345535278,-1.8691678047180176,0.0,2.1346822133469403,67.586555379016531,-61.118291128541685,19.200000000000003,52.300000000000004
15.600911,51,2,-0.23125246167182922,2.3897693157196045,0.7366195917129517,0.0,2.5113907514123688,95.527171110144309,17.056310412180714,18.2,57.400000000000006
15.600911,51,3,0.5395891070365906,1.7392592430114746,-1.7294230461120605,0.0,2.5113906886935995,72.763979633209274,-43.521887350826155,18.2,57.400000000000006
15.600911,51,4,-1.8500198125839233,1.6530293226242065,1.710883378982544,0.0,3.0136690569615014,138.21858146083474,34.59053667272056,12.4,65.4
15.902339,52,0,-0.11562623083591461,0.041119083762168884,-0.02659894898533821,0.0,0.12556953609010865,160.42355949033055,-12.229408355264781,34.5,54.2
15.902339,52,1,-0.08093836158514023,2.37960147857666,1.1333600282669067,0.0,2.6369602137486789,91.948073842071182,25.454736643045809,26.700000000000003,59.0
15.902339,52,2,-1.7575188875198364,1.6920346021652222,1.769278645515442,0.0,3.0136689699418451,136.08753860016657,35.950394452736013,12.3,65.9
16.198308,53,0,-0.11562623083591461,0.0411376915872097,-0.026570161804556847,0.0,0.12556953621306771,160.41537443376978,-12.215968465944933,35.4,53.300000000000004
16.198308,53,1,0.3468787372112274,1.2222099304199219,-1.8693891763687134,0.0,2.26025172604089,74.155382997558064,-55.799047560402222,25.200000000000003,53.300000000000004
16.198308,53,2,-0.16187672317028046,2.408691644668579,1.0609239339828491,0.0,2.6369602018798495,93.844795719559016,23.723817862813902,26.700000000000003,58.800000000000004
16.198308,53,3,-1.7575188875198364,1.8390262126922607,1.6159549951553345,0.0,3.0136689594787414,133.70174671952458,32.425907945774476,11.3,66.60000000000001
16.508894,54,0,-0.11562623083591461,0.041166868060827255,-0.02652493678033352,0.0,0.1255695367294889,160.40254220223795,-12.194855576444873,34.9,53.800000000000004
16.508894,54,1,0.4162544310092926,1.4871915578842163,-1.650373101234436,0.0,2.2602517236925452,74.363441353777318,-46.900836863058665,28.700000000000003,53.800000000000004
16.508894,54,2,-0.16187672317028046,2.403329372406006,1.073015809059143,-0.08526057749986649,2.6369601954266662,93.853348354655353,24.011118918941204,22.400000000000002,54.400000000000006
16.797477,55,0,-0.11562623083591461,0.04114312306046486,-0.02656175196170807,0.0,0.12556953651170363,160.41298543897443,-12.212042260203912,35.300000000000004,53.400000000000006
16.797477,55,1,0.5126096606254578,1.605725884437561,-1.6884957551956177,0.0,2.3858210736417251,72.29491060833999,-45.049793540519069,21.5,55.400000000000006
16.797477,55,2,-1.7575188875198364,1.774794101715088,1.686248540878296,0.0,3.0136690072212327,134.71979012751274,34.023537099709323,12.4,65.5
16.797477,55,3,-0.23125246167182922,2.0251588821411133,1.467084288597107,-0.42630288004875183,2.5113905528198526,96.514376334072281,35.744524054489354,33.1,41.1
16.797477,55,4,-1.1562622785568237,2.0093421936035156,-0.9657555818557739,-0.42630288004875183,2.5113905215426753,119.91798156740745,-22.61581537504372,33.1,41.1
16.797477,55,5,-1.002094030380249,2.9633047580718994,0.93466717004776,-0.42630288004875183,3.2648078433041627,108.6838774762733,16.63570487019852,16.400000000000002,53.900000000000006
17.109451,56,0,-0.11562623083591461,0.04117203876376152,-0.026516908779740334,0.0,0.12556953645099581,160.40026826635048,-12.191107989998175,35.2,53.5
17.109451,56,1,0.5126096606254578,1.594569444656372,-1.69903564453125,0.0,2.3858211373416069,72.178848287096471,-45.4091961124724,22.3,55.5
17.109451,56,2,-1.8500198125839233,1.5642415285110474,1.7924219369888306,0.0,3.0136690705302107,139.784581444015,36.495811582254767,12.200000000000001,65.5
17.109451,56,3,-0.25437769293785095,8.280242919921875,0.23878173530101776,0.25578173995018005,8.2875899718008554,91.759632634746424,1.6510323592501372,12.100000000000001,43.6
17.109451,56,4,-0.22354406118392944,3.4846067428588867,1.0335314273834229,-0.42630288004875183,3.6415166223782967,93.67060187265605,16.488264534577468,14.600000000000001,46.5
17.109451,56,5,-0.21968983113765717,2.1123569011688232,1.0871189832687378,-0.25578173995018005,2.3858212388198954,95.937542578622725,27.10729122054892,36.2,41.1
17.109451,56,6,-0.08093836158514023,2.3335156440734863,1.2254443168640137,-0.17052115499973297,2.6369603814327767,91.9865168555246,27.6920064516496,33.1,40.400000000000006
17.109451,56,7,-1.0521987676620483,2.000762939453125,-1.3577128648757935,-0.17052115499973297,2.6369601456995659,117.73982686351441,-30.989303194456369,33.1,40.400000000000006
17.384167,57,0,-0.11562623083591461,0.04112115874886513,-0.026595745235681534,0.0,0.12556953698573095,160.42264672109536,-12.227912497643999,35.2,53.5
17.384167,57,1,0.43937966227531433,1.729982852935791,-1.5831130743026733,0.0,2.3858210672850322,75.749378103495346,-41.571229590879696,24.900000000000002,55.5
17.384167,57,2,-1.9425207376480103,1.3378041982650757,1.875924825668335,0.0,3.0136689998483583,145.44501219993469,38.496884801563482,11.700000000000001,65.60000000000001
17.384167,57,3,-2.3125245571136475,2.9522032737731934,0.3572996258735657,-0.34104230999946594,3.767086011704567,128.07236482792462,5.4425568639491928,14.700000000000001,43.0
17.384167,57,4,-1.0406360626220703,3.6100411415100098,0.2749829888343811,-0.34104230999946594,3.767085889964914,106.08023762119605,4.1860978888650564,14.700000000000001,43.0
17.700399,58,0,-0.11562623083591461,0.04115096107125282,-0.026549607515335083,0.0,0.12556953656690109,160.40953807075749,-12.2063726633544,34.6,54.1
17.700399,58,1,0.5126096606254578,1.4672142267227173,-1.810153603553772,0.0,2.3858210996893279,70.74180305525563,-49.350874211689742,24.400000000000002,56.1
18.037393,59,0,-0.11562623083591461,0.04114120453596115,-0.026564722880721092,0.0,0.12556953639207047,160.413829280205,-12.213429253429476,35.2,53.5
18.037393,59,1,0.4162544310092926,1.4638891220092773,-1.6710771322250366,0.0,2.2602517325991403,74.126986856245267,-47.674569557590551,26.6,53.5
18.037393,59,2,1.2950139045715332,4.956902027130127,3.1750383377075195,0.0,6.0273383151697146,75.358467884781149,31.787669234576263,11.3,70.2
18.037393,59,3,3.7000396251678467,4.103292942047119,-2.408629894256592,0.0,6.0273380661426685,47.958246189547815,-23.554270028118182,11.3,70.2
18.319644,60,0,-0.11562623083591461,0.041138794273138046,-0.0265684574842453,0.0,0.12556953684974687,160.4148894194897,-12.215172728078949,35.300000000000004,53.400000000000006
18.319644,60,1,0.48563018441200256,1.3527147769927979,-1.7444380521774292,0.0,2.2602517695582707,70.251652642675978,-50.514836303625337,20.0,53.400000000000006
18.319644,60,2,-0.15416830778121948,2.2165749073028564,1.1705173254013062,0.0,2.5113906497941372,93.978656833548669,27.780356077427012,16.7,56.800000000000004
18.319644,60,3,-1.9425207376480103,1.190090298652649,1.9729417562484741,0.0,3.0136690111371776,148.50617475539349,40.894206405866051,11.4,65.3
18.613552,61,0,-0.11562623083591461,0.04115742817521095,-0.026539580896496773,0.0,0.12556953653446187,160.40669377544091,-12.201691866837272,35.0,53.7
18.613552,61,1,0.3468787372112274,1.4151158332824707,-1.727964162826538,0.0,2.2602517178289712,76.227001581717516,-49.862598108909658,22.200000000000003,53.7
18.613552,61,2,-1.8500198125839233,1.5069869756698608,1.8408199548721313,0.0,3.0136690525084342,140.83446888159713,37.6490730568473,12.200000000000001,65.4
18.613552,61,3,1.4800158739089966,4.6503119468688965,3.537365436553955,0.0,6.0273379216649827,72.345723238463833,35.936400274846314,11.5,69.9
18.613552,61,4,3.7000396251678467,4.058592319488525,-2.4832119941711426,0.0,6.0273382725394544,47.645949720523234,-24.329997778458214,11.5,69.9
18.897634,62,0,-0.11562623083591461,0.041140180081129074,-0.026566309854388237,0.0,0.12556953648758645,160.41427987865904,-12.214170129833606,35.0,53.7
18.897634,62,1,-0.07708415389060974,2.0779314041137695,1.4083120822906494,0.0,2.5113908115044694,92.124503422844157,34.109050149016419,22.6,56.800000000000004
18.897634,62,2,-1.002094030380249,1.989943504333496,-1.1588854789733887,0.0,2.5113906803876982,116.72887170025341,-27.480822278681316,22.6,56.800000000000004
18.897634,62,3,-1.8500198125839233,1.5720880031585693,1.7855439186096191,0.0,3.0136690398767989,139.64317476054538,36.333319486257913,12.5,65.10000000000001
19.212273,63,0,-0.11562623083591461,0.04114828631281853,-0.02655375376343727,0.0,0.1255695367624296,160.41071448495302,-12.208308291516804,35.1,53.5
19.212273,63,1,-1.8500198125839233,1.2613356113433838,2.017091989517212,0.0,3.0136690139380846,145.71400113394887,42.01416989344203,13.5,63.800000000000004
19.212273,63,2,-2.374191999435425,2.083747148513794,1.5437273979187012,0.0,3.51594711396622,138.72768155785141,26.044204814693352,12.0,70.5
19.212273,63,3,-1.0791782140731812,2.6103310585021973,-2.0936641693115234,0.0,3.5159470284078931,112.46146389754874,-36.546615030835724,12.0,70.5
19.212273,63,4,-0.07322994619607925,2.0971267223358154,1.1352708339691162,-0.08526057749986649,2.385821238277456,91.999909058741636,28.414101657390585,24.0,51.5
19.512446,64,0,-0.11562623083591461,0.04114629328250885,-0.026556842029094696,0.0,0.12556953677850666,160.41159107216788,-12.209750034744067,35.2,53.5
19.512446,64,1,-0.1464598923921585,2.039182186126709,1.2298082113265991,0.0,2.3858211846117796,94.108092425062765,31.028566364675218,23.0,55.5
19.512446,64,2,-1.0252193212509155,1.7951229810714722,-1.1910505294799805,0.0,2.3858211453526139,119.73127930701422,-29.948433887962377,23.0,55.5
19.512446,64,3,-1.8500198125839233,1.5185966491699219,1.831254243850708,0.0,3.0136690587130497,140.61899292007348,37.419733821414027,12.600000000000001,65.7
19.512446,64,4,1.2950139045715332,4.819499969482422,3.379965305328369,0.0,6.0273382544949445,74.9597129580362,34.109235404420588,11.5,70.0
19.512446,64,5,3.515037775039673,4.249375820159912,-2.432307004928589,0.0,6.02733795196024,50.402814879984739,-23.80003246607285,11.5,70.0
19.512446,64,6,0.43937966227531433,1.6185375452041626,-1.6968865394592285,0.17052115499973297,2.3858210747360333,74.812107743523256,-45.335729488853154,34.9,40.6
19.792192,65,0,-0.11562623083591461,0.041126251220703125,-0.026587864384055138,0.0,0.12556953583291414,160.4204066293081,-12.224233229689435,35.4,53.300000000000004
19.792192,65,1,-0.1464598923921585,1.8156442642211914,1.5408204793930054,0.0,2.3858211047762414,94.6118083631345,40.22748273932293,24.0,55.400000000000006
19.792192,65,2,-1.8500198125839233,1.3389241695404053,1.966446042060852,0.0,3.0136690719236756,144.1054229066894,40.731034144150684,11.5,65.9
19.792192,65,3,-0.08093836158514023,2.476802110671997,0.9013659358024597,-0.08526057749986649,2.6369604214000617,91.871678324182369,19.987800034789064,21.900000000000002,54.1
20.100754,66,0,-0.11562623083591461,0.041119176894426346,-0.02659880369901657,0.0,0.12556953581189251,160.42351852201034,-12.229340551208983,35.2,53.5
20.100754,66,1,-0.21968983113765717,1.6455820798873901,1.7134580612182617,0.0,2.3858211439891392,97.604183821254438,45.904733290112944,17.0,55.300000000000004
20.100754,66,2,-1.8500198125839233,1.2007168531417847,2.0537543296813965,0.0,3.013669045375893,147.01525245764697,42.959381878758464,13.8,63.800000000000004
20.100754,66,3,-2.482109785079956,1.8137472867965698,1.7062636613845825,0.0,3.5159470826099053,143.84335203498011,29.031654982256725,11.3,70.9
20.100754,66,4,-1.0791782140731812,2.762977123260498,-1.887648105621338,0.0,3.5159470377192634,111.33488513547985,-32.47162321171372,11.3,70.9
20.100754,66,5,1.2950139045715332,4.861299514770508,3.3195650577545166,0.0,6.0273382315916475,75.083247611097732,33.41857843864598,12.0,69.3
20.100754,66,6,3.7000396251678467,4.063793182373047,-2.4746909141540527,0.0,6.0273380009346162,47.682478377418249,-24.241133728870864,12.0,69.3
20.399497,67,0,-0.11562623083591461,0.04114215448498726,-0.02656325325369835,0.0,0.12556953673724724,160.41341145480095,-12.212743119163161,35.5,53.2
20.399497,67,1,-0.9519892930984497,2.037095069885254,-0.7975608110427856,0.0,2.3858212810762081,115.04794852180811,-19.529486597636552,17.1,55.2
20.399497,67,2,-1.8307485580444336,0.7426543235778809,1.3375226259231567,0.0,2.3858211378825258,157.91976518418113,34.098209514035531,17.1,55.2
20.399497,67,3,-1.8500198125839233,1.558350682258606,1.7975457906723022,0.0,3.0136690305029563,139.89113378806076,36.61708457798661,14.0,63.400000000000006
20.399497,67,4,-2.374191999435425,1.9986860752105713,1.6523772478103638,0.0,3.5159471336334351,139.90803857512756,28.032119770040573,12.200000000000001,70.2
20.399497,67,5,-1.0791782140731812,2.758213996887207,-1.8946012258529663,0.0,3.5159470808529307,111.36840798967927,-32.606028739436766,12.200000000000001,70.2
20.399497,67,6,1.2950139045715332,4.817884922027588,3.3822672367095947,0.0,6.0273383674266654,74.954899714665174,34.135667450048729,11.9,69.9
20.399497,67,7,3.7000396251678467,4.147153854370117,-2.3323006629943848,0.0,6.027338110827464,48.261049954566083,-22.765080779318051,11.9,69.9
20.399497,67,8,-0.07708415389060974,2.3035545349121094,0.9973854422569275,-0.17052115499973297,2.5113906869543858,91.9165811723733,23.399799348450639,28.200000000000003,41.1
20.690923,68,0,-0.11562623083591461,0.04111457243561745,-0.026605920866131783,0.0,0.12556953591145709,160.42554402070959,-12.232663439153937,35.2,53.5
20.690923,68,1,-1.8500198125839233,1.412406086921692,1.9143502712249756,0.0,3.0136690631629808,142.63991037143936,39.436485746666214,13.200000000000001,63.900000000000006
20.690923,68,2,1.2950139045715332,4.837869167327881,3.3536195755004883,0.0,6.0273379986852778,75.014246757700064,33.807297219103567,11.5,69.8
20.690923,68,3,3.7000396251678467,4.136716365814209,-2.3507637977600098,0.0,6.0273382144912357,48.189315557407035,-22.955551303959947,11.5,69.8
20.690923,68,4,0.6937574148178101,1.1472232341766357,2.123596668243408,0.08526057749986649,2.5113907121401668,58.837493626237723,57.734768614475684,24.700000000000003,52.2
20.690923,68,5,-0.07708415389060974,2.07820200920105,1.4079124927520752,-0.08526057749986649,2.511390679499244,92.124227042238971,34.098042407515557,24.700000000000003,52.400000000000006
20.690923,68,6,-1.002094030380249,2.000185012817383,-1.1411179304122925,-0.08526057749986649,2.5113905833883026,116.61090012287845,-27.024851643229546,24.700000000000003,52.400000000000006
21.01139,69,0,-0.11562623083591461,0.04111417382955551,-0.026606537401676178,0.0,0.12556953603288462,160.42571936967494,-12.232951280238037,35.2,53.5
21.01139,69,1,0.728445291519165,0.8140244483947754,-2.4000606536865234,0.0,2.6369602740077527,48.175623120949545,-65.527728232764517,16.5,58.1
21.01139,69,2,-1.7729356288909912,1.5762168169021606,1.647227168083191,0.0,2.8880992956177325,138.36151390799768,34.774629520096184,16.1,61.2
21.01139,69,3,0.5318806767463684,1.3458622694015503,-2.499375104904175,0.0,2.88809941267776,68.436218882817272,-59.928960714127228,16.1,61.2
21.01139,69,4,0.6783405542373657,1.5639461278915405,-2.173820972442627,-0.596824049949646,2.7625298222284238,66.551861116623755,-51.896286140051551,19.900000000000002,41.0
21.298377,70,0,-0.11562623083591461,0.04112473130226135,-0.026590216904878616,0.0,0.12556953618235556,160.42107520906919,-12.225331525731937,35.2,53.5
21.298377,70,1,-1.8500198125839233,1.4439350366592407,1.890682339668274,0.0,3.013669093742489,142.02806647176979,38.856272255238743,14.5,63.300000000000004
21.298377,70,2,1.2950139045715332,4.861439228057861,3.3193602561950684,0.0,6.0273381265315464,75.083657195199052,33.416246659920617,11.8,70.3
21.298377,70,3,3.7000396251678467,4.079076766967773,-2.4494173526763916,0.0,6.0273382073864665,47.789528450473234,-23.977921674167639,11.8,70.3
21.298377,70,4,-1.2333464622497559,2.175349712371826,-0.2319345921278,0.17052115499973297,2.5113907545592471,119.55170543625586,-5.298990777781337,33.300000000000004,41.5
21.298377,70,5,-0.30833661556243896,1.3973959684371948,2.0638062953948975,0.17052115499973297,2.5113907274680769,102.44298335171075,55.2632023456748,33.300000000000004,41.5
21.298377,70,6,-0.0886467844247818,2.489252805709839,1.461807131767273,-0.25578173995018005,2.8880993531401962,92.039544209942264,30.407621523801204,27.3,39.800000000000004
21.298377,70,7,-1.1524081230163574,2.2918636798858643,-1.326813817024231,-0.25578173995018005,2.8880994640455979,116.69442854533845,-27.348864695303906,27.3,39.800000000000004
21.608943,71,0,-0.11562623083591461,0.041115012019872665,-0.026605242863297462,0.0,0.12556953618823924,160.4253506456576,-12.23234686069434,35.300000000000004,53.400000000000006
21.608943,71,1,-1.6842888593673706,1.8507709503173828,1.4418513774871826,0.0,2.8880992827618361,132.30367261395313,29.94965577966979,15.700000000000001,61.400000000000006
21.608943,71,2,0.5318806767463684,1.7391023635864258,-2.243600606918335,0.0,2.8880993349766189,72.994464614003618,-50.972452346241923,15.700000000000001,61.400000000000006
21.608943,71,3,1.2950139045715332,4.86973237991333,3.3071815967559814,0.0,6.02733810059892,75.107930118908811,33.277659192308782,11.700000000000001,70.3
21.608943,71,4,3.7000396251678467,4.122470855712891,-2.375656843185425,0.0,6.02733810405457,48.091084404734531,-23.2127812334575,11.700000000000001,70.3
21.608943,71,5,-0.30833661556243896,1.606770634651184,1.9053345918655396,0.08526057749986649,2.5113906999575533,100.86290756438989,49.34771159099428,24.400000000000002,52.6
21.608943,71,6,-1.2333464622497559,2.129568099975586,-0.500878632068634,0.08526057749986649,2.5113906889292559,120.07742045261101,-11.504373694929271,24.400000000000002,52.6
21.90504,72,0,-0.11562623083591461,0.041155699640512466,-0.026542257517576218,0.0,0.12556953573359114,160.40745399199665,-12.202941484344883,35.300000000000004,53.400000000000006
21.90504,72,1,-1.2950137853622437,2.2968478202819824,0.03143654391169548,0.0,2.636960157094804,119.41526886904896,0.68306832440901921,21.700000000000003,58.2
21.90504,72,2,-0.3237534463405609,0.599706768989563,2.547370195388794,0.0,2.63696026044088,118.36252107828642,75.0220256610043,21.700000000000003,58.2
21.90504,72,3,-1.8500198125839233,1.839849591255188,1.508171558380127,0.0,3.0136690718958641,135.1579213840588,30.029356169859824,14.4,63.400000000000006
21.90504,72,4,1.2950139045715332,4.837609767913818,3.353994131088257,0.0,6.0273382111030793,75.013479352135548,33.811581039831857,11.600000000000001,70.5
21.90504,72,5,3.7000396251678467,4.064218997955322,-2.4739913940429688,0.0,6.027337945474093,47.685466862084155,-24.233841522711717,11.600000000000001,70.5
22.198133,73,0,-0.11562623083591461,0.041165541857481,-0.02652699500322342,0.0,0.1255695367421624,160.40312544110617,-12.195816398890987,35.2,53.5
22.198133,73,1,0.5665684938430786,1.1705642938613892,-2.2939789295196533,0.0,2.6369603624929523,64.172408125623136,-60.450858589359193,15.5,58.300000000000004
22.198133,73,2,-1.9425207376480103,1.634572982788086,1.6238796710968018,0.0,3.0136689994846426,139.92039413925721,32.604578107691452,14.4,63.400000000000006
22.198133,73,3,-2.374191999435425,2.1053004264831543,1.5142016410827637,0.0,3.5159471193109639,138.43518557522052,25.509883416946927,11.600000000000001,70.8
22.198133,73,4,-1.0791782140731812,2.6785025596618652,-2.0057125091552734,0.0,3.5159471340205455,111.94468097818144,-34.7824144821114,11.600000000000001,70.8
22.198133,73,5,1.2950139045715332,4.864552974700928,3.3147952556610107,0.0,6.0273380727861943,75.09277976797712,33.364273502515054,11.3,70.2
22.198133,73,6,3.515037775039673,4.18187141418457,-2.5466184616088867,0.0,6.0273381084635629,49.951544641780288,-24.993238202203383,11.3,70.2
22.496175,74,0,-0.11562623083591461,0.04115841165184975,-0.026538051664829254,0.0,0.12556953568914905,160.40626124164012,-12.200978055114184,35.2,53.5
22.496175,74,1,-0.24281509220600128,1.1954896450042725,-2.337820529937744,0.0,2.6369602747318446,101.48112870699985,-62.443971457321247,19.6,58.1
22.496175,74,2,-1.2950137853622437,2.2456555366516113,-0.48324885964393616,0.0,2.6369601729869658,119.97098121139959,-10.559693281485337,19.6,58.1
22.496175,74,3,-1.8500198125839233,1.6199694871902466,1.7422189712524414,0.0,3.0136690910205122,138.79299500844127,35.317410490203159,13.700000000000001,63.5
22.496175,74,4,1.2950139045715332,4.915337562561035,3.2390124797821045,0.0,6.0273382359994772,75.2400422177002,32.505928885471,11.5,70.10000000000001
22.785923,75,0,-0.11562623083591461,0.04121140390634537,-0.02645568735897541,0.0,0.12556953636486837,160.38295864431075,-12.162530487450518,35.4,53.300000000000004
22.785923,75,1,0.585839569568634,0.5718488693237305,-2.240964889526367,0.0,2.3858211933648996,44.307612455521877,-69.931744220144481,17.8,55.2
22.785923,75,2,-0.8787593245506287,2.1286089420318604,-0.6236573457717896,0.0,2.3858211298246537,112.43243476089773,-15.153241531323484,17.8,55.2
22.785923,75,3,-1.8500198125839233,1.4047679901123047,1.9199621677398682,0.0,3.0136690492735916,142.78965554147783,39.574768055954131,15.200000000000001,63.300000000000004
22.785923,75,4,1.2950139045715332,4.866890907287598,3.311361789703369,0.0,6.0273381370867023,75.099622216131408,33.32520281493386,11.600000000000001,70.0
22.785923,75,5,3.7000396251678467,4.033031463623047,-2.5245132446289062,0.0,6.0273379809574674,47.465675997175971,-24.761614306733453,11.600000000000001,70.0
23.090425,76,0,-0.11562623083591461,0.04113554581999779,-0.026573484763503075,0.0,0.12556953643183316,160.41631825371579,-12.217519800014681,35.1,53.6
23.090425,76,1,-1.8500198125839233,1.442204475402832,1.8920027017593384,0.0,3.0136690726238755,142.06138814577182,38.888515624364722,14.100000000000001,63.900000000000006
23.090425,76,2,1.2950139045715332,4.876461982727051,3.297250747680664,0.0,6.0273381334629423,75.127570072180745,33.164813095135727,11.600000000000001,70.0
23.090425,76,3,3.7000396251678467,4.072145938873291,-2.460922956466675,0.0,6.0273383489695629,47.741037727552516,-24.097678947914371,11.600000000000001,70.0
23.391863,77,0,-0.11562623083591461,0.04115485027432442,-0.02654357999563217,0.0,0.12556953690050304,160.40782754931465,-12.203558749464174,35.1,53.6
23.391863,77,1,0.6166732311248779,0.6964609622955322,2.3327536582946777,0.0,2.5113907255293464,48.477090774042296,68.259234643151032,21.700000000000003,56.800000000000004
23.391863,77,2,-1.7575188875198364,1.9251428842544556,1.5123335123062134,0.0,3.0136689295987664,132.39386244307002,30.120794913651654,14.3,63.900000000000006
23.391863,77,3,1.2950139045715332,4.741648197174072,3.488340377807617,0.0,6.0273383205392355,74.724221266843585,35.362885847857193,11.3,70.10000000000001
23.391863,77,4,3.7000396251678467,4.140920162200928,-2.343350887298584,0.0,6.0273382515449914,48.2182314446905,-22.879045380322204,11.3,70.10000000000001
23.696982,78,0,-0.11562623083591461,0.04114192724227905,-0.026563605293631554,0.0,0.12556953675444155,160.41351140499441,-12.212907468295571,35.1,53.6
23.696982,78,1,-1.7575188875198364,1.7226265668869019,1.7395073175430298,0.0,3.0136689660145595,135.57443453213313,35.2542551080998,14.9,63.1
23.696982,78,2,1.2950139045715332,4.9221320152282715,3.228677749633789,0.0,6.0273381022926733,75.259528917075329,32.389513096255648,11.700000000000001,69.8
23.696982,78,3,-1.375952124595642,2.233821392059326,-0.26524901390075684,0.08526057749986649,2.6369602386415405,121.63154732846922,-5.773084793611444,23.3,53.900000000000006
23.696982,78,4,-0.40469181537628174,1.3567732572555542,2.224623680114746,0.08526057749986649,2.6369603059514706,106.60853727693299,57.525644027221617,23.3,53.900000000000006
23.998432,79,0,-0.11562623083591461,0.04109833389520645,-0.026631003245711327,0.0,0.125569537070721,160.43268775146697,-12.244374241585986,35.2,53.5
23.998432,79,1,-1.8500198125839233,1.4616032838821411,1.8770571947097778,0.0,3.0136690559216772,141.68959339615134,38.524396758109681,15.100000000000001,63.0
24.306076,80,0,-0.11562623083591461,0.04113113880157471,-0.026580307632684708,0.0,0.12556953687213621,160.41825672416437,-12.220705107803134,35.300000000000004,53.400000000000006
24.306076,80,1,-0.40469181537628174,1.5528457164764404,2.092475652694702,0.0,2.6369603034046416,104.60711086383317,52.515506940059645,24.6,57.6
24.306076,80,2,-1.375952124595642,2.206418752670288,-0.438213974237442,0.0,2.6369602667714478,121.94821437555682,-9.565876233374313,24.6,57.6
24.306076,80,3,-1.9425207376480103,1.1681170463562012,1.9860303401947021,0.0,3.0136689868587743,148.97978842331511,41.224219808806872,15.4,62.800000000000004
24.306076,80,4,1.2950139045715332,4.966375350952148,3.1601994037628174,0.0,6.0273381696335528,75.385199668597863,31.621868344431725,11.5,69.9
24.306076,80,5,3.7000396251678467,4.076115608215332,-2.4543418884277344,0.0,6.0273382006189005,47.76882211310533,-24.029165839188462,11.5,69.9
24.600743,81,0,-0.11562623083591461,0.041109319776296616,-0.026614036411046982,0.0,0.12556953597062687,160.42785472461131,-12.236452509585412,35.7,53.0
24.600743,81,1,-1.5416830778121948,0.8297774791717529,-0.9855028986930847,0.0,2.0091125754137282,151.70960459007884,-29.374536259382257,12.9,52.0
24.600743,81,2,-1.9425207376480103,1.5481855869293213,1.7064393758773804,0.0,3.01366898834511,141.44521665329754,34.487969446231951,14.5,62.800000000000004
24.600743,81,3,1.2950139045715332,4.973346710205078,3.149217128753662,0.0,6.0273383045069524,75.404810510202921,31.499347966564606,11.4,70.10000000000001
24.600743,81,4,3.7000396251678467,4.062961101531982,-2.4760570526123047,0.0,6.0273381080013531,47.676637628934763,-24.25537636422002,11.4,70.10000000000001
24.911132,82,0,-0.11562623083591461,0.041141338646411896,-0.026564516127109528,0.0,0.12556953659230577,160.41377029295768,-12.21333270994691,35.4,53.2
24.911132,82,1,-1.6033504009246826,0.7560300827026367,-0.9456316828727722,0.0,2.0091125587556031,154.75464989455256,-28.077882932143133,12.700000000000001,52.1
24.911132,82,2,-1.2140754461288452,2.339501142501831,-0.07946520298719406,0.0,2.6369602771270793,117.42688834716388,-1.7268785544958658,20.3,57.7
24.911132,82,3,0.728445291519165,2.109893321990967,-1.4040217399597168,0.0,2.6369602612094916,70.952654103428372,-32.170429056966093,20.3,57.7
25.200762,83,0,-0.11562623083591461,0.04115712642669678,-0.02654005028307438,0.0,0.12556953683936017,160.40682648514127,-12.201910962073196,35.0,53.7
25.200762,83,1,-0.46250492334365845,1.2677522897720337,2.1180124282836914,0.0,2.5113907140673146,110.04312174797,57.496899743036707,17.1,57.0
25.200762,83,2,-1.7575188875198364,2.110982656478882,1.239790678024292,0.0,3.0136690829053436,129.77939837433539,24.292127188523878,14.8,63.7
25.200762,83,3,-2.374191999435425,2.068023681640625,1.5647281408309937,0.0,3.5159470634123666,138.94272942803735,26.425735292779077,11.3,70.8
25.200762,83,4,-1.0791782140731812,2.7307372093200684,-1.933993935585022,0.0,3.5159470796607533,111.56376608761239,-33.371365133367263,11.3,70.8
25.499522,84,0,-0.11562623083591461,0.04111761972308159,-0.026601213961839676,0.0,0.12556953648578836,160.42420351506237,-12.230465795174016,35.5,53.2
25.499522,84,1,0.6166732311248779,0.8370180130004883,2.286087989807129,0.0,2.5113907153634383,53.619059274807952,65.545134991242918,19.200000000000003,56.6
25.499522,84,2,-1.8500198125839233,1.8279566764831543,1.52256441116333,0.0,3.0136690767556966,135.34369698188095,30.345924940952138,15.100000000000001,63.400000000000006
25.499522,84,3,1.2950139045715332,4.929854393005371,3.216874599456787,0.0,6.0273383460610725,75.28161593131432,32.256737122041272,11.600000000000001,69.8
25.499522,84,4,3.7000396251678467,4.0681962966918945,-2.4674458503723145,0.0,6.0273379995441951,47.7133640512283,-24.165624719130388,11.600000000000001,69.8
25.799303,85,0,-0.11562623083591461,0.04114910215139389,-0.026552489027380943,0.0,0.12556953666688128,160.41035566041657,-12.207717866104135,35.800000000000004,52.900000000000006
25.799303,85,1,0.6166732311248779,0.998650848865509,-2.2202463150024414,0.0,2.5113906687745176,58.304406844211563,-62.137348512620889,21.400000000000002,56.300000000000004
25.799303,85,2,-1.8500198125839233,1.3957523107528687,1.9265263080596924,0.0,3.0136690985526489,142.96717623732468,39.736864405055549,13.9,63.7
25.799303,85,3,1.2950139045715332,4.863443851470947,3.3164222240448,0.0,6.02733800923612,75.0895315386893,33.382793715526418,11.5,69.9
25.799303,85,4,3.7000396251678467,4.079237461090088,-2.4491498470306396,0.0,6.0273382570570178,47.790651655980071,-23.975138416176247,11.5,69.9
26.115929,86,0,-0.11562623083591461,0.04115372896194458,-0.026545314118266106,0.0,0.12556953598078965,160.40832071316603,-12.204368393154688,35.4,53.300000000000004
26.115929,86,1,0.6166732311248779,0.8220371007919312,-2.291517496109009,0.0,2.5113907111475311,53.123616678290176,-65.846096468340619,21.6,56.300000000000004
26.115929,86,2,-1.8615823984146118,1.2386654615402222,1.827932357788086,0.0,2.8880993501520096,146.36087711274678,39.265795668031259,14.9,60.900000000000006
26.115929,86,3,0.620527446269989,2.679853916168213,-0.8800265789031982,0.0,2.8880993928797754,76.962770005135155,-17.740588796410048,14.9,60.900000000000006
26.115929,86,4,1.2950139045715332,4.832847595214844,3.3608524799346924,0.0,6.0273382420012469,74.999377312456431,33.890083065208046,11.4,69.9
26.115929,86,5,3.515037775039673,4.1730451583862305,-2.5610554218292236,0.0,6.0273378308808505,49.891907595885655,-25.144749509987381,11.4,69.9
26.406672,87,0,-0.11562623083591461,0.04116726666688919,-0.026524318382143974,0.0,0.12556953678253463,160.40236690374147,-12.194566890023818,35.6,53.1
26.406672,87,1,0.6475068926811218,1.894107699394226,-1.7165809869766235,0.0,2.6369602647411448,71.126839524010919,-40.614746029372981,19.3,58.300000000000004
26.406672,87,2,-1.1331369876861572,2.377307415008545,-0.13405001163482666,0.0,2.6369602545234474,115.48467386612242,-2.9138898640830817,19.3,58.300000000000004
26.406672,87,3,-1.8500198125839233,1.9126845598220825,1.414660930633545,0.0,3.0136690397248027,134.04587411283387,27.996318387434737,16.2,63.5
26.406672,87,4,-0.7400079369544983,1.9489881992340088,-2.1762430667877197,0.0,3.0136689654390869,110.7911817244804,-46.230131794330745,16.2,63.5
26.406672,87,5,1.2950139045715332,4.963789939880371,3.164259195327759,0.0,6.0273383707493524,75.377913645074244,31.667199521495782,11.4,69.9
26.406672,87,6,3.515037775039673,4.1709303855896,-2.56449818611145,0.0,6.0273378690728281,49.8775966205728,-25.180907501230152,11.4,69.9
26.695437,88,0,-0.11562623083591461,0.0411544144153595,-0.026544256135821342,0.0,0.12556953697850226,160.40801924387463,-12.203874388853526,35.1,53.6
26.695437,88,1,0.6783405542373657,2.2790775299072266,-1.4061404466629028,0.0,2.7625298641991964,73.424983713599687,-30.597550288951524,18.5,59.800000000000004
26.695437,88,2,-0.25437772274017334,1.5509977340698242,2.2718427181243896,0.0,2.7625298790802284,99.31410593446698,55.323514731054985,18.5,59.800000000000004
26.695437,88,3,-1.8500198125839233,1.0997968912124634,2.1095199584960938,0.0,3.0136690203416525,149.26942942158794,44.425716684501353,12.700000000000001,63.300000000000004
26.695437,88,4,1.2950139045715332,4.928723335266113,3.218606948852539,0.0,6.0273381703561464,75.278385004438249,32.276213324222581,11.4,69.9
26.695437,88,5,3.515037775039673,4.138294219970703,-2.6168363094329834,0.0,6.0273378768213766,49.655663163491987,-25.731932412291563,11.4,69.9
26.695437,88,6,-0.3854207694530487,1.4332305192947388,2.025928020477295,-0.17052115499973297,2.5113906974261684,105.05175099184825,53.774335156151892,27.1,44.0
26.695437,88,7,-1.310430645942688,2.1132516860961914,-0.35216662287712097,-0.17052115499973297,2.511390550448664,121.80311545203789,-8.0610248291298916,27.1,44.0
26.998851,89,0,-0.11562623083591461,0.041130948811769485,-0.026580601930618286,0.0,0.12556953693659384,160.4183402941002,-12.220842499375758,34.800000000000004,53.900000000000006
26.998851,89,1,-1.5416830778121948,0.709057092666626,-1.0756322145462036,0.0,2.0091125737605897,155.30116249285419,-32.369467114477089,12.5,52.5
26.998851,89,2,0.6166732311248779,0.7828733921051025,-2.3051912784576416,0.0,2.5113907406712568,51.77232142289423,-66.620160616189608,22.400000000000002,56.7
26.998851,89,3,-1.8500198125839233,1.9003748893737793,1.431154489517212,0.0,3.0136690594656756,134.23075829243857,28.352041059786576,15.9,63.300000000000004
26.998851,89,4,1.2950139045715332,4.888180255889893,3.279853105545044,0.0,6.0273380211382577,75.1616485832627,32.967470540497636,11.5,69.8
26.998851,89,5,3.515037775039673,4.153609275817871,-2.592458486557007,0.0,6.0273378518743712,49.760062160358579,-25.474964548232695,11.5,69.8
27.301163,90,0,-0.11562623083591461,0.041166145354509354,-0.026526056230068207,0.0,0.12556953627289361,160.40286003413075,-12.195378204787502,33.7,55.0
27.301163,90,1,0.7091742753982544,2.593555212020874,-1.0543533563613892,0.0,2.8880993387966778,74.707032414282381,-21.411782663482189,15.4,62.6
27.301163,90,2,1.2950139045715332,4.87883996963501,3.2937307357788086,0.0,6.0273379382738916,75.134497986288579,33.124850695976392,11.3,70.10000000000001
27.593229,91,0,-0.11562623083591461,0.041153520345687866,-0.026545638218522072,0.0,0.12556953612477756,160.40841246491362,-12.204519681270384,34.1,54.6
27.593229,91,1,-1.310430645942688,2.1326701641082764,-0.20389360189437866,0.0,2.5113906720374781,121.56886897489937,-4.6568281695754026,18.400000000000002,57.7
27.593229,91,2,-0.30833661556243896,1.258097529411316,-2.1515581607818604,0.0,2.5113907265167597,103.77071377411262,-58.950253392352607,18.400000000000002,57.7
27.593229,91,3,-1.8500198125839233,1.5537389516830444,1.801533579826355,0.0,3.0136690721066475,139.97478342424503,36.711599943005496,13.9,63.7
27.593229,91,4,1.2950139045715332,4.869840621948242,3.3070228099823,0.0,6.02733843101199,75.108246418134115,33.275851664111833,11.4,69.9
27.901588,92,0,-0.11562623083591461,0.04111815243959427,-0.026600390672683716,0.0,0.12556953651784067,160.42396917467858,-12.23008141179727,35.9,52.7
27.901588,92,1,0.7708415389060974,0.9377418160438538,-2.198528289794922,0.0,2.5113906571238434,50.579147510763256,-61.095036847318745,20.8,56.400000000000006
27.901588,92,2,-1.310430645942688,2.1392107009887695,-0.11675480008125305,0.0,2.5113905678712434,121.49066522976504,-2.6646470038292978,20.8,56.400000000000006
27.901588,92,3,-1.8500198125839233,1.5147981643676758,1.834397554397583,0.0,3.0136690550398146,140.68934710550286,37.495017412272581,14.600000000000001,63.400000000000006
27.901588,92,4,1.2950139045715332,4.905381202697754,3.2540717124938965,0.0,6.02733842312401,75.21139590396163,32.675834447115221,11.5,69.9
28.196923,93,0,-0.11562623083591461,0.04115257039666176,-0.026547109708189964,0.0,0.12556953588124425,160.40883026437243,-12.205206653734146,35.1,53.6
28.196923,93,1,0.6783405542373657,2.315105438232422,-1.3459986448287964,0.0,2.7625299002069368,73.669081348176178,-29.158945574112167,17.400000000000002,59.6
28.196923,93,2,-1.8500198125839233,1.5541536808013916,1.801175832748413,0.0,3.0136690845178253,139.96725247265132,36.703115938526366,14.100000000000001,63.800000000000004
28.196923,93,3,1.2950139045715332,4.9366583824157715,3.2064225673675537,0.0,6.0273379429258354,75.301022663146554,32.139325780447685,11.3,70.10000000000001
28.508151,94,0,-0.11562623083591461,0.04108040779829025,-0.026658643037080765,0.0,0.125569536157352,160.44057461492937,-12.257279901784949,35.6,53.1
28.508151,94,1,-1.2333464622497559,2.158660888671875,0.3551371693611145,0.0,2.5113905983115137,119.74139873402076,8.1294779214384949,19.900000000000002,56.1
28.508151,94,2,0.6166732311248779,1.392604947090149,1.9968597888946533,0.0,2.5113907360564891,66.115282441678815,52.666696255572745,19.900000000000002,56.1
28.508151,94,3,-1.8500198125839233,1.8033356666564941,1.5516470670700073,0.0,3.013669101665847,135.73211024035632,30.988749517350982,16.1,63.1
28.508151,94,4,1.2950139045715332,4.957535743713379,3.174048662185669,0.0,6.0273382660302062,75.36025908840989,31.776602219189606,11.3,70.10000000000001
28.796725,95,0,-0.11562623083591461,0.04112693667411804,-0.026586806401610374,0.0,0.12556953632212647,160.420105114761,-12.223739238419236,35.6,53.1
28.796725,95,1,-1.8500198125839233,1.7287391424179077,1.634346604347229,0.0,3.0136690516083839,136.94095558672223,32.841114086423957,14.0,63.400000000000006
28.796725,95,2,1.2950139045715332,4.988100528717041,3.125795841217041,0.0,6.0273383461185075,75.446144542232588,31.238591102773889,11.5,69.9
28.796725,95,3,3.7000396251678467,4.032730579376221,-2.524994373321533,0.0,6.0273381968289854,47.463546546887855,-24.766650145106134,11.5,69.9
29.118357,96,0,-0.11562623083591461,0.04117830470204353,-0.026507176458835602,0.0,0.12556953627084239,160.39751276158529,-12.186564857725539,35.0,53.7
29.118357,96,1,0.6166732311248779,0.9174208045005798,-2.2550246715545654,0.0,2.5113906657141705,56.091738466821212,-63.885825615022213,21.6,56.7
29.118357,96,2,-1.8500198125839233,1.7654750347137451,1.5945926904678345,0.0,3.0136690683689875,136.33956111569972,31.946018568828471,13.600000000000001,64.0
29.118357,96,3,1.2950139045715332,4.968927383422852,3.1561853885650635,0.0,6.0273382650847358,75.392384664208919,31.577068279380569,11.4,69.9
29.118357,96,4,3.7000396251678467,4.014994144439697,-2.553102731704712,0.0,6.0273381161450814,47.3377149851613,-25.06126478454058,11.4,69.9
29.399876,97,0,-0.11562623083591461,0.04114902392029762,-0.026552608236670494,0.0,0.12556953623822753,160.41039006817951,-12.207773560543442,35.1,53.6
29.399876,97,1,-1.8500198125839233,1.6766812801361084,1.6877108812332153,0.0,3.0136690994110338,137.81384223845458,34.057087079640311,14.8,64.0
29.399876,97,2,1.2950139045715332,4.913928031921387,3.2411508560180664,0.0,6.0273384331231181,75.23599332925636,32.530034451442752,11.600000000000001,69.7
29.399876,97,3,3.7000396251678467,4.01578950881958,-2.551851511001587,0.0,6.027338114056545,47.343370599439226,-25.048135273190418,11.600000000000001,69.7
29.693409,98,0,-0.11562623083591461,0.041163019835948944,-0.026530906558036804,0.0,0.12556953636183507,160.4042345896064,-12.197642445785993,35.7,53.0
29.693409,98,1,0.6166732311248779,0.5632035732269287,-2.3684592247009277,0.0,2.511390697990358,42.405245150618377,-70.576565734187156,20.700000000000003,55.800000000000004
29.693409,98,2,-1.8500198125839233,1.7739914655685425,1.5851126909255981,0.0,3.0136690710488554,136.20183525132805,31.733860547556343,15.8,63.0
30.003613,99,0,-0.11562623083591461,0.041132789105176926,-0.026577750220894814,0.0,0.12556953612917207,160.4175308164096,-12.21951121349351,35.5,53.2
30.003613,99,1,0.585839569568634,0.7934481501579285,-2.172412157058716,0.0,2.385821147613103,53.559828181386578,-65.5816259297865,20.400000000000002,55.1
30.003613,99,2,-1.8500198125839233,1.8454805612564087,1.501275897026062,0.0,3.0136690475099837,135.07037742825221,29.878045588884863,15.600000000000001,63.7
30.312209,100,0,-0.11562623083591461,0.04114268347620964,-0.02656242996454239,0.0,0.12556953590168676,160.41317878433938,-12.212358847225625,35.2,53.5
30.312209,100,1,-1.6033504009246826,0.6828041672706604,-0.9997895956039429,0.0,2.0091125589337735,156.93274377415526,-29.843158289123732,12.8,52.1
30.312209,100,2,0.6937574148178101,0.9808101058006287,-2.2054014205932617,0.0,2.5113906984398322,54.72704584306129,-61.4211272426098,19.0,56.6
30.312209,100,3,-1.8500198125839233,1.8531609773635864,1.491784930229187,0.0,3.0136690583133241,134.95139976909738,29.670160521407826,15.9,63.400000000000006
30.312209,100,4,1.2950139045715332,4.943932056427002,3.1951968669891357,0.0,6.0273384018501339,75.321713780089468,32.013386344503189,11.4,70.0
30.312209,100,5,3.7000396251678467,4.034674644470215,-2.5218863487243652,0.0,6.0273380086424044,47.477302249754977,-24.734117637436228,11.4,70.0
30.591678,101,0,-0.11562623083591461,0.04115401580929756,-0.026544872671365738,0.0,0.12556953667068754,160.40819455468386,-12.204162241006847,35.4,53.300000000000004
30.591678,101,1,0.6166732311248779,1.0219557285308838,-2.209616184234619,0.0,2.5113906638941392,58.892185412289322,-61.6227914070048,20.700000000000003,56.6
30.591678,101,2,-1.8500198125839233,1.5754648447036743,1.7825651168823242,0.0,3.0136690561134816,139.5825003023308,36.263050514569052,15.100000000000001,63.800000000000004
30.591678,101,3,1.2950139045715332,4.967022895812988,3.1591813564300537,0.0,6.0273380777403958,75.3870234217951,31.61050464808028,11.3,70.0
30.591678,101,4,3.7000396251678467,4.040219306945801,-2.5129940509796143,0.0,6.027338083788627,47.51649532033921,-24.641083871200188,11.3,70.0
30.912842,102,0,-0.11562623083591461,0.04113991558551788,-0.026566723361611366,0.0,0.12556953731648507,160.41439621539675,-12.214363096020049,35.1,53.6
30.912842,102,1,0.6166732311248779,0.8073520660400391,-2.2967324256896973,0.0,2.5113906641021817,52.626614515865363,-66.138522917192816,22.400000000000002,56.800000000000004
30.912842,102,2,0.620527446269989,2.0822365283966064,-1.9027230739593506,0.0,2.888099438721047,73.4054136959824,-41.209556297302449,16.2,61.5
30.912842,102,3,-1.8615823984146118,1.279072880744934,1.799889326095581,0.0,2.8880993830782637,145.50746869071654,38.550848086329765,16.2,61.5
30.912842,102,4,1.2950139045715332,4.915342330932617,3.2390050888061523,0.0,6.0273381528336252,75.240055911201807,32.505846079050187,11.4,69.9
30.912842,102,5,3.7000396251678467,4.062799453735352,-2.4763224124908447,0.0,6.02733816204873,47.675502798861928,-24.258142908147303,11.4,69.9
31.177191,103,0,-0.11562623083591461,0.041170939803123474,-0.02651861496269703,0.0,0.125569536437515,160.40075155426271,-12.191904463540224,35.300000000000004,53.400000000000006
31.177191,103,1,0.6166732311248779,0.8364304900169373,-2.2863030433654785,0.0,2.5113907391559405,53.599845145592894,-65.556988162660019,23.5,56.6
31.177191,103,2,1.2950139045715332,4.887276649475098,3.2812001705169678,0.0,6.0273384358719,75.159026192280407,32.9827321004442,11.9,69.4
31.177191,103,3,3.7000396251678467,4.0602312088012695,-2.4805314540863037,0.0,6.0273383007300616,47.657466101775043,-24.3020359538019,11.9,69.4
31.510544,104,0,-0.11562623083591461,0.04112566262483597,-0.02658877521753311,0.0,0.12556953592022446,160.42066553943948,-12.22465846490198,34.1,54.5
31.510544,104,1,0.6166732311248779,1.0116593837738037,-2.2143492698669434,0.0,2.5113907047139947,58.634932520011851,-61.850830417473432,22.5,57.6
31.510544,104,2,-1.9425207376480103,0.768363893032074,2.1721949577331543,0.0,3.0136689968723034,158.41873040218846,46.118988093254416,12.700000000000001,64.4
31.510544,104,3,1.2950139045715332,4.916910648345947,3.236624240875244,0.0,6.0273383689214448,75.244558356453837,32.479012156839488,11.4,69.8
31.510544,104,4,3.7000396251678467,4.0393853187561035,-2.514334201812744,0.0,6.0273380077443717,47.51060391870756,-24.655100754202753,11.4,69.8
31.800376,105,0,-0.11562623083591461,0.04112514853477478,-0.026589570567011833,0.0,0.12556953596420431,160.42089167681746,-12.225029788559564,34.6,54.0
31.800376,105,1,-0.3237534463405609,1.6116241216659546,2.0618948936462402,0.0,2.6369602113034225,101.35876045162532,51.4368098509965,21.8,58.300000000000004
31.800376,105,2,-1.2950137853622437,2.2485783100128174,-0.46946194767951965,0.0,2.6369603032388245,119.93874106797304,-10.255120078459658,21.8,58.300000000000004
31.800376,105,3,-1.8500198125839233,1.4821906089782715,1.860843539237976,0.0,3.0136690239341397,141.299146346767,38.131453657134543,13.8,63.900000000000006
32.088013,106,0,-0.11562623083591461,0.041112177073955536,-0.026609625667333603,0.0,0.12556953666887566,160.42659775902112,-12.234393096454459,34.2,54.5
32.088013,106,1,0.6166732311248779,0.7433905005455017,-2.318225145339966,0.0,2.5113906774482131,50.322886741921479,-67.381224508485715,21.1,57.7
32.088013,106,2,-1.0791782140731812,2.2440240383148193,0.32682400941848755,0.0,2.5113907373002129,115.68346223315594,7.4774896025185882,21.1,57.7
32.088013,106,3,-1.7729356288909912,1.241141438484192,1.9124289751052856,0.0,2.888099271032067,145.00610376696281,41.466011079231,14.8,62.5
32.088013,106,4,0.5318806767463684,2.072777509689331,-1.9395396709442139,0.0,2.8880993393816059,75.6082502642031,-42.187786409730869,14.8,62.5
32.39617,107,0,-0.11562623083591461,0.041122183203697205,-0.02659415826201439,0.0,0.12556953636301965,160.42219607582527,-12.227171634894063,34.5,54.2
32.39617,107,1,-1.2950137853622437,2.293926954269409,-0.1199924498796463,0.0,2.6369603265559562,119.44647087220078,-2.60809224300496,22.700000000000003,58.800000000000004
32.39617,107,2,-0.40469181537628174,1.030766487121582,2.393178701400757,0.0,2.6369602411192572,111.43559279249354,65.169226577259053,22.700000000000003,58.800000000000004
32.39617,107,3,-1.8500198125839233,1.7855817079544067,1.572045087814331,0.0,3.0136690430197537,136.01541515854271,31.442207296362398,13.4,63.800000000000004
32.698972,108,0,-0.11562623083591461,0.04113945737481117,-0.026567427441477776,0.0,0.12556953615934202,160.41459775690356,-12.21469191409045,35.0,53.7
32.698972,108,1,-1.5416830778121948,0.7423357963562012,-1.0529407262802124,0.0,2.0091125702717054,154.28872043077416,-31.60649770658242,13.0,51.7
32.698972,108,2,0.5087554454803467,2.2084314823150635,-1.5797371864318848,0.0,2.7625298719800195,77.02712532742,-34.8789404938645,16.0,60.2
32.698972,108,3,-0.33917027711868286,2.482908248901367,1.1626269817352295,0.0,2.7625298818296948,97.77857450818135,24.888635419585356,16.0,60.2
32.99483,109,0,-0.11562623083591461,0.04114822670817375,-0.026553843170404434,0.0,0.12556953613701816,160.41074070050695,-12.208350092443586,35.1,53.6
32.99483,109,1,0.6937574148178101,1.446518898010254,1.9321922063827515,0.0,2.511390649684301,64.377399949607877,50.297477001420994,18.2,57.1
32.99483,109,2,-1.9425207376480103,1.5818371772766113,1.6752926111221313,0.0,3.0136690270312392,140.84331923991249,33.772589688837606,14.5,63.6
33.308103,110,0,-0.11562623083591461,0.041076287627220154,-0.026664994657039642,0.0,0.12556953692123851,160.44238745693312,-12.26024561327414,35.300000000000004,53.400000000000006
33.308103,110,1,-1.5416830778121948,0.6945438981056213,-1.0850601196289062,0.0,2.00911259067712,155.74795136984383,-32.688359542905445,13.4,51.5
33.308103,110,2,-1.8500198125839233,1.6294771432876587,1.7333297729492188,0.0,3.0136690543658164,138.62675501512723,35.110556175643516,14.600000000000001,63.0
33.308103,110,3,1.2950139045715332,4.934452533721924,3.2098171710968018,0.0,6.0273384750199819,75.294736499003719,32.1774395516357,11.200000000000001,70.10000000000001
33.308103,110,4,3.7000396251678467,4.079669952392578,-2.4484293460845947,0.0,6.0273382525817576,47.793674404121454,-23.967642859721391,11.200000000000001,70.10000000000001
33.593362,111,0,-0.11562623083591461,0.041137974709272385,-0.026569722220301628,0.0,0.12556953595265427,160.41524990279751,-12.215763268168427,34.800000000000004,53.900000000000006
33.593362,111,1,-1.5416830778121948,0.7430588006973267,-1.0524306297302246,0.0,2.0091125712862854,154.26691170353655,-31.589418751358114,12.700000000000001,52.300000000000004
33.593362,111,2,-0.3237534463405609,1.9415788650512695,1.7547121047973633,0.0,2.63696024883834,99.466829089175036,41.7153119870636,17.1,58.7
33.593362,111,3,0.6475068926811218,1.330723762512207,-2.182537078857422,0.0,2.6369601833876244,64.053256388925149,-55.860293656034834,17.1,58.7
33.593362,111,4,-1.8500198125839233,1.793363332748413,1.563162088394165,0.0,3.0136690370364754,135.89090700133573,31.244466842964179,15.100000000000001,63.6
33.593362,111,5,1.2950139045715332,4.7955756187438965,3.4138243198394775,0.0,6.0273379708501489,74.88810322131134,34.498875394567612,11.700000000000001,69.9
33.593362,111,6,3.7000396251678467,4.128458499908447,-2.365236282348633,0.0,6.027338175730387,48.132418528400066,-23.10504132814442,11.700000000000001,69.9
33.936082,112,0,-0.11562623083591461,0.0411597415804863,-0.026535993441939354,0.0,0.12556953664103118,160.40567634167485,-12.200017118792827,35.2,53.5
33.936082,112,1,-1.5416830778121948,0.8207259178161621,-0.993053674697876,0.0,2.0091125765916202,151.97107840868142,-29.621939805145171,13.4,51.6
33.936082,112,2,-1.2333464622497559,2.1873722076416016,0.03664455562829971,0.0,2.5113907490002583,119.41641085276513,0.836051853008533,18.2,57.1
33.936082,112,3,0.7708415389060974,1.1340458393096924,-2.1040024757385254,0.0,2.5113906628942835,55.794996458232013,-56.906831652928652,18.2,57.1
33.936082,112,4,-1.8500198125839233,1.627153754234314,1.735511064529419,0.0,3.01366907638777,138.66730094779567,35.16126656399959,15.4,63.5
33.936082,112,5,1.2950139045715332,4.794867515563965,3.4148192405700684,0.0,6.027338214387151,74.885973596269665,34.51035047277508,11.200000000000001,70.10000000000001
33.936082,112,6,3.515037775039673,4.228724479675293,-2.468035936355591,0.0,6.0273379420855067,50.265663482252243,-24.171773246588472,11.200000000000001,70.10000000000001
34.199048,113,0,-0.11562623083591461,0.04113522171974182,-0.026573985815048218,0.0,0.1255695362950382,160.41646081081512,-12.217753735102903,34.4,54.2
34.199048,113,1,-0.40469181537628174,1.1255805492401123,2.3500750064849854,0.0,2.6369602906311704,109.77556708621293,63.025193990444265,20.700000000000003,59.0
34.199048,113,2,-1.375952124595642,2.24945068359375,-0.01692967489361763,0.0,2.6369602274193773,121.45344235270761,-0.36784991050985166,20.700000000000003,59.0
34.199048,113,3,-1.7575188875198364,1.6959248781204224,1.7655500173568726,0.0,3.0136689758507962,136.02179241523737,35.862874783043367,12.700000000000001,63.800000000000004
34.199048,113,4,1.2950139045715332,4.841154098510742,3.3488757610321045,0.0,6.0273379597787047,75.023958237513284,33.753043523291382,11.5,70.10000000000001
34.199048,113,5,3.515037775039673,4.274049758911133,-2.388684034347534,0.0,6.0273379959606528,50.565647158997479,-23.347593974983035,11.5,70.10000000000001
34.509533,114,0,-0.11562623083591461,0.041177112609148026,-0.026509027928113937,0.0,0.12556953620142186,160.39803698827768,-12.18742914395763,34.800000000000004,53.900000000000006
34.509533,114,1,-0.40469181537628174,1.1993184089660645,-2.3133134841918945,0.0,2.6369602552297762,108.64618706294557,-61.314206352046781,18.8,58.300000000000004
34.509533,114,2,-1.375952124595642,2.2417240142822266,0.1870514154434204,0.0,2.6369601888174703,121.54126684086032,4.0676627528730309,18.8,58.300000000000004
34.509533,114,3,-1.8500198125839233,1.2599904537200928,2.017932653427124,0.0,3.0136690999819895,145.74245063125963,42.035683660430259,12.4,63.0
34.509533,114,4,1.2950139045715332,4.926422595977783,3.222127676010132,0.0,6.0273383319425946,75.271808537264633,32.315805413197218,11.3,70.10000000000001
34.509533,114,5,3.515037775039673,4.185776710510254,-2.540194272994995,0.0,6.0273380670709411,49.977884817682096,-24.925879193758725,11.3,70.10000000000001
34.799107,115,0,-0.11562623083591461,0.0411636084318161,-0.02652999386191368,0.0,0.12556953647585575,160.4039757323111,-12.197216364557891,35.5,53.1
34.799107,115,1,0.6166732311248779,1.07745361328125,2.1830921173095703,0.0,2.5113907213769031,60.215630155966835,60.374634880314481,19.700000000000003,56.2
34.799107,115,2,-1.1562622785568237,2.2292864322662354,-0.020541241392493248,0.0,2.5113905304626924,117.41438046207809,-0.46864059833001875,19.700000000000003,56.2
34.799107,115,3,-1.8500198125839233,1.6770530939102173,1.687341332435608,0.0,3.0136690526486913,137.80752065519638,34.048607694954121,15.0,62.7
34.799107,115,4,-2.482109785079956,1.6175751686096191,1.8932684659957886,0.0,3.5159470837352131,146.90796828206547,32.580250450133306,11.3,71.10000000000001
34.799107,115,5,-1.0791782140731812,2.7581968307495117,-1.894626259803772,0.0,3.51594710415627,111.36852898645378,-32.606512774502491,11.3,71.10000000000001
34.799107,115,6,1.2950139045715332,4.95262336730957,3.181708574295044,0.0,6.0273384410697393,75.3463629996135,31.862294755392234,11.4,70.2
34.799107,115,7,3.515037775039673,4.185259819030762,-2.5410454273223877,0.0,6.0273379013014754,49.974400178261696,-24.934802370919616,11.4,70.2
35.104582,116,0,-0.11562623083591461,0.04114217311143875,-0.02656322345137596,0.0,0.12556953653565636,160.41340326216763,-12.21272922577892,34.7,53.900000000000006
35.104582,116,1,-1.2950137853622437,2.2853715419769287,0.23146340250968933,0.0,2.6369601999001833,119.53821126972558,5.0357093971377491,21.5,58.6
35.104582,116,2,-0.3237534463405609,1.3909164667129517,-2.21677565574646,0.0,2.6369602233065215,103.10301064346497,-57.209425360969064,21.5,58.6
35.104582,116,3,-1.8500198125839233,1.5880557298660278,1.7713574171066284,0.0,3.0136690938542081,139.35723132583155,35.999228459563895,14.3,63.5
35.39629,117,0,-0.11562623083591461,0.041148874908685684,-0.026552842929959297,0.0,0.125569537035198,160.41045560681624,-12.207883047020688,34.9,53.800000000000004
35.39629,117,1,-1.375952124595642,2.2423276901245117,0.17967060208320618,0.0,2.636960228052621,121.53438937536049,3.9069034689940327,21.200000000000003,58.6
35.39629,117,2,-0.40469181537628174,1.176741600036621,-2.3248791694641113,0.0,2.6369602597114414,108.97854550890774,-61.8421923158106,21.200000000000003,58.6
35.39629,117,3,-1.8500198125839233,1.6978029012680054,1.6664613485336304,0.0,3.0136690967429782,137.45672960816702,33.570841468342991,14.4,63.7
35.702153,118,0,-0.11562623083591461,0.04114754498004913,-0.026554901152849197,0.0,0.12556953647458832,160.41104054151242,-12.2088439733037,35.0,53.7
35.702153,118,1,-1.6033504009246826,0.5305272936820984,-1.088274598121643,0.0,2.0091125698685515,161.69130817885824,-32.797347745535632,13.0,51.900000000000006
35.702153,118,2,-1.8500198125839233,1.5672454833984375,1.7897958755493164,0.0,3.0136690243487592,139.73037521507925,36.433731647096096,15.5,63.400000000000006
35.981988,119,0,-0.11562623083591461,0.041124749928712845,-0.026590188965201378,0.0,0.12556953636620824,160.42106701565621,-12.225318463222528,35.4,53.300000000000004
35.981988,119,1,-1.6033504009246826,0.694443941116333,-0.9917400479316711,0.0,2.009112544923763,156.58157418380216,-29.578855424944614,13.600000000000001,51.400000000000006
35.981988,119,2,-1.7729356288909912,1.5925531387329102,1.6314384937286377,0.0,2.8880993408639366,138.067986990912,34.394173597585954,16.1,61.300000000000004
35.981988,119,3,0.797821044921875,2.6648404598236084,-0.7766751050949097,0.0,2.8880992564154235,73.33293507946189,-15.600164184277094,16.1,61.300000000000004
35.981988,119,4,1.2950139045715332,4.913458824157715,3.241861581802368,0.0,6.0273381475816565,75.234645044182272,32.538049908024085,11.8,69.8
35.981988,119,5,3.7000396251678467,4.062303066253662,-2.4771361351013184,0.0,6.0273379581479274,47.672017658144227,-24.266628438188697,11.8,69.8
36.294013,120,0,-0.11562623083591461,0.04117202013731003,-0.02651693858206272,0.0,0.12556953663716436,160.40027645764684,-12.191121883803772,34.9,53.800000000000004
36.294013,120,1,-1.375952124595642,2.248739242553711,-0.05904699116945267,0.0,2.6369601774290152,121.46151053267634,-1.2830782202905557,22.0,58.1
36.294013,120,2,-0.48563018441200256,1.1804345846176147,2.307443857192993,0.0,2.6369603028242716,112.36224090692225,61.049625300988346,22.0,58.1
36.294013,120,3,-1.8500198125839233,1.753646969795227,1.6075915098190308,0.0,3.0136691032804626,136.53189561771543,32.237725175096678,15.9,63.0
36.294013,120,4,1.2950139045715332,4.756934642791748,3.467465877532959,0.0,6.0273383695194411,74.771027144611878,35.119924855344166,11.700000000000001,70.0
36.294013,120,5,3.7000396251678467,4.125824451446533,-2.3698277473449707,0.0,6.027338067841594,48.11424326063775,-23.152502877123592,11.700000000000001,70.0
36.594864,121,0,-0.11562623083591461,0.04116462916135788,-0.026528408750891685,0.0,0.12556953620272202,160.40352682986176,-12.196476422603292,35.2,53.5
36.594864,121,1,-1.310430645942688,2.142350196838379,-0.013809303753077984,0.0,2.5113907582432002,121.45325034023725,-0.31505205139108444,19.700000000000003,56.900000000000006
36.594864,121,2,-0.3854207694530487,1.0348021984100342,2.2555971145629883,0.0,2.5113906710396332,110.42826914203613,63.91551182152,19.700000000000003,56.900000000000006
36.594864,121,3,-1.8500198125839233,1.3909016847610474,1.930031180381775,0.0,3.0136690529767933,143.06303095518567,39.823571876824232,14.0,63.1
36.594864,121,4,1.2950139045715332,4.931481838226318,3.214379072189331,0.0,6.0273382975836345,75.2862623829337,32.228689927616486,11.3,70.2
36.594864,121,5,3.7000396251678467,4.06234884262085,-2.4770612716674805,0.0,6.0273380434940007,47.672339073892282,-24.265847450450284,11.3,70.2
36.896512,122,0,-0.11562623083591461,0.041159458458423615,-0.02653643488883972,0.0,0.12556953712792185,160.40580085783793,-12.200223151597115,34.9,53.800000000000004
36.896512,122,1,-1.8500198125839233,1.6457586288452148,1.7178784608840942,0.0,3.013669055775873,138.34403686490063,34.752241156889916,15.4,63.300000000000004
37.209573,123,0,-0.11562623083591461,0.041119616478681564,-0.02659812569618225,0.0,0.12556953614322219,160.42332515182019,-12.2290239713419,35.7,53.0
37.209573,123,1,-0.8787593245506287,1.9097765684127808,-1.1281304359436035,0.0,2.3858211945251635,114.70892001266536,-28.219316377797941,17.0,55.0
37.209573,123,2,-1.8500198125839233,1.4593945741653442,1.8787750005722046,0.0,3.013669081507024,141.73173434623908,38.566153437945616,15.200000000000001,63.0
37.209573,123,3,-2.374191999435425,1.9961142539978027,1.6554832458496094,0.0,3.515947175724508,139.94438114038016,28.089477128542931,12.200000000000001,70.10000000000001
37.209573,123,4,-1.0791782140731812,2.7083797454833984,-1.9651812314987183,0.0,3.5159470610505097,111.72525328955422,-33.982086682927914,12.200000000000001,70.10000000000001
37.509836,124,0,-0.11562623083591461,0.04111972823739052,-0.026597950607538223,0.0,0.1255695356531914,160.42327598998142,-12.228942274185105,35.300000000000004,53.400000000000006
37.509836,124,1,-1.5416830778121948,0.7926887273788452,-1.015574336051941,0.0,2.0091125809603891,152.78908661917973,-30.36348901816028,12.8,51.900000000000006
37.509836,124,2,0.585839569568634,0.8108330368995667,2.1659834384918213,0.0,2.3858211313551965,54.151299105836962,65.210808678331119,17.6,55.2
37.509836,124,3,-0.8787593245506287,2.1872620582580566,-0.36852285265922546,0.0,2.3858211070639896,111.888399190148,-8.8856963014468455,17.6,55.2
37.509836,124,4,-1.8500198125839233,1.5538934469223022,1.8014003038406372,0.0,3.0136690604673682,139.97197779348409,36.708439411939473,14.700000000000001,63.0
37.509836,124,5,-2.374191999435425,2.01210618019104,1.6360089778900146,0.0,3.5159471421343764,139.71902648408508,27.730353080373245,11.700000000000001,70.4
37.509836,124,6,-1.0791782140731812,2.662949562072754,-2.0263164043426514,0.0,3.5159471211014797,112.06058280443688,-35.192239953031191,11.700000000000001,70.4
37.509836,124,7,1.2950139045715332,4.970525741577148,3.153667449951172,0.0,6.0273381807889459,75.396881165298566,31.548977621197015,11.600000000000001,69.9
37.509836,124,8,3.7000396251678467,4.059910297393799,-2.4810564517974854,0.0,6.0273382158049129,47.655211475599593,-24.307512277960214,11.600000000000001,69.9
37.81057,125,0,-0.11562623083591461,0.04112950339913368,-0.026582835242152214,0.0,0.12556953626055553,160.41897608390221,-12.221885227589112,35.5,53.2
37.81057,125,1,-1.5416830778121948,0.7856354117393494,-1.021040439605713,0.0,2.00911256327304,152.99679446291557,-30.544319274005911,13.200000000000001,51.6
37.81057,125,2,-1.1331369876861572,2.3480300903320312,-0.3953664302825928,0.0,2.6369602484985446,115.76151458503659,-8.62302337955818,19.5,58.0
37.81057,125,3,-0.16187672317028046,1.0117831230163574,2.4297428131103516,0.0,2.6369602384917536,99.089803367944413,67.134282464138437,19.5,58.0
37.81057,125,4,-1.8500198125839233,1.503922700881958,1.8433243036270142,0.0,3.0136690736580807,140.8915632531068,37.709231747585292,15.0,62.800000000000004
38.121948,126,0,-0.11562623083591461,0.04112549126148224,-0.02658904157578945,0.0,0.12556953619703118,160.42074091849494,-12.224782793227877,35.800000000000004,52.900000000000006
38.121948,126,1,-1.6033504009246826,0.6647215485572815,-1.0119022130966187,0.0,2.0091125737826552,157.48194326544424,-30.242195383372,13.5,51.300000000000004
38.121948,126,2,-0.24281509220600128,1.8759528398513794,1.8372265100479126,0.0,2.6369602718987437,97.375109849112,44.164545443652223,18.400000000000002,57.800000000000004
38.121948,126,3,-1.2140754461288452,2.230050802230835,-0.7116551399230957,0.0,2.63696014524344,118.56458181728237,-15.65695333752878,18.400000000000002,57.800000000000004
38.121948,126,4,-1.8500198125839233,1.818968653678894,1.5332908630371094,0.0,3.0136690496291307,135.48489056222928,30.582519093854739,15.5,63.0
38.388281,127,0,-0.11562623083591461,0.04113776609301567,-0.026570046320557594,0.0,0.125569536185814,160.41534166244261,-12.215914553973159,35.0,53.6
38.388281,127,1,-1.5416830778121948,0.7992166876792908,-1.0104451179504395,0.0,2.0091125808842611,152.59753694119553,-30.194107506367043,12.9,51.7
38.388281,127,2,0.728445291519165,1.6796891689300537,-1.8977805376052856,0.0,2.6369602226561519,66.5546531151156,-46.028473935782309,15.5,58.5
38.388281,127,3,-0.6475068926811218,2.0044000148773193,1.5864031314849854,0.0,2.6369602748799852,107.90267456451552,36.984788340430022,15.5,58.5
38.388281,127,4,-1.8500198125839233,1.708842396736145,1.6551390886306763,0.0,3.0136690340097356,137.27168982680385,33.312876181029061,13.8,63.300000000000004
38.388281,127,5,-2.482109785079956,1.8717963695526123,1.6423742771148682,0.0,3.5159470844124758,142.97950380242449,27.847604849865906,11.5,70.8
38.388281,127,6,-1.0791782140731812,2.6678342819213867,-2.019880771636963,0.0,3.51594705664831,112.02405648680427,-35.064010950624123,11.5,70.8
38.699162,128,0,-0.11562623083591461,0.04115934297442436,-0.0265366118401289,0.0,0.12556953666936968,160.40585164738079,-12.200305803123607,35.300000000000004,53.400000000000006
38.699162,128,1,-1.5416830778121948,0.8666432499885559,-0.9532450437545776,0.0,2.0091125773848204,150.65787459192057,-28.324244785944913,12.9,51.800000000000004
38.699162,128,2,-1.1562622785568237,2.174757242202759,0.4904802143573761,0.0,2.5113905231968254,117.99842547530599,11.262380605575657,14.5,56.7
38.699162,128,3,-1.8500198125839233,1.7699909210205078,1.5895785093307495,0.0,3.0136690270788278,136.26645230622984,31.833743240567493,16.1,62.800000000000004
38.699162,128,4,-2.374191999435425,2.180257797241211,1.4041271209716797,0.0,3.5159471959149919,137.43825343531591,23.538147512273543,12.0,70.0
38.699162,128,5,-1.0791782140731812,2.55766224861145,-2.157689094543457,0.0,3.5159471020500472,112.87679252062668,-37.856537274065218,12.0,70.0
39.013006,129,0,-0.11562623083591461,0.04113565757870674,-0.026573309674859047,0.0,0.12556953599033796,160.41626909615385,-12.217438101571425,35.1,53.6
39.013006,129,1,-1.5416830778121948,0.8224488496780396,-0.9916272163391113,0.0,2.0091125799550573,151.92120938924174,-29.575155016965702,12.9,51.900000000000006
39.013006,129,2,-0.3237534463405609,1.9295856952667236,1.7678918838500977,0.0,2.6369601745908873,99.5245945350709,42.100105119720496,18.2,58.2
39.013006,129,3,-1.2140754461288452,2.2191057205200195,-0.745083749294281,0.0,2.6369602160821564,118.68312298927114,-16.412696813706052,18.2,58.2
39.013006,129,4,-1.8500198125839233,1.4914071559906006,1.8534650802612305,0.0,3.0136690952459921,141.12571935340208,37.953332870830529,15.0,63.0
39.013006,129,5,1.2950139045715332,4.797004699707031,3.411816358566284,0.0,6.0273382157155782,74.8923994071026,34.475716249688027,11.3,70.2
39.013006,129,6,3.7000396251678467,4.085300445556641,-2.4390227794647217,0.0,6.0273381419184808,47.832994715050823,-23.869824068217966,11.3,70.2
39.303433,130,0,-0.11562623083591461,0.04115234687924385,-0.02654746174812317,0.0,0.12556953705520255,160.40892857044261,-12.205370884021454,35.800000000000004,52.800000000000004
39.303433,130,1,-1.5416830778121948,0.8091520667076111,-1.0025066137313843,0.0,2.0091125628109658,152.30727362986676,-29.93252798630192,13.8,50.900000000000006
39.303433,130,2,-0.8787593245506287,2.0693652629852295,-0.7985311150550842,0.0,2.3858211340848086,113.008583303692,-19.554214113374112,17.6,54.6
39.303433,130,3,-1.8500198125839233,1.4803836345672607,1.8622814416885376,0.0,3.013669056234471,141.33324704236708,38.166215444875426,14.9,62.7
39.303433,130,4,-2.374191999435425,2.032623291015625,1.6104470491409302,0.0,3.5159472111294705,139.43208844080243,27.260751882488062,12.200000000000001,69.9
39.303433,130,5,-1.0791782140731812,2.7125933170318604,-1.95936119556427,0.0,3.5159471577398795,111.69464301293722,-33.867785003131,12.200000000000001,69.9
39.303433,130,6,1.2950139045715332,4.739501953125,3.491255760192871,0.0,6.0273382649216893,74.717627144227748,35.396876802134891,11.5,70.0
39.303433,130,7,3.7000396251678467,4.124345302581787,-2.372401237487793,0.0,6.0273381383803484,48.10403130540471,-23.179111625863452,11.5,70.0
39.609078,131,0,-0.11562623083591461,0.04113047197461128,-0.026581337675452232,0.0,0.12556953649190122,160.41855003863472,-12.221186038493371,35.300000000000004,53.300000000000004
39.609078,131,1,-1.5416830778121948,0.8022493720054626,-1.0080389976501465,0.0,2.0091125872083806,152.50877405103878,-30.114750806916419,13.0,51.5
39.609078,131,2,-0.8787593245506287,1.7182830572128296,-1.4026504755020142,0.0,2.3858212363074003,117.08597872021087,-36.008903963693115,15.600000000000001,55.2
39.609078,131,3,-1.8500198125839233,1.4912700653076172,1.853575348854065,0.0,3.0136690741544778,141.128292799011,37.955991939623942,14.3,62.900000000000006
39.609078,131,4,-2.482109785079956,1.8050705194473267,1.715440273284912,0.0,3.5159470838701941,143.97413995250119,29.20282879830366,12.100000000000001,70.0
39.609078,131,5,-1.0791782140731812,2.734978675842285,-1.9279911518096924,0.0,3.515947078170925,111.53338779646549,-33.254309919836487,12.100000000000001,70.0
39.609078,131,6,1.2950139045715332,4.879759311676025,3.2923688888549805,0.0,6.0273381233528509,75.137174663018683,33.109393025774125,11.5,69.9
39.609078,131,7,3.7000396251678467,4.025992393493652,-2.53572416305542,0.0,6.0273381364731877,47.415813110331015,-24.879030400330215,11.5,69.9
39.908335,132,0,-0.11562623083591461,0.041165560483932495,-0.02652696706354618,0.0,0.12556953694613587,160.40311724951977,-12.195803335896656,35.4,53.2
39.908335,132,1,-1.5416830778121948,0.7794733047485352,-1.0257524251937866,0.0,2.0091125859490848,153.17888824107857,-30.700471727700574,12.8,51.900000000000006
39.908335,132,2,0.48563018441200256,1.7081115245819092,-1.9493788480758667,0.0,2.636960285963208,74.1291120813469,-47.667758401940368,19.400000000000002,57.800000000000004
39.908335,132,3,-1.8500198125839233,1.6877226829528809,1.6766693592071533,0.0,3.013669076327202,137.62665394105002,33.804083182034752,14.8,62.800000000000004
39.908335,132,4,1.2950139045715332,4.974542140960693,3.1473281383514404,0.0,6.0273381301936393,75.4081681567005,31.478291369664682,11.4,70.2
39.908335,132,5,3.7000396251678467,4.054879665374756,-2.4892690181732178,0.0,6.0273379342226177,47.6198423187749,-24.393205035664089,11.4,70.2
40.205913,133,0,-0.11562623083591461,0.04116823151707649,-0.026522820815443993,0.0,0.12556953678170502,160.40194258466281,-12.193867795995452,35.2,53.5
40.205913,133,1,-1.5416830778121948,0.767212986946106,-1.03495454788208,0.0,2.0091125891629491,153.54293282179538,-31.006157400045748,12.600000000000001,51.900000000000006
40.205913,133,2,0.6166732311248779,1.3495310544967651,-2.026218891143799,0.0,2.5113906378469188,65.441793036980741,-53.785567615987667,18.6,56.6
40.205913,133,3,-1.8500198125839233,1.6413472890853882,1.7220938205718994,0.0,3.0136690855488646,138.42039332719361,34.849839717703034,14.8,62.900000000000006
40.205913,133,4,1.2950139045715332,4.92343282699585,3.226693630218506,0.0,6.0273380192475212,75.263253948188,32.367180465375689,12.3,69.3
40.205913,133,5,3.7000396251678467,4.0542826652526855,-2.4902422428131104,0.0,6.0273383500075308,47.615641775864496,-24.403361909924751,12.3,69.3
40.505757,134,0,-0.11562623083591461,0.04110903665423393,-0.0266144759953022,0.0,0.12556953645078045,160.4279792750726,-12.236657701630081,35.0,53.7
40.505757,134,1,-1.5416830778121948,0.8175126314163208,-0.9957006573677063,0.0,2.009112593664228,152.06420823705258,-29.708812429034634,12.200000000000001,52.2
40.505757,134,2,0.6475068926811218,0.647296667098999,-2.4729135036468506,0.0,2.6369602476764751,44.990697400849349,-69.683576870675125,20.400000000000002,57.900000000000006
40.505757,134,3,-1.8500198125839233,1.7097715139389038,1.654179334640503,0.0,3.0136690607931196,137.2561664728029,33.29104399486576,15.0,62.7
40.505757,134,4,1.2950139045715332,4.8682146072387695,3.309415578842163,0.0,6.0273382142243968,75.103493579320585,33.303063681444939,11.4,70.10000000000001
40.505757,134,5,3.7000396251678467,4.108163833618164,-2.400312900543213,0.0,6.0273381630844876,47.992049924681524,-23.468050723166844,11.4,70.10000000000001
40.795256,135,0,-0.11562623083591461,0.04112185910344124,-0.026594657450914383,0.0,0.12556953594871234,160.422338643329,-12.227404736341269,34.9,53.800000000000004
40.795256,135,1,-1.5416830778121948,0.8316787481307983,-0.983898937702179,0.0,2.0091125832357855,151.65484473944824,-29.322059395356007,12.9,51.900000000000006
40.795256,135,2,-0.48563018441200256,1.2403937578201294,2.275773763656616,0.0,2.6369602905237266,111.38098509089652,59.658423309334694,18.3,58.400000000000006
40.795256,135,3,-1.45689058303833,2.1745359897613525,-0.3200342059135437,0.0,2.6369601503754021,123.82120267971752,-6.9708770196214358,18.3,58.400000000000006
40.795256,135,4,-1.8500198125839233,1.602321982383728,1.7584630250930786,0.0,3.0136690682294027,139.10381234614536,35.6967909870026,14.4,63.2
40.795256,135,5,1.2950139045715332,4.779150485992432,3.436781406402588,0.0,6.0273382861914975,74.8385531584166,34.764093876903679,11.3,70.0
40.795256,135,6,3.7000396251678467,4.123092174530029,-2.3745787143707275,0.0,6.0273382498600094,48.095376608171151,-23.201629694150707,11.3,70.0
41.115106,136,0,-0.11562623083591461,0.04114295169711113,-0.02656201831996441,0.0,0.12556953670736049,160.41306081084116,-12.212166590642868,35.0,53.6
41.115106,136,1,-1.5416830778121948,0.8178213834762573,-0.995447039604187,0.0,2.00911257433232,152.05525277289627,-29.700485858913062,13.200000000000001,51.7
41.115106,136,2,-1.2140754461288452,2.3290276527404785,-0.2349684089422226,0.0,2.636960210037993,117.53212840624633,-5.1121656426036068,15.5,58.300000000000004
41.115106,136,3,-0.16187672317028046,2.1233303546905518,-1.555256724357605,0.0,2.6369602475794358,94.359635610143059,-36.142213388009353,15.5,58.300000000000004
41.115106,136,4,-1.7575188875198364,1.5925953388214111,1.8592923879623413,0.0,3.0136689826786474,137.81835188664763,38.093972687580809,14.100000000000001,62.900000000000006
41.115106,136,5,-2.482109785079956,1.7520946264266968,1.7695139646530151,0.0,3.5159471321743454,144.78214309811992,30.217393953161583,11.8,70.3
41.115106,136,6,-1.0791782140731812,2.7214059829711914,-1.9471023082733154,0.0,3.5159470332706735,111.63088646259423,-33.627530808818847,11.8,70.3
41.115106,136,7,1.2950139045715332,4.913761138916016,3.241403579711914,0.0,6.0273382773761783,75.235513783902363,32.532884877256478,11.600000000000001,69.7
41.115106,136,8,3.7000396251678467,4.058727741241455,-2.482990026473999,0.0,6.0273380174754205,47.646901513939135,-24.327683213393232,11.600000000000001,69.7
41.396626,137,0,-0.11562623083591461,0.04115409031510353,-0.026544757187366486,0.0,0.12556953667637766,160.40816178627932,-12.204108328185404,35.1,53.5
41.396626,137,1,0.6937574148178101,1.13284432888031,2.1313018798828125,0.0,2.5113907157754212,58.516566817150341,58.065575882101662,17.2,56.6
41.396626,137,2,-1.8500198125839233,1.548683762550354,1.805881142616272,0.0,3.0136690934137458,140.06671297465971,36.814775368971873,13.9,63.1
41.70966,138,0,-0.11562623083591461,0.04115941748023033,-0.026536494493484497,0.0,0.12556953629218687,160.40581887993011,-12.200251059319493,35.6,53.1
41.70966,138,1,-1.5416830778121948,0.8348846435546875,-0.9811800718307495,0.0,2.0091125936128402,151.56263713428831,-29.233167773331019,13.5,51.400000000000006
41.70966,138,2,0.6166732311248779,0.6974502205848694,2.332458019256592,0.0,2.5113906696836841,48.517450950085511,68.241035918027933,19.3,56.2
41.70966,138,3,-1.8500198125839233,1.7709176540374756,1.5885460376739502,0.0,3.0136690525245564,136.25147122848293,31.810641159278504,15.100000000000001,62.900000000000006
41.70966,138,4,1.2950139045715332,4.928428649902344,3.219058036804199,0.0,6.0273381035516458,75.277542992155276,32.281285562002267,11.4,70.10000000000001
41.70966,138,5,3.7000396251678467,4.087173938751221,-2.4358816146850586,0.0,6.0273379923628037,47.846064978354917,-23.837176068560233,11.4,70.10000000000001
42.010427,139,0,-0.11562623083591461,0.041179362684488297,-0.02650552988052368,0.0,0.1255695356472587,160.39704751325718,-12.185796286745166,35.800000000000004,52.900000000000006
42.010427,139,1,-1.5416830778121948,0.8594943284988403,-0.9596958756446838,0.0,2.0091125869058635,150.86016282873493,-28.533435830085569,13.4,51.5
42.010427,139,2,-0.8787593245506287,2.2109577655792236,0.17773805558681488,0.0,2.3858212439458937,111.67566381623247,4.2723585299595381,17.400000000000002,54.800000000000004
42.010427,139,3,-1.8307485580444336,0.4364054501056671,1.4663057327270508,0.0,2.3858211377829472,166.59231137788095,37.922254325775654,17.400000000000002,54.800000000000004
42.010427,139,4,-1.8500198125839233,1.8164724111557007,1.5362473726272583,0.0,3.0136690789380003,135.52422608923951,30.647832034107239,14.8,63.0
42.010427,139,5,-2.482109785079956,1.8965399265289307,1.6137382984161377,0.0,3.5159470948640621,142.61714008807212,27.321104750022727,11.3,70.7
42.010427,139,6,-1.0791782140731812,2.6757686138153076,-2.0093581676483154,0.0,3.5159470329207561,111.96497056383041,-34.854781241089874,11.3,70.7
42.010427,139,7,1.2950139045715332,4.962856769561768,3.165722370147705,0.0,6.0273382560689486,75.375282104504564,31.6835436875013,11.3,70.0
42.010427,139,8,3.7000396251678467,4.043918609619141,-2.5070364475250244,0.0,6.0273379445867405,47.5426117374309,-24.578793302413676,11.3,70.0
42.293979,140,0,-0.11562623083591461,0.04111839830875397,-0.026600008830428123,0.0,0.12556953614064362,160.42386101780826,-12.229903173404935,35.5,53.1
42.293979,140,1,-1.5416830778121948,0.877788245677948,-0.9429922699928284,0.0,2.0091125747277276,150.344107526355,-27.992605484763594,13.100000000000001,51.800000000000004
42.293979,140,2,-1.8500198125839233,1.8737621307373047,1.465825080871582,0.0,3.0136690258305472,134.63469499182938,29.103725311492088,14.9,63.1
42.293979,140,3,0.6166732311248779,0.5887266993522644,-2.3622443675994873,0.08526057749986649,2.511390740759333,43.671866921737013,-70.1545958224051,23.8,52.300000000000004
42.608847,141,0,-0.11562623083591461,0.04116914048790932,-0.026521408930420876,0.0,0.12556953658227793,160.40154284209518,-12.193208721157873,35.4,53.300000000000004
42.608847,141,1,-1.5416830778121948,0.8221095204353333,-0.9919085502624512,0.0,2.0091125772556033,151.93102737079147,-29.5843804844533,13.100000000000001,51.800000000000004
42.608847,141,2,0.728445291519165,0.864615261554718,-2.38230299949646,0.0,2.636960309648138,49.885593480937551,-64.612346856565637,18.3,58.2
42.608847,141,3,-1.8500198125839233,1.44227933883667,1.8919456005096436,0.0,3.0136690517500413,142.059946036905,38.887121237731755,14.600000000000001,63.0
42.608847,141,4,1.2950139045715332,4.96545934677124,3.1616389751434326,0.0,6.0273384297397383,75.382619062690267,31.637938802716025,12.0,69.7
42.608847,141,5,3.7000396251678467,4.047530174255371,-2.50120210647583,0.0,6.0273381949878226,47.568083661431373,-24.517819847619425,12.0,69.7
42.895889,142,0,-0.11562623083591461,0.04112499952316284,-0.026589805260300636,0.0,0.1255695368585911,160.42095722400219,-12.225139272436291,35.2,53.400000000000006
42.895889,142,1,-1.5416830778121948,0.8586052060127258,-0.960491418838501,0.0,2.0091125846669304,150.88537763806028,-28.559262900212818,13.0,51.800000000000004
42.895889,142,2,0.728445291519165,2.1817209720611572,-1.289581537246704,0.0,2.6369602734731319,71.536575813348676,-29.277564976622568,17.2,58.0
42.895889,142,3,-0.6475068926811218,0.8401079773902893,-2.414231300354004,0.0,2.6369602502414309,127.62296761231364,-66.281921242862992,17.2,58.0
42.895889,142,4,-1.9425207376480103,1.0099797248840332,2.0709309577941895,0.0,3.0136690085043774,152.52861132016892,43.407238638724522,15.3,62.6
42.895889,142,5,-2.482109785079956,1.812498688697815,1.7075899839401245,0.0,3.5159471035517016,143.86214578101635,29.056377459036423,11.600000000000001,70.8
42.895889,142,6,-1.0791782140731812,2.681241512298584,-2.002049446105957,0.0,3.515947048756074,111.92438993643458,-34.709768237259524,11.600000000000001,70.8
42.895889,142,7,1.2950139045715332,4.825379848480225,3.371565580368042,0.0,6.0273382315807646,74.977211073064382,34.012852554012682,11.600000000000001,70.10000000000001
43.191496,143,0,-0.11562623083591461,0.04114701226353645,-0.026555724442005157,0.0,0.1255695360195917,160.41127484427764,-12.209228367577811,35.4,53.2
43.191496,143,1,-1.2333464622497559,2.1828532218933105,-0.1452285349369049,0.0,2.5113906529319396,119.46713255254467,-3.315146035798135,20.0,56.400000000000006
43.191496,143,2,-0.30833661556243896,1.1867568492889404,2.191716194152832,0.0,2.511390683175855,104.56425937665882,60.775122795291722,20.0,56.400000000000006
43.191496,143,3,-1.8500198125839233,1.9326399564743042,1.3872745037078857,0.0,3.0136690357356786,133.74875529971894,27.408237585572355,15.200000000000001,63.0
43.191496,143,4,-0.7400079369544983,2.345745086669922,-1.741283655166626,0.0,3.0136689476686347,107.50882744949295,-35.295622427860394,15.200000000000001,63.0
43.191496,143,5,1.2950139045715332,4.850702285766602,3.3350307941436768,0.0,6.0273380588831706,75.052116529892118,33.594896882762335,11.5,70.10000000000001
43.191496,143,6,3.7000396251678467,4.115445613861084,-2.3878061771392822,0.0,6.0273380665137051,48.042502637368457,-23.338504858639912,11.5,70.10000000000001
43.492636,144,0,-0.11562623083591461,0.0411493293941021,-0.02655213698744774,0.0,0.12556953669383636,160.41025571414096,-12.207553515833883,36.0,52.7
43.492636,144,1,-1.5416830778121948,0.7992451786994934,-1.0104225873947144,0.0,2.0091125835065333,152.59670237992634,-30.193364083012487,13.5,51.1
43.492636,144,2,-1.8307485580444336,0.7660941481590271,1.3242363929748535,0.0,2.3858211481802925,157.29266395826352,33.713765065830231,17.5,54.7
43.492636,144,3,0.585839569568634,1.064919352531433,2.0530176162719727,0.0,2.3858211503361653,61.18367442523985,59.373642156140306,17.5,54.7
43.492636,144,4,-1.8500198125839233,1.5251719951629639,1.8257815837860107,0.0,3.0136690782955227,140.49754114280887,37.288841353079121,14.100000000000001,62.800000000000004
43.492636,144,5,-2.374191999435425,1.9798046350479126,1.674953818321228,0.0,3.5159471464527505,140.17575804960626,28.449738656265914,11.9,70.3
43.492636,144,6,-1.0791782140731812,2.7269086837768555,-1.9393885135650635,0.0,3.5159471545994414,111.59125698108338,-33.476693979379469,11.9,70.3
43.492636,144,7,1.2950139045715332,4.894295692443848,3.270720958709717,0.0,6.0273382954543893,75.179372641352728,32.864058351840939,12.100000000000001,69.5
43.492636,144,8,3.7000396251678467,4.07957124710083,-2.4485931396484375,0.0,6.02733798218728,47.792984568645743,-23.969347955011713,12.100000000000001,69.5
43.492636,144,9,0.797821044921875,2.2272772789001465,-1.6564527750015259,0.25578173995018005,2.8880994256838406,70.292240534013118,-34.997747682933984,20.5,41.300000000000004
43.793582,145,0,-0.11562623083591461,0.041145890951156616,-0.02655746042728424,0.0,0.12556953573152785,160.41176802924957,-12.210038835852741,35.300000000000004,53.400000000000006
43.793582,145,1,-1.5416830778121948,0.8046253323554993,-1.0061434507369995,0.0,2.0091125606450317,152.43933247143951,-30.052278817902305,12.700000000000001,51.900000000000006
43.793582,145,2,-1.8500198125839233,1.7647372484207153,1.5954091548919678,0.0,3.0136690651811251,136.35152227265675,31.964313576077377,15.3,63.1
43.793582,145,3,1.2950139045715332,4.928307056427002,3.2192440032958984,0.0,6.0273380034820008,75.277195532451458,32.2833771718728,11.700000000000001,70.0
43.793582,145,4,3.7000396251678467,4.078508377075195,-2.4503636360168457,0.0,6.0273381984420338,47.785555179680827,-23.987767040926343,11.700000000000001,70.0
43.793582,145,5,0.6744863390922546,2.9535653591156006,-0.822396457195282,0.25578173995018005,3.1392381376692482,77.1363242574899,-15.187180842450433,12.600000000000001,41.400000000000006
44.090628,146,0,-0.11562623083591461,0.041143711656332016,-0.026560841128230095,0.0,0.12556953670225388,160.41272655353487,-12.211617017820961,35.7,53.0
44.090628,146,1,-1.5416830778121948,0.7692302465438843,-1.0334560871124268,0.0,2.0091125823607237,153.48287506317538,-30.956313535290217,13.100000000000001,51.7
44.090628,146,2,-1.2333464622497559,2.1712052822113037,0.2679690420627594,0.0,2.511390706550912,119.59860734118526,6.1252035224589072,18.3,56.2
44.090628,146,3,0.8479257225990295,2.3620810508728027,0.09315583109855652,0.0,2.5113906368395007,70.253180766899945,2.1257786882429328,18.3,56.2
44.090628,146,4,-1.8500198125839233,1.5724893808364868,1.785190463066101,0.0,3.0136690510437161,139.63595715576932,36.324978143046657,14.4,62.5
44.090628,146,5,1.2950139045715332,4.888381004333496,3.2795538902282715,0.0,6.0273380173567137,75.16223106006791,32.964080396390756,11.5,70.10000000000001
44.410509,147,0,-0.11562623083591461,0.04113873839378357,-0.026568545028567314,0.0,0.12556953706567284,160.41491399784576,-12.215213577427798,35.7,52.900000000000006
44.410509,147,1,-1.5416830778121948,0.8366711139678955,-0.9796571135520935,0.0,2.0091125716330533,151.51132448148218,-29.183409768073933,13.0,51.7
44.410509,147,2,-1.8500198125839233,1.5596383810043335,1.7964286804199219,0.0,3.0136690578579022,139.86781360244959,36.590627958554634,15.100000000000001,62.7
44.410509,147,3,1.2950139045715332,4.7211079597473145,3.516089677810669,0.0,6.0273383846462272,74.660884704585953,35.686999986056328,11.600000000000001,70.10000000000001
44.410509,147,4,3.7000396251678467,4.138016223907471,-2.348475217819214,0.0,6.0273383301292007,48.198260141154528,-22.93192668255767,11.600000000000001,70.10000000000001
44.410509,147,5,-0.21968983113765717,1.7191964387893677,1.639586091041565,-0.6820846199989319,2.3858211515091181,97.2821518489009,43.410517390718212,20.700000000000003,40.5
44.410509,147,6,-1.0252193212509155,2.019620180130005,-0.749801516532898,-0.6820846199989319,2.3858211674074767,116.91370555305386,-18.316990269318733,20.700000000000003,40.5
44.410509,147,7,-1.9425207376480103,2.202901840209961,0.6753058433532715,-0.25578173995018005,3.0136690786913012,131.40587549647549,12.948840870652623,26.8,42.2
44.410509,147,8,-0.9250099062919617,2.8407392501831055,0.3959275484085083,-0.25578173995018005,3.0136690989320489,108.03643846160165,7.5491853739130237,26.8,42.2
44.698741,148,0,-0.11562623083591461,0.041132599115371704,-0.026578044518828392,0.0,0.12556953618513891,160.41761438559206,-12.219648605286558,35.300000000000004,53.400000000000006
44.698741,148,1,0.76313316822052,2.275404930114746,-1.368112564086914,0.0,2.7625299666141636,71.459399261631972,-29.685511165873407,15.600000000000001,59.2
44.698741,148,2,-1.8500198125839233,1.708327293395996,1.6556707620620728,0.0,3.0136690463058398,137.28029933626925,33.324972537735391,14.4,62.800000000000004
44.698741,148,3,-2.374191999435425,1.9897536039352417,1.6631227731704712,0.0,3.5159471573382186,140.03443061117707,28.230685292591659,11.600000000000001,70.7
44.698741,148,4,-1.0791782140731812,2.748293399810791,-1.9089633226394653,0.0,3.5159469842926305,111.43855242728507,-32.884294925562926,11.600000000000001,70.7
44.698741,148,5,1.2950139045715332,4.781072616577148,3.4341070652008057,0.0,6.0273383606098934,74.8443680805587,34.733153308141148,11.700000000000001,70.10000000000001
44.698741,148,6,-1.171679139137268,2.0597496032714844,-0.2770233750343323,0.17052115499973297,2.3858211130723737,119.633185378879,-6.6677897506062385,30.5,40.900000000000006
44.698741,148,7,-0.292919784784317,1.0999772548675537,2.096757173538208,0.17052115499973297,2.3858211597535939,104.91159943804082,61.502854341808579,30.5,40.900000000000006
44.698741,148,8,-0.25437772274017334,2.047919988632202,1.8365421295166016,1.193648099899292,2.7625298729887375,97.080598491370665,41.667324433430188,19.900000000000002,40.900000000000006
44.698741,148,9,-1.2718884944915771,2.298382043838501,-0.8551673889160156,1.193648099899292,2.7625299319509158,118.95945237556413,-18.032686025613554,19.900000000000002,40.900000000000006
44.998143,149,0,-0.11562623083591461,0.04114490747451782,-0.02655898779630661,0.0,0.12556953651730665,160.41220059264225,-12.210751808237431,35.800000000000004,52.900000000000006
44.998143,149,1,-0.33917027711868286,2.105160713195801,1.7563694715499878,0.0,2.7625299683182805,99.152484836520713,39.478079128536507,17.0,59.1
44.998143,149,2,-1.8500198125839233,1.4391496181488037,1.8943274021148682,0.0,3.0136690655701015,142.12028274370655,38.945320170941919,15.5,62.6
44.998143,149,3,1.2950139045715332,4.879547595977783,3.2926828861236572,0.0,6.0273382469393395,75.136558333422116,33.112955785760825,11.4,69.9
44.998143,149,4,3.515037775039673,4.179779529571533,-2.5500497817993164,0.0,6.0273378340222328,49.937423580279464,-25.029232776182081,11.4,69.9
44.998143,149,5,-1.9425207376480103,2.1987831592559814,0.6885978579521179,0.42630288004875183,3.0136690607292183,131.45907231744366,13.208278135756874,17.7,46.300000000000004
44.998143,149,6,-0.9250099062919617,2.799402952194214,0.6244199872016907,0.42630288004875183,3.0136689492890394,108.28516361928941,11.958077897356207,17.7,46.300000000000004
44.998143,149,7,-1.0252193212509155,2.069636106491089,-0.5980588793754578,0.5115634799003601,2.3858211779506044,116.3520721082689,-14.51728900228089,25.5,41.300000000000004
44.998143,149,8,-0.1464598923921585,1.6234376430511475,1.7421659231185913,0.5115634799003601,2.3858211132921596,95.155035238378431,46.904546385023828,25.5,41.300000000000004
44.998143,149,9,-1.2718884944915771,2.4052698612213135,-0.47806739807128906,-0.34104230999946594,2.7625299789899658,117.86954705968594,-9.9654440502198618,20.200000000000003,39.900000000000006
44.998143,149,10,-0.33917027711868286,1.5973806381225586,2.22820782661438,-0.34104230999946594,2.7625299090716058,101.98752620735856,53.763347805319775,20.200000000000003,39.900000000000006
45.304795,150,0,-0.11562623083591461,0.041172873228788376,-0.026515616104006767,0.0,0.12556953708845611,160.39990129712913,-12.190504488016241,35.1,53.6
45.304795,150,1,-0.48563018441200256,1.7953035831451416,1.8693870306015015,0.0,2.6369602768807341,105.13628992887395,45.146900370428853,17.6,58.1
45.304795,150,2,0.8903220295906067,2.459463119506836,0.3345562815666199,0.0,2.6369603823577474,70.0998185554681,7.2888708786319132,17.6,58.1
45.304795,150,3,-1.8500198125839233,1.3346543312072754,1.969346523284912,0.0,3.0136690627103975,144.19230051943805,40.80384432375709,14.100000000000001,62.800000000000004
45.304795,150,4,-2.374191999435425,2.1483469009399414,1.4524815082550049,0.0,3.5159471823086541,137.858843422489,24.400503762887308,11.4,70.9
45.304795,150,5,-1.0791782140731812,2.609215259552002,-2.0950546264648438,0.0,3.515947066763228,112.47011440493986,-36.574824376059738,11.4,70.9
45.304795,150,6,1.2950139045715332,4.825690269470215,3.3711209297180176,0.0,6.0273380453294632,74.9781337591756,34.007754637490194,11.8,69.7
45.601679,151,0,-0.11562623083591461,0.041165389120578766,-0.02652723155915737,0.0,0.12556953664389317,160.4031926121462,-12.195926838316046,35.300000000000004,53.400000000000006
45.601679,151,1,0.6937574148178101,1.143436074256897,2.125638246536255,0.0,2.5113907226205243,58.753538936876453,57.822123425477237,18.8,56.5
45.601679,151,2,-1.8500198125839233,1.7597007751464844,1.600962519645691,0.0,3.0136690452527253,136.43330211114096,32.088848071318893,15.600000000000001,63.2
45.911922,152,0,-0.11562623083591461,0.04116809740662575,-0.026523025706410408,0.0,0.1255695360906639,160.40200156324255,-12.1939635112291,35.5,53.2
45.911922,152,1,-1.5416830778121948,0.8339669108390808,-0.9819601774215698,0.0,2.0091125679833777,151.58901647198437,-29.258665293462514,12.600000000000001,52.0
45.911922,152,2,-1.2140754461288452,2.3408405780792236,0.006772003136575222,0.0,2.6369603070394727,117.4134828883921,0.14714200438939232,19.1,58.0
45.911922,152,3,-0.3237534463405609,1.3637340068817139,2.2336008548736572,0.0,2.6369602792676603,103.35491371556948,57.890760296871463,19.1,58.0
45.911922,152,4,-1.8500198125839233,1.7122844457626343,1.6515779495239258,0.0,3.0136690351641735,137.21422023399583,33.231897160223419,14.5,62.7
45.911922,152,5,1.2950139045715332,4.8727545738220215,3.302727222442627,0.0,6.0273381567322595,75.116756483567926,33.227025041191013,11.600000000000001,70.10000000000001
45.911922,152,6,3.7000396251678467,4.045473098754883,-2.5045275688171387,0.0,6.0273380661388769,47.553578394954627,-24.552569852534724,11.600000000000001,70.10000000000001
46.193166,153,0,-0.11562623083591461,0.04113330319523811,-0.026576954871416092,0.0,0.12556953619134253,160.41730468846816,-12.219139887092506,35.6,53.0
46.193166,153,1,-1.5416830778121948,0.8259978294372559,-0.9886729717254639,0.0,2.0091125831242009,151.81863255247035,-29.478331006703968,12.700000000000001,51.800000000000004
46.193166,153,2,-0.48563018441200256,1.7201685905456543,1.938747763633728,0.0,2.63696028542461,105.76519349772995,47.325867509833095,17.1,57.5
46.193166,153,3,-1.375952124595642,2.243197441101074,-0.16846325993537903,0.0,2.6369601587604095,121.52448533861724,-3.6628583618170283,17.1,57.5
46.193166,153,4,-1.6650177240371704,1.5329488515853882,1.9899710416793823,0.0,3.0136690179343528,137.36484383672243,41.323905567645127,12.9,62.2
46.193166,153,5,-2.374191999435425,2.0897374153137207,1.5356087684631348,0.0,3.51594715616235,138.64612412288417,25.897042908214075,11.5,70.60000000000001
46.193166,153,6,-1.0791782140731812,2.6702067852020264,-2.0167431831359863,0.0,3.5159469507082428,112.00635713266827,-35.001568847978895,11.5,70.60000000000001
46.193166,153,7,1.2950139045715332,4.900913238525391,3.260796546936035,0.0,6.0273381940203929,75.198505364626271,32.751813572850573,12.200000000000001,69.60000000000001
46.573943,154,0,-0.11562623083591461,0.04117533192038536,-0.026511792093515396,0.0,0.12556953585995251,160.39882005826229,-12.188719515464884,36.0,52.6
46.573943,154,1,-1.5416830778121948,0.788346529006958,-1.0189486742019653,0.0,2.0091125809341155,152.91686558696466,-30.475079418761421,13.3,51.2
46.573943,154,2,0.5395891070365906,1.5913052558898926,1.8664604425430298,0.0,2.5113907313345853,71.268929039032088,48.004549083023029,16.8,56.2
46.573943,154,3,-1.8500198125839233,1.6195050477981567,1.7426506280899048,0.0,3.0136690459270579,138.80113738429671,35.327469356320307,14.4,62.6
47.117348,155,0,-0.11562623083591461,0.0411304347217083,-0.02658139541745186,0.0,0.12556953651286545,160.41856642494949,-12.221212994289159,35.2,53.400000000000006
47.117348,155,1,-1.5416830778121948,0.7962520718574524,-1.0127829313278198,0.0,2.00911257532741,152.68444558287598,-30.271272657376887,12.4,52.0
47.117348,155,2,-1.1562622785568237,2.227705717086792,-0.08641696721315384,0.0,2.5113906727104238,117.4309945262426,-1.9719373717555513,21.3,56.300000000000004
47.117348,155,3,-0.30833661556243896,1.5296765565872192,1.9677655696868896,0.0,2.5113906851611523,101.39639052742578,51.585498658096718,21.3,56.300000000000004
47.117348,155,4,-1.8500198125839233,1.3881404399871826,1.9320181608200073,0.0,3.01366908631641,143.11770471555855,39.872775714860389,14.100000000000001,62.900000000000006
47.398321,156,0,-0.11562623083591461,0.041115470230579376,-0.026604536920785904,0.0,0.12556953664950479,160.42514907724154,-12.232017219702788,35.1,53.5
47.398321,156,1,-1.5416830778121948,0.7874159216880798,-1.0196679830551147,0.0,2.0091125756930737,152.94428882289907,-30.498883798781677,12.5,52.0
47.398321,156,2,0.585839569568634,0.7395592927932739,2.1913435459136963,0.0,2.385821134336533,51.615605623358846,66.705753834247787,18.900000000000002,55.300000000000004
47.398321,156,3,-0.8787593245506287,2.2001335620880127,-0.28166842460632324,0.0,2.38582118838168,111.77235109374608,-6.7801135629792064,18.900000000000002,55.300000000000004
47.398321,156,4,-1.8500198125839233,1.3862476348876953,1.933376669883728,0.0,3.013669052805148,143.1552283100005,39.906437858128143,14.200000000000001,63.0
47.691637,157,0,-0.11562623083591461,0.041159000247716904,-0.02653714083135128,0.0,0.12556953612327609,160.40600237782581,-12.200552806478013,35.5,53.2
47.691637,157,1,-1.2333464622497559,2.1831820011138916,-0.14020022749900818,0.0,2.5113907003336653,119.46343692068287,-3.200242643646106,20.6,56.5
47.691637,157,2,-0.30833661556243896,1.1281495094299316,2.2224514484405518,0.0,2.5113906953715905,105.28628842418594,62.245185322069574,20.6,56.5
47.691637,157,3,-1.8500198125839233,1.430590271949768,1.9007996320724487,0.0,3.0136690386366456,142.285801176675,39.103711075602448,15.100000000000001,63.300000000000004
47.691637,157,4,1.2950139045715332,4.71397066116333,3.5256524085998535,0.0,6.0273381615442982,74.638756416190418,35.799000154641988,11.4,70.0
47.691637,157,5,3.515037775039673,4.231014251708984,-2.464108467102051,0.0,6.0273379443801236,50.280909572284166,-24.130857328020614,11.4,70.0
47.691637,157,6,-0.9365724921226501,3.156705379486084,0.8079001903533936,0.34104230999946594,3.3903775016139814,106.52525588198853,13.785760894609405,18.7,43.400000000000006
47.691637,157,7,-1.9772087335586548,2.4239041805267334,-1.3076673746109009,0.34104230999946594,3.3903775328209926,129.20455249706296,-22.68718128340857,18.7,43.400000000000006
