timestamp_s,frame_number,range_bin,doppler_bin,signal_strength
0.0,1,0,0,5289
0.0,1,0,1,5039
0.0,1,0,2,3102
0.0,1,0,3,2785
0.0,1,0,4,2568
0.0,1,0,5,2534
0.0,1,0,6,2340
0.0,1,0,7,2417
0.0,1,0,8,2451
0.0,1,0,9,2418
0.0,1,0,10,2316
0.0,1,0,11,2399
0.0,1,0,12,2417
0.0,1,0,13,2396
0.0,1,0,14,2440
0.0,1,0,15,2435
0.0,1,0,16,2379
0.0,1,0,17,2325
0.0,1,0,18,2383
0.0,1,0,19,2336
0.0,1,0,20,2284
0.0,1,0,21,2547
0.0,1,0,22,2363
0.0,1,0,23,2310
0.0,1,0,24,2282
0.0,1,0,25,2260
0.0,1,0,26,2217
0.0,1,0,27,2245
0.0,1,0,28,2332
0.0,1,0,29,2170
0.0,1,0,30,2358
0.0,1,0,31,2378
0.0,1,0,32,2191
0.0,1,0,33,2303
0.0,1,0,34,2131
0.0,1,0,35,2304
0.0,1,0,36,2514
0.0,1,0,37,2418
0.0,1,0,38,2197
0.0,1,0,39,2096
0.0,1,0,40,2217
0.0,1,0,41,2325
0.0,1,0,42,2285
0.0,1,0,43,2226
0.0,1,0,44,2043
0.0,1,0,45,2392
0.0,1,0,46,2470
0.0,1,0,47,2372
0.0,1,0,48,2187
0.0,1,0,49,2224
0.0,1,0,50,2344
0.0,1,0,51,2380
0.0,1,0,52,2494
0.0,1,0,53,2485
0.0,1,0,54,2438
0.0,1,0,55,2241
0.0,1,0,56,2409
0.0,1,0,57,2371
0.0,1,0,58,2216
0.0,1,0,59,2152
0.0,1,0,60,2223
0.0,1,0,61,2370
0.0,1,0,62,2387
0.0,1,0,63,2364
0.0,1,0,64,2353
0.0,1,0,65,2409
0.0,1,0,66,2349
0.0,1,0,67,2372
0.0,1,0,68,2533
0.0,1,0,69,2352
0.0,1,0,70,2227
0.0,1,0,71,2394
0.0,1,0,72,2407
0.0,1,0,73,2466
0.0,1,0,74,2503
0.0,1,0,75,2468
0.0,1,0,76,2332
0.0,1,0,77,2429
0.0,1,0,78,2471
0.0,1,0,79,2369
0.0,1,0,80,2235
0.0,1,0,81,2317
0.0,1,0,82,2137
0.0,1,0,83,2130
0.0,1,0,84,2234
0.0,1,0,85,2168
0.0,1,0,86,2449
0.0,1,0,87,2396
0.0,1,0,88,2233
0.0,1,0,89,2397
0.0,1,0,90,2303
0.0,1,0,91,2258
0.0,1,0,92,2287
0.0,1,0,93,2304
0.0,1,0,94,2323
0.0,1,0,95,2293
0.0,1,0,96,2183
0.0,1,0,97,2380
0.0,1,0,98,2447
0.0,1,0,99,2407
0.0,1,0,100,2194
0.0,1,0,101,2288
0.0,1,0,102,2220
0.0,1,0,103,2473
0.0,1,0,104,2570
0.0,1,0,105,2438
0.0,1,0,106,2359
0.0,1,0,107,2401
0.0,1,0,108,2376
0.0,1,0,109,2400
0.0,1,0,110,2366
0.0,1,0,111,2305
0.0,1,0,112,2432
0.0,1,0,113,2312
0.0,1,0,114,2334
0.0,1,0,115,2464
0.0,1,0,116,2422
0.0,1,0,117,2449
0.0,1,0,118,2230
0.0,1,0,119,2390
0.0,1,0,120,2441
0.0,1,0,121,2138
0.0,1,0,122,2397
0.0,1,0,123,2393
0.0,1,0,124,2555
0.0,1,0,125,2747
0.0,1,0,126,3093
0.0,1,0,127,5037
0.0,1,1,0,5274
0.0,1,1,1,5022
0.0,1,1,2,3089
0.0,1,1,3,2772
0.0,1,1,4,2592
0.0,1,1,5,2520
0.0,1,1,6,2305
0.0,1,1,7,2456
0.0,1,1,8,2537
0.0,1,1,9,2590
0.0,1,1,10,2389
0.0,1,1,11,2346
0.0,1,1,12,2355
0.0,1,1,13,2380
0.0,1,1,14,2476
0.0,1,1,15,2545
0.0,1,1,16,2518
0.0,1,1,17,2355
0.0,1,1,18,2361
0.0,1,1,19,2384
0.0,1,1,20,2440
0.0,1,1,21,2561
0.0,1,1,22,2369
0.0,1,1,23,2311
0.0,1,1,24,2302
0.0,1,1,25,2408
0.0,1,1,26,2281
0.0,1,1,27,2329
0.0,1,1,28,2413
0.0,1,1,29,2397
0.0,1,1,30,2379
0.0,1,1,31,2278
0.0,1,1,32,2315
0.0,1,1,33,2438
0.0,1,1,34,2281
0.0,1,1,35,2329
0.0,1,1,36,2404
0.0,1,1,37,2375
0.0,1,1,38,2293
0.0,1,1,39,2471
0.0,1,1,40,2342
0.0,1,1,41,2195
0.0,1,1,42,2272
0.0,1,1,43,2317
0.0,1,1,44,2384
0.0,1,1,45,2481
0.0,1,1,46,2506
0.0,1,1,47,2405
0.0,1,1,48,2292
0.0,1,1,49,2217
0.0,1,1,50,2375
0.0,1,1,51,2341
0.0,1,1,52,2408
0.0,1,1,53,2402
0.0,1,1,54,2369
0.0,1,1,55,2248
0.0,1,1,56,2468
0.0,1,1,57,2441
0.0,1,1,58,2293
0.0,1,1,59,2260
0.0,1,1,60,2317
0.0,1,1,61,2446
0.0,1,1,62,2479
0.0,1,1,63,2417
0.0,1,1,64,2390
0.0,1,1,65,2458
0.0,1,1,66,2224
0.0,1,1,67,2287
0.0,1,1,68,2404
0.0,1,1,69,2315
0.0,1,1,70,2499
0.0,1,1,71,2515
0.0,1,1,72,2552
0.0,1,1,73,2469
0.0,1,1,74,2432
0.0,1,1,75,2490
0.0,1,1,76,2467
0.0,1,1,77,2519
0.0,1,1,78,2429
0.0,1,1,79,2356
0.0,1,1,80,2466
0.0,1,1,81,2495
0.0,1,1,82,2345
0.0,1,1,83,2172
0.0,1,1,84,2226
0.0,1,1,85,2334
0.0,1,1,86,2475
0.0,1,1,87,2511
0.0,1,1,88,2177
0.0,1,1,89,2371
0.0,1,1,90,2395
0.0,1,1,91,2246
0.0,1,1,92,2327
0.0,1,1,93,2448
0.0,1,1,94,2410
0.0,1,1,95,2297
0.0,1,1,96,2365
0.0,1,1,97,2431
0.0,1,1,98,2472
0.0,1,1,99,2489
0.0,1,1,100,2332
0.0,1,1,101,2359
0.0,1,1,102,2394
0.0,1,1,103,2544
0.0,1,1,104,2579
0.0,1,1,105,2583
0.0,1,1,106,2511
0.0,1,1,107,2385
0.0,1,1,108,2458
0.0,1,1,109,2412
0.0,1,1,110,2495
0.0,1,1,111,2304
0.0,1,1,112,2479
0.0,1,1,113,2311
0.0,1,1,114,2367
0.0,1,1,115,2517
0.0,1,1,116,2506
0.0,1,1,117,2489
0.0,1,1,118,2225
0.0,1,1,119,2415
0.0,1,1,120,2500
0.0,1,1,121,2284
0.0,1,1,122,2320
0.0,1,1,123,2440
0.0,1,1,124,2600
0.0,1,1,125,2744
0.0,1,1,126,3085
0.0,1,1,127,5023
0.0,1,2,0,4868
0.0,1,2,1,4616
0.0,1,2,2,2764
0.0,1,2,3,2443
0.0,1,2,4,2511
0.0,1,2,5,2383
0.0,1,2,6,2403
0.0,1,2,7,2307
0.0,1,2,8,2390
0.0,1,2,9,2481
0.0,1,2,10,2413
0.0,1,2,11,2331
0.0,1,2,12,2314
0.0,1,2,13,2286
0.0,1,2,14,2266
0.0,1,2,15,2445
0.0,1,2,16,2433
0.0,1,2,17,2297
0.0,1,2,18,2385
0.0,1,2,19,2383
0.0,1,2,20,2361
0.0,1,2,21,2403
0.0,1,2,22,2437
0.0,1,2,23,2219
0.0,1,2,24,2239
0.0,1,2,25,2420
0.0,1,2,26,2403
0.0,1,2,27,2325
0.0,1,2,28,2324
0.0,1,2,29,2422
0.0,1,2,30,2371
0.0,1,2,31,2174
0.0,1,2,32,2375
0.0,1,2,33,2479
0.0,1,2,34,2418
0.0,1,2,35,2299
0.0,1,2,36,2333
0.0,1,2,37,2386
0.0,1,2,38,2294
0.0,1,2,39,2478
0.0,1,2,40,2361
0.0,1,2,41,2300
0.0,1,2,42,2310
0.0,1,2,43,2433
0.0,1,2,44,2378
0.0,1,2,45,2487
0.0,1,2,46,2461
0.0,1,2,47,2377
0.0,1,2,48,2372
0.0,1,2,49,2305
0.0,1,2,50,2292
0.0,1,2,51,2319
0.0,1,2,52,2296
0.0,1,2,53,2353
0.0,1,2,54,2306
0.0,1,2,55,2211
0.0,1,2,56,2418
0.0,1,2,57,2364
0.0,1,2,58,2319
0.0,1,2,59,2272
0.0,1,2,60,2307
0.0,1,2,61,2332
0.0,1,2,62,2417
0.0,1,2,63,2457
0.0,1,2,64,1974
0.0,1,2,65,2266
0.0,1,2,66,2102
0.0,1,2,67,2288
0.0,1,2,68,2293
0.0,1,2,69,2455
0.0,1,2,70,2566
0.0,1,2,71,2470
0.0,1,2,72,2466
0.0,1,2,73,2469
0.0,1,2,74,2302
0.0,1,2,75,2346
0.0,1,2,76,2401
0.0,1,2,77,2454
0.0,1,2,78,2520
0.0,1,2,79,2414
0.0,1,2,80,2364
0.0,1,2,81,2468
0.0,1,2,82,2371
0.0,1,2,83,2154
0.0,1,2,84,2307
0.0,1,2,85,2362
0.0,1,2,86,2335
0.0,1,2,87,2350
0.0,1,2,88,2179
0.0,1,2,89,2232
0.0,1,2,90,2235
0.0,1,2,91,2227
0.0,1,2,92,2288
0.0,1,2,93,2351
0.0,1,2,94,2397
0.0,1,2,95,2189
0.0,1,2,96,2477
0.0,1,2,97,2354
0.0,1,2,98,2384
0.0,1,2,99,2443
0.0,1,2,100,2285
0.0,1,2,101,2386
0.0,1,2,102,2526
0.0,1,2,103,2466
0.0,1,2,104,2328
0.0,1,2,105,2500
0.0,1,2,106,2534
0.0,1,2,107,2432
0.0,1,2,108,2466
0.0,1,2,109,2387
0.0,1,2,110,2417
0.0,1,2,111,2258
0.0,1,2,112,2481
0.0,1,2,113,2439
0.0,1,2,114,2311
0.0,1,2,115,2337
0.0,1,2,116,2463
0.0,1,2,117,2440
0.0,1,2,118,2416
0.0,1,2,119,2303
0.0,1,2,120,2383
0.0,1,2,121,2385
0.0,1,2,122,2325
0.0,1,2,123,2332
0.0,1,2,124,2482
0.0,1,2,125,2474
0.0,1,2,126,2653
0.0,1,2,127,4615
0.0,1,3,0,3732
0.0,1,3,1,3493
0.0,1,3,2,2330
0.0,1,3,3,2302
0.0,1,3,4,2434
0.0,1,3,5,2431
0.0,1,3,6,2421
0.0,1,3,7,2441
0.0,1,3,8,2367
0.0,1,3,9,2310
0.0,1,3,10,2290
0.0,1,3,11,2298
0.0,1,3,12,2394
0.0,1,3,13,2308
0.0,1,3,14,2314
0.0,1,3,15,2455
0.0,1,3,16,2502
0.0,1,3,17,2391
0.0,1,3,18,2442
0.0,1,3,19,2322
0.0,1,3,20,2223
0.0,1,3,21,2428
0.0,1,3,22,2463
0.0,1,3,23,2481
0.0,1,3,24,2303
0.0,1,3,25,2354
0.0,1,3,26,2332
0.0,1,3,27,2406
0.0,1,3,28,2453
0.0,1,3,29,2372
0.0,1,3,30,2366
0.0,1,3,31,2336
0.0,1,3,32,2457
0.0,1,3,33,2465
0.0,1,3,34,2278
0.0,1,3,35,2298
0.0,1,3,36,2449
0.0,1,3,37,2408
0.0,1,3,38,2316
0.0,1,3,39,2388
0.0,1,3,40,2353
0.0,1,3,41,2447
0.0,1,3,42,2370
0.0,1,3,43,2451
0.0,1,3,44,2360
0.0,1,3,45,2380
0.0,1,3,46,2323
0.0,1,3,47,2468
0.0,1,3,48,2419
0.0,1,3,49,2257
0.0,1,3,50,2366
0.0,1,3,51,2197
0.0,1,3,52,2404
0.0,1,3,53,2515
0.0,1,3,54,2201
0.0,1,3,55,2139
0.0,1,3,56,2326
0.0,1,3,57,2300
0.0,1,3,58,2361
0.0,1,3,59,2308
0.0,1,3,60,2280
0.0,1,3,61,2323
0.0,1,3,62,2316
0.0,1,3,63,2361
0.0,1,3,64,2272
0.0,1,3,65,2323
0.0,1,3,66,2257
0.0,1,3,67,2294
0.0,1,3,68,2283
0.0,1,3,69,2428
0.0,1,3,70,2415
0.0,1,3,71,2276
0.0,1,3,72,2417
0.0,1,3,73,2486
0.0,1,3,74,2356
0.0,1,3,75,2333
0.0,1,3,76,2413
0.0,1,3,77,2266
0.0,1,3,78,2452
0.0,1,3,79,2430
0.0,1,3,80,2255
0.0,1,3,81,2459
0.0,1,3,82,2418
0.0,1,3,83,2435
0.0,1,3,84,2226
0.0,1,3,85,2319
0.0,1,3,86,2303
0.0,1,3,87,2199
0.0,1,3,88,2099
0.0,1,3,89,2233
0.0,1,3,90,2337
0.0,1,3,91,2363
0.0,1,3,92,2453
0.0,1,3,93,2439
0.0,1,3,94,2423
0.0,1,3,95,2339
0.0,1,3,96,2424
0.0,1,3,97,2391
0.0,1,3,98,2381
0.0,1,3,99,2432
0.0,1,3,100,2359
0.0,1,3,101,2395
0.0,1,3,102,2324
0.0,1,3,103,2332
0.0,1,3,104,2303
0.0,1,3,105,2349
0.0,1,3,106,2435
0.0,1,3,107,2380
0.0,1,3,108,2389
0.0,1,3,109,2376
0.0,1,3,110,2342
0.0,1,3,111,2308
0.0,1,3,112,2493
0.0,1,3,113,2542
0.0,1,3,114,2376
0.0,1,3,115,2324
0.0,1,3,116,2399
0.0,1,3,117,2392
0.0,1,3,118,2394
0.0,1,3,119,2411
0.0,1,3,120,2274
0.0,1,3,121,2353
0.0,1,3,122,2414
0.0,1,3,123,2409
0.0,1,3,124,2291
0.0,1,3,125,2269
0.0,1,3,126,2451
0.0,1,3,127,3460
0.0,1,4,0,3062
0.0,1,4,1,2845
0.0,1,4,2,2262
0.0,1,4,3,2272
0.0,1,4,4,2301
0.0,1,4,5,2323
0.0,1,4,6,2325
0.0,1,4,7,2426
0.0,1,4,8,2451
0.0,1,4,9,2243
0.0,1,4,10,2304
0.0,1,4,11,2360
0.0,1,4,12,2364
0.0,1,4,13,2354
0.0,1,4,14,2413
0.0,1,4,15,2315
0.0,1,4,16,2468
0.0,1,4,17,2397
0.0,1,4,18,2355
0.0,1,4,19,2422
0.0,1,4,20,2247
0.0,1,4,21,2449
0.0,1,4,22,2509
0.0,1,4,23,2328
0.0,1,4,24,2382
0.0,1,4,25,2331
0.0,1,4,26,2335
0.0,1,4,27,2443
0.0,1,4,28,2393
0.0,1,4,29,2313
0.0,1,4,30,2431
0.0,1,4,31,2351
0.0,1,4,32,2466
0.0,1,4,33,2438
0.0,1,4,34,2366
0.0,1,4,35,2292
0.0,1,4,36,2395
0.0,1,4,37,2404
0.0,1,4,38,2339
0.0,1,4,39,2423
0.0,1,4,40,2354
0.0,1,4,41,2420
0.0,1,4,42,2392
0.0,1,4,43,2394
0.0,1,4,44,2472
0.0,1,4,45,2387
0.0,1,4,46,2375
0.0,1,4,47,2401
0.0,1,4,48,2457
0.0,1,4,49,2339
0.0,1,4,50,2418
0.0,1,4,51,2398
0.0,1,4,52,2449
0.0,1,4,53,2517
0.0,1,4,54,2243
0.0,1,4,55,2188
0.0,1,4,56,2144
0.0,1,4,57,2297
0.0,1,4,58,2391
0.0,1,4,59,2376
0.0,1,4,60,2114
0.0,1,4,61,2340
0.0,1,4,62,2393
0.0,1,4,63,2230
0.0,1,4,64,2465
0.0,1,4,65,2474
0.0,1,4,66,2220
0.0,1,4,67,2184
0.0,1,4,68,2264
0.0,1,4,69,2240
0.0,1,4,70,2143
0.0,1,4,71,2220
0.0,1,4,72,2297
0.0,1,4,73,2447
0.0,1,4,74,2437
0.0,1,4,75,2434
0.0,1,4,76,2325
0.0,1,4,77,2417
0.0,1,4,78,2299
0.0,1,4,79,2412
0.0,1,4,80,2321
0.0,1,4,81,2456
0.0,1,4,82,2560
0.0,1,4,83,2486
0.0,1,4,84,2261
0.0,1,4,85,2445
0.0,1,4,86,2465
0.0,1,4,87,2302
0.0,1,4,88,2183
0.0,1,4,89,2206
0.0,1,4,90,2380
0.0,1,4,91,2374
0.0,1,4,92,2482
0.0,1,4,93,2339
0.0,1,4,94,2260
0.0,1,4,95,2437
0.0,1,4,96,2309
0.0,1,4,97,2347
0.0,1,4,98,2253
0.0,1,4,99,2328
0.0,1,4,100,2361
0.0,1,4,101,2299
0.0,1,4,102,2350
0.0,1,4,103,2182
0.0,1,4,104,2215
0.0,1,4,105,2283
0.0,1,4,106,2388
0.0,1,4,107,2403
0.0,1,4,108,2315
0.0,1,4,109,2370
0.0,1,4,110,2228
0.0,1,4,111,2299
0.0,1,4,112,2474
0.0,1,4,113,2535
0.0,1,4,114,2477
0.0,1,4,115,2417
0.0,1,4,116,2388
0.0,1,4,117,2351
0.0,1,4,118,2335
0.0,1,4,119,2368
0.0,1,4,120,2355
0.0,1,4,121,2475
0.0,1,4,122,2386
0.0,1,4,123,2469
0.0,1,4,124,2343
0.0,1,4,125,2390
0.0,1,4,126,2443
0.0,1,4,127,2774
0.0,1,5,0,3418
0.0,1,5,1,3197
0.0,1,5,2,2255
0.0,1,5,3,2278
0.0,1,5,4,2341
0.0,1,5,5,2408
0.0,1,5,6,2305
0.0,1,5,7,2305
0.0,1,5,8,2527
0.0,1,5,9,2328
0.0,1,5,10,2373
0.0,1,5,11,2406
0.0,1,5,12,2398
0.0,1,5,13,2454
0.0,1,5,14,2390
0.0,1,5,15,2449
0.0,1,5,16,2482
0.0,1,5,17,2398
0.0,1,5,18,2438
0.0,1,5,19,2396
0.0,1,5,20,2155
0.0,1,5,21,2280
0.0,1,5,22,2457
0.0,1,5,23,2373
0.0,1,5,24,2330
0.0,1,5,25,2294
0.0,1,5,26,2238
0.0,1,5,27,2419
0.0,1,5,28,2371
0.0,1,5,29,2272
0.0,1,5,30,2344
0.0,1,5,31,2333
0.0,1,5,32,2118
0.0,1,5,33,2403
0.0,1,5,34,2322
0.0,1,5,35,2472
0.0,1,5,36,2369
0.0,1,5,37,2411
0.0,1,5,38,2370
0.0,1,5,39,2431
0.0,1,5,40,2395
0.0,1,5,41,2293
0.0,1,5,42,2494
0.0,1,5,43,2314
0.0,1,5,44,2388
0.0,1,5,45,2323
0.0,1,5,46,2432
0.0,1,5,47,2248
0.0,1,5,48,2297
0.0,1,5,49,2329
0.0,1,5,50,2458
0.0,1,5,51,2470
0.0,1,5,52,2395
0.0,1,5,53,2343
0.0,1,5,54,2331
0.0,1,5,55,2303
0.0,1,5,56,2230
0.0,1,5,57,2233
0.0,1,5,58,2344
0.0,1,5,59,2397
0.0,1,5,60,2398
0.0,1,5,61,2289
0.0,1,5,62,2252
0.0,1,5,63,2288
0.0,1,5,64,2313
0.0,1,5,65,2323
0.0,1,5,66,2219
0.0,1,5,67,2250
0.0,1,5,68,2286
0.0,1,5,69,2095
0.0,1,5,70,1972
0.0,1,5,71,2286
0.0,1,5,72,2411
0.0,1,5,73,2463
0.0,1,5,74,2393
0.0,1,5,75,2442
0.0,1,5,76,2457
0.0,1,5,77,2343
0.0,1,5,78,2335
0.0,1,5,79,2147
0.0,1,5,80,2405
0.0,1,5,81,2439
0.0,1,5,82,2521
0.0,1,5,83,2499
0.0,1,5,84,2416
0.0,1,5,85,2439
0.0,1,5,86,2500
0.0,1,5,87,2297
0.0,1,5,88,2306
0.0,1,5,89,2352
0.0,1,5,90,2269
0.0,1,5,91,2283
0.0,1,5,92,2429
0.0,1,5,93,2248
0.0,1,5,94,2330
0.0,1,5,95,2462
0.0,1,5,96,2361
0.0,1,5,97,2475
0.0,1,5,98,2316
0.0,1,5,99,2338
0.0,1,5,100,2355
0.0,1,5,101,2331
0.0,1,5,102,2413
0.0,1,5,103,2352
0.0,1,5,104,2377
0.0,1,5,105,2452
0.0,1,5,106,2402
0.0,1,5,107,2284
0.0,1,5,108,2305
0.0,1,5,109,2382
0.0,1,5,110,2348
0.0,1,5,111,2243
0.0,1,5,112,2460
0.0,1,5,113,2436
0.0,1,5,114,2445
0.0,1,5,115,2440
0.0,1,5,116,2306
0.0,1,5,117,2302
0.0,1,5,118,2297
0.0,1,5,119,2400
0.0,1,5,120,2326
0.0,1,5,121,2409
0.0,1,5,122,2450
0.0,1,5,123,2442
0.0,1,5,124,2317
0.0,1,5,125,2363
0.0,1,5,126,2336
0.0,1,5,127,3156
0.0,1,6,0,3344
0.0,1,6,1,3108
0.0,1,6,2,2413
0.0,1,6,3,2443
0.0,1,6,4,2334
0.0,1,6,5,2318
0.0,1,6,6,2389
0.0,1,6,7,2492
0.0,1,6,8,2603
0.0,1,6,9,2400
0.0,1,6,10,2433
0.0,1,6,11,2449
0.0,1,6,12,2467
0.0,1,6,13,2453
0.0,1,6,14,2329
0.0,1,6,15,2330
0.0,1,6,16,2279
0.0,1,6,17,2326
0.0,1,6,18,2508
0.0,1,6,19,2411
0.0,1,6,20,2343
0.0,1,6,21,2239
0.0,1,6,22,2484
0.0,1,6,23,2462
0.0,1,6,24,2377
0.0,1,6,25,2160
0.0,1,6,26,2425
0.0,1,6,27,2608
0.0,1,6,28,2582
0.0,1,6,29,2414
0.0,1,6,30,2321
0.0,1,6,31,2430
0.0,1,6,32,2253
0.0,1,6,33,2223
0.0,1,6,34,2330
0.0,1,6,35,2464
0.0,1,6,36,2463
0.0,1,6,37,2307
0.0,1,6,38,2314
0.0,1,6,39,2424
0.0,1,6,40,2420
0.0,1,6,41,2291
0.0,1,6,42,2415
0.0,1,6,43,2370
0.0,1,6,44,2376
0.0,1,6,45,2514
0.0,1,6,46,2542
0.0,1,6,47,2275
0.0,1,6,48,2104
0.0,1,6,49,2339
0.0,1,6,50,2398
0.0,1,6,51,2427
0.0,1,6,52,2166
0.0,1,6,53,2134
0.0,1,6,54,2283
0.0,1,6,55,2230
0.0,1,6,56,2306
0.0,1,6,57,2400
0.0,1,6,58,2229
0.0,1,6,59,2349
0.0,1,6,60,2404
0.0,1,6,61,2373
0.0,1,6,62,2225
0.0,1,6,63,2387
0.0,1,6,64,2234
0.0,1,6,65,2382
0.0,1,6,66,2433
0.0,1,6,67,2444
0.0,1,6,68,2349
0.0,1,6,69,2182
0.0,1,6,70,2251
0.0,1,6,71,2383
0.0,1,6,72,2326
0.0,1,6,73,2387
0.0,1,6,74,2404
0.0,1,6,75,2370
0.0,1,6,76,2406
0.0,1,6,77,2407
0.0,1,6,78,2377
0.0,1,6,79,2354
0.0,1,6,80,2390
0.0,1,6,81,2292
0.0,1,6,82,2319
0.0,1,6,83,2383
0.0,1,6,84,2292
0.0,1,6,85,2210
0.0,1,6,86,2475
0.0,1,6,87,2428
0.0,1,6,88,2416
0.0,1,6,89,2422
0.0,1,6,90,2206
0.0,1,6,91,2347
0.0,1,6,92,2294
0.0,1,6,93,2260
0.0,1,6,94,2365
0.0,1,6,95,2437
0.0,1,6,96,2306
0.0,1,6,97,2401
0.0,1,6,98,2375
0.0,1,6,99,2334
0.0,1,6,100,2367
0.0,1,6,101,2393
0.0,1,6,102,2350
0.0,1,6,103,2393
0.0,1,6,104,2417
0.0,1,6,105,2412
0.0,1,6,106,2368
0.0,1,6,107,2253
0.0,1,6,108,2231
0.0,1,6,109,2316
0.0,1,6,110,2332
0.0,1,6,111,2201
0.0,1,6,112,2278
0.0,1,6,113,2281
0.0,1,6,114,2330
0.0,1,6,115,2439
0.0,1,6,116,2251
0.0,1,6,117,2329
0.0,1,6,118,2422
0.0,1,6,119,2440
0.0,1,6,120,2352
0.0,1,6,121,2385
0.0,1,6,122,2395
0.0,1,6,123,2346
0.0,1,6,124,2310
0.0,1,6,125,2360
0.0,1,6,126,2426
0.0,1,6,127,3107
0.0,1,7,0,3636
0.0,1,7,1,3381
0.0,1,7,2,2499
0.0,1,7,3,2568
0.0,1,7,4,2410
0.0,1,7,5,2359
0.0,1,7,6,2169
0.0,1,7,7,2272
0.0,1,7,8,2533
0.0,1,7,9,2389
0.0,1,7,10,2402
0.0,1,7,11,2458
0.0,1,7,12,2389
0.0,1,7,13,2302
0.0,1,7,14,2361
0.0,1,7,15,2348
0.0,1,7,16,2433
0.0,1,7,17,2414
0.0,1,7,18,2488
0.0,1,7,19,2371
0.0,1,7,20,2365
0.0,1,7,21,2263
0.0,1,7,22,2312
0.0,1,7,23,2378
0.0,1,7,24,2130
0.0,1,7,25,2322
0.0,1,7,26,2443
0.0,1,7,27,2563
0.0,1,7,28,2513
0.0,1,7,29,2347
0.0,1,7,30,2276
0.0,1,7,31,2395
0.0,1,7,32,2360
0.0,1,7,33,2326
0.0,1,7,34,2342
0.0,1,7,35,2381
0.0,1,7,36,2426
0.0,1,7,37,2322
0.0,1,7,38,2342
0.0,1,7,39,2352
0.0,1,7,40,2445
0.0,1,7,41,2370
0.0,1,7,42,2414
0.0,1,7,43,2484
0.0,1,7,44,2320
0.0,1,7,45,2493
0.0,1,7,46,2419
0.0,1,7,47,2401
0.0,1,7,48,2287
0.0,1,7,49,2477
0.0,1,7,50,2428
0.0,1,7,51,2436
0.0,1,7,52,2421
0.0,1,7,53,2253
0.0,1,7,54,2317
0.0,1,7,55,2199
0.0,1,7,56,2288
0.0,1,7,57,2371
0.0,1,7,58,2341
0.0,1,7,59,2391
0.0,1,7,60,2274
0.0,1,7,61,2275
0.0,1,7,62,2336
0.0,1,7,63,2426
0.0,1,7,64,2386
0.0,1,7,65,2365
0.0,1,7,66,2355
0.0,1,7,67,2346
0.0,1,7,68,2344
0.0,1,7,69,2397
0.0,1,7,70,2390
0.0,1,7,71,2460
0.0,1,7,72,2368
0.0,1,7,73,2212
0.0,1,7,74,2442
0.0,1,7,75,2372
0.0,1,7,76,2395
0.0,1,7,77,2343
0.0,1,7,78,2378
0.0,1,7,79,2508
0.0,1,7,80,2495
0.0,1,7,81,2322
0.0,1,7,82,2290
0.0,1,7,83,2335
0.0,1,7,84,2249
0.0,1,7,85,2263
0.0,1,7,86,2333
0.0,1,7,87,2318
0.0,1,7,88,2425
0.0,1,7,89,2420
0.0,1,7,90,2280
0.0,1,7,91,2417
0.0,1,7,92,2323
0.0,1,7,93,2298
0.0,1,7,94,2334
0.0,1,7,95,2424
0.0,1,7,96,2328
0.0,1,7,97,2370
0.0,1,7,98,2410
0.0,1,7,99,2490
0.0,1,7,100,2354
0.0,1,7,101,2410
0.0,1,7,102,2346
0.0,1,7,103,2424
0.0,1,7,104,2427
0.0,1,7,105,2433
0.0,1,7,106,2469
0.0,1,7,107,2349
0.0,1,7,108,2257
0.0,1,7,109,2413
0.0,1,7,110,2325
0.0,1,7,111,2236
0.0,1,7,112,2483
0.0,1,7,113,2420
0.0,1,7,114,2366
0.0,1,7,115,2373
0.0,1,7,116,2290
0.0,1,7,117,2380
0.0,1,7,118,2424
0.0,1,7,119,2454
0.0,1,7,120,2433
0.0,1,7,121,2451
0.0,1,7,122,2386
0.0,1,7,123,2425
0.0,1,7,124,2475
0.0,1,7,125,2323
0.0,1,7,126,2408
0.0,1,7,127,3382
0.0,1,8,0,3821
0.0,1,8,1,3568
0.0,1,8,2,2497
0.0,1,8,3,2580
0.0,1,8,4,2416
0.0,1,8,5,2433
0.0,1,8,6,2273
0.0,1,8,7,2385
0.0,1,8,8,2258
0.0,1,8,9,2164
0.0,1,8,10,2405
0.0,1,8,11,2448
0.0,1,8,12,2291
0.0,1,8,13,2319
0.0,1,8,14,2302
0.0,1,8,15,2504
0.0,1,8,16,2524
0.0,1,8,17,2433
0.0,1,8,18,2382
0.0,1,8,19,2362
0.0,1,8,20,2282
0.0,1,8,21,2273
0.0,1,8,22,2355
0.0,1,8,23,2300
0.0,1,8,24,2382
0.0,1,8,25,2376
0.0,1,8,26,2366
0.0,1,8,27,2437
0.0,1,8,28,2368
0.0,1,8,29,2275
0.0,1,8,30,2180
0.0,1,8,31,2286
0.0,1,8,32,2171
0.0,1,8,33,2366
0.0,1,8,34,2304
0.0,1,8,35,2405
0.0,1,8,36,2275
0.0,1,8,37,2334
0.0,1,8,38,2385
0.0,1,8,39,2463
0.0,1,8,40,2481
0.0,1,8,41,2474
0.0,1,8,42,2346
0.0,1,8,43,2425
0.0,1,8,44,2303
0.0,1,8,45,2393
0.0,1,8,46,2477
0.0,1,8,47,2444
0.0,1,8,48,2387
0.0,1,8,49,2488
0.0,1,8,50,2447
0.0,1,8,51,2450
0.0,1,8,52,2455
0.0,1,8,53,2415
0.0,1,8,54,2469
0.0,1,8,55,2402
0.0,1,8,56,2346
0.0,1,8,57,2473
0.0,1,8,58,2523
0.0,1,8,59,2491
0.0,1,8,60,2441
0.0,1,8,61,2383
0.0,1,8,62,2327
0.0,1,8,63,2372
0.0,1,8,64,2352
0.0,1,8,65,2289
0.0,1,8,66,2264
0.0,1,8,67,2218
0.0,1,8,68,2169
0.0,1,8,69,2364
0.0,1,8,70,2381
0.0,1,8,71,2310
0.0,1,8,72,2464
0.0,1,8,73,2430
0.0,1,8,74,2521
0.0,1,8,75,2537
0.0,1,8,76,2470
0.0,1,8,77,2371
0.0,1,8,78,2372
0.0,1,8,79,2206
0.0,1,8,80,2439
0.0,1,8,81,2364
0.0,1,8,82,2351
0.0,1,8,83,2414
0.0,1,8,84,2454
0.0,1,8,85,2464
0.0,1,8,86,2413
0.0,1,8,87,2369
0.0,1,8,88,2326
0.0,1,8,89,2409
0.0,1,8,90,2293
0.0,1,8,91,2253
0.0,1,8,92,2393
0.0,1,8,93,2293
0.0,1,8,94,2327
0.0,1,8,95,2373
0.0,1,8,96,2366
0.0,1,8,97,2337
0.0,1,8,98,2415
0.0,1,8,99,2422
0.0,1,8,100,2360
0.0,1,8,101,2343
0.0,1,8,102,2426
0.0,1,8,103,2368
0.0,1,8,104,2292
0.0,1,8,105,2425
0.0,1,8,106,2548
0.0,1,8,107,2432
0.0,1,8,108,2355
0.0,1,8,109,2388
0.0,1,8,110,2336
0.0,1,8,111,2215
0.0,1,8,112,2311
0.0,1,8,113,2384
0.0,1,8,114,2409
0.0,1,8,115,2191
0.0,1,8,116,2452
0.0,1,8,117,2497
0.0,1,8,118,2439
0.0,1,8,119,2470
0.0,1,8,120,2469
0.0,1,8,121,2419
0.0,1,8,122,2387
0.0,1,8,123,2461
0.0,1,8,124,2403
0.0,1,8,125,2364
0.0,1,8,126,2288
0.0,1,8,127,3571
0.0,1,9,0,3789
0.0,1,9,1,3536
0.0,1,9,2,2517
0.0,1,9,3,2626
0.0,1,9,4,2492
0.0,1,9,5,2471
0.0,1,9,6,2444
0.0,1,9,7,2391
0.0,1,9,8,2367
0.0,1,9,9,2309
0.0,1,9,10,2370
0.0,1,9,11,2371
0.0,1,9,12,2347
0.0,1,9,13,2462
0.0,1,9,14,2433
0.0,1,9,15,2499
0.0,1,9,16,2520
0.0,1,9,17,2440
0.0,1,9,18,2370
0.0,1,9,19,2292
0.0,1,9,20,2189
0.0,1,9,21,2276
0.0,1,9,22,2259
0.0,1,9,23,2390
0.0,1,9,24,2307
0.0,1,9,25,2407
0.0,1,9,26,2352
0.0,1,9,27,2375
0.0,1,9,28,2369
0.0,1,9,29,2328
0.0,1,9,30,2073
0.0,1,9,31,2175
0.0,1,9,32,2283
0.0,1,9,33,2359
0.0,1,9,34,2283
0.0,1,9,35,2418
0.0,1,9,36,2349
0.0,1,9,37,2286
0.0,1,9,38,2393
0.0,1,9,39,2429
0.0,1,9,40,2574
0.0,1,9,41,2561
0.0,1,9,42,2366
0.0,1,9,43,2187
0.0,1,9,44,2186
0.0,1,9,45,2238
0.0,1,9,46,2397
0.0,1,9,47,2371
0.0,1,9,48,2374
0.0,1,9,49,2437
0.0,1,9,50,2325
0.0,1,9,51,2376
0.0,1,9,52,2481
0.0,1,9,53,2454
0.0,1,9,54,2453
0.0,1,9,55,2364
0.0,1,9,56,2371
0.0,1,9,57,2521
0.0,1,9,58,2499
0.0,1,9,59,2276
0.0,1,9,60,2419
0.0,1,9,61,2435
0.0,1,9,62,2401
0.0,1,9,63,2143
0.0,1,9,64,2408
0.0,1,9,65,2363
0.0,1,9,66,2216
0.0,1,9,67,2247
0.0,1,9,68,2265
0.0,1,9,69,2171
0.0,1,9,70,2373
0.0,1,9,71,2357
0.0,1,9,72,2332
0.0,1,9,73,2431
0.0,1,9,74,2323
0.0,1,9,75,2501
0.0,1,9,76,2436
0.0,1,9,77,2229
0.0,1,9,78,2407
0.0,1,9,79,2362
0.0,1,9,80,2490
0.0,1,9,81,2392
0.0,1,9,82,2351
0.0,1,9,83,2377
0.0,1,9,84,2280
0.0,1,9,85,2370
0.0,1,9,86,2456
0.0,1,9,87,2426
0.0,1,9,88,2329
0.0,1,9,89,2433
0.0,1,9,90,2295
0.0,1,9,91,2428
0.0,1,9,92,2424
0.0,1,9,93,2408
0.0,1,9,94,2431
0.0,1,9,95,2466
0.0,1,9,96,2412
0.0,1,9,97,2294
0.0,1,9,98,2338
0.0,1,9,99,2397
0.0,1,9,100,2396
0.0,1,9,101,2501
0.0,1,9,102,2466
0.0,1,9,103,2365
0.0,1,9,104,2253
0.0,1,9,105,2428
0.0,1,9,106,2557
0.0,1,9,107,2463
0.0,1,9,108,2294
0.0,1,9,109,2340
0.0,1,9,110,2342
0.0,1,9,111,2400
0.0,1,9,112,2388
0.0,1,9,113,2402
0.0,1,9,114,2391
0.0,1,9,115,2312
0.0,1,9,116,2538
0.0,1,9,117,2596
0.0,1,9,118,2393
0.0,1,9,119,2486
0.0,1,9,120,2406
0.0,1,9,121,2308
0.0,1,9,122,2409
0.0,1,9,123,2529
0.0,1,9,124,2546
0.0,1,9,125,2273
0.0,1,9,126,2424
0.0,1,9,127,3540
0.0,1,10,0,3577
0.0,1,10,1,3320
0.0,1,10,2,2431
0.0,1,10,3,2531
0.0,1,10,4,2459
0.0,1,10,5,2376
0.0,1,10,6,2277
0.0,1,10,7,2311
0.0,1,10,8,2272
0.0,1,10,9,2361
0.0,1,10,10,2370
0.0,1,10,11,2377
0.0,1,10,12,2393
0.0,1,10,13,2527
0.0,1,10,14,2312
0.0,1,10,15,2326
0.0,1,10,16,2250
0.0,1,10,17,2467
0.0,1,10,18,2412
0.0,1,10,19,2309
0.0,1,10,20,2408
0.0,1,10,21,2476
0.0,1,10,22,2334
0.0,1,10,23,2377
0.0,1,10,24,2223
0.0,1,10,25,2363
0.0,1,10,26,2463
0.0,1,10,27,2385
0.0,1,10,28,2415
0.0,1,10,29,2404
0.0,1,10,30,2377
0.0,1,10,31,2295
0.0,1,10,32,2311
0.0,1,10,33,2393
0.0,1,10,34,2339
0.0,1,10,35,2209
0.0,1,10,36,2407
0.0,1,10,37,2426
0.0,1,10,38,2264
0.0,1,10,39,2457
0.0,1,10,40,2506
0.0,1,10,41,2477
0.0,1,10,42,2273
0.0,1,10,43,2263
0.0,1,10,44,2385
0.0,1,10,45,2203
0.0,1,10,46,2349
0.0,1,10,47,2404
0.0,1,10,48,2436
0.0,1,10,49,2398
0.0,1,10,50,2390
0.0,1,10,51,2531
0.0,1,10,52,2466
0.0,1,10,53,2414
0.0,1,10,54,2246
0.0,1,10,55,2358
0.0,1,10,56,2487
0.0,1,10,57,2483
0.0,1,10,58,2327
0.0,1,10,59,2371
0.0,1,10,60,2412
0.0,1,10,61,2505
0.0,1,10,62,2523
0.0,1,10,63,2491
0.0,1,10,64,2397
0.0,1,10,65,2401
0.0,1,10,66,2401
0.0,1,10,67,2369
0.0,1,10,68,2328
0.0,1,10,69,2425
0.0,1,10,70,2452
0.0,1,10,71,2451
0.0,1,10,72,2406
0.0,1,10,73,2349
0.0,1,10,74,2378
0.0,1,10,75,2399
0.0,1,10,76,2487
0.0,1,10,77,2335
0.0,1,10,78,2408
0.0,1,10,79,2393
0.0,1,10,80,2359
0.0,1,10,81,2285
0.0,1,10,82,2333
0.0,1,10,83,2410
0.0,1,10,84,2316
0.0,1,10,85,2336
0.0,1,10,86,2416
0.0,1,10,87,2363
0.0,1,10,88,2427
0.0,1,10,89,2541
0.0,1,10,90,2433
0.0,1,10,91,2473
0.0,1,10,92,2338
0.0,1,10,93,2349
0.0,1,10,94,2460
0.0,1,10,95,2483
0.0,1,10,96,2477
0.0,1,10,97,2314
0.0,1,10,98,2343
0.0,1,10,99,2314
0.0,1,10,100,2416
0.0,1,10,101,2439
0.0,1,10,102,2330
0.0,1,10,103,2392
0.0,1,10,104,2380
0.0,1,10,105,2370
0.0,1,10,106,2532
0.0,1,10,107,2443
0.0,1,10,108,2375
0.0,1,10,109,2399
0.0,1,10,110,2279
0.0,1,10,111,2465
0.0,1,10,112,2419
0.0,1,10,113,2380
0.0,1,10,114,2344
0.0,1,10,115,2386
0.0,1,10,116,2417
0.0,1,10,117,2386
0.0,1,10,118,2452
0.0,1,10,119,2459
0.0,1,10,120,2442
0.0,1,10,121,2383
0.0,1,10,122,2325
0.0,1,10,123,2348
0.0,1,10,124,2414
0.0,1,10,125,2413
0.0,1,10,126,2437
0.0,1,10,127,3326
0.0,1,11,0,3925
0.0,1,11,1,3672
0.0,1,11,2,2522
0.0,1,11,3,2339
0.0,1,11,4,2485
0.0,1,11,5,2413
0.0,1,11,6,2420
0.0,1,11,7,2392
0.0,1,11,8,2196
0.0,1,11,9,2200
0.0,1,11,10,2357
0.0,1,11,11,2499
0.0,1,11,12,2440
0.0,1,11,13,2479
0.0,1,11,14,2388
0.0,1,11,15,2345
0.0,1,11,16,2328
0.0,1,11,17,2387
0.0,1,11,18,2367
0.0,1,11,19,2399
0.0,1,11,20,2495
0.0,1,11,21,2519
0.0,1,11,22,2414
0.0,1,11,23,2409
0.0,1,11,24,2331
0.0,1,11,25,2388
0.0,1,11,26,2442
0.0,1,11,27,2517
0.0,1,11,28,2398
0.0,1,11,29,2330
0.0,1,11,30,2398
0.0,1,11,31,2347
0.0,1,11,32,2192
0.0,1,11,33,2437
0.0,1,11,34,2345
0.0,1,11,35,2391
0.0,1,11,36,2467
0.0,1,11,37,2318
0.0,1,11,38,2352
0.0,1,11,39,2429
0.0,1,11,40,2329
0.0,1,11,41,2388
0.0,1,11,42,2284
0.0,1,11,43,2375
0.0,1,11,44,2395
0.0,1,11,45,2320
0.0,1,11,46,2450
0.0,1,11,47,2465
0.0,1,11,48,2459
0.0,1,11,49,2286
0.0,1,11,50,2339
0.0,1,11,51,2587
0.0,1,11,52,2451
0.0,1,11,53,2433
0.0,1,11,54,2271
0.0,1,11,55,2439
0.0,1,11,56,2561
0.0,1,11,57,2532
0.0,1,11,58,2417
0.0,1,11,59,2397
0.0,1,11,60,2363
0.0,1,11,61,2482
0.0,1,11,62,2509
0.0,1,11,63,2522
0.0,1,11,64,2347
0.0,1,11,65,2311
0.0,1,11,66,2420
0.0,1,11,67,2394
0.0,1,11,68,2412
0.0,1,11,69,2497
0.0,1,11,70,2412
0.0,1,11,71,2412
0.0,1,11,72,2383
0.0,1,11,73,2233
0.0,1,11,74,2078
0.0,1,11,75,2375
0.0,1,11,76,2464
0.0,1,11,77,2287
0.0,1,11,78,2214
0.0,1,11,79,2298
0.0,1,11,80,2378
0.0,1,11,81,2318
0.0,1,11,82,2436
0.0,1,11,83,2551
0.0,1,11,84,2186
0.0,1,11,85,2355
0.0,1,11,86,2391
0.0,1,11,87,2440
0.0,1,11,88,2506
0.0,1,11,89,2523
0.0,1,11,90,2440
0.0,1,11,91,2285
0.0,1,11,92,2346
0.0,1,11,93,2454
0.0,1,11,94,2458
0.0,1,11,95,2455
0.0,1,11,96,2465
0.0,1,11,97,2181
0.0,1,11,98,2334
0.0,1,11,99,2280
0.0,1,11,100,2399
0.0,1,11,101,2465
0.0,1,11,102,2315
0.0,1,11,103,2357
0.0,1,11,104,2354
0.0,1,11,105,2418
0.0,1,11,106,2493
0.0,1,11,107,2368
0.0,1,11,108,2269
0.0,1,11,109,2286
0.0,1,11,110,2195
0.0,1,11,111,2416
0.0,1,11,112,2445
0.0,1,11,113,2406
0.0,1,11,114,2504
0.0,1,11,115,2322
0.0,1,11,116,2306
0.0,1,11,117,2408
0.0,1,11,118,2451
0.0,1,11,119,2501
0.0,1,11,120,2465
0.0,1,11,121,2307
0.0,1,11,122,2368
0.0,1,11,123,2385
0.0,1,11,124,2482
0.0,1,11,125,2483
0.0,1,11,126,2310
0.0,1,11,127,3666
0.0,1,12,0,4258
0.0,1,12,1,4008
0.0,1,12,2,2595
0.0,1,12,3,2458
0.0,1,12,4,2614
0.0,1,12,5,2538
0.0,1,12,6,2571
0.0,1,12,7,2305
0.0,1,12,8,2301
0.0,1,12,9,2362
0.0,1,12,10,2377
0.0,1,12,11,2485
0.0,1,12,12,2453
0.0,1,12,13,2246
0.0,1,12,14,2355
0.0,1,12,15,2363
0.0,1,12,16,2529
0.0,1,12,17,2429
0.0,1,12,18,2476
0.0,1,12,19,2506
0.0,1,12,20,2502
0.0,1,12,21,2511
0.0,1,12,22,2480
0.0,1,12,23,2403
0.0,1,12,24,2393
0.0,1,12,25,2393
0.0,1,12,26,2318
0.0,1,12,27,2357
0.0,1,12,28,2290
0.0,1,12,29,2364
0.0,1,12,30,2284
0.0,1,12,31,2254
0.0,1,12,32,2321
0.0,1,12,33,2393
0.0,1,12,34,2389
0.0,1,12,35,2438
0.0,1,12,36,2547
0.0,1,12,37,2422
0.0,1,12,38,2410
0.0,1,12,39,2334
0.0,1,12,40,2155
0.0,1,12,41,2360
0.0,1,12,42,2219
0.0,1,12,43,2353
0.0,1,12,44,2373
0.0,1,12,45,2371
0.0,1,12,46,2478
0.0,1,12,47,2444
0.0,1,12,48,2324
0.0,1,12,49,2273
0.0,1,12,50,2356
0.0,1,12,51,2430
0.0,1,12,52,2423
0.0,1,12,53,2491
0.0,1,12,54,2372
0.0,1,12,55,2444
0.0,1,12,56,2365
0.0,1,12,57,2415
0.0,1,12,58,2452
0.0,1,12,59,2434
0.0,1,12,60,2447
0.0,1,12,61,2409
0.0,1,12,62,2284
0.0,1,12,63,2382
0.0,1,12,64,2264
0.0,1,12,65,2299
0.0,1,12,66,2252
0.0,1,12,67,2379
0.0,1,12,68,2484
0.0,1,12,69,2494
0.0,1,12,70,2434
0.0,1,12,71,2366
0.0,1,12,72,2506
0.0,1,12,73,2387
0.0,1,12,74,2380
0.0,1,12,75,2422
0.0,1,12,76,2400
0.0,1,12,77,2281
0.0,1,12,78,2348
0.0,1,12,79,2239
0.0,1,12,80,2355
0.0,1,12,81,2357
0.0,1,12,82,2405
0.0,1,12,83,2454
0.0,1,12,84,2248
0.0,1,12,85,2414
0.0,1,12,86,2381
0.0,1,12,87,2327
0.0,1,12,88,2602
0.0,1,12,89,2482
0.0,1,12,90,2314
0.0,1,12,91,2043
0.0,1,12,92,2311
0.0,1,12,93,2391
0.0,1,12,94,2441
0.0,1,12,95,2388
0.0,1,12,96,2437
0.0,1,12,97,2381
0.0,1,12,98,2429
0.0,1,12,99,2269
0.0,1,12,100,2503
0.0,1,12,101,2485
0.0,1,12,102,2257
0.0,1,12,103,2193
0.0,1,12,104,2295
0.0,1,12,105,2319
0.0,1,12,106,2471
0.0,1,12,107,2338
0.0,1,12,108,2275
0.0,1,12,109,2415
0.0,1,12,110,2370
0.0,1,12,111,2425
0.0,1,12,112,2302
0.0,1,12,113,2339
0.0,1,12,114,2340
0.0,1,12,115,2276
0.0,1,12,116,2331
0.0,1,12,117,2438
0.0,1,12,118,2417
0.0,1,12,119,2428
0.0,1,12,120,2432
0.0,1,12,121,2290
0.0,1,12,122,2335
0.0,1,12,123,2350
0.0,1,12,124,2574
0.0,1,12,125,2424
0.0,1,12,126,2337
0.0,1,12,127,4005
0.0,1,13,0,4422
0.0,1,13,1,4167
0.0,1,13,2,2533
0.0,1,13,3,2431
0.0,1,13,4,2435
0.0,1,13,5,2496
0.0,1,13,6,2609
0.0,1,13,7,2457
0.0,1,13,8,2187
0.0,1,13,9,2297
0.0,1,13,10,2390
0.0,1,13,11,2381
0.0,1,13,12,2400
0.0,1,13,13,2292
0.0,1,13,14,2396
0.0,1,13,15,2352
0.0,1,13,16,2555
0.0,1,13,17,2539
0.0,1,13,18,2566
0.0,1,13,19,2548
0.0,1,13,20,2516
0.0,1,13,21,2484
0.0,1,13,22,2437
0.0,1,13,23,2410
0.0,1,13,24,2393
0.0,1,13,25,2266
0.0,1,13,26,2239
0.0,1,13,27,2229
0.0,1,13,28,2326
0.0,1,13,29,2328
0.0,1,13,30,2323
0.0,1,13,31,2316
0.0,1,13,32,2446
0.0,1,13,33,2343
0.0,1,13,34,2322
0.0,1,13,35,2520
0.0,1,13,36,2499
0.0,1,13,37,2373
0.0,1,13,38,2316
0.0,1,13,39,2363
0.0,1,13,40,2322
0.0,1,13,41,2307
0.0,1,13,42,2287
0.0,1,13,43,2290
0.0,1,13,44,2365
0.0,1,13,45,2377
0.0,1,13,46,2457
0.0,1,13,47,2434
0.0,1,13,48,2217
0.0,1,13,49,2371
0.0,1,13,50,2329
0.0,1,13,51,2276
0.0,1,13,52,2276
0.0,1,13,53,2409
0.0,1,13,54,2373
0.0,1,13,55,2423
0.0,1,13,56,2437
0.0,1,13,57,2304
0.0,1,13,58,2352
0.0,1,13,59,2404
0.0,1,13,60,2368
0.0,1,13,61,2327
0.0,1,13,62,2481
0.0,1,13,63,2429
0.0,1,13,64,2381
0.0,1,13,65,2390
0.0,1,13,66,2244
0.0,1,13,67,2404
0.0,1,13,68,2434
0.0,1,13,69,2429
0.0,1,13,70,2439
0.0,1,13,71,2423
0.0,1,13,72,2504
0.0,1,13,73,2447
0.0,1,13,74,2481
0.0,1,13,75,2454
0.0,1,13,76,2356
0.0,1,13,77,2396
0.0,1,13,78,2391
0.0,1,13,79,2439
0.0,1,13,80,2342
0.0,1,13,81,2320
0.0,1,13,82,2282
0.0,1,13,83,2230
0.0,1,13,84,2288
0.0,1,13,85,2373
0.0,1,13,86,2264
0.0,1,13,87,2349
0.0,1,13,88,2514
0.0,1,13,89,2486
0.0,1,13,90,2311
0.0,1,13,91,2365
0.0,1,13,92,2431
0.0,1,13,93,2340
0.0,1,13,94,2196
0.0,1,13,95,2409
0.0,1,13,96,2353
0.0,1,13,97,2324
0.0,1,13,98,2302
0.0,1,13,99,2341
0.0,1,13,100,2495
0.0,1,13,101,2448
0.0,1,13,102,2334
0.0,1,13,103,2313
0.0,1,13,104,2332
0.0,1,13,105,2368
0.0,1,13,106,2549
0.0,1,13,107,2462
0.0,1,13,108,2507
0.0,1,13,109,2480
0.0,1,13,110,2431
0.0,1,13,111,2320
0.0,1,13,112,2345
0.0,1,13,113,2329
0.0,1,13,114,2256
0.0,1,13,115,2162
0.0,1,13,116,2439
0.0,1,13,117,2470
0.0,1,13,118,2377
0.0,1,13,119,2412
0.0,1,13,120,2341
0.0,1,13,121,2336
0.0,1,13,122,2360
0.0,1,13,123,2491
0.0,1,13,124,2468
0.0,1,13,125,2418
0.0,1,13,126,2333
0.0,1,13,127,4168
0.0,1,14,0,4386
0.0,1,14,1,4136
0.0,1,14,2,2396
0.0,1,14,3,2392
0.0,1,14,4,2323
0.0,1,14,5,2403
0.0,1,14,6,2498
0.0,1,14,7,2428
0.0,1,14,8,2257
0.0,1,14,9,2426
0.0,1,14,10,2406
0.0,1,14,11,2305
0.0,1,14,12,2253
0.0,1,14,13,2440
0.0,1,14,14,2423
0.0,1,14,15,2336
0.0,1,14,16,2317
0.0,1,14,17,2306
0.0,1,14,18,2438
0.0,1,14,19,2470
0.0,1,14,20,2360
0.0,1,14,21,2419
0.0,1,14,22,2378
0.0,1,14,23,2420
0.0,1,14,24,2290
0.0,1,14,25,2310
0.0,1,14,26,2401
0.0,1,14,27,2336
0.0,1,14,28,2402
0.0,1,14,29,2322
0.0,1,14,30,2226
0.0,1,14,31,2353
0.0,1,14,32,2458
0.0,1,14,33,2402
0.0,1,14,34,2451
0.0,1,14,35,2473
0.0,1,14,36,2350
0.0,1,14,37,2344
0.0,1,14,38,2338
0.0,1,14,39,2433
0.0,1,14,40,2281
0.0,1,14,41,2238
0.0,1,14,42,2380
0.0,1,14,43,2289
0.0,1,14,44,2251
0.0,1,14,45,2355
0.0,1,14,46,2269
0.0,1,14,47,2393
0.0,1,14,48,2341
0.0,1,14,49,2343
0.0,1,14,50,2305
0.0,1,14,51,2360
0.0,1,14,52,2461
0.0,1,14,53,2411
0.0,1,14,54,2381
0.0,1,14,55,2518
0.0,1,14,56,2496
0.0,1,14,57,2380
0.0,1,14,58,2370
0.0,1,14,59,2360
0.0,1,14,60,2280
0.0,1,14,61,2217
0.0,1,14,62,2439
0.0,1,14,63,2407
0.0,1,14,64,2223
0.0,1,14,65,2474
0.0,1,14,66,2461
0.0,1,14,67,2407
0.0,1,14,68,2394
0.0,1,14,69,2181
0.0,1,14,70,2346
0.0,1,14,71,2380
0.0,1,14,72,2455
0.0,1,14,73,2445
0.0,1,14,74,2569
0.0,1,14,75,2537
0.0,1,14,76,2371
0.0,1,14,77,2298
0.0,1,14,78,2393
0.0,1,14,79,2472
0.0,1,14,80,2172
0.0,1,14,81,2245
0.0,1,14,82,2312
0.0,1,14,83,2372
0.0,1,14,84,2311
0.0,1,14,85,2402
0.0,1,14,86,2403
0.0,1,14,87,2490
0.0,1,14,88,2439
0.0,1,14,89,2390
0.0,1,14,90,2301
0.0,1,14,91,2352
0.0,1,14,92,2375
0.0,1,14,93,2396
0.0,1,14,94,2351
0.0,1,14,95,2263
0.0,1,14,96,2289
0.0,1,14,97,2212
0.0,1,14,98,2141
0.0,1,14,99,2360
0.0,1,14,100,2486
0.0,1,14,101,2513
0.0,1,14,102,2475
0.0,1,14,103,2343
0.0,1,14,104,2429
0.0,1,14,105,2320
0.0,1,14,106,2531
0.0,1,14,107,2561
0.0,1,14,108,2462
0.0,1,14,109,2419
0.0,1,14,110,2431
0.0,1,14,111,2397
0.0,1,14,112,2378
0.0,1,14,113,2260
0.0,1,14,114,2292
0.0,1,14,115,2196
0.0,1,14,116,2430
0.0,1,14,117,2502
0.0,1,14,118,2392
0.0,1,14,119,2209
0.0,1,14,120,2270
0.0,1,14,121,2414
0.0,1,14,122,2435
0.0,1,14,123,2400
0.0,1,14,124,2485
0.0,1,14,125,2531
0.0,1,14,126,2381
0.0,1,14,127,4136
0.0,1,15,0,4372
0.0,1,15,1,4122
0.0,1,15,2,2442
0.0,1,15,3,2285
0.0,1,15,4,2330
0.0,1,15,5,2199
0.0,1,15,6,2368
0.0,1,15,7,2362
0.0,1,15,8,2336
0.0,1,15,9,2446
0.0,1,15,10,2445
0.0,1,15,11,2447
0.0,1,15,12,2482
0.0,1,15,13,2475
0.0,1,15,14,2499
0.0,1,15,15,2397
0.0,1,15,16,2183
0.0,1,15,17,2369
0.0,1,15,18,2444
0.0,1,15,19,2511
0.0,1,15,20,2368
0.0,1,15,21,2427
0.0,1,15,22,2238
0.0,1,15,23,2132
0.0,1,15,24,2131
0.0,1,15,25,2321
0.0,1,15,26,2367
0.0,1,15,27,2457
0.0,1,15,28,2538
0.0,1,15,29,2431
0.0,1,15,30,2320
0.0,1,15,31,2168
0.0,1,15,32,2338
0.0,1,15,33,2396
0.0,1,15,34,2363
0.0,1,15,35,2525
0.0,1,15,36,2555
0.0,1,15,37,2329
0.0,1,15,38,2437
0.0,1,15,39,2492
0.0,1,15,40,2339
0.0,1,15,41,2376
0.0,1,15,42,2397
0.0,1,15,43,2435
0.0,1,15,44,2287
0.0,1,15,45,2332
0.0,1,15,46,2191
0.0,1,15,47,2373
0.0,1,15,48,2313
0.0,1,15,49,2306
0.0,1,15,50,2362
0.0,1,15,51,2471
0.0,1,15,52,2486
0.0,1,15,53,2476
0.0,1,15,54,2512
0.0,1,15,55,2469
0.0,1,15,56,2343
0.0,1,15,57,2316
0.0,1,15,58,2434
0.0,1,15,59,2451
0.0,1,15,60,2356
0.0,1,15,61,2233
0.0,1,15,62,2418
0.0,1,15,63,2240
0.0,1,15,64,2385
0.0,1,15,65,2474
0.0,1,15,66,2495
0.0,1,15,67,2306
0.0,1,15,68,2410
0.0,1,15,69,2385
0.0,1,15,70,2406
0.0,1,15,71,2431
0.0,1,15,72,2397
0.0,1,15,73,2449
0.0,1,15,74,2556
0.0,1,15,75,2537
0.0,1,15,76,2365
0.0,1,15,77,2421
0.0,1,15,78,2215
0.0,1,15,79,2417
0.0,1,15,80,2236
0.0,1,15,81,2444
0.0,1,15,82,2329
0.0,1,15,83,2356
0.0,1,15,84,2330
0.0,1,15,85,2442
0.0,1,15,86,2413
0.0,1,15,87,2518
0.0,1,15,88,2435
0.0,1,15,89,2381
0.0,1,15,90,2184
0.0,1,15,91,2388
0.0,1,15,92,2372
0.0,1,15,93,2451
0.0,1,15,94,2313
0.0,1,15,95,2370
0.0,1,15,96,2292
0.0,1,15,97,2343
0.0,1,15,98,2310
0.0,1,15,99,2337
0.0,1,15,100,2468
0.0,1,15,101,2405
0.0,1,15,102,2507
0.0,1,15,103,2334
0.0,1,15,104,2380
0.0,1,15,105,2437
0.0,1,15,106,2465
0.0,1,15,107,2532
0.0,1,15,108,2457
0.0,1,15,109,2379
0.0,1,15,110,2156
0.0,1,15,111,2244
0.0,1,15,112,2216
0.0,1,15,113,2366
0.0,1,15,114,2468
0.0,1,15,115,2431
0.0,1,15,116,2394
0.0,1,15,117,2505
0.0,1,15,118,2312
0.0,1,15,119,2405
0.0,1,15,120,2446
0.0,1,15,121,2324
0.0,1,15,122,2404
0.0,1,15,123,2436
0.0,1,15,124,2392
0.0,1,15,125,2428
0.0,1,15,126,2295
0.0,1,15,127,4123
0.0,1,16,0,4311
0.0,1,16,1,4058
0.0,1,16,2,2422
0.0,1,16,3,2410
0.0,1,16,4,2267
0.0,1,16,5,2279
0.0,1,16,6,2196
0.0,1,16,7,2204
0.0,1,16,8,2384
0.0,1,16,9,2409
0.0,1,16,10,2402
0.0,1,16,11,2489
0.0,1,16,12,2426
0.0,1,16,13,2388
0.0,1,16,14,2366
0.0,1,16,15,2370
0.0,1,16,16,2415
0.0,1,16,17,2417
0.0,1,16,18,2434
0.0,1,16,19,2503
0.0,1,16,20,2440
0.0,1,16,21,2482
0.0,1,16,22,2453
0.0,1,16,23,2428
0.0,1,16,24,2220
0.0,1,16,25,2303
0.0,1,16,26,2525
0.0,1,16,27,2460
0.0,1,16,28,2326
0.0,1,16,29,2394
0.0,1,16,30,2382
0.0,1,16,31,2326
0.0,1,16,32,2281
0.0,1,16,33,2170
0.0,1,16,34,2433
0.0,1,16,35,2491
0.0,1,16,36,2524
0.0,1,16,37,2367
0.0,1,16,38,2507
0.0,1,16,39,2458
0.0,1,16,40,2230
0.0,1,16,41,2385
0.0,1,16,42,2360
0.0,1,16,43,2385
0.0,1,16,44,2334
0.0,1,16,45,2284
0.0,1,16,46,2160
0.0,1,16,47,2440
0.0,1,16,48,2214
0.0,1,16,49,2374
0.0,1,16,50,2378
0.0,1,16,51,2382
0.0,1,16,52,2284
0.0,1,16,53,2450
0.0,1,16,54,2410
0.0,1,16,55,2335
0.0,1,16,56,2347
0.0,1,16,57,2405
0.0,1,16,58,2358
0.0,1,16,59,2428
0.0,1,16,60,2341
0.0,1,16,61,2363
0.0,1,16,62,2410
0.0,1,16,63,2383
0.0,1,16,64,2341
0.0,1,16,65,2375
0.0,1,16,66,2369
0.0,1,16,67,2198
0.0,1,16,68,2400
0.0,1,16,69,2441
0.0,1,16,70,2338
0.0,1,16,71,2426
0.0,1,16,72,2370
0.0,1,16,73,2471
0.0,1,16,74,2410
0.0,1,16,75,2449
0.0,1,16,76,2276
0.0,1,16,77,2440
0.0,1,16,78,2301
0.0,1,16,79,2441
0.0,1,16,80,2225
0.0,1,16,81,2407
0.0,1,16,82,2284
0.0,1,16,83,2198
0.0,1,16,84,2318
0.0,1,16,85,2325
0.0,1,16,86,2382
0.0,1,16,87,2375
0.0,1,16,88,2368
0.0,1,16,89,2404
0.0,1,16,90,2315
0.0,1,16,91,2171
0.0,1,16,92,2319
0.0,1,16,93,2337
0.0,1,16,94,2372
0.0,1,16,95,2325
0.0,1,16,96,2397
0.0,1,16,97,2382
0.0,1,16,98,2398
0.0,1,16,99,2212
0.0,1,16,100,2431
0.0,1,16,101,2474
0.0,1,16,102,2485
0.0,1,16,103,2422
0.0,1,16,104,2356
0.0,1,16,105,2323
0.0,1,16,106,2330
0.0,1,16,107,2467
0.0,1,16,108,2430
0.0,1,16,109,2428
0.0,1,16,110,2286
0.0,1,16,111,2312
0.0,1,16,112,2368
0.0,1,16,113,2323
0.0,1,16,114,2547
0.0,1,16,115,2524
0.0,1,16,116,2493
0.0,1,16,117,2488
0.0,1,16,118,2329
0.0,1,16,119,2371
0.0,1,16,120,2387
0.0,1,16,121,2409
0.0,1,16,122,2392
0.0,1,16,123,2400
0.0,1,16,124,2321
0.0,1,16,125,2383
0.0,1,16,126,2236
0.0,1,16,127,4056
0.0,1,17,0,4568
0.0,1,17,1,4317
0.0,1,17,2,2549
0.0,1,17,3,2356
0.0,1,17,4,2402
0.0,1,17,5,2409
0.0,1,17,6,2257
0.0,1,17,7,2288
0.0,1,17,8,2364
0.0,1,17,9,2371
0.0,1,17,10,2353
0.0,1,17,11,2261
0.0,1,17,12,2412
0.0,1,17,13,2416
0.0,1,17,14,2479
0.0,1,17,15,2368
0.0,1,17,16,2375
0.0,1,17,17,2397
0.0,1,17,18,2313
0.0,1,17,19,2504
0.0,1,17,20,2336
0.0,1,17,21,2416
0.0,1,17,22,2450
0.0,1,17,23,2510
0.0,1,17,24,2346
0.0,1,17,25,2357
0.0,1,17,26,2405
0.0,1,17,27,2397
0.0,1,17,28,2349
0.0,1,17,29,2439
0.0,1,17,30,2302
0.0,1,17,31,2291
0.0,1,17,32,2342
0.0,1,17,33,2329
0.0,1,17,34,2402
0.0,1,17,35,2482
0.0,1,17,36,2256
0.0,1,17,37,2339
0.0,1,17,38,2507
0.0,1,17,39,2427
0.0,1,17,40,2212
0.0,1,17,41,2421
0.0,1,17,42,2414
0.0,1,17,43,2305
0.0,1,17,44,2418
0.0,1,17,45,2210
0.0,1,17,46,2233
0.0,1,17,47,2465
0.0,1,17,48,2346
0.0,1,17,49,2356
0.0,1,17,50,2315
0.0,1,17,51,2490
0.0,1,17,52,2384
0.0,1,17,53,2337
0.0,1,17,54,2138
0.0,1,17,55,2339
0.0,1,17,56,2387
0.0,1,17,57,2374
0.0,1,17,58,2382
0.0,1,17,59,2376
0.0,1,17,60,2399
0.0,1,17,61,2388
0.0,1,17,62,2421
0.0,1,17,63,2340
0.0,1,17,64,2387
0.0,1,17,65,2357
0.0,1,17,66,2394
0.0,1,17,67,2321
0.0,1,17,68,2432
0.0,1,17,69,2525
0.0,1,17,70,2388
0.0,1,17,71,2313
0.0,1,17,72,2279
0.0,1,17,73,2428
0.0,1,17,74,2508
0.0,1,17,75,2491
0.0,1,17,76,2318
0.0,1,17,77,2408
0.0,1,17,78,2302
0.0,1,17,79,2457
0.0,1,17,80,2272
0.0,1,17,81,2401
0.0,1,17,82,2370
0.0,1,17,83,2426
0.0,1,17,84,2410
0.0,1,17,85,2434
0.0,1,17,86,2390
0.0,1,17,87,2301
0.0,1,17,88,2394
0.0,1,17,89,2320
0.0,1,17,90,2398
0.0,1,17,91,2454
0.0,1,17,92,2320
0.0,1,17,93,2327
0.0,1,17,94,2446
0.0,1,17,95,2315
0.0,1,17,96,2319
0.0,1,17,97,2448
0.0,1,17,98,2375
0.0,1,17,99,2270
0.0,1,17,100,2380
0.0,1,17,101,2427
0.0,1,17,102,2507
0.0,1,17,103,2491
0.0,1,17,104,2463
0.0,1,17,105,2423
0.0,1,17,106,2310
0.0,1,17,107,2434
0.0,1,17,108,2454
0.0,1,17,109,2372
0.0,1,17,110,2274
0.0,1,17,111,2384
0.0,1,17,112,2531
0.0,1,17,113,2479
0.0,1,17,114,2430
0.0,1,17,115,2350
0.0,1,17,116,2433
0.0,1,17,117,2359
0.0,1,17,118,2195
0.0,1,17,119,2415
0.0,1,17,120,2412
0.0,1,17,121,2433
0.0,1,17,122,2401
0.0,1,17,123,2325
0.0,1,17,124,2416
0.0,1,17,125,2363
0.0,1,17,126,2388
0.0,1,17,127,4315
0.0,1,18,0,4664
0.0,1,18,1,4415
0.0,1,18,2,2664
0.0,1,18,3,2382
0.0,1,18,4,2385
0.0,1,18,5,2184
0.0,1,18,6,2419
0.0,1,18,7,2457
0.0,1,18,8,2357
0.0,1,18,9,2216
0.0,1,18,10,2160
0.0,1,18,11,2352
0.0,1,18,12,2370
0.0,1,18,13,2413
0.0,1,18,14,2447
0.0,1,18,15,2473
0.0,1,18,16,2360
0.0,1,18,17,2348
0.0,1,18,18,2489
0.0,1,18,19,2421
0.0,1,18,20,2263
0.0,1,18,21,2255
0.0,1,18,22,2301
0.0,1,18,23,2444
0.0,1,18,24,2430
0.0,1,18,25,2321
0.0,1,18,26,2343
0.0,1,18,27,2448
0.0,1,18,28,2450
0.0,1,18,29,2409
0.0,1,18,30,2280
0.0,1,18,31,2392
0.0,1,18,32,2337
0.0,1,18,33,2178
0.0,1,18,34,2349
0.0,1,18,35,2291
0.0,1,18,36,2222
0.0,1,18,37,2321
0.0,1,18,38,2302
0.0,1,18,39,2231
0.0,1,18,40,2349
0.0,1,18,41,2369
0.0,1,18,42,2499
0.0,1,18,43,2358
0.0,1,18,44,2434
0.0,1,18,45,2395
0.0,1,18,46,2418
0.0,1,18,47,2402
0.0,1,18,48,2321
0.0,1,18,49,2206
0.0,1,18,50,2269
0.0,1,18,51,2533
0.0,1,18,52,2436
0.0,1,18,53,2378
0.0,1,18,54,2267
0.0,1,18,55,2440
0.0,1,18,56,2420
0.0,1,18,57,2323
0.0,1,18,58,2508
0.0,1,18,59,2366
0.0,1,18,60,2401
0.0,1,18,61,2398
0.0,1,18,62,2318
0.0,1,18,63,2324
0.0,1,18,64,2278
0.0,1,18,65,2422
0.0,1,18,66,2254
0.0,1,18,67,2208
0.0,1,18,68,2354
0.0,1,18,69,2267
0.0,1,18,70,2320
0.0,1,18,71,2461
0.0,1,18,72,2410
0.0,1,18,73,2403
0.0,1,18,74,2493
0.0,1,18,75,2527
0.0,1,18,76,2495
0.0,1,18,77,2535
0.0,1,18,78,2356
0.0,1,18,79,2457
0.0,1,18,80,2337
0.0,1,18,81,2324
0.0,1,18,82,2416
0.0,1,18,83,2529
0.0,1,18,84,2440
0.0,1,18,85,2496
0.0,1,18,86,2499
0.0,1,18,87,2432
0.0,1,18,88,2291
0.0,1,18,89,2153
0.0,1,18,90,2413
0.0,1,18,91,2491
0.0,1,18,92,2473
0.0,1,18,93,2333
0.0,1,18,94,2218
0.0,1,18,95,2370
0.0,1,18,96,2075
0.0,1,18,97,2378
0.0,1,18,98,2392
0.0,1,18,99,2389
0.0,1,18,100,2416
0.0,1,18,101,2399
0.0,1,18,102,2454
0.0,1,18,103,2425
0.0,1,18,104,2273
0.0,1,18,105,2380
0.0,1,18,106,2294
0.0,1,18,107,2410
0.0,1,18,108,2457
0.0,1,18,109,2340
0.0,1,18,110,2348
0.0,1,18,111,2338
0.0,1,18,112,2500
0.0,1,18,113,2502
0.0,1,18,114,2401
0.0,1,18,115,2200
0.0,1,18,116,2484
0.0,1,18,117,2344
0.0,1,18,118,2428
0.0,1,18,119,2511
0.0,1,18,120,2301
0.0,1,18,121,2507
0.0,1,18,122,2466
0.0,1,18,123,2420
0.0,1,18,124,2441
0.0,1,18,125,2501
0.0,1,18,126,2557
0.0,1,18,127,4416
0.0,1,19,0,4567
0.0,1,19,1,4315
0.0,1,19,2,2477
0.0,1,19,3,2425
0.0,1,19,4,2450
0.0,1,19,5,2369
0.0,1,19,6,2443
0.0,1,19,7,2465
0.0,1,19,8,2395
0.0,1,19,9,2320
0.0,1,19,10,2394
0.0,1,19,11,2367
0.0,1,19,12,2335
0.0,1,19,13,2302
0.0,1,19,14,2460
0.0,1,19,15,2423
0.0,1,19,16,2389
0.0,1,19,17,2339
0.0,1,19,18,2385
0.0,1,19,19,2424
0.0,1,19,20,2385
0.0,1,19,21,2330
0.0,1,19,22,2289
0.0,1,19,23,2454
0.0,1,19,24,2350
0.0,1,19,25,2295
0.0,1,19,26,2372
0.0,1,19,27,2477
0.0,1,19,28,2406
0.0,1,19,29,2398
0.0,1,19,30,2309
0.0,1,19,31,2246
0.0,1,19,32,2362
0.0,1,19,33,2355
0.0,1,19,34,2419
0.0,1,19,35,2289
0.0,1,19,36,2372
0.0,1,19,37,2353
0.0,1,19,38,2170
0.0,1,19,39,2203
0.0,1,19,40,2303
0.0,1,19,41,2292
0.0,1,19,42,2385
0.0,1,19,43,2357
0.0,1,19,44,2454
0.0,1,19,45,2382
0.0,1,19,46,2380
0.0,1,19,47,2297
0.0,1,19,48,2295
0.0,1,19,49,2331
0.0,1,19,50,2340
0.0,1,19,51,2420
0.0,1,19,52,2421
0.0,1,19,53,2363
0.0,1,19,54,2405
0.0,1,19,55,2403
0.0,1,19,56,2322
0.0,1,19,57,2260
0.0,1,19,58,2459
0.0,1,19,59,2291
0.0,1,19,60,2370
0.0,1,19,61,2295
0.0,1,19,62,2268
0.0,1,19,63,2339
0.0,1,19,64,2284
0.0,1,19,65,2335
0.0,1,19,66,2256
0.0,1,19,67,2222
0.0,1,19,68,2411
0.0,1,19,69,2327
0.0,1,19,70,2377
0.0,1,19,71,2450
0.0,1,19,72,2372
0.0,1,19,73,2322
0.0,1,19,74,2361
0.0,1,19,75,2445
0.0,1,19,76,2502
0.0,1,19,77,2495
0.0,1,19,78,2481
0.0,1,19,79,2504
0.0,1,19,80,2441
0.0,1,19,81,2434
0.0,1,19,82,2424
0.0,1,19,83,2385
0.0,1,19,84,2261
0.0,1,19,85,2405
0.0,1,19,86,2518
0.0,1,19,87,2487
0.0,1,19,88,2221
0.0,1,19,89,2354
0.0,1,19,90,2435
0.0,1,19,91,2354
0.0,1,19,92,2447
0.0,1,19,93,2297
0.0,1,19,94,2331
0.0,1,19,95,2413
0.0,1,19,96,2354
0.0,1,19,97,2332
0.0,1,19,98,2321
0.0,1,19,99,2463
0.0,1,19,100,2485
0.0,1,19,101,2178
0.0,1,19,102,2406
0.0,1,19,103,2262
0.0,1,19,104,2355
0.0,1,19,105,2450
0.0,1,19,106,2445
0.0,1,19,107,2465
0.0,1,19,108,2539
0.0,1,19,109,2417
0.0,1,19,110,2213
0.0,1,19,111,2352
0.0,1,19,112,2451
0.0,1,19,113,2315
0.0,1,19,114,2392
0.0,1,19,115,2422
0.0,1,19,116,2463
0.0,1,19,117,2404
0.0,1,19,118,2379
0.0,1,19,119,2443
0.0,1,19,120,2483
0.0,1,19,121,2465
0.0,1,19,122,2415
0.0,1,19,123,2378
0.0,1,19,124,2353
0.0,1,19,125,2313
0.0,1,19,126,2419
0.0,1,19,127,4314
0.0,1,20,0,4356
0.0,1,20,1,4105
0.0,1,20,2,2473
0.0,1,20,3,2261
0.0,1,20,4,2375
0.0,1,20,5,2378
0.0,1,20,6,2365
0.0,1,20,7,2462
0.0,1,20,8,2331
0.0,1,20,9,2246
0.0,1,20,10,2408
0.0,1,20,11,2442
0.0,1,20,12,2356
0.0,1,20,13,2325
0.0,1,20,14,2379
0.0,1,20,15,2253
0.0,1,20,16,2262
0.0,1,20,17,2218
0.0,1,20,18,2345
0.0,1,20,19,2387
0.0,1,20,20,2483
0.0,1,20,21,2247
0.0,1,20,22,2335
0.0,1,20,23,2415
0.0,1,20,24,2207
0.0,1,20,25,2129
0.0,1,20,26,2348
0.0,1,20,27,2346
0.0,1,20,28,2396
0.0,1,20,29,2445
0.0,1,20,30,2432
0.0,1,20,31,2477
0.0,1,20,32,2256
0.0,1,20,33,2422
0.0,1,20,34,2456
0.0,1,20,35,2412
0.0,1,20,36,2563
0.0,1,20,37,2466
0.0,1,20,38,2358
0.0,1,20,39,2347
0.0,1,20,40,2243
0.0,1,20,41,2175
0.0,1,20,42,2333
0.0,1,20,43,2284
0.0,1,20,44,2481
0.0,1,20,45,2359
0.0,1,20,46,2487
0.0,1,20,47,2428
0.0,1,20,48,2345
0.0,1,20,49,2356
0.0,1,20,50,2414
0.0,1,20,51,2450
0.0,1,20,52,2404
0.0,1,20,53,2429
0.0,1,20,54,2236
0.0,1,20,55,2289
0.0,1,20,56,2425
0.0,1,20,57,2204
0.0,1,20,58,2315
0.0,1,20,59,2344
0.0,1,20,60,2380
0.0,1,20,61,2455
0.0,1,20,62,2348
0.0,1,20,63,2307
0.0,1,20,64,2296
0.0,1,20,65,2120
0.0,1,20,66,2346
0.0,1,20,67,2382
0.0,1,20,68,2425
0.0,1,20,69,2250
0.0,1,20,70,2343
0.0,1,20,71,2445
0.0,1,20,72,2332
0.0,1,20,73,2336
0.0,1,20,74,2293
0.0,1,20,75,2318
0.0,1,20,76,2301
0.0,1,20,77,2421
0.0,1,20,78,2486
0.0,1,20,79,2515
0.0,1,20,80,2466
0.0,1,20,81,2460
0.0,1,20,82,2435
0.0,1,20,83,2269
0.0,1,20,84,2155
0.0,1,20,85,2249
0.0,1,20,86,2419
0.0,1,20,87,2411
0.0,1,20,88,2303
0.0,1,20,89,2385
0.0,1,20,90,2477
0.0,1,20,91,2373
0.0,1,20,92,2454
0.0,1,20,93,2385
0.0,1,20,94,2360
0.0,1,20,95,2355
0.0,1,20,96,2450
0.0,1,20,97,2403
0.0,1,20,98,2362
0.0,1,20,99,2416
0.0,1,20,100,2465
0.0,1,20,101,2359
0.0,1,20,102,2409
0.0,1,20,103,2265
0.0,1,20,104,2334
0.0,1,20,105,2475
0.0,1,20,106,2519
0.0,1,20,107,2383
0.0,1,20,108,2420
0.0,1,20,109,2461
0.0,1,20,110,2367
0.0,1,20,111,2244
0.0,1,20,112,2151
0.0,1,20,113,2141
0.0,1,20,114,2409
0.0,1,20,115,2427
0.0,1,20,116,2353
0.0,1,20,117,2334
0.0,1,20,118,2484
0.0,1,20,119,2243
0.0,1,20,120,2345
0.0,1,20,121,2258
0.0,1,20,122,2293
0.0,1,20,123,2303
0.0,1,20,124,2414
0.0,1,20,125,2378
0.0,1,20,126,2313
0.0,1,20,127,4102
0.0,1,21,0,4147
0.0,1,21,1,3904
0.0,1,21,2,2464
0.0,1,21,3,2339
0.0,1,21,4,2300
0.0,1,21,5,2227
0.0,1,21,6,2359
0.0,1,21,7,2330
0.0,1,21,8,2339
0.0,1,21,9,2420
0.0,1,21,10,2298
0.0,1,21,11,2376
0.0,1,21,12,2377
0.0,1,21,13,2288
0.0,1,21,14,2413
0.0,1,21,15,2291
0.0,1,21,16,2031
0.0,1,21,17,2299
0.0,1,21,18,2411
0.0,1,21,19,2483
0.0,1,21,20,2508
0.0,1,21,21,2376
0.0,1,21,22,2311
0.0,1,21,23,2364
0.0,1,21,24,2286
0.0,1,21,25,2273
0.0,1,21,26,2255
0.0,1,21,27,2432
0.0,1,21,28,2501
0.0,1,21,29,2455
0.0,1,21,30,2467
0.0,1,21,31,2362
0.0,1,21,32,2415
0.0,1,21,33,2263
0.0,1,21,34,2336
0.0,1,21,35,2375
0.0,1,21,36,2516
0.0,1,21,37,2577
0.0,1,21,38,2509
0.0,1,21,39,2426
0.0,1,21,40,2259
0.0,1,21,41,2327
0.0,1,21,42,2472
0.0,1,21,43,2285
0.0,1,21,44,2394
0.0,1,21,45,2363
0.0,1,21,46,2551
0.0,1,21,47,2433
0.0,1,21,48,2391
0.0,1,21,49,2183
0.0,1,21,50,2406
0.0,1,21,51,2459
0.0,1,21,52,2292
0.0,1,21,53,2308
0.0,1,21,54,2265
0.0,1,21,55,2377
0.0,1,21,56,2497
0.0,1,21,57,2367
0.0,1,21,58,2432
0.0,1,21,59,2434
0.0,1,21,60,2444
0.0,1,21,61,2453
0.0,1,21,62,2425
0.0,1,21,63,2464
0.0,1,21,64,2434
0.0,1,21,65,2362
0.0,1,21,66,2427
0.0,1,21,67,2447
0.0,1,21,68,2464
0.0,1,21,69,2365
0.0,1,21,70,2460
0.0,1,21,71,2448
0.0,1,21,72,2427
0.0,1,21,73,2429
0.0,1,21,74,2249
0.0,1,21,75,2395
0.0,1,21,76,2408
0.0,1,21,77,2417
0.0,1,21,78,2389
0.0,1,21,79,2374
0.0,1,21,80,2369
0.0,1,21,81,2478
0.0,1,21,82,2473
0.0,1,21,83,2275
0.0,1,21,84,2294
0.0,1,21,85,2423
0.0,1,21,86,2292
0.0,1,21,87,2251
0.0,1,21,88,2259
0.0,1,21,89,2435
0.0,1,21,90,2404
0.0,1,21,91,2323
0.0,1,21,92,2422
0.0,1,21,93,2423
0.0,1,21,94,2407
0.0,1,21,95,2216
0.0,1,21,96,2199
0.0,1,21,97,2285
0.0,1,21,98,2359
0.0,1,21,99,2235
0.0,1,21,100,2388
0.0,1,21,101,2490
0.0,1,21,102,2446
0.0,1,21,103,2320
0.0,1,21,104,2383
0.0,1,21,105,2365
0.0,1,21,106,2444
0.0,1,21,107,2342
0.0,1,21,108,2317
0.0,1,21,109,2442
0.0,1,21,110,2480
0.0,1,21,111,2292
0.0,1,21,112,2413
0.0,1,21,113,2373
0.0,1,21,114,2304
0.0,1,21,115,2454
0.0,1,21,116,2368
0.0,1,21,117,2442
0.0,1,21,118,2511
0.0,1,21,119,2291
0.0,1,21,120,2194
0.0,1,21,121,2441
0.0,1,21,122,2335
0.0,1,21,123,2313
0.0,1,21,124,2479
0.0,1,21,125,2525
0.0,1,21,126,2546
0.0,1,21,127,3880
0.0,1,22,0,4173
0.0,1,22,1,3962
0.0,1,22,2,2606
0.0,1,22,3,2381
0.0,1,22,4,2408
0.0,1,22,5,2369
0.0,1,22,6,2493
0.0,1,22,7,2361
0.0,1,22,8,2504
0.0,1,22,9,2388
0.0,1,22,10,2330
0.0,1,22,11,2416
0.0,1,22,12,2406
0.0,1,22,13,2308
0.0,1,22,14,2427
0.0,1,22,15,2402
0.0,1,22,16,2410
0.0,1,22,17,2528
0.0,1,22,18,2437
0.0,1,22,19,2467
0.0,1,22,20,2546
0.0,1,22,21,2364
0.0,1,22,22,2284
0.0,1,22,23,2315
0.0,1,22,24,2397
0.0,1,22,25,2439
0.0,1,22,26,2338
0.0,1,22,27,2338
0.0,1,22,28,2239
0.0,1,22,29,2300
0.0,1,22,30,2387
0.0,1,22,31,2421
0.0,1,22,32,2526
0.0,1,22,33,2273
0.0,1,22,34,2236
0.0,1,22,35,2340
0.0,1,22,36,2415
0.0,1,22,37,2526
0.0,1,22,38,2538
0.0,1,22,39,2521
0.0,1,22,40,2307
0.0,1,22,41,2313
0.0,1,22,42,2401
0.0,1,22,43,2355
0.0,1,22,44,2401
0.0,1,22,45,2409
0.0,1,22,46,2531
0.0,1,22,47,2504
0.0,1,22,48,2301
0.0,1,22,49,2327
0.0,1,22,50,2263
0.0,1,22,51,2180
0.0,1,22,52,2346
0.0,1,22,53,2425
0.0,1,22,54,2368
0.0,1,22,55,2353
0.0,1,22,56,2413
0.0,1,22,57,2416
0.0,1,22,58,2470
0.0,1,22,59,2490
0.0,1,22,60,2514
0.0,1,22,61,2407
0.0,1,22,62,2387
0.0,1,22,63,2363
0.0,1,22,64,2521
0.0,1,22,65,2486
0.0,1,22,66,2283
0.0,1,22,67,2363
0.0,1,22,68,2439
0.0,1,22,69,2343
0.0,1,22,70,2405
0.0,1,22,71,2468
0.0,1,22,72,2379
0.0,1,22,73,2316
0.0,1,22,74,2246
0.0,1,22,75,2291
0.0,1,22,76,2256
0.0,1,22,77,2467
0.0,1,22,78,2375
0.0,1,22,79,2436
0.0,1,22,80,2317
0.0,1,22,81,2280
0.0,1,22,82,2117
0.0,1,22,83,2298
0.0,1,22,84,2419
0.0,1,22,85,2461
0.0,1,22,86,2368
0.0,1,22,87,2315
0.0,1,22,88,2475
0.0,1,22,89,2521
0.0,1,22,90,2470
0.0,1,22,91,2273
0.0,1,22,92,2443
0.0,1,22,93,2461
0.0,1,22,94,2381
0.0,1,22,95,2259
0.0,1,22,96,2382
0.0,1,22,97,2311
0.0,1,22,98,2434
0.0,1,22,99,2387
0.0,1,22,100,2447
0.0,1,22,101,2379
0.0,1,22,102,2333
0.0,1,22,103,2375
0.0,1,22,104,2450
0.0,1,22,105,2385
0.0,1,22,106,2355
0.0,1,22,107,2392
0.0,1,22,108,2385
0.0,1,22,109,2348
0.0,1,22,110,2445
0.0,1,22,111,2472
0.0,1,22,112,2309
0.0,1,22,113,2303
0.0,1,22,114,2490
0.0,1,22,115,2459
0.0,1,22,116,2419
0.0,1,22,117,2407
0.0,1,22,118,2306
0.0,1,22,119,2271
0.0,1,22,120,2411
0.0,1,22,121,2343
0.0,1,22,122,2489
0.0,1,22,123,2371
0.0,1,22,124,2490
0.0,1,22,125,2502
0.0,1,22,126,3377
0.0,1,22,127,3836
0.0,1,23,0,4139
0.0,1,23,1,3960
0.0,1,23,2,2596
0.0,1,23,3,2376
0.0,1,23,4,2345
0.0,1,23,5,2360
0.0,1,23,6,2567
0.0,1,23,7,2463
0.0,1,23,8,2545
0.0,1,23,9,2525
0.0,1,23,10,2429
0.0,1,23,11,2415
0.0,1,23,12,2351
0.0,1,23,13,2335
0.0,1,23,14,2226
0.0,1,23,15,2429
0.0,1,23,16,2550
0.0,1,23,17,2496
0.0,1,23,18,2394
0.0,1,23,19,2301
0.0,1,23,20,2382
0.0,1,23,21,2360
0.0,1,23,22,2477
0.0,1,23,23,2227
0.0,1,23,24,2488
0.0,1,23,25,2517
0.0,1,23,26,2335
0.0,1,23,27,2356
0.0,1,23,28,2395
0.0,1,23,29,2270
0.0,1,23,30,2291
0.0,1,23,31,2405
0.0,1,23,32,2496
0.0,1,23,33,2416
0.0,1,23,34,2479
0.0,1,23,35,2406
0.0,1,23,36,2323
0.0,1,23,37,2260
0.0,1,23,38,2509
0.0,1,23,39,2535
0.0,1,23,40,2313
0.0,1,23,41,2233
0.0,1,23,42,2435
0.0,1,23,43,2435
0.0,1,23,44,2536
0.0,1,23,45,2484
0.0,1,23,46,2462
0.0,1,23,47,2527
0.0,1,23,48,2194
0.0,1,23,49,2283
0.0,1,23,50,2289
0.0,1,23,51,2235
0.0,1,23,52,2329
0.0,1,23,53,2394
0.0,1,23,54,2396
0.0,1,23,55,2242
0.0,1,23,56,2283
0.0,1,23,57,2420
0.0,1,23,58,2494
0.0,1,23,59,2495
0.0,1,23,60,2412
0.0,1,23,61,2392
0.0,1,23,62,2492
0.0,1,23,63,2481
0.0,1,23,64,2484
0.0,1,23,65,2449
0.0,1,23,66,2273
0.0,1,23,67,2266
0.0,1,23,68,2308
0.0,1,23,69,2368
0.0,1,23,70,2299
0.0,1,23,71,2342
0.0,1,23,72,2350
0.0,1,23,73,2383
0.0,1,23,74,2297
0.0,1,23,75,2257
0.0,1,23,76,2307
0.0,1,23,77,2319
0.0,1,23,78,2330
0.0,1,23,79,2532
0.0,1,23,80,2463
0.0,1,23,81,2380
0.0,1,23,82,2425
0.0,1,23,83,2409
0.0,1,23,84,2421
0.0,1,23,85,2453
0.0,1,23,86,2388
0.0,1,23,87,2357
0.0,1,23,88,2478
0.0,1,23,89,2548
0.0,1,23,90,2420
0.0,1,23,91,2345
0.0,1,23,92,2427
0.0,1,23,93,2432
0.0,1,23,94,2390
0.0,1,23,95,2353
0.0,1,23,96,2434
0.0,1,23,97,2297
0.0,1,23,98,2385
0.0,1,23,99,2410
0.0,1,23,100,2281
0.0,1,23,101,2398
0.0,1,23,102,2333
0.0,1,23,103,2386
0.0,1,23,104,2479
0.0,1,23,105,2405
0.0,1,23,106,2310
0.0,1,23,107,2390
0.0,1,23,108,2437
0.0,1,23,109,2305
0.0,1,23,110,2476
0.0,1,23,111,2533
0.0,1,23,112,2347
0.0,1,23,113,2295
0.0,1,23,114,2456
0.0,1,23,115,2466
0.0,1,23,116,2301
0.0,1,23,117,2313
0.0,1,23,118,2128
0.0,1,23,119,2307
0.0,1,23,120,2389
0.0,1,23,121,2359
0.0,1,23,122,2365
0.0,1,23,123,2309
0.0,1,23,124,2401
0.0,1,23,125,2621
0.0,1,23,126,3657
0.0,1,23,127,3692
0.0,1,24,0,4088
0.0,1,24,1,3893
0.0,1,24,2,2763
0.0,1,24,3,2321
0.0,1,24,4,2275
0.0,1,24,5,2391
0.0,1,24,6,2493
0.0,1,24,7,2383
0.0,1,24,8,2485
0.0,1,24,9,2504
0.0,1,24,10,2443
0.0,1,24,11,2331
0.0,1,24,12,2308
0.0,1,24,13,2394
0.0,1,24,14,2229
0.0,1,24,15,2394
0.0,1,24,16,2405
0.0,1,24,17,2238
0.0,1,24,18,2326
0.0,1,24,19,2206
0.0,1,24,20,2084
0.0,1,24,21,2262
0.0,1,24,22,2384
0.0,1,24,23,2353
0.0,1,24,24,2509
0.0,1,24,25,2539
0.0,1,24,26,2376
0.0,1,24,27,2374
0.0,1,24,28,2362
0.0,1,24,29,2407
0.0,1,24,30,2442
0.0,1,24,31,2506
0.0,1,24,32,2457
0.0,1,24,33,2397
0.0,1,24,34,2500
0.0,1,24,35,2517
0.0,1,24,36,2502
0.0,1,24,37,2424
0.0,1,24,38,2470
0.0,1,24,39,2439
0.0,1,24,40,2556
0.0,1,24,41,2516
0.0,1,24,42,2437
0.0,1,24,43,2416
0.0,1,24,44,2550
0.0,1,24,45,2583
0.0,1,24,46,2492
0.0,1,24,47,2522
0.0,1,24,48,2324
0.0,1,24,49,2284
0.0,1,24,50,2402
0.0,1,24,51,2307
0.0,1,24,52,2340
0.0,1,24,53,2302
0.0,1,24,54,2329
0.0,1,24,55,2423
0.0,1,24,56,2285
0.0,1,24,57,2436
0.0,1,24,58,2464
0.0,1,24,59,2517
0.0,1,24,60,2423
0.0,1,24,61,2344
0.0,1,24,62,2512
0.0,1,24,63,2514
0.0,1,24,64,2507
0.0,1,24,65,2381
0.0,1,24,66,2416
0.0,1,24,67,2395
0.0,1,24,68,2410
0.0,1,24,69,2421
0.0,1,24,70,2374
0.0,1,24,71,2517
0.0,1,24,72,2487
0.0,1,24,73,2475
0.0,1,24,74,2408
0.0,1,24,75,2269
0.0,1,24,76,2332
0.0,1,24,77,2266
0.0,1,24,78,2353
0.0,1,24,79,2513
0.0,1,24,80,2502
0.0,1,24,81,2441
0.0,1,24,82,2461
0.0,1,24,83,2354
0.0,1,24,84,2317
0.0,1,24,85,2248
0.0,1,24,86,2355
0.0,1,24,87,2442
0.0,1,24,88,2446
0.0,1,24,89,2533
0.0,1,24,90,2377
0.0,1,24,91,2306
0.0,1,24,92,2311
0.0,1,24,93,2423
0.0,1,24,94,2401
0.0,1,24,95,2335
0.0,1,24,96,2287
0.0,1,24,97,2355
0.0,1,24,98,2289
0.0,1,24,99,2336
0.0,1,24,100,2216
0.0,1,24,101,2393
0.0,1,24,102,2312
0.0,1,24,103,2362
0.0,1,24,104,2597
0.0,1,24,105,2495
0.0,1,24,106,2385
0.0,1,24,107,2507
0.0,1,24,108,2520
0.0,1,24,109,2421
0.0,1,24,110,2328
0.0,1,24,111,2399
0.0,1,24,112,2312
0.0,1,24,113,2228
0.0,1,24,114,2490
0.0,1,24,115,2497
0.0,1,24,116,2479
0.0,1,24,117,2400
0.0,1,24,118,2315
0.0,1,24,119,2257
0.0,1,24,120,2428
0.0,1,24,121,2496
0.0,1,24,122,2344
0.0,1,24,123,2403
0.0,1,24,124,2516
0.0,1,24,125,2659
0.0,1,24,126,3535
0.0,1,24,127,3672
0.0,1,25,0,4074
0.0,1,25,1,3847
0.0,1,25,2,2482
0.0,1,25,3,2361
0.0,1,25,4,2387
0.0,1,25,5,2527
0.0,1,25,6,2576
0.0,1,25,7,2554
0.0,1,25,8,2418
0.0,1,25,9,2335
0.0,1,25,10,2313
0.0,1,25,11,2333
0.0,1,25,12,2281
0.0,1,25,13,2496
0.0,1,25,14,2298
0.0,1,25,15,2303
0.0,1,25,16,2357
0.0,1,25,17,2220
0.0,1,25,18,2127
0.0,1,25,19,2313
0.0,1,25,20,2228
0.0,1,25,21,2173
0.0,1,25,22,2345
0.0,1,25,23,2420
0.0,1,25,24,2438
0.0,1,25,25,2505
0.0,1,25,26,2512
0.0,1,25,27,2396
0.0,1,25,28,2400
0.0,1,25,29,2513
0.0,1,25,30,2543
0.0,1,25,31,2442
0.0,1,25,32,2395
0.0,1,25,33,2350
0.0,1,25,34,2379
0.0,1,25,35,2433
0.0,1,25,36,2455
0.0,1,25,37,2427
0.0,1,25,38,2458
0.0,1,25,39,2257
0.0,1,25,40,2577
0.0,1,25,41,2560
0.0,1,25,42,2423
0.0,1,25,43,2493
0.0,1,25,44,2549
0.0,1,25,45,2572
0.0,1,25,46,2406
0.0,1,25,47,2507
0.0,1,25,48,2435
0.0,1,25,49,2455
0.0,1,25,50,2527
0.0,1,25,51,2300
0.0,1,25,52,2273
0.0,1,25,53,2362
0.0,1,25,54,2345
0.0,1,25,55,2485
0.0,1,25,56,2376
0.0,1,25,57,2417
0.0,1,25,58,2408
0.0,1,25,59,2454
0.0,1,25,60,2379
0.0,1,25,61,2465
0.0,1,25,62,2458
0.0,1,25,63,2390
0.0,1,25,64,2488
0.0,1,25,65,2512
0.0,1,25,66,2546
0.0,1,25,67,2462
0.0,1,25,68,2497
0.0,1,25,69,2504
0.0,1,25,70,2360
0.0,1,25,71,2513
0.0,1,25,72,2511
0.0,1,25,73,2442
0.0,1,25,74,2380
0.0,1,25,75,2250
0.0,1,25,76,2398
0.0,1,25,77,2378
0.0,1,25,78,2384
0.0,1,25,79,2384
0.0,1,25,80,2426
0.0,1,25,81,2366
0.0,1,25,82,2453
0.0,1,25,83,2376
0.0,1,25,84,2217
0.0,1,25,85,2263
0.0,1,25,86,2322
0.0,1,25,87,2380
0.0,1,25,88,2186
0.0,1,25,89,2376
0.0,1,25,90,2487
0.0,1,25,91,2470
0.0,1,25,92,2270
0.0,1,25,93,2368
0.0,1,25,94,2448
0.0,1,25,95,2415
0.0,1,25,96,2330
0.0,1,25,97,2429
0.0,1,25,98,2383
0.0,1,25,99,2486
0.0,1,25,100,2432
0.0,1,25,101,2402
0.0,1,25,102,2377
0.0,1,25,103,2453
0.0,1,25,104,2583
0.0,1,25,105,2447
0.0,1,25,106,2341
0.0,1,25,107,2518
0.0,1,25,108,2555
0.0,1,25,109,2438
0.0,1,25,110,2326
0.0,1,25,111,2416
0.0,1,25,112,2366
0.0,1,25,113,2391
0.0,1,25,114,2317
0.0,1,25,115,2455
0.0,1,25,116,2508
0.0,1,25,117,2463
0.0,1,25,118,2418
0.0,1,25,119,2320
0.0,1,25,120,2548
0.0,1,25,121,2570
0.0,1,25,122,2408
0.0,1,25,123,2310
0.0,1,25,124,2463
0.0,1,25,125,2317
0.0,1,25,126,2791
0.0,1,25,127,3805
0.0,1,26,0,4089
0.0,1,26,1,3752
0.0,1,26,2,2646
0.0,1,26,3,2273
0.0,1,26,4,2384
0.0,1,26,5,2526
0.0,1,26,6,2459
0.0,1,26,7,2430
0.0,1,26,8,2420
0.0,1,26,9,2310
0.0,1,26,10,2293
0.0,1,26,11,2396
0.0,1,26,12,2429
0.0,1,26,13,2529
0.0,1,26,14,2438
0.0,1,26,15,2384
0.0,1,26,16,2448
0.0,1,26,17,2361
0.0,1,26,18,2323
0.0,1,26,19,2251
0.0,1,26,20,2212
0.0,1,26,21,2186
0.0,1,26,22,2177
0.0,1,26,23,2411
0.0,1,26,24,2402
0.0,1,26,25,2404
0.0,1,26,26,2487
0.0,1,26,27,2448
0.0,1,26,28,2472
0.0,1,26,29,2495
0.0,1,26,30,2348
0.0,1,26,31,2456
0.0,1,26,32,2367
0.0,1,26,33,2342
0.0,1,26,34,2334
0.0,1,26,35,2282
0.0,1,26,36,2373
0.0,1,26,37,2374
0.0,1,26,38,2484
0.0,1,26,39,2435
0.0,1,26,40,2538
0.0,1,26,41,2504
0.0,1,26,42,2431
0.0,1,26,43,2518
0.0,1,26,44,2517
0.0,1,26,45,2379
0.0,1,26,46,2481
0.0,1,26,47,2586
0.0,1,26,48,2512
0.0,1,26,49,2463
0.0,1,26,50,2502
0.0,1,26,51,2292
0.0,1,26,52,2344
0.0,1,26,53,2427
0.0,1,26,54,2395
0.0,1,26,55,2477
0.0,1,26,56,2453
0.0,1,26,57,2397
0.0,1,26,58,2412
0.0,1,26,59,2478
0.0,1,26,60,2478
0.0,1,26,61,2430
0.0,1,26,62,2444
0.0,1,26,63,2407
0.0,1,26,64,2456
0.0,1,26,65,2533
0.0,1,26,66,2561
0.0,1,26,67,2388
0.0,1,26,68,2572
0.0,1,26,69,2586
0.0,1,26,70,2417
0.0,1,26,71,2380
0.0,1,26,72,2491
0.0,1,26,73,2483
0.0,1,26,74,2487
0.0,1,26,75,2433
0.0,1,26,76,2378
0.0,1,26,77,2347
0.0,1,26,78,2349
0.0,1,26,79,2344
0.0,1,26,80,2392
0.0,1,26,81,2355
0.0,1,26,82,2444
0.0,1,26,83,2474
0.0,1,26,84,2398
0.0,1,26,85,2350
0.0,1,26,86,2242
0.0,1,26,87,2439
0.0,1,26,88,2324
0.0,1,26,89,2454
0.0,1,26,90,2465
0.0,1,26,91,2504
0.0,1,26,92,2471
0.0,1,26,93,2391
0.0,1,26,94,2472
0.0,1,26,95,2410
0.0,1,26,96,2441
0.0,1,26,97,2573
0.0,1,26,98,2500
0.0,1,26,99,2555
0.0,1,26,100,2567
0.0,1,26,101,2532
0.0,1,26,102,2430
0.0,1,26,103,2257
0.0,1,26,104,2337
0.0,1,26,105,2447
0.0,1,26,106,2455
0.0,1,26,107,2378
0.0,1,26,108,2446
0.0,1,26,109,2461
0.0,1,26,110,2340
0.0,1,26,111,2455
0.0,1,26,112,2386
0.0,1,26,113,2425
0.0,1,26,114,2305
0.0,1,26,115,2349
0.0,1,26,116,2355
0.0,1,26,117,2310
0.0,1,26,118,2454
0.0,1,26,119,2371
0.0,1,26,120,2437
0.0,1,26,121,2501
0.0,1,26,122,2455
0.0,1,26,123,2362
0.0,1,26,124,2338
0.0,1,26,125,2295
0.0,1,26,126,2793
0.0,1,26,127,3863
0.0,1,27,0,4287
0.0,1,27,1,4044
0.0,1,27,2,2501
0.0,1,27,3,2317
0.0,1,27,4,2454
0.0,1,27,5,2504
0.0,1,27,6,2364
0.0,1,27,7,2304
0.0,1,27,8,2384
0.0,1,27,9,2362
0.0,1,27,10,2245
0.0,1,27,11,2405
0.0,1,27,12,2371
0.0,1,27,13,2479
0.0,1,27,14,2557
0.0,1,27,15,2458
0.0,1,27,16,2517
0.0,1,27,17,2360
0.0,1,27,18,2343
0.0,1,27,19,2377
0.0,1,27,20,2365
0.0,1,27,21,2365
0.0,1,27,22,2238
0.0,1,27,23,2416
0.0,1,27,24,2385
0.0,1,27,25,2301
0.0,1,27,26,2253
0.0,1,27,27,2262
0.0,1,27,28,2308
0.0,1,27,29,2422
0.0,1,27,30,2392
0.0,1,27,31,2577
0.0,1,27,32,2540
0.0,1,27,33,2352
0.0,1,27,34,2434
0.0,1,27,35,2358
0.0,1,27,36,2397
0.0,1,27,37,2256
0.0,1,27,38,2480
0.0,1,27,39,2480
0.0,1,27,40,2507
0.0,1,27,41,2336
0.0,1,27,42,2364
0.0,1,27,43,2456
0.0,1,27,44,2307
0.0,1,27,45,2373
0.0,1,27,46,2405
0.0,1,27,47,2524
0.0,1,27,48,2336
0.0,1,27,49,2400
0.0,1,27,50,2361
0.0,1,27,51,2423
0.0,1,27,52,2396
0.0,1,27,53,2274
0.0,1,27,54,2353
0.0,1,27,55,2410
0.0,1,27,56,2431
0.0,1,27,57,2404
0.0,1,27,58,2367
0.0,1,27,59,2406
0.0,1,27,60,2544
0.0,1,27,61,2444
0.0,1,27,62,2317
0.0,1,27,63,2307
0.0,1,27,64,2402
0.0,1,27,65,2478
0.0,1,27,66,2414
0.0,1,27,67,2305
0.0,1,27,68,2468
0.0,1,27,69,2516
0.0,1,27,70,2356
0.0,1,27,71,2282
0.0,1,27,72,2461
0.0,1,27,73,2328
0.0,1,27,74,2401
0.0,1,27,75,2256
0.0,1,27,76,2255
0.0,1,27,77,2282
0.0,1,27,78,2309
0.0,1,27,79,2207
0.0,1,27,80,2366
0.0,1,27,81,2425
0.0,1,27,82,2486
0.0,1,27,83,2518
0.0,1,27,84,2477
0.0,1,27,85,2434
0.0,1,27,86,2348
0.0,1,27,87,2321
0.0,1,27,88,2451
0.0,1,27,89,2426
0.0,1,27,90,2402
0.0,1,27,91,2441
0.0,1,27,92,2405
0.0,1,27,93,2480
0.0,1,27,94,2348
0.0,1,27,95,2419
0.0,1,27,96,2396
0.0,1,27,97,2545
0.0,1,27,98,2478
0.0,1,27,99,2441
0.0,1,27,100,2581
0.0,1,27,101,2493
0.0,1,27,102,2402
0.0,1,27,103,2398
0.0,1,27,104,2429
0.0,1,27,105,2429
0.0,1,27,106,2434
0.0,1,27,107,2367
0.0,1,27,108,2268
0.0,1,27,109,2478
0.0,1,27,110,2422
0.0,1,27,111,2331
0.0,1,27,112,2382
0.0,1,27,113,2418
0.0,1,27,114,2385
0.0,1,27,115,2360
0.0,1,27,116,2366
0.0,1,27,117,2414
0.0,1,27,118,2405
0.0,1,27,119,2352
0.0,1,27,120,2285
0.0,1,27,121,2340
0.0,1,27,122,2456
0.0,1,27,123,2493
0.0,1,27,124,2437
0.0,1,27,125,2284
0.0,1,27,126,2581
0.0,1,27,127,4021
0.0,1,28,0,4521
0.0,1,28,1,4272
0.0,1,28,2,2412
0.0,1,28,3,2306
0.0,1,28,4,2262
0.0,1,28,5,2300
0.0,1,28,6,2352
0.0,1,28,7,2367
0.0,1,28,8,2401
0.0,1,28,9,2262
0.0,1,28,10,2289
0.0,1,28,11,2272
0.0,1,28,12,2247
0.0,1,28,13,2417
0.0,1,28,14,2549
0.0,1,28,15,2430
0.0,1,28,16,2536
0.0,1,28,17,2579
0.0,1,28,18,2479
0.0,1,28,19,2394
0.0,1,28,20,2518
0.0,1,28,21,2290
0.0,1,28,22,2440
0.0,1,28,23,2290
0.0,1,28,24,2356
0.0,1,28,25,2376
0.0,1,28,26,2249
0.0,1,28,27,2320
0.0,1,28,28,2308
0.0,1,28,29,2294
0.0,1,28,30,2240
0.0,1,28,31,2384
0.0,1,28,32,2464
0.0,1,28,33,2501
0.0,1,28,34,2407
0.0,1,28,35,2379
0.0,1,28,36,2248
0.0,1,28,37,2101
0.0,1,28,38,2432
0.0,1,28,39,2419
0.0,1,28,40,2434
0.0,1,28,41,2249
0.0,1,28,42,2398
0.0,1,28,43,2446
0.0,1,28,44,2077
0.0,1,28,45,2451
0.0,1,28,46,2515
0.0,1,28,47,2491
0.0,1,28,48,2281
0.0,1,28,49,2432
0.0,1,28,50,2313
0.0,1,28,51,2435
0.0,1,28,52,2374
0.0,1,28,53,2306
0.0,1,28,54,2245
0.0,1,28,55,2248
0.0,1,28,56,2464
0.0,1,28,57,2385
0.0,1,28,58,2366
0.0,1,28,59,2469
0.0,1,28,60,2494
0.0,1,28,61,2347
0.0,1,28,62,2324
0.0,1,28,63,2446
0.0,1,28,64,2431
0.0,1,28,65,2470
0.0,1,28,66,2420
0.0,1,28,67,2235
0.0,1,28,68,2311
0.0,1,28,69,2443
0.0,1,28,70,2328
0.0,1,28,71,2426
0.0,1,28,72,2453
0.0,1,28,73,2356
0.0,1,28,74,2296
0.0,1,28,75,2410
0.0,1,28,76,2404
0.0,1,28,77,2295
0.0,1,28,78,2341
0.0,1,28,79,2398
0.0,1,28,80,2449
0.0,1,28,81,2486
0.0,1,28,82,2370
0.0,1,28,83,2483
0.0,1,28,84,2440
0.0,1,28,85,2376
0.0,1,28,86,2408
0.0,1,28,87,2478
0.0,1,28,88,2475
0.0,1,28,89,2398
0.0,1,28,90,2359
0.0,1,28,91,2481
0.0,1,28,92,2307
0.0,1,28,93,2489
0.0,1,28,94,2384
0.0,1,28,95,2392
0.0,1,28,96,2498
0.0,1,28,97,2348
0.0,1,28,98,2397
0.0,1,28,99,2315
0.0,1,28,100,2415
0.0,1,28,101,2352
0.0,1,28,102,2501
0.0,1,28,103,2514
0.0,1,28,104,2444
0.0,1,28,105,2384
0.0,1,28,106,2141
0.0,1,28,107,2338
0.0,1,28,108,2399
0.0,1,28,109,2398
0.0,1,28,110,2412
0.0,1,28,111,2360
0.0,1,28,112,2396
0.0,1,28,113,2427
0.0,1,28,114,2491
0.0,1,28,115,2402
0.0,1,28,116,2422
0.0,1,28,117,2494
0.0,1,28,118,2341
0.0,1,28,119,2199
0.0,1,28,120,2302
0.0,1,28,121,2235
0.0,1,28,122,2229
0.0,1,28,123,2471
0.0,1,28,124,2389
0.0,1,28,125,2400
0.0,1,28,126,2579
0.0,1,28,127,4267
0.0,1,29,0,4252
0.0,1,29,1,4023
0.0,1,29,2,2333
0.0,1,29,3,2452
0.0,1,29,4,2268
0.0,1,29,5,2319
0.0,1,29,6,2390
0.0,1,29,7,2431
0.0,1,29,8,2482
0.0,1,29,9,2487
0.0,1,29,10,2496
0.0,1,29,11,2438
0.0,1,29,12,2349
0.0,1,29,13,2417
0.0,1,29,14,2427
0.0,1,29,15,2401
0.0,1,29,16,2467
0.0,1,29,17,2478
0.0,1,29,18,2345
0.0,1,29,19,2367
0.0,1,29,20,2370
0.0,1,29,21,2341
0.0,1,29,22,2495
0.0,1,29,23,2521
0.0,1,29,24,2414
0.0,1,29,25,2320
0.0,1,29,26,2238
0.0,1,29,27,2402
0.0,1,29,28,2357
0.0,1,29,29,2306
0.0,1,29,30,2498
0.0,1,29,31,2310
0.0,1,29,32,2277
0.0,1,29,33,2472
0.0,1,29,34,2453
0.0,1,29,35,2408
0.0,1,29,36,2323
0.0,1,29,37,2217
0.0,1,29,38,2282
0.0,1,29,39,2429
0.0,1,29,40,2451
0.0,1,29,41,2399
0.0,1,29,42,2314
0.0,1,29,43,2423
0.0,1,29,44,2401
0.0,1,29,45,2458
0.0,1,29,46,2476
0.0,1,29,47,2446
0.0,1,29,48,2280
0.0,1,29,49,2468
0.0,1,29,50,2329
0.0,1,29,51,2410
0.0,1,29,52,2313
0.0,1,29,53,2292
0.0,1,29,54,2258
0.0,1,29,55,2269
0.0,1,29,56,2389
0.0,1,29,57,2295
0.0,1,29,58,2262
0.0,1,29,59,2387
0.0,1,29,60,2397
0.0,1,29,61,2339
0.0,1,29,62,2205
0.0,1,29,63,2411
0.0,1,29,64,2413
0.0,1,29,65,2442
0.0,1,29,66,2381
0.0,1,29,67,2470
0.0,1,29,68,2442
0.0,1,29,69,2459
0.0,1,29,70,2474
0.0,1,29,71,2480
0.0,1,29,72,2370
0.0,1,29,73,2439
0.0,1,29,74,2356
0.0,1,29,75,2481
0.0,1,29,76,2407
0.0,1,29,77,2379
0.0,1,29,78,2411
0.0,1,29,79,2344
0.0,1,29,80,2351
0.0,1,29,81,2371
0.0,1,29,82,2470
0.0,1,29,83,2505
0.0,1,29,84,2345
0.0,1,29,85,2402
0.0,1,29,86,2506
0.0,1,29,87,2508
0.0,1,29,88,2455
0.0,1,29,89,2352
0.0,1,29,90,2452
0.0,1,29,91,2536
0.0,1,29,92,2450
0.0,1,29,93,2393
0.0,1,29,94,2365
0.0,1,29,95,2380
0.0,1,29,96,2343
0.0,1,29,97,2420
0.0,1,29,98,2422
0.0,1,29,99,2422
0.0,1,29,100,2375
0.0,1,29,101,2394
0.0,1,29,102,2426
0.0,1,29,103,2414
0.0,1,29,104,2414
0.0,1,29,105,2291
0.0,1,29,106,2285
0.0,1,29,107,2367
0.0,1,29,108,2227
0.0,1,29,109,2230
0.0,1,29,110,2330
0.0,1,29,111,2392
0.0,1,29,112,2460
0.0,1,29,113,2468
0.0,1,29,114,2457
0.0,1,29,115,2282
0.0,1,29,116,2178
0.0,1,29,117,2408
0.0,1,29,118,2349
0.0,1,29,119,2260
0.0,1,29,120,2299
0.0,1,29,121,2345
0.0,1,29,122,2351
0.0,1,29,123,2291
0.0,1,29,124,2378
0.0,1,29,125,2229
0.0,1,29,126,2731
0.0,1,29,127,3977
0.0,1,30,0,4584
0.0,1,30,1,4331
0.0,1,30,2,2609
0.0,1,30,3,2378
0.0,1,30,4,2303
0.0,1,30,5,2236
0.0,1,30,6,2213
0.0,1,30,7,2437
0.0,1,30,8,2440
0.0,1,30,9,2447
0.0,1,30,10,2458
0.0,1,30,11,2459
0.0,1,30,12,2324
0.0,1,30,13,2405
0.0,1,30,14,2377
0.0,1,30,15,2407
0.0,1,30,16,2383
0.0,1,30,17,2370
0.0,1,30,18,2314
0.0,1,30,19,2333
0.0,1,30,20,2422
0.0,1,30,21,2316
0.0,1,30,22,2371
0.0,1,30,23,2505
0.0,1,30,24,2389
0.0,1,30,25,2312
0.0,1,30,26,2335
0.0,1,30,27,2430
0.0,1,30,28,2446
0.0,1,30,29,2447
0.0,1,30,30,2466
0.0,1,30,31,2440
0.0,1,30,32,2320
0.0,1,30,33,2369
0.0,1,30,34,2404
0.0,1,30,35,2461
0.0,1,30,36,2440
0.0,1,30,37,2229
0.0,1,30,38,2405
0.0,1,30,39,2557
0.0,1,30,40,2574
0.0,1,30,41,2419
0.0,1,30,42,2470
0.0,1,30,43,2563
0.0,1,30,44,2472
0.0,1,30,45,2438
0.0,1,30,46,2390
0.0,1,30,47,2437
0.0,1,30,48,2452
0.0,1,30,49,2422
0.0,1,30,50,2373
0.0,1,30,51,2552
0.0,1,30,52,2515
0.0,1,30,53,2444
0.0,1,30,54,2419
0.0,1,30,55,2333
0.0,1,30,56,2320
0.0,1,30,57,2370
0.0,1,30,58,2316
0.0,1,30,59,2265
0.0,1,30,60,2366
0.0,1,30,61,2361
0.0,1,30,62,2366
0.0,1,30,63,2447
0.0,1,30,64,2335
0.0,1,30,65,2306
0.0,1,30,66,2304
0.0,1,30,67,2379
0.0,1,30,68,2354
0.0,1,30,69,2226
0.0,1,30,70,2253
0.0,1,30,71,2375
0.0,1,30,72,2256
0.0,1,30,73,2270
0.0,1,30,74,2385
0.0,1,30,75,2406
0.0,1,30,76,2320
0.0,1,30,77,2293
0.0,1,30,78,2381
0.0,1,30,79,2368
0.0,1,30,80,2485
0.0,1,30,81,2455
0.0,1,30,82,2400
0.0,1,30,83,2451
0.0,1,30,84,2348
0.0,1,30,85,2428
0.0,1,30,86,2459
0.0,1,30,87,2538
0.0,1,30,88,2465
0.0,1,30,89,2420
0.0,1,30,90,2522
0.0,1,30,91,2495
0.0,1,30,92,2395
0.0,1,30,93,2254
0.0,1,30,94,2387
0.0,1,30,95,2414
0.0,1,30,96,2347
0.0,1,30,97,2381
0.0,1,30,98,2480
0.0,1,30,99,2394
0.0,1,30,100,2432
0.0,1,30,101,2395
0.0,1,30,102,2301
0.0,1,30,103,2462
0.0,1,30,104,2537
0.0,1,30,105,2384
0.0,1,30,106,2347
0.0,1,30,107,2399
0.0,1,30,108,2454
0.0,1,30,109,2298
0.0,1,30,110,2262
0.0,1,30,111,2265
0.0,1,30,112,2401
0.0,1,30,113,2475
0.0,1,30,114,2426
0.0,1,30,115,2228
0.0,1,30,116,2151
0.0,1,30,117,2493
0.0,1,30,118,2467
0.0,1,30,119,2308
0.0,1,30,120,2295
0.0,1,30,121,2362
0.0,1,30,122,2419
0.0,1,30,123,2325
0.0,1,30,124,2373
0.0,1,30,125,2469
0.0,1,30,126,2805
0.0,1,30,127,4329
0.0,1,31,0,4593
0.0,1,31,1,4343
0.0,1,31,2,2591
0.0,1,31,3,2478
0.0,1,31,4,2320
0.0,1,31,5,2177
0.0,1,31,6,2350
0.0,1,31,7,2348
0.0,1,31,8,2408
0.0,1,31,9,2407
0.0,1,31,10,2314
0.0,1,31,11,2414
0.0,1,31,12,2409
0.0,1,31,13,2292
0.0,1,31,14,2351
0.0,1,31,15,2355
0.0,1,31,16,2244
0.0,1,31,17,2281
0.0,1,31,18,2337
0.0,1,31,19,2385
0.0,1,31,20,2396
0.0,1,31,21,2374
0.0,1,31,22,2353
0.0,1,31,23,2240
0.0,1,31,24,2391
0.0,1,31,25,2303
0.0,1,31,26,2341
0.0,1,31,27,2441
0.0,1,31,28,2395
0.0,1,31,29,2375
0.0,1,31,30,2410
0.0,1,31,31,2542
0.0,1,31,32,2475
0.0,1,31,33,2425
0.0,1,31,34,2383
0.0,1,31,35,2365
0.0,1,31,36,2405
0.0,1,31,37,2319
0.0,1,31,38,2322
0.0,1,31,39,2504
0.0,1,31,40,2588
0.0,1,31,41,2358
0.0,1,31,42,2509
0.0,1,31,43,2514
0.0,1,31,44,2424
0.0,1,31,45,2320
0.0,1,31,46,2381
0.0,1,31,47,2462
0.0,1,31,48,2483
0.0,1,31,49,2137
0.0,1,31,50,2326
0.0,1,31,51,2496
0.0,1,31,52,2501
0.0,1,31,53,2426
0.0,1,31,54,2448
0.0,1,31,55,2379
0.0,1,31,56,2373
0.0,1,31,57,2386
0.0,1,31,58,2218
0.0,1,31,59,2313
0.0,1,31,60,2381
0.0,1,31,61,2437
0.0,1,31,62,2437
0.0,1,31,63,2431
0.0,1,31,64,2441
0.0,1,31,65,2388
0.0,1,31,66,2296
0.0,1,31,67,2323
0.0,1,31,68,2462
0.0,1,31,69,2318
0.0,1,31,70,2277
0.0,1,31,71,2226
0.0,1,31,72,2365
0.0,1,31,73,2376
0.0,1,31,74,2354
0.0,1,31,75,2385
0.0,1,31,76,2393
0.0,1,31,77,2316
0.0,1,31,78,2379
0.0,1,31,79,2426
0.0,1,31,80,2534
0.0,1,31,81,2496
0.0,1,31,82,2467
0.0,1,31,83,2395
0.0,1,31,84,2328
0.0,1,31,85,2400
0.0,1,31,86,2400
0.0,1,31,87,2422
0.0,1,31,88,2514
0.0,1,31,89,2558
0.0,1,31,90,2467
0.0,1,31,91,2249
0.0,1,31,92,2268
0.0,1,31,93,2251
0.0,1,31,94,2347
0.0,1,31,95,2456
0.0,1,31,96,2459
0.0,1,31,97,2346
0.0,1,31,98,2355
0.0,1,31,99,2287
0.0,1,31,100,2444
0.0,1,31,101,2393
0.0,1,31,102,2355
0.0,1,31,103,2435
0.0,1,31,104,2426
0.0,1,31,105,2231
0.0,1,31,106,2348
0.0,1,31,107,2326
0.0,1,31,108,2419
0.0,1,31,109,2453
0.0,1,31,110,2354
0.0,1,31,111,2303
0.0,1,31,112,2258
0.0,1,31,113,2376
0.0,1,31,114,2312
0.0,1,31,115,2302
0.0,1,31,116,2414
0.0,1,31,117,2491
0.0,1,31,118,2479
0.0,1,31,119,2360
0.0,1,31,120,2311
0.0,1,31,121,2542
0.0,1,31,122,2461
0.0,1,31,123,2437
0.0,1,31,124,2438
0.0,1,31,125,2497
0.0,1,31,126,2648
0.0,1,31,127,4339
0.0,1,32,0,4504
0.0,1,32,1,4248
0.0,1,32,2,2614
0.0,1,32,3,2333
0.0,1,32,4,2387
0.0,1,32,5,2334
0.0,1,32,6,2437
0.0,1,32,7,2406
0.0,1,32,8,2454
0.0,1,32,9,2371
0.0,1,32,10,2409
0.0,1,32,11,2429
0.0,1,32,12,2413
0.0,1,32,13,2345
0.0,1,32,14,2320
0.0,1,32,15,2332
0.0,1,32,16,2310
0.0,1,32,17,2347
0.0,1,32,18,2340
0.0,1,32,19,2516
0.0,1,32,20,2513
0.0,1,32,21,2418
0.0,1,32,22,2364
0.0,1,32,23,2262
0.0,1,32,24,2287
0.0,1,32,25,2314
0.0,1,32,26,2345
0.0,1,32,27,2350
0.0,1,32,28,2324
0.0,1,32,29,2353
0.0,1,32,30,2274
0.0,1,32,31,2580
0.0,1,32,32,2527
0.0,1,32,33,2442
0.0,1,32,34,2393
0.0,1,32,35,2319
0.0,1,32,36,2356
0.0,1,32,37,2265
0.0,1,32,38,2235
0.0,1,32,39,2326
0.0,1,32,40,2421
0.0,1,32,41,2322
0.0,1,32,42,2411
0.0,1,32,43,2475
0.0,1,32,44,2382
0.0,1,32,45,2368
0.0,1,32,46,2412
0.0,1,32,47,2316
0.0,1,32,48,2448
0.0,1,32,49,2339
0.0,1,32,50,2301
0.0,1,32,51,2314
0.0,1,32,52,2405
0.0,1,32,53,2509
0.0,1,32,54,2576
0.0,1,32,55,2531
0.0,1,32,56,2492
0.0,1,32,57,2422
0.0,1,32,58,2319
0.0,1,32,59,2404
0.0,1,32,60,2341
0.0,1,32,61,2474
0.0,1,32,62,2465
0.0,1,32,63,2416
0.0,1,32,64,2399
0.0,1,32,65,2408
0.0,1,32,66,2341
0.0,1,32,67,2292
0.0,1,32,68,2430
0.0,1,32,69,2397
0.0,1,32,70,2417
0.0,1,32,71,2349
0.0,1,32,72,2379
0.0,1,32,73,2345
0.0,1,32,74,2400
0.0,1,32,75,2440
0.0,1,32,76,2333
0.0,1,32,77,2169
0.0,1,32,78,2417
0.0,1,32,79,2424
0.0,1,32,80,2523
0.0,1,32,81,2367
0.0,1,32,82,2356
0.0,1,32,83,2214
0.0,1,32,84,2159
0.0,1,32,85,2362
0.0,1,32,86,2352
0.0,1,32,87,2332
0.0,1,32,88,2468
0.0,1,32,89,2522
0.0,1,32,90,2465
0.0,1,32,91,2300
0.0,1,32,92,2414
0.0,1,32,93,2384
0.0,1,32,94,2445
0.0,1,32,95,2565
0.0,1,32,96,2495
0.0,1,32,97,2358
0.0,1,32,98,2275
0.0,1,32,99,2358
0.0,1,32,100,2378
0.0,1,32,101,2466
0.0,1,32,102,2431
0.0,1,32,103,2474
0.0,1,32,104,2434
0.0,1,32,105,2420
0.0,1,32,106,2415
0.0,1,32,107,2435
0.0,1,32,108,2507
0.0,1,32,109,2403
0.0,1,32,110,2362
0.0,1,32,111,2147
0.0,1,32,112,2426
0.0,1,32,113,2459
0.0,1,32,114,2081
0.0,1,32,115,2282
0.0,1,32,116,2286
0.0,1,32,117,2309
0.0,1,32,118,2304
0.0,1,32,119,2444
0.0,1,32,120,2474
0.0,1,32,121,2490
0.0,1,32,122,2390
0.0,1,32,123,2324
0.0,1,32,124,2427
0.0,1,32,125,2403
0.0,1,32,126,2514
0.0,1,32,127,4252
0.0,1,33,0,4251
0.0,1,33,1,3999
0.0,1,33,2,2521
0.0,1,33,3,2408
0.0,1,33,4,2201
0.0,1,33,5,2353
0.0,1,33,6,2490
0.0,1,33,7,2353
0.0,1,33,8,2463
0.0,1,33,9,2258
0.0,1,33,10,2484
0.0,1,33,11,2458
0.0,1,33,12,2503
0.0,1,33,13,2485
0.0,1,33,14,2431
0.0,1,33,15,2354
0.0,1,33,16,2305
0.0,1,33,17,2418
0.0,1,33,18,2288
0.0,1,33,19,2315
0.0,1,33,20,2381
0.0,1,33,21,2390
0.0,1,33,22,2408
0.0,1,33,23,2336
0.0,1,33,24,2212
0.0,1,33,25,2261
0.0,1,33,26,2261
0.0,1,33,27,2395
0.0,1,33,28,2420
0.0,1,33,29,2401
0.0,1,33,30,2474
0.0,1,33,31,2551
0.0,1,33,32,2437
0.0,1,33,33,2423
0.0,1,33,34,2452
0.0,1,33,35,2434
0.0,1,33,36,2353
0.0,1,33,37,2345
0.0,1,33,38,2328
0.0,1,33,39,2385
0.0,1,33,40,2439
0.0,1,33,41,2437
0.0,1,33,42,2393
0.0,1,33,43,2387
0.0,1,33,44,2428
0.0,1,33,45,2349
0.0,1,33,46,2460
0.0,1,33,47,2330
0.0,1,33,48,2405
0.0,1,33,49,2407
0.0,1,33,50,2288
0.0,1,33,51,2295
0.0,1,33,52,2298
0.0,1,33,53,2405
0.0,1,33,54,2347
0.0,1,33,55,2492
0.0,1,33,56,2228
0.0,1,33,57,2439
0.0,1,33,58,2402
0.0,1,33,59,2374
0.0,1,33,60,2374
0.0,1,33,61,2303
0.0,1,33,62,2381
0.0,1,33,63,2343
0.0,1,33,64,2292
0.0,1,33,65,2440
0.0,1,33,66,2411
0.0,1,33,67,2244
0.0,1,33,68,2330
0.0,1,33,69,2291
0.0,1,33,70,2397
0.0,1,33,71,2454
0.0,1,33,72,2351
0.0,1,33,73,2100
0.0,1,33,74,2297
0.0,1,33,75,2483
0.0,1,33,76,2439
0.0,1,33,77,2385
0.0,1,33,78,2408
0.0,1,33,79,2397
0.0,1,33,80,2421
0.0,1,33,81,2344
0.0,1,33,82,2289
0.0,1,33,83,2372
0.0,1,33,84,2117
0.0,1,33,85,2247
0.0,1,33,86,2352
0.0,1,33,87,2295
0.0,1,33,88,2422
0.0,1,33,89,2390
0.0,1,33,90,2448
0.0,1,33,91,2431
0.0,1,33,92,2580
0.0,1,33,93,2493
0.0,1,33,94,2518
0.0,1,33,95,2480
0.0,1,33,96,2364
0.0,1,33,97,2232
0.0,1,33,98,2393
0.0,1,33,99,2458
0.0,1,33,100,2400
0.0,1,33,101,2437
0.0,1,33,102,2278
0.0,1,33,103,2432
0.0,1,33,104,2415
0.0,1,33,105,2369
0.0,1,33,106,2405
0.0,1,33,107,2444
0.0,1,33,108,2530
0.0,1,33,109,2381
0.0,1,33,110,2316
0.0,1,33,111,2292
0.0,1,33,112,2456
0.0,1,33,113,2531
0.0,1,33,114,2350
0.0,1,33,115,2361
0.0,1,33,116,2313
0.0,1,33,117,2314
0.0,1,33,118,2314
0.0,1,33,119,2422
0.0,1,33,120,2438
0.0,1,33,121,2391
0.0,1,33,122,2343
0.0,1,33,123,2418
0.0,1,33,124,2540
0.0,1,33,125,2475
0.0,1,33,126,2486
0.0,1,33,127,3998
0.0,1,34,0,4050
0.0,1,34,1,3793
0.0,1,34,2,2443
0.0,1,34,3,2465
0.0,1,34,4,2416
0.0,1,34,5,2390
0.0,1,34,6,2417
0.0,1,34,7,2372
0.0,1,34,8,2390
0.0,1,34,9,2355
0.0,1,34,10,2390
0.0,1,34,11,2415
0.0,1,34,12,2432
0.0,1,34,13,2508
0.0,1,34,14,2346
0.0,1,34,15,2442
0.0,1,34,16,2363
0.0,1,34,17,2492
0.0,1,34,18,2443
0.0,1,34,19,2243
0.0,1,34,20,2179
0.0,1,34,21,2242
0.0,1,34,22,2392
0.0,1,34,23,2324
0.0,1,34,24,2392
0.0,1,34,25,2452
0.0,1,34,26,2405
0.0,1,34,27,2378
0.0,1,34,28,2390
0.0,1,34,29,2269
0.0,1,34,30,2425
0.0,1,34,31,2442
0.0,1,34,32,2427
0.0,1,34,33,2274
0.0,1,34,34,2359
0.0,1,34,35,2407
0.0,1,34,36,2433
0.0,1,34,37,2472
0.0,1,34,38,2350
0.0,1,34,39,2380
0.0,1,34,40,2425
0.0,1,34,41,2317
0.0,1,34,42,2393
0.0,1,34,43,2455
0.0,1,34,44,2417
0.0,1,34,45,2393
0.0,1,34,46,2381
0.0,1,34,47,2178
0.0,1,34,48,2356
0.0,1,34,49,2499
0.0,1,34,50,2447
0.0,1,34,51,2455
0.0,1,34,52,2354
0.0,1,34,53,2449
0.0,1,34,54,2493
0.0,1,34,55,2488
0.0,1,34,56,2367
0.0,1,34,57,2279
0.0,1,34,58,2394
0.0,1,34,59,2362
0.0,1,34,60,2326
0.0,1,34,61,2317
0.0,1,34,62,2396
0.0,1,34,63,2432
0.0,1,34,64,2339
0.0,1,34,65,2439
0.0,1,34,66,2460
0.0,1,34,67,2350
0.0,1,34,68,2389
0.0,1,34,69,2312
0.0,1,34,70,2369
0.0,1,34,71,2387
0.0,1,34,72,2400
0.0,1,34,73,2273
0.0,1,34,74,2386
0.0,1,34,75,2496
0.0,1,34,76,2421
0.0,1,34,77,2468
0.0,1,34,78,2435
0.0,1,34,79,2352
0.0,1,34,80,2300
0.0,1,34,81,2260
0.0,1,34,82,2354
0.0,1,34,83,2530
0.0,1,34,84,2444
0.0,1,34,85,2294
0.0,1,34,86,2283
0.0,1,34,87,2407
0.0,1,34,88,2396
0.0,1,34,89,2416
0.0,1,34,90,2409
0.0,1,34,91,2428
0.0,1,34,92,2573
0.0,1,34,93,2503
0.0,1,34,94,2477
0.0,1,34,95,2458
0.0,1,34,96,2242
0.0,1,34,97,2204
0.0,1,34,98,2362
0.0,1,34,99,2428
0.0,1,34,100,2470
0.0,1,34,101,2478
0.0,1,34,102,2389
0.0,1,34,103,2367
0.0,1,34,104,2370
0.0,1,34,105,2388
0.0,1,34,106,2373
0.0,1,34,107,2419
0.0,1,34,108,2314
0.0,1,34,109,2282
0.0,1,34,110,2288
0.0,1,34,111,2194
0.0,1,34,112,2460
0.0,1,34,113,2486
0.0,1,34,114,2445
0.0,1,34,115,2329
0.0,1,34,116,2292
0.0,1,34,117,2369
0.0,1,34,118,2334
0.0,1,34,119,2291
0.0,1,34,120,2343
0.0,1,34,121,2402
0.0,1,34,122,2400
0.0,1,34,123,2437
0.0,1,34,124,2464
0.0,1,34,125,2406
0.0,1,34,126,2513
0.0,1,34,127,3798
0.0,1,35,0,4134
0.0,1,35,1,3869
0.0,1,35,2,2480
0.0,1,35,3,2406
0.0,1,35,4,2383
0.0,1,35,5,2407
0.0,1,35,6,2520
0.0,1,35,7,2387
0.0,1,35,8,2422
0.0,1,35,9,2382
0.0,1,35,10,2230
0.0,1,35,11,2390
0.0,1,35,12,2474
0.0,1,35,13,2449
0.0,1,35,14,2253
0.0,1,35,15,2402
0.0,1,35,16,2375
0.0,1,35,17,2362
0.0,1,35,18,2369
0.0,1,35,19,2216
0.0,1,35,20,2238
0.0,1,35,21,2314
0.0,1,35,22,2284
0.0,1,35,23,2468
0.0,1,35,24,2412
0.0,1,35,25,2323
0.0,1,35,26,2375
0.0,1,35,27,2442
0.0,1,35,28,2507
0.0,1,35,29,2271
0.0,1,35,30,2493
0.0,1,35,31,2454
0.0,1,35,32,2337
0.0,1,35,33,2350
0.0,1,35,34,2409
0.0,1,35,35,2484
0.0,1,35,36,2483
0.0,1,35,37,2505
0.0,1,35,38,2257
0.0,1,35,39,2303
0.0,1,35,40,2297
0.0,1,35,41,2308
0.0,1,35,42,2283
0.0,1,35,43,2342
0.0,1,35,44,2318
0.0,1,35,45,2380
0.0,1,35,46,2370
0.0,1,35,47,2185
0.0,1,35,48,2354
0.0,1,35,49,2425
0.0,1,35,50,2462
0.0,1,35,51,2525
0.0,1,35,52,2510
0.0,1,35,53,2372
0.0,1,35,54,2551
0.0,1,35,55,2386
0.0,1,35,56,2337
0.0,1,35,57,2382
0.0,1,35,58,2522
0.0,1,35,59,2427
0.0,1,35,60,2290
0.0,1,35,61,2199
0.0,1,35,62,2322
0.0,1,35,63,2346
0.0,1,35,64,2414
0.0,1,35,65,2290
0.0,1,35,66,2410
0.0,1,35,67,2368
0.0,1,35,68,2424
0.0,1,35,69,2428
0.0,1,35,70,2439
0.0,1,35,71,2434
0.0,1,35,72,2337
0.0,1,35,73,2376
0.0,1,35,74,2420
0.0,1,35,75,2398
0.0,1,35,76,2310
0.0,1,35,77,2340
0.0,1,35,78,2420
0.0,1,35,79,2453
0.0,1,35,80,2377
0.0,1,35,81,2371
0.0,1,35,82,2260
0.0,1,35,83,2397
0.0,1,35,84,2366
0.0,1,35,85,2303
0.0,1,35,86,2396
0.0,1,35,87,2268
0.0,1,35,88,2295
0.0,1,35,89,2404
0.0,1,35,90,2389
0.0,1,35,91,2284
0.0,1,35,92,2554
0.0,1,35,93,2504
0.0,1,35,94,2359
0.0,1,35,95,2421
0.0,1,35,96,2360
0.0,1,35,97,2291
0.0,1,35,98,2481
0.0,1,35,99,2452
0.0,1,35,100,2452
0.0,1,35,101,2462
0.0,1,35,102,2484
0.0,1,35,103,2233
0.0,1,35,104,2141
0.0,1,35,105,2288
0.0,1,35,106,2369
0.0,1,35,107,2323
0.0,1,35,108,2427
0.0,1,35,109,2433
0.0,1,35,110,2345
0.0,1,35,111,2350
0.0,1,35,112,2363
0.0,1,35,113,2513
0.0,1,35,114,2466
0.0,1,35,115,2336
0.0,1,35,116,2441
0.0,1,35,117,2398
0.0,1,35,118,2377
0.0,1,35,119,2235
0.0,1,35,120,2326
0.0,1,35,121,2340
0.0,1,35,122,2393
0.0,1,35,123,2453
0.0,1,35,124,2378
0.0,1,35,125,2554
0.0,1,35,126,2614
0.0,1,35,127,3899
0.0,1,36,0,4182
0.0,1,36,1,3925
0.0,1,36,2,2411
0.0,1,36,3,2295
0.0,1,36,4,2346
0.0,1,36,5,2434
0.0,1,36,6,2477
0.0,1,36,7,2335
0.0,1,36,8,2419
0.0,1,36,9,2416
0.0,1,36,10,2285
0.0,1,36,11,2404
0.0,1,36,12,2332
0.0,1,36,13,2434
0.0,1,36,14,2317
0.0,1,36,15,2433
0.0,1,36,16,2441
0.0,1,36,17,2273
0.0,1,36,18,2344
0.0,1,36,19,2382
0.0,1,36,20,2151
0.0,1,36,21,2335
0.0,1,36,22,2458
0.0,1,36,23,2516
0.0,1,36,24,2508
0.0,1,36,25,2374
0.0,1,36,26,2397
0.0,1,36,27,2352
0.0,1,36,28,2371
0.0,1,36,29,2374
0.0,1,36,30,2424
0.0,1,36,31,2401
0.0,1,36,32,2360
0.0,1,36,33,2480
0.0,1,36,34,2512
0.0,1,36,35,2451
0.0,1,36,36,2331
0.0,1,36,37,2367
0.0,1,36,38,2399
0.0,1,36,39,2490
0.0,1,36,40,2437
0.0,1,36,41,2336
0.0,1,36,42,2476
0.0,1,36,43,2412
0.0,1,36,44,2419
0.0,1,36,45,2374
0.0,1,36,46,2264
0.0,1,36,47,2318
0.0,1,36,48,2224
0.0,1,36,49,2425
0.0,1,36,50,2315
0.0,1,36,51,2513
0.0,1,36,52,2569
0.0,1,36,53,2455
0.0,1,36,54,2475
0.0,1,36,55,2439
0.0,1,36,56,2304
0.0,1,36,57,2443
0.0,1,36,58,2342
0.0,1,36,59,2231
0.0,1,36,60,2310
0.0,1,36,61,2345
0.0,1,36,62,2294
0.0,1,36,63,2294
0.0,1,36,64,2369
0.0,1,36,65,2246
0.0,1,36,66,2405
0.0,1,36,67,2420
0.0,1,36,68,2326
0.0,1,36,69,2450
0.0,1,36,70,2565
0.0,1,36,71,2492
0.0,1,36,72,2129
0.0,1,36,73,2365
0.0,1,36,74,2328
0.0,1,36,75,2271
0.0,1,36,76,2256
0.0,1,36,77,2442
0.0,1,36,78,2494
0.0,1,36,79,2503
0.0,1,36,80,2377
0.0,1,36,81,2351
0.0,1,36,82,2358
0.0,1,36,83,2367
0.0,1,36,84,2425
0.0,1,36,85,2423
0.0,1,36,86,2344
0.0,1,36,87,2413
0.0,1,36,88,2346
0.0,1,36,89,2347
0.0,1,36,90,2297
0.0,1,36,91,2456
0.0,1,36,92,2547
0.0,1,36,93,2504
0.0,1,36,94,2335
0.0,1,36,95,2332
0.0,1,36,96,2235
0.0,1,36,97,2340
0.0,1,36,98,2362
0.0,1,36,99,2427
0.0,1,36,100,2458
0.0,1,36,101,2480
0.0,1,36,102,2495
0.0,1,36,103,2291
0.0,1,36,104,2217
0.0,1,36,105,2348
0.0,1,36,106,2329
0.0,1,36,107,2333
0.0,1,36,108,2451
0.0,1,36,109,2382
0.0,1,36,110,2372
0.0,1,36,111,2421
0.0,1,36,112,2397
0.0,1,36,113,2470
0.0,1,36,114,2343
0.0,1,36,115,2407
0.0,1,36,116,2555
0.0,1,36,117,2438
0.0,1,36,118,2216
0.0,1,36,119,2364
0.0,1,36,120,2387
0.0,1,36,121,2297
0.0,1,36,122,2220
0.0,1,36,123,2396
0.0,1,36,124,2384
0.0,1,36,125,2537
0.0,1,36,126,2469
0.0,1,36,127,3937
0.0,1,37,0,4035
0.0,1,37,1,3783
0.0,1,37,2,2442
0.0,1,37,3,2325
0.0,1,37,4,2345
0.0,1,37,5,2550
0.0,1,37,6,2444
0.0,1,37,7,2206
0.0,1,37,8,2379
0.0,1,37,9,2415
0.0,1,37,10,2373
0.0,1,37,11,2356
0.0,1,37,12,2314
0.0,1,37,13,2404
0.0,1,37,14,2226
0.0,1,37,15,2257
0.0,1,37,16,2393
0.0,1,37,17,2356
0.0,1,37,18,2418
0.0,1,37,19,2464
0.0,1,37,20,2357
0.0,1,37,21,2290
0.0,1,37,22,2395
0.0,1,37,23,2510
0.0,1,37,24,2436
0.0,1,37,25,2408
0.0,1,37,26,2253
0.0,1,37,27,2305
0.0,1,37,28,2298
0.0,1,37,29,2276
0.0,1,37,30,2391
0.0,1,37,31,2299
0.0,1,37,32,2306
0.0,1,37,33,2394
0.0,1,37,34,2436
0.0,1,37,35,2350
0.0,1,37,36,2234
0.0,1,37,37,2359
0.0,1,37,38,2379
0.0,1,37,39,2530
0.0,1,37,40,2441
0.0,1,37,41,2409
0.0,1,37,42,2523
0.0,1,37,43,2454
0.0,1,37,44,2435
0.0,1,37,45,2438
0.0,1,37,46,2275
0.0,1,37,47,2452
0.0,1,37,48,2260
0.0,1,37,49,2450
0.0,1,37,50,2272
0.0,1,37,51,2313
0.0,1,37,52,2391
0.0,1,37,53,2451
0.0,1,37,54,2354
0.0,1,37,55,2406
0.0,1,37,56,2272
0.0,1,37,57,2335
0.0,1,37,58,2248
0.0,1,37,59,2290
0.0,1,37,60,2473
0.0,1,37,61,2394
0.0,1,37,62,2354
0.0,1,37,63,2393
0.0,1,37,64,2315
0.0,1,37,65,2279
0.0,1,37,66,2358
0.0,1,37,67,2335
0.0,1,37,68,2332
0.0,1,37,69,2531
0.0,1,37,70,2470
0.0,1,37,71,2384
0.0,1,37,72,2317
0.0,1,37,73,2489
0.0,1,37,74,2333
0.0,1,37,75,2436
0.0,1,37,76,2411
0.0,1,37,77,2509
0.0,1,37,78,2427
0.0,1,37,79,2504
0.0,1,37,80,2472
0.0,1,37,81,2313
0.0,1,37,82,2341
0.0,1,37,83,2263
0.0,1,37,84,2518
0.0,1,37,85,2512
0.0,1,37,86,2381
0.0,1,37,87,2416
0.0,1,37,88,2403
0.0,1,37,89,2378
0.0,1,37,90,2194
0.0,1,37,91,2414
0.0,1,37,92,2405
0.0,1,37,93,2300
0.0,1,37,94,2362
0.0,1,37,95,2155
0.0,1,37,96,2242
0.0,1,37,97,2335
0.0,1,37,98,2306
0.0,1,37,99,2353
0.0,1,37,100,2421
0.0,1,37,101,2324
0.0,1,37,102,2257
0.0,1,37,103,2145
0.0,1,37,104,2248
0.0,1,37,105,2393
0.0,1,37,106,2341
0.0,1,37,107,2155
0.0,1,37,108,2429
0.0,1,37,109,2379
0.0,1,37,110,2355
0.0,1,37,111,2384
0.0,1,37,112,2314
0.0,1,37,113,2382
0.0,1,37,114,2289
0.0,1,37,115,2375
0.0,1,37,116,2466
0.0,1,37,117,2315
0.0,1,37,118,2292
0.0,1,37,119,2372
0.0,1,37,120,2469
0.0,1,37,121,2432
0.0,1,37,122,2340
0.0,1,37,123,2417
0.0,1,37,124,2300
0.0,1,37,125,2347
0.0,1,37,126,2474
0.0,1,37,127,3782
0.0,1,38,0,3772
0.0,1,38,1,3539
0.0,1,38,2,2533
0.0,1,38,3,2485
0.0,1,38,4,2409
0.0,1,38,5,2495
0.0,1,38,6,2451
0.0,1,38,7,2347
0.0,1,38,8,2394
0.0,1,38,9,2467
0.0,1,38,10,2398
0.0,1,38,11,2325
0.0,1,38,12,2328
0.0,1,38,13,2366
0.0,1,38,14,2379
0.0,1,38,15,2369
0.0,1,38,16,2377
0.0,1,38,17,2377
0.0,1,38,18,2393
0.0,1,38,19,2442
0.0,1,38,20,2383
0.0,1,38,21,2200
0.0,1,38,22,2274
0.0,1,38,23,2464
0.0,1,38,24,2560
0.0,1,38,25,2493
0.0,1,38,26,2300
0.0,1,38,27,2305
0.0,1,38,28,2264
0.0,1,38,29,2283
0.0,1,38,30,2396
0.0,1,38,31,2316
0.0,1,38,32,2343
0.0,1,38,33,2535
0.0,1,38,34,2517
0.0,1,38,35,2399
0.0,1,38,36,2226
0.0,1,38,37,2327
0.0,1,38,38,2483
0.0,1,38,39,2430
0.0,1,38,40,2456
0.0,1,38,41,2213
0.0,1,38,42,2420
0.0,1,38,43,2357
0.0,1,38,44,2324
0.0,1,38,45,2422
0.0,1,38,46,2419
0.0,1,38,47,2498
0.0,1,38,48,2378
0.0,1,38,49,2415
0.0,1,38,50,2391
0.0,1,38,51,2443
0.0,1,38,52,2422
0.0,1,38,53,2497
0.0,1,38,54,2492
0.0,1,38,55,2433
0.0,1,38,56,2247
0.0,1,38,57,2270
0.0,1,38,58,2334
0.0,1,38,59,2305
0.0,1,38,60,2445
0.0,1,38,61,2344
0.0,1,38,62,2325
0.0,1,38,63,2416
0.0,1,38,64,2290
0.0,1,38,65,2204
0.0,1,38,66,2352
0.0,1,38,67,2464
0.0,1,38,68,2432
0.0,1,38,69,2562
0.0,1,38,70,2473
0.0,1,38,71,2432
0.0,1,38,72,2315
0.0,1,38,73,2512
0.0,1,38,74,2302
0.0,1,38,75,2386
0.0,1,38,76,2426
0.0,1,38,77,2478
0.0,1,38,78,2392
0.0,1,38,79,2306
0.0,1,38,80,2310
0.0,1,38,81,2369
0.0,1,38,82,2281
0.0,1,38,83,2372
0.0,1,38,84,2439
0.0,1,38,85,2346
0.0,1,38,86,2294
0.0,1,38,87,2354
0.0,1,38,88,2411
0.0,1,38,89,2390
0.0,1,38,90,2264
0.0,1,38,91,2405
0.0,1,38,92,2353
0.0,1,38,93,2415
0.0,1,38,94,2338
0.0,1,38,95,2101
0.0,1,38,96,2345
0.0,1,38,97,2312
0.0,1,38,98,2311
0.0,1,38,99,2294
0.0,1,38,100,2244
0.0,1,38,101,2335
0.0,1,38,102,2271
0.0,1,38,103,2344
0.0,1,38,104,2230
0.0,1,38,105,2278
0.0,1,38,106,2289
0.0,1,38,107,2302
0.0,1,38,108,2422
0.0,1,38,109,2438
0.0,1,38,110,2301
0.0,1,38,111,2249
0.0,1,38,112,2327
0.0,1,38,113,2388
0.0,1,38,114,2294
0.0,1,38,115,2377
0.0,1,38,116,2405
0.0,1,38,117,2353
0.0,1,38,118,2231
0.0,1,38,119,2335
0.0,1,38,120,2456
0.0,1,38,121,2435
0.0,1,38,122,2423
0.0,1,38,123,2461
0.0,1,38,124,2433
0.0,1,38,125,2380
0.0,1,38,126,2486
0.0,1,38,127,3518
0.0,1,39,0,3842
0.0,1,39,1,3599
0.0,1,39,2,2490
0.0,1,39,3,2402
0.0,1,39,4,2438
0.0,1,39,5,2488
0.0,1,39,6,2448
0.0,1,39,7,2483
0.0,1,39,8,2405
0.0,1,39,9,2448
0.0,1,39,10,2150
0.0,1,39,11,2322
0.0,1,39,12,2373
0.0,1,39,13,2416
0.0,1,39,14,2407
0.0,1,39,15,2445
0.0,1,39,16,2392
0.0,1,39,17,2324
0.0,1,39,18,2396
0.0,1,39,19,2381
0.0,1,39,20,2283
0.0,1,39,21,2274
0.0,1,39,22,2189
0.0,1,39,23,2357
0.0,1,39,24,2349
0.0,1,39,25,2420
0.0,1,39,26,2421
0.0,1,39,27,2367
0.0,1,39,28,2383
0.0,1,39,29,2296
0.0,1,39,30,2307
0.0,1,39,31,2365
0.0,1,39,32,2552
0.0,1,39,33,2557
0.0,1,39,34,2446
0.0,1,39,35,2424
0.0,1,39,36,2386
0.0,1,39,37,2327
0.0,1,39,38,2495
0.0,1,39,39,2449
0.0,1,39,40,2321
0.0,1,39,41,2402
0.0,1,39,42,2257
0.0,1,39,43,2393
0.0,1,39,44,2166
0.0,1,39,45,2218
0.0,1,39,46,2224
0.0,1,39,47,2309
0.0,1,39,48,2365
0.0,1,39,49,2414
0.0,1,39,50,2432
0.0,1,39,51,2457
0.0,1,39,52,2471
0.0,1,39,53,2496
0.0,1,39,54,2505
0.0,1,39,55,2337
0.0,1,39,56,2370
0.0,1,39,57,2427
0.0,1,39,58,2375
0.0,1,39,59,2265
0.0,1,39,60,2371
0.0,1,39,61,2442
0.0,1,39,62,2362
0.0,1,39,63,2390
0.0,1,39,64,2141
0.0,1,39,65,2293
0.0,1,39,66,2352
0.0,1,39,67,2481
0.0,1,39,68,2354
0.0,1,39,69,2489
0.0,1,39,70,2424
0.0,1,39,71,2400
0.0,1,39,72,2444
0.0,1,39,73,2408
0.0,1,39,74,2288
0.0,1,39,75,2218
0.0,1,39,76,2341
0.0,1,39,77,2294
0.0,1,39,78,2386
0.0,1,39,79,2355
0.0,1,39,80,2357
0.0,1,39,81,2443
0.0,1,39,82,2415
0.0,1,39,83,2194
0.0,1,39,84,2305
0.0,1,39,85,2329
0.0,1,39,86,2386
0.0,1,39,87,2403
0.0,1,39,88,2337
0.0,1,39,89,2378
0.0,1,39,90,2430
0.0,1,39,91,2462
0.0,1,39,92,2374
0.0,1,39,93,2363
0.0,1,39,94,2384
0.0,1,39,95,2337
0.0,1,39,96,2361
0.0,1,39,97,2295
0.0,1,39,98,2321
0.0,1,39,99,2323
0.0,1,39,100,2328
0.0,1,39,101,2223
0.0,1,39,102,2215
0.0,1,39,103,2318
0.0,1,39,104,2331
0.0,1,39,105,2324
0.0,1,39,106,2337
0.0,1,39,107,2362
0.0,1,39,108,2352
0.0,1,39,109,2314
0.0,1,39,110,2309
0.0,1,39,111,2286
0.0,1,39,112,2283
0.0,1,39,113,2414
0.0,1,39,114,2312
0.0,1,39,115,2343
0.0,1,39,116,2391
0.0,1,39,117,2341
0.0,1,39,118,2304
0.0,1,39,119,2306
0.0,1,39,120,2386
0.0,1,39,121,2447
0.0,1,39,122,2446
0.0,1,39,123,2377
0.0,1,39,124,2461
0.0,1,39,125,2427
0.0,1,39,126,2349
0.0,1,39,127,3588
0.0,1,40,0,3739
0.0,1,40,1,3491
0.0,1,40,2,2439
0.0,1,40,3,2290
0.0,1,40,4,2397
0.0,1,40,5,2470
0.0,1,40,6,2389
0.0,1,40,7,2516
0.0,1,40,8,2426
0.0,1,40,9,2343
0.0,1,40,10,2239
0.0,1,40,11,2294
0.0,1,40,12,2461
0.0,1,40,13,2432
0.0,1,40,14,2357
0.0,1,40,15,2407
0.0,1,40,16,2287
0.0,1,40,17,2337
0.0,1,40,18,2423
0.0,1,40,19,2355
0.0,1,40,20,2341
0.0,1,40,21,2328
0.0,1,40,22,2343
0.0,1,40,23,2392
0.0,1,40,24,2328
0.0,1,40,25,2465
0.0,1,40,26,2396
0.0,1,40,27,2345
0.0,1,40,28,2412
0.0,1,40,29,2395
0.0,1,40,30,2393
0.0,1,40,31,2486
0.0,1,40,32,2520
0.0,1,40,33,2431
0.0,1,40,34,2436
0.0,1,40,35,2482
0.0,1,40,36,2418
0.0,1,40,37,2302
0.0,1,40,38,2377
0.0,1,40,39,2344
0.0,1,40,40,2454
0.0,1,40,41,2388
0.0,1,40,42,2259
0.0,1,40,43,2490
0.0,1,40,44,2366
0.0,1,40,45,2366
0.0,1,40,46,2338
0.0,1,40,47,2327
0.0,1,40,48,2372
0.0,1,40,49,2381
0.0,1,40,50,2459
0.0,1,40,51,2416
0.0,1,40,52,2461
0.0,1,40,53,2423
0.0,1,40,54,2365
0.0,1,40,55,2229
0.0,1,40,56,2279
0.0,1,40,57,2371
0.0,1,40,58,2388
0.0,1,40,59,2297
0.0,1,40,60,2428
0.0,1,40,61,2340
0.0,1,40,62,2174
0.0,1,40,63,2335
0.0,1,40,64,2399
0.0,1,40,65,2368
0.0,1,40,66,2398
0.0,1,40,67,2462
0.0,1,40,68,2476
0.0,1,40,69,2344
0.0,1,40,70,2401
0.0,1,40,71,2322
0.0,1,40,72,2356
0.0,1,40,73,2371
0.0,1,40,74,2429
0.0,1,40,75,2392
0.0,1,40,76,2359
0.0,1,40,77,2393
0.0,1,40,78,2230
0.0,1,40,79,2272
0.0,1,40,80,2302
0.0,1,40,81,2431
0.0,1,40,82,2316
0.0,1,40,83,2186
0.0,1,40,84,2276
0.0,1,40,85,2351
0.0,1,40,86,2312
0.0,1,40,87,2456
0.0,1,40,88,2372
0.0,1,40,89,2441
0.0,1,40,90,2407
0.0,1,40,91,2347
0.0,1,40,92,2296
0.0,1,40,93,2283
0.0,1,40,94,2504
0.0,1,40,95,2453
0.0,1,40,96,2438
0.0,1,40,97,2420
0.0,1,40,98,2362
0.0,1,40,99,2511
0.0,1,40,100,2467
0.0,1,40,101,2288
0.0,1,40,102,2243
0.0,1,40,103,2261
0.0,1,40,104,2344
0.0,1,40,105,2420
0.0,1,40,106,2353
0.0,1,40,107,2253
0.0,1,40,108,2315
0.0,1,40,109,2339
0.0,1,40,110,2421
0.0,1,40,111,2421
0.0,1,40,112,2153
0.0,1,40,113,2243
0.0,1,40,114,2291
0.0,1,40,115,2405
0.0,1,40,116,2386
0.0,1,40,117,2442
0.0,1,40,118,2473
0.0,1,40,119,2284
0.0,1,40,120,2386
0.0,1,40,121,2478
0.0,1,40,122,2333
0.0,1,40,123,2371
0.0,1,40,124,2303
0.0,1,40,125,2413
0.0,1,40,126,2490
0.0,1,40,127,3473
0.0,1,41,0,3678
0.0,1,41,1,3421
0.0,1,41,2,2352
0.0,1,41,3,2341
0.0,1,41,4,2386
0.0,1,41,5,2470
0.0,1,41,6,2428
0.0,1,41,7,2491
0.0,1,41,8,2459
0.0,1,41,9,2370
0.0,1,41,10,2296
0.0,1,41,11,2159
0.0,1,41,12,2513
0.0,1,41,13,2498
0.0,1,41,14,2406
0.0,1,41,15,2243
0.0,1,41,16,2342
0.0,1,41,17,2495
0.0,1,41,18,2518
0.0,1,41,19,2383
0.0,1,41,20,2322
0.0,1,41,21,2432
0.0,1,41,22,2380
0.0,1,41,23,2382
0.0,1,41,24,2419
0.0,1,41,25,2446
0.0,1,41,26,2407
0.0,1,41,27,2443
0.0,1,41,28,2432
0.0,1,41,29,2258
0.0,1,41,30,2394
0.0,1,41,31,2480
0.0,1,41,32,2388
0.0,1,41,33,2371
0.0,1,41,34,2423
0.0,1,41,35,2359
0.0,1,41,36,2296
0.0,1,41,37,2313
0.0,1,41,38,2418
0.0,1,41,39,2411
0.0,1,41,40,2304
0.0,1,41,41,2310
0.0,1,41,42,2400
0.0,1,41,43,2546
0.0,1,41,44,2463
0.0,1,41,45,2416
0.0,1,41,46,2367
0.0,1,41,47,2303
0.0,1,41,48,2324
0.0,1,41,49,2381
0.0,1,41,50,2280
0.0,1,41,51,2331
0.0,1,41,52,2380
0.0,1,41,53,2308
0.0,1,41,54,2339
0.0,1,41,55,2187
0.0,1,41,56,2329
0.0,1,41,57,2128
0.0,1,41,58,2189
0.0,1,41,59,2324
0.0,1,41,60,2401
0.0,1,41,61,2315
0.0,1,41,62,2322
0.0,1,41,63,2307
0.0,1,41,64,2387
0.0,1,41,65,2439
0.0,1,41,66,2486
0.0,1,41,67,2362
0.0,1,41,68,2387
0.0,1,41,69,2320
0.0,1,41,70,2313
0.0,1,41,71,2301
0.0,1,41,72,2352
0.0,1,41,73,2423
0.0,1,41,74,2356
0.0,1,41,75,2395
0.0,1,41,76,2314
0.0,1,41,77,2371
0.0,1,41,78,2428
0.0,1,41,79,2431
0.0,1,41,80,2360
0.0,1,41,81,2287
0.0,1,41,82,2301
0.0,1,41,83,2272
0.0,1,41,84,2399
0.0,1,41,85,2385
0.0,1,41,86,2158
0.0,1,41,87,2328
0.0,1,41,88,2365
0.0,1,41,89,2437
0.0,1,41,90,2409
0.0,1,41,91,2398
0.0,1,41,92,2272
0.0,1,41,93,2371
0.0,1,41,94,2401
0.0,1,41,95,2499
0.0,1,41,96,2279
0.0,1,41,97,2287
0.0,1,41,98,2390
0.0,1,41,99,2453
0.0,1,41,100,2525
0.0,1,41,101,2466
0.0,1,41,102,2328
0.0,1,41,103,2281
0.0,1,41,104,2492
0.0,1,41,105,2350
0.0,1,41,106,2411
0.0,1,41,107,2462
0.0,1,41,108,2204
0.0,1,41,109,2221
0.0,1,41,110,2368
0.0,1,41,111,2442
0.0,1,41,112,2330
0.0,1,41,113,2389
0.0,1,41,114,2374
0.0,1,41,115,2444
0.0,1,41,116,2523
0.0,1,41,117,2431
0.0,1,41,118,2311
0.0,1,41,119,2292
0.0,1,41,120,2362
0.0,1,41,121,2487
0.0,1,41,122,2298
0.0,1,41,123,2215
0.0,1,41,124,2335
0.0,1,41,125,2467
0.0,1,41,126,2427
0.0,1,41,127,3423
0.0,1,42,0,3663
0.0,1,42,1,3411
0.0,1,42,2,2364
0.0,1,42,3,2341
0.0,1,42,4,2276
0.0,1,42,5,2297
0.0,1,42,6,2433
0.0,1,42,7,2371
0.0,1,42,8,2523
0.0,1,42,9,2374
0.0,1,42,10,2369
0.0,1,42,11,2456
0.0,1,42,12,2454
0.0,1,42,13,2472
0.0,1,42,14,2436
0.0,1,42,15,2356
0.0,1,42,16,2349
0.0,1,42,17,2542
0.0,1,42,18,2486
0.0,1,42,19,2382
0.0,1,42,20,2416
0.0,1,42,21,2436
0.0,1,42,22,2412
0.0,1,42,23,2399
0.0,1,42,24,2554
0.0,1,42,25,2485
0.0,1,42,26,2405
0.0,1,42,27,2379
0.0,1,42,28,2468
0.0,1,42,29,2281
0.0,1,42,30,2394
0.0,1,42,31,2342
0.0,1,42,32,2387
0.0,1,42,33,2152
0.0,1,42,34,2321
0.0,1,42,35,2388
0.0,1,42,36,2510
0.0,1,42,37,2447
0.0,1,42,38,2427
0.0,1,42,39,2420
0.0,1,42,40,2365
0.0,1,42,41,2384
0.0,1,42,42,2364
0.0,1,42,43,2369
0.0,1,42,44,2352
0.0,1,42,45,2359
0.0,1,42,46,2344
0.0,1,42,47,2348
0.0,1,42,48,2263
0.0,1,42,49,2366
0.0,1,42,50,2445
0.0,1,42,51,2563
0.0,1,42,52,2476
0.0,1,42,53,2397
0.0,1,42,54,2353
0.0,1,42,55,2344
0.0,1,42,56,2356
0.0,1,42,57,2267
0.0,1,42,58,2343
0.0,1,42,59,2307
0.0,1,42,60,2186
0.0,1,42,61,2435
0.0,1,42,62,2475
0.0,1,42,63,2377
0.0,1,42,64,2453
0.0,1,42,65,2417
0.0,1,42,66,2416
0.0,1,42,67,2418
0.0,1,42,68,2408
0.0,1,42,69,2308
0.0,1,42,70,2324
0.0,1,42,71,2475
0.0,1,42,72,2422
0.0,1,42,73,2363
0.0,1,42,74,2261
0.0,1,42,75,2399
0.0,1,42,76,2440
0.0,1,42,77,2335
0.0,1,42,78,2446
0.0,1,42,79,2331
0.0,1,42,80,2245
0.0,1,42,81,2337
0.0,1,42,82,2456
0.0,1,42,83,2445
0.0,1,42,84,2482
0.0,1,42,85,2415
0.0,1,42,86,2226
0.0,1,42,87,2310
0.0,1,42,88,2274
0.0,1,42,89,2312
0.0,1,42,90,2344
0.0,1,42,91,2226
0.0,1,42,92,2233
0.0,1,42,93,2341
0.0,1,42,94,2173
0.0,1,42,95,2417
0.0,1,42,96,2455
0.0,1,42,97,2433
0.0,1,42,98,2398
0.0,1,42,99,2314
0.0,1,42,100,2474
0.0,1,42,101,2487
0.0,1,42,102,2534
0.0,1,42,103,2371
0.0,1,42,104,2473
0.0,1,42,105,2357
0.0,1,42,106,2408
0.0,1,42,107,2529
0.0,1,42,108,2414
0.0,1,42,109,2360
0.0,1,42,110,2349
0.0,1,42,111,2349
0.0,1,42,112,2433
0.0,1,42,113,2364
0.0,1,42,114,2225
0.0,1,42,115,2428
0.0,1,42,116,2455
0.0,1,42,117,2366
0.0,1,42,118,2328
0.0,1,42,119,2248
0.0,1,42,120,2165
0.0,1,42,121,2344
0.0,1,42,122,2342
0.0,1,42,123,2451
0.0,1,42,124,2472
0.0,1,42,125,2405
0.0,1,42,126,2532
0.0,1,42,127,3396
0.0,1,43,0,3676
0.0,1,43,1,3434
0.0,1,43,2,2406
0.0,1,43,3,2400
0.0,1,43,4,2333
0.0,1,43,5,2261
0.0,1,43,6,2322
0.0,1,43,7,2466
0.0,1,43,8,2489
0.0,1,43,9,2249
0.0,1,43,10,2341
0.0,1,43,11,2392
0.0,1,43,12,2369
0.0,1,43,13,2406
0.0,1,43,14,2299
0.0,1,43,15,2362
0.0,1,43,16,2239
0.0,1,43,17,2455
0.0,1,43,18,2408
0.0,1,43,19,2432
0.0,1,43,20,2377
0.0,1,43,21,2428
0.0,1,43,22,2397
0.0,1,43,23,2394
0.0,1,43,24,2564
0.0,1,43,25,2467
0.0,1,43,26,2484
0.0,1,43,27,2494
0.0,1,43,28,2291
0.0,1,43,29,2269
0.0,1,43,30,2482
0.0,1,43,31,2403
0.0,1,43,32,2351
0.0,1,43,33,2141
0.0,1,43,34,2315
0.0,1,43,35,2364
0.0,1,43,36,2484
0.0,1,43,37,2413
0.0,1,43,38,2407
0.0,1,43,39,2373
0.0,1,43,40,2220
0.0,1,43,41,2344
0.0,1,43,42,2311
0.0,1,43,43,2288
0.0,1,43,44,2253
0.0,1,43,45,2361
0.0,1,43,46,2364
0.0,1,43,47,2374
0.0,1,43,48,2320
0.0,1,43,49,2359
0.0,1,43,50,2411
0.0,1,43,51,2443
0.0,1,43,52,2442
0.0,1,43,53,2487
0.0,1,43,54,2517
0.0,1,43,55,2458
0.0,1,43,56,2375
0.0,1,43,57,2381
0.0,1,43,58,2449
0.0,1,43,59,2401
0.0,1,43,60,2299
0.0,1,43,61,2510
0.0,1,43,62,2499
0.0,1,43,63,2370
0.0,1,43,64,2337
0.0,1,43,65,2380
0.0,1,43,66,2463
0.0,1,43,67,2495
0.0,1,43,68,2282
0.0,1,43,69,2322
0.0,1,43,70,2304
0.0,1,43,71,2401
0.0,1,43,72,2357
0.0,1,43,73,2459
0.0,1,43,74,2190
0.0,1,43,75,2293
0.0,1,43,76,2335
0.0,1,43,77,2269
0.0,1,43,78,2296
0.0,1,43,79,2358
0.0,1,43,80,2359
0.0,1,43,81,2294
0.0,1,43,82,2338
0.0,1,43,83,2432
0.0,1,43,84,2552
0.0,1,43,85,2513
0.0,1,43,86,2379
0.0,1,43,87,2417
0.0,1,43,88,2379
0.0,1,43,89,2233
0.0,1,43,90,2179
0.0,1,43,91,2350
0.0,1,43,92,2460
0.0,1,43,93,2450
0.0,1,43,94,2470
0.0,1,43,95,2329
0.0,1,43,96,2418
0.0,1,43,97,2409
0.0,1,43,98,2289
0.0,1,43,99,2277
0.0,1,43,100,2354
0.0,1,43,101,2515
0.0,1,43,102,2469
0.0,1,43,103,2429
0.0,1,43,104,2453
0.0,1,43,105,2381
0.0,1,43,106,2409
0.0,1,43,107,2442
0.0,1,43,108,2398
0.0,1,43,109,2437
0.0,1,43,110,2433
0.0,1,43,111,2466
0.0,1,43,112,2451
0.0,1,43,113,2466
0.0,1,43,114,2449
0.0,1,43,115,2337
0.0,1,43,116,2234
0.0,1,43,117,2385
0.0,1,43,118,2239
0.0,1,43,119,2318
0.0,1,43,120,2427
0.0,1,43,121,2373
0.0,1,43,122,2372
0.0,1,43,123,2327
0.0,1,43,124,2401
0.0,1,43,125,2328
0.0,1,43,126,2475
0.0,1,43,127,3417
0.0,1,44,0,3630
0.0,1,44,1,3413
0.0,1,44,2,2548
0.0,1,44,3,2387
0.0,1,44,4,2254
0.0,1,44,5,2319
0.0,1,44,6,2456
0.0,1,44,7,2485
0.0,1,44,8,2451
0.0,1,44,9,2363
0.0,1,44,10,2369
0.0,1,44,11,2359
0.0,1,44,12,2481
0.0,1,44,13,2401
0.0,1,44,14,2305
0.0,1,44,15,2238
0.0,1,44,16,2398
0.0,1,44,17,2402
0.0,1,44,18,2434
0.0,1,44,19,2388
0.0,1,44,20,2342
0.0,1,44,21,2319
0.0,1,44,22,2378
0.0,1,44,23,2551
0.0,1,44,24,2432
0.0,1,44,25,2394
0.0,1,44,26,2487
0.0,1,44,27,2347
0.0,1,44,28,2134
0.0,1,44,29,2246
0.0,1,44,30,2480
0.0,1,44,31,2456
0.0,1,44,32,2297
0.0,1,44,33,2238
0.0,1,44,34,2254
0.0,1,44,35,2345
0.0,1,44,36,2359
0.0,1,44,37,2302
0.0,1,44,38,2461
0.0,1,44,39,2324
0.0,1,44,40,2428
0.0,1,44,41,2281
0.0,1,44,42,2367
0.0,1,44,43,2384
0.0,1,44,44,2414
0.0,1,44,45,2422
0.0,1,44,46,2431
0.0,1,44,47,2395
0.0,1,44,48,2274
0.0,1,44,49,2292
0.0,1,44,50,2329
0.0,1,44,51,2267
0.0,1,44,52,2310
0.0,1,44,53,2425
0.0,1,44,54,2398
0.0,1,44,55,2468
0.0,1,44,56,2450
0.0,1,44,57,2441
0.0,1,44,58,2434
0.0,1,44,59,2358
0.0,1,44,60,2272
0.0,1,44,61,2251
0.0,1,44,62,2363
0.0,1,44,63,2423
0.0,1,44,64,2353
0.0,1,44,65,2364
0.0,1,44,66,2516
0.0,1,44,67,2452
0.0,1,44,68,2371
0.0,1,44,69,2343
0.0,1,44,70,2247
0.0,1,44,71,2434
0.0,1,44,72,2353
0.0,1,44,73,2379
0.0,1,44,74,2268
0.0,1,44,75,2275
0.0,1,44,76,2054
0.0,1,44,77,2272
0.0,1,44,78,2256
0.0,1,44,79,2304
0.0,1,44,80,2398
0.0,1,44,81,2270
0.0,1,44,82,2290
0.0,1,44,83,2344
0.0,1,44,84,2470
0.0,1,44,85,2497
0.0,1,44,86,2493
0.0,1,44,87,2418
0.0,1,44,88,2340
0.0,1,44,89,2338
0.0,1,44,90,2161
0.0,1,44,91,2344
0.0,1,44,92,2387
0.0,1,44,93,2466
0.0,1,44,94,2365
0.0,1,44,95,2355
0.0,1,44,96,2323
0.0,1,44,97,2274
0.0,1,44,98,2265
0.0,1,44,99,2288
0.0,1,44,100,2414
0.0,1,44,101,2495
0.0,1,44,102,2419
0.0,1,44,103,2313
0.0,1,44,104,2379
0.0,1,44,105,2347
0.0,1,44,106,2361
0.0,1,44,107,2339
0.0,1,44,108,2337
0.0,1,44,109,2386
0.0,1,44,110,2316
0.0,1,44,111,2474
0.0,1,44,112,2427
0.0,1,44,113,2424
0.0,1,44,114,2452
0.0,1,44,115,2342
0.0,1,44,116,2312
0.0,1,44,117,2449
0.0,1,44,118,2335
0.0,1,44,119,2487
0.0,1,44,120,2459
0.0,1,44,121,2371
0.0,1,44,122,2302
0.0,1,44,123,2314
0.0,1,44,124,2426
0.0,1,44,125,2337
0.0,1,44,126,2589
0.0,1,44,127,3346
0.0,1,45,0,3498
0.0,1,45,1,3254
0.0,1,45,2,2445
0.0,1,45,3,2276
0.0,1,45,4,2323
0.0,1,45,5,2359
0.0,1,45,6,2430
0.0,1,45,7,2430
0.0,1,45,8,2286
0.0,1,45,9,2433
0.0,1,45,10,2499
0.0,1,45,11,2502
0.0,1,45,12,2410
0.0,1,45,13,2408
0.0,1,45,14,2322
0.0,1,45,15,2223
0.0,1,45,16,2307
0.0,1,45,17,2556
0.0,1,45,18,2461
0.0,1,45,19,2242
0.0,1,45,20,2393
0.0,1,45,21,2411
0.0,1,45,22,2485
0.0,1,45,23,2436
0.0,1,45,24,2298
0.0,1,45,25,2524
0.0,1,45,26,2525
0.0,1,45,27,2312
0.0,1,45,28,2304
0.0,1,45,29,2378
0.0,1,45,30,2356
0.0,1,45,31,2412
0.0,1,45,32,2291
0.0,1,45,33,2240
0.0,1,45,34,2275
0.0,1,45,35,2256
0.0,1,45,36,2149
0.0,1,45,37,2304
0.0,1,45,38,2454
0.0,1,45,39,2310
0.0,1,45,40,2471
0.0,1,45,41,2300
0.0,1,45,42,2347
0.0,1,45,43,2439
0.0,1,45,44,2372
0.0,1,45,45,2309
0.0,1,45,46,2361
0.0,1,45,47,2197
0.0,1,45,48,2182
0.0,1,45,49,2207
0.0,1,45,50,2312
0.0,1,45,51,2290
0.0,1,45,52,2410
0.0,1,45,53,2407
0.0,1,45,54,2417
0.0,1,45,55,2407
0.0,1,45,56,2384
0.0,1,45,57,2284
0.0,1,45,58,2374
0.0,1,45,59,2245
0.0,1,45,60,2347
0.0,1,45,61,2467
0.0,1,45,62,2457
0.0,1,45,63,2440
0.0,1,45,64,2355
0.0,1,45,65,2255
0.0,1,45,66,2389
0.0,1,45,67,2434
0.0,1,45,68,2331
0.0,1,45,69,2356
0.0,1,45,70,2318
0.0,1,45,71,2466
0.0,1,45,72,2548
0.0,1,45,73,2465
0.0,1,45,74,2390
0.0,1,45,75,2343
0.0,1,45,76,2365
0.0,1,45,77,2283
0.0,1,45,78,2368
0.0,1,45,79,2304
0.0,1,45,80,2337
0.0,1,45,81,2242
0.0,1,45,82,2383
0.0,1,45,83,2286
0.0,1,45,84,2361
0.0,1,45,85,2497
0.0,1,45,86,2470
0.0,1,45,87,2396
0.0,1,45,88,2385
0.0,1,45,89,2374
0.0,1,45,90,2215
0.0,1,45,91,2261
0.0,1,45,92,2347
0.0,1,45,93,2455
0.0,1,45,94,2309
0.0,1,45,95,2420
0.0,1,45,96,2450
0.0,1,45,97,2439
0.0,1,45,98,2373
0.0,1,45,99,2338
0.0,1,45,100,2441
0.0,1,45,101,2422
0.0,1,45,102,2466
0.0,1,45,103,2435
0.0,1,45,104,2346
0.0,1,45,105,2437
0.0,1,45,106,2419
0.0,1,45,107,2450
0.0,1,45,108,2390
0.0,1,45,109,2327
0.0,1,45,110,2394
0.0,1,45,111,2413
0.0,1,45,112,2429
0.0,1,45,113,2509
0.0,1,45,114,2416
0.0,1,45,115,2238
0.0,1,45,116,2234
0.0,1,45,117,2264
0.0,1,45,118,2452
0.0,1,45,119,2456
0.0,1,45,120,2381
0.0,1,45,121,2312
0.0,1,45,122,2307
0.0,1,45,123,2388
0.0,1,45,124,2468
0.0,1,45,125,2246
0.0,1,45,126,2261
0.0,1,45,127,3301
0.0,1,46,0,3585
0.0,1,46,1,3312
0.0,1,46,2,2471
0.0,1,46,3,2427
0.0,1,46,4,2502
0.0,1,46,5,2414
0.0,1,46,6,2388
0.0,1,46,7,2350
0.0,1,46,8,2435
0.0,1,46,9,2430
0.0,1,46,10,2460
0.0,1,46,11,2511
0.0,1,46,12,2555
0.0,1,46,13,2374
0.0,1,46,14,2329
0.0,1,46,15,2375
0.0,1,46,16,2242
0.0,1,46,17,2618
0.0,1,46,18,2630
0.0,1,46,19,2343
0.0,1,46,20,2299
0.0,1,46,21,2450
0.0,1,46,22,2362
0.0,1,46,23,2370
0.0,1,46,24,2430
0.0,1,46,25,2463
0.0,1,46,26,2502
0.0,1,46,27,2299
0.0,1,46,28,2337
0.0,1,46,29,2244
0.0,1,46,30,2365
0.0,1,46,31,2408
0.0,1,46,32,2374
0.0,1,46,33,2393
0.0,1,46,34,2441
0.0,1,46,35,2427
0.0,1,46,36,2364
0.0,1,46,37,2425
0.0,1,46,38,2395
0.0,1,46,39,2478
0.0,1,46,40,2499
0.0,1,46,41,2362
0.0,1,46,42,2255
0.0,1,46,43,2330
0.0,1,46,44,2398
0.0,1,46,45,2431
0.0,1,46,46,2349
0.0,1,46,47,2319
0.0,1,46,48,2370
0.0,1,46,49,2389
0.0,1,46,50,2471
0.0,1,46,51,2297
0.0,1,46,52,2453
0.0,1,46,53,2445
0.0,1,46,54,2454
0.0,1,46,55,2472
0.0,1,46,56,2455
0.0,1,46,57,2167
0.0,1,46,58,2307
0.0,1,46,59,2390
0.0,1,46,60,2329
0.0,1,46,61,2346
0.0,1,46,62,2395
0.0,1,46,63,2454
0.0,1,46,64,2511
0.0,1,46,65,2415
0.0,1,46,66,2323
0.0,1,46,67,2381
0.0,1,46,68,2326
0.0,1,46,69,2396
0.0,1,46,70,2386
0.0,1,46,71,2336
0.0,1,46,72,2464
0.0,1,46,73,2470
0.0,1,46,74,2469
0.0,1,46,75,2358
0.0,1,46,76,2373
0.0,1,46,77,2279
0.0,1,46,78,2302
0.0,1,46,79,2216
0.0,1,46,80,2137
0.0,1,46,81,2208
0.0,1,46,82,2162
0.0,1,46,83,2402
0.0,1,46,84,2467
0.0,1,46,85,2394
0.0,1,46,86,2407
0.0,1,46,87,2336
0.0,1,46,88,2423
0.0,1,46,89,2334
0.0,1,46,90,2189
0.0,1,46,91,2373
0.0,1,46,92,2419
0.0,1,46,93,2451
0.0,1,46,94,2398
0.0,1,46,95,2402
0.0,1,46,96,2365
0.0,1,46,97,2477
0.0,1,46,98,2450
0.0,1,46,99,2460
0.0,1,46,100,2486
0.0,1,46,101,2465
0.0,1,46,102,2499
0.0,1,46,103,2420
0.0,1,46,104,2340
0.0,1,46,105,2487
0.0,1,46,106,2528
0.0,1,46,107,2497
0.0,1,46,108,2459
0.0,1,46,109,2325
0.0,1,46,110,2388
0.0,1,46,111,2470
0.0,1,46,112,2405
0.0,1,46,113,2529
0.0,1,46,114,2343
0.0,1,46,115,2183
0.0,1,46,116,2259
0.0,1,46,117,2314
0.0,1,46,118,2527
0.0,1,46,119,2451
0.0,1,46,120,2390
0.0,1,46,121,2347
0.0,1,46,122,2485
0.0,1,46,123,2508
0.0,1,46,124,2486
0.0,1,46,125,2299
0.0,1,46,126,2340
0.0,1,46,127,3354
0.0,1,47,0,3442
0.0,1,47,1,3184
0.0,1,47,2,2432
0.0,1,47,3,2576
0.0,1,47,4,2606
0.0,1,47,5,2421
0.0,1,47,6,2353
0.0,1,47,7,2362
0.0,1,47,8,2412
0.0,1,47,9,2394
0.0,1,47,10,2258
0.0,1,47,11,2483
0.0,1,47,12,2446
0.0,1,47,13,2352
0.0,1,47,14,2438
0.0,1,47,15,2472
0.0,1,47,16,2308
0.0,1,47,17,2593
0.0,1,47,18,2618
0.0,1,47,19,2425
0.0,1,47,20,2437
0.0,1,47,21,2368
0.0,1,47,22,2449
0.0,1,47,23,2520
0.0,1,47,24,2464
0.0,1,47,25,2600
0.0,1,47,26,2505
0.0,1,47,27,2244
0.0,1,47,28,2235
0.0,1,47,29,2253
0.0,1,47,30,2470
0.0,1,47,31,2445
0.0,1,47,32,2471
0.0,1,47,33,2435
0.0,1,47,34,2478
0.0,1,47,35,2492
0.0,1,47,36,2467
0.0,1,47,37,2442
0.0,1,47,38,2344
0.0,1,47,39,2295
0.0,1,47,40,2492
0.0,1,47,41,2415
0.0,1,47,42,2219
0.0,1,47,43,2370
0.0,1,47,44,2365
0.0,1,47,45,2409
0.0,1,47,46,2364
0.0,1,47,47,2289
0.0,1,47,48,2343
0.0,1,47,49,2385
0.0,1,47,50,2352
0.0,1,47,51,2350
0.0,1,47,52,2250
0.0,1,47,53,2408
0.0,1,47,54,2361
0.0,1,47,55,2448
0.0,1,47,56,2409
0.0,1,47,57,2069
0.0,1,47,58,2323
0.0,1,47,59,2372
0.0,1,47,60,2407
0.0,1,47,61,2285
0.0,1,47,62,2327
0.0,1,47,63,2356
0.0,1,47,64,2426
0.0,1,47,65,2425
0.0,1,47,66,2165
0.0,1,47,67,2191
0.0,1,47,68,2271
0.0,1,47,69,2483
0.0,1,47,70,2485
0.0,1,47,71,2565
0.0,1,47,72,2523
0.0,1,47,73,2524
0.0,1,47,74,2384
0.0,1,47,75,2402
0.0,1,47,76,2335
0.0,1,47,77,2280
0.0,1,47,78,2446
0.0,1,47,79,2370
0.0,1,47,80,2300
0.0,1,47,81,2196
0.0,1,47,82,2313
0.0,1,47,83,2484
0.0,1,47,84,2582
0.0,1,47,85,2423
0.0,1,47,86,2211
0.0,1,47,87,2326
0.0,1,47,88,2307
0.0,1,47,89,2356
0.0,1,47,90,2362
0.0,1,47,91,2421
0.0,1,47,92,2253
0.0,1,47,93,2238
0.0,1,47,94,2352
0.0,1,47,95,2444
0.0,1,47,96,2440
0.0,1,47,97,2399
0.0,1,47,98,2285
0.0,1,47,99,2387
0.0,1,47,100,2321
0.0,1,47,101,2458
0.0,1,47,102,2498
0.0,1,47,103,2383
0.0,1,47,104,2317
0.0,1,47,105,2451
0.0,1,47,106,2394
0.0,1,47,107,2369
0.0,1,47,108,2251
0.0,1,47,109,2342
0.0,1,47,110,2452
0.0,1,47,111,2315
0.0,1,47,112,2277
0.0,1,47,113,2402
0.0,1,47,114,2403
0.0,1,47,115,2197
0.0,1,47,116,2391
0.0,1,47,117,2357
0.0,1,47,118,2292
0.0,1,47,119,2301
0.0,1,47,120,2442
0.0,1,47,121,2348
0.0,1,47,122,2497
0.0,1,47,123,2459
0.0,1,47,124,2379
0.0,1,47,125,2418
0.0,1,47,126,2389
0.0,1,47,127,3214
0.0,1,48,0,3400
0.0,1,48,1,3192
0.0,1,48,2,2422
0.0,1,48,3,2433
0.0,1,48,4,2533
0.0,1,48,5,2354
0.0,1,48,6,2475
0.0,1,48,7,2467
0.0,1,48,8,2515
0.0,1,48,9,2484
0.0,1,48,10,2427
0.0,1,48,11,2432
0.0,1,48,12,2346
0.0,1,48,13,2480
0.0,1,48,14,2476
0.0,1,48,15,2438
0.0,1,48,16,2402
0.0,1,48,17,2511
0.0,1,48,18,2525
0.0,1,48,19,2413
0.0,1,48,20,2441
0.0,1,48,21,2422
0.0,1,48,22,2486
0.0,1,48,23,2546
0.0,1,48,24,2470
0.0,1,48,25,2554
0.0,1,48,26,2484
0.0,1,48,27,2292
0.0,1,48,28,2256
0.0,1,48,29,2302
0.0,1,48,30,2498
0.0,1,48,31,2418
0.0,1,48,32,2337
0.0,1,48,33,2419
0.0,1,48,34,2501
0.0,1,48,35,2445
0.0,1,48,36,2445
0.0,1,48,37,2333
0.0,1,48,38,2213
0.0,1,48,39,2327
0.0,1,48,40,2502
0.0,1,48,41,2457
0.0,1,48,42,2275
0.0,1,48,43,2391
0.0,1,48,44,2420
0.0,1,48,45,2379
0.0,1,48,46,2362
0.0,1,48,47,2343
0.0,1,48,48,2398
0.0,1,48,49,2420
0.0,1,48,50,2216
0.0,1,48,51,2332
0.0,1,48,52,2440
0.0,1,48,53,2447
0.0,1,48,54,2355
0.0,1,48,55,2265
0.0,1,48,56,2264
0.0,1,48,57,2356
0.0,1,48,58,2372
0.0,1,48,59,2392
0.0,1,48,60,2387
0.0,1,48,61,2313
0.0,1,48,62,2365
0.0,1,48,63,2330
0.0,1,48,64,2307
0.0,1,48,65,2419
0.0,1,48,66,2342
0.0,1,48,67,2234
0.0,1,48,68,2233
0.0,1,48,69,2411
0.0,1,48,70,2530
0.0,1,48,71,2581
0.0,1,48,72,2544
0.0,1,48,73,2486
0.0,1,48,74,2375
0.0,1,48,75,2400
0.0,1,48,76,2209
0.0,1,48,77,2202
0.0,1,48,78,2364
0.0,1,48,79,2438
0.0,1,48,80,2325
0.0,1,48,81,2410
0.0,1,48,82,2475
0.0,1,48,83,2528
0.0,1,48,84,2435
0.0,1,48,85,2417
0.0,1,48,86,2269
0.0,1,48,87,2358
0.0,1,48,88,2170
0.0,1,48,89,2351
0.0,1,48,90,2453
0.0,1,48,91,2394
0.0,1,48,92,2171
0.0,1,48,93,2401
0.0,1,48,94,2425
0.0,1,48,95,2471
0.0,1,48,96,2349
0.0,1,48,97,2431
0.0,1,48,98,2280
0.0,1,48,99,2341
0.0,1,48,100,2375
0.0,1,48,101,2228
0.0,1,48,102,2374
0.0,1,48,103,2279
0.0,1,48,104,2350
0.0,1,48,105,2413
0.0,1,48,106,2236
0.0,1,48,107,2241
0.0,1,48,108,2338
0.0,1,48,109,2389
0.0,1,48,110,2458
0.0,1,48,111,2414
0.0,1,48,112,2441
0.0,1,48,113,2502
0.0,1,48,114,2422
0.0,1,48,115,2356
0.0,1,48,116,2464
0.0,1,48,117,2437
0.0,1,48,118,2304
0.0,1,48,119,2329
0.0,1,48,120,2393
0.0,1,48,121,2378
0.0,1,48,122,2373
0.0,1,48,123,2260
0.0,1,48,124,2390
0.0,1,48,125,2361
0.0,1,48,126,2462
0.0,1,48,127,3131
0.0,1,49,0,3571
0.0,1,49,1,3328
0.0,1,49,2,2372
0.0,1,49,3,2301
0.0,1,49,4,2455
0.0,1,49,5,2387
0.0,1,49,6,2484
0.0,1,49,7,2442
0.0,1,49,8,2536
0.0,1,49,9,2426
0.0,1,49,10,2261
0.0,1,49,11,2483
0.0,1,49,12,2435
0.0,1,49,13,2498
0.0,1,49,14,2469
0.0,1,49,15,2418
0.0,1,49,16,2447
0.0,1,49,17,2491
0.0,1,49,18,2469
0.0,1,49,19,2494
0.0,1,49,20,2534
0.0,1,49,21,2350
0.0,1,49,22,2376
0.0,1,49,23,2340
0.0,1,49,24,2431
0.0,1,49,25,2458
0.0,1,49,26,2485
0.0,1,49,27,2381
0.0,1,49,28,2396
0.0,1,49,29,2391
0.0,1,49,30,2466
0.0,1,49,31,2374
0.0,1,49,32,2352
0.0,1,49,33,2422
0.0,1,49,34,2499
0.0,1,49,35,2479
0.0,1,49,36,2391
0.0,1,49,37,2322
0.0,1,49,38,2384
0.0,1,49,39,2352
0.0,1,49,40,2501
0.0,1,49,41,2460
0.0,1,49,42,2399
0.0,1,49,43,2483
0.0,1,49,44,2484
0.0,1,49,45,2404
0.0,1,49,46,2374
0.0,1,49,47,2303
0.0,1,49,48,2423
0.0,1,49,49,2435
0.0,1,49,50,2274
0.0,1,49,51,2381
0.0,1,49,52,2268
0.0,1,49,53,2215
0.0,1,49,54,2292
0.0,1,49,55,2335
0.0,1,49,56,2263
0.0,1,49,57,2321
0.0,1,49,58,2349
0.0,1,49,59,2397
0.0,1,49,60,2437
0.0,1,49,61,2355
0.0,1,49,62,2412
0.0,1,49,63,2293
0.0,1,49,64,2331
0.0,1,49,65,2346
0.0,1,49,66,2401
0.0,1,49,67,2304
0.0,1,49,68,2459
0.0,1,49,69,2456
0.0,1,49,70,2437
0.0,1,49,71,2338
0.0,1,49,72,2389
0.0,1,49,73,2390
0.0,1,49,74,2420
0.0,1,49,75,2442
0.0,1,49,76,2300
0.0,1,49,77,2310
0.0,1,49,78,2401
0.0,1,49,79,2463
0.0,1,49,80,2363
0.0,1,49,81,2505
0.0,1,49,82,2591
0.0,1,49,83,2525
0.0,1,49,84,2372
0.0,1,49,85,2536
0.0,1,49,86,2459
0.0,1,49,87,2394
0.0,1,49,88,2401
0.0,1,49,89,2397
0.0,1,49,90,2367
0.0,1,49,91,2344
0.0,1,49,92,2246
0.0,1,49,93,2389
0.0,1,49,94,2512
0.0,1,49,95,2436
0.0,1,49,96,2407
0.0,1,49,97,2302
0.0,1,49,98,2324
0.0,1,49,99,2369
0.0,1,49,100,2436
0.0,1,49,101,2299
0.0,1,49,102,2312
0.0,1,49,103,2414
0.0,1,49,104,2404
0.0,1,49,105,2430
0.0,1,49,106,2397
0.0,1,49,107,2333
0.0,1,49,108,2236
0.0,1,49,109,2505
0.0,1,49,110,2423
0.0,1,49,111,2419
0.0,1,49,112,2377
0.0,1,49,113,2462
0.0,1,49,114,2420
0.0,1,49,115,2266
0.0,1,49,116,2472
0.0,1,49,117,2454
0.0,1,49,118,2445
0.0,1,49,119,2572
0.0,1,49,120,2366
0.0,1,49,121,2342
0.0,1,49,122,2371
0.0,1,49,123,2394
0.0,1,49,124,2425
0.0,1,49,125,2393
0.0,1,49,126,2391
0.0,1,49,127,3318
0.0,1,50,0,3668
0.0,1,50,1,3386
0.0,1,50,2,2565
0.0,1,50,3,2382
0.0,1,50,4,2400
0.0,1,50,5,2271
0.0,1,50,6,2389
0.0,1,50,7,2257
0.0,1,50,8,2320
0.0,1,50,9,2452
0.0,1,50,10,2345
0.0,1,50,11,2417
0.0,1,50,12,2316
0.0,1,50,13,2468
0.0,1,50,14,2507
0.0,1,50,15,2473
0.0,1,50,16,2446
0.0,1,50,17,2330
0.0,1,50,18,2391
0.0,1,50,19,2451
0.0,1,50,20,2493
0.0,1,50,21,2263
0.0,1,50,22,2302
0.0,1,50,23,2474
0.0,1,50,24,2467
0.0,1,50,25,2338
0.0,1,50,26,2331
0.0,1,50,27,2363
0.0,1,50,28,2453
0.0,1,50,29,2504
0.0,1,50,30,2507
0.0,1,50,31,2281
0.0,1,50,32,2351
0.0,1,50,33,2457
0.0,1,50,34,2513
0.0,1,50,35,2420
0.0,1,50,36,2460
0.0,1,50,37,2411
0.0,1,50,38,2256
0.0,1,50,39,2293
0.0,1,50,40,2340
0.0,1,50,41,2230
0.0,1,50,42,2364
0.0,1,50,43,2500
0.0,1,50,44,2540
0.0,1,50,45,2475
0.0,1,50,46,2446
0.0,1,50,47,2382
0.0,1,50,48,2329
0.0,1,50,49,2412
0.0,1,50,50,2367
0.0,1,50,51,2419
0.0,1,50,52,2293
0.0,1,50,53,2319
0.0,1,50,54,2336
0.0,1,50,55,2390
0.0,1,50,56,2385
0.0,1,50,57,2397
0.0,1,50,58,2475
0.0,1,50,59,2149
0.0,1,50,60,2521
0.0,1,50,61,2445
0.0,1,50,62,2426
0.0,1,50,63,2341
0.0,1,50,64,2415
0.0,1,50,65,2412
0.0,1,50,66,2429
0.0,1,50,67,2361
0.0,1,50,68,2563
0.0,1,50,69,2468
0.0,1,50,70,2454
0.0,1,50,71,2223
0.0,1,50,72,2320
0.0,1,50,73,2482
0.0,1,50,74,2397
0.0,1,50,75,2404
0.0,1,50,76,2374
0.0,1,50,77,2406
0.0,1,50,78,2295
0.0,1,50,79,2453
0.0,1,50,80,2385
0.0,1,50,81,2470
0.0,1,50,82,2477
0.0,1,50,83,2394
0.0,1,50,84,2435
0.0,1,50,85,2605
0.0,1,50,86,2496
0.0,1,50,87,2316
0.0,1,50,88,2437
0.0,1,50,89,2420
0.0,1,50,90,2433
0.0,1,50,91,2242
0.0,1,50,92,2429
0.0,1,50,93,2477
0.0,1,50,94,2516
0.0,1,50,95,2424
0.0,1,50,96,2434
0.0,1,50,97,2369
0.0,1,50,98,2322
0.0,1,50,99,2378
0.0,1,50,100,2364
0.0,1,50,101,2220
0.0,1,50,102,2358
0.0,1,50,103,2356
0.0,1,50,104,2498
0.0,1,50,105,2503
0.0,1,50,106,2340
0.0,1,50,107,2321
0.0,1,50,108,2330
0.0,1,50,109,2509
0.0,1,50,110,2468
0.0,1,50,111,2376
0.0,1,50,112,2383
0.0,1,50,113,2504
0.0,1,50,114,2516
0.0,1,50,115,2377
0.0,1,50,116,2409
0.0,1,50,117,2415
0.0,1,50,118,2448
0.0,1,50,119,2518
0.0,1,50,120,2453
0.0,1,50,121,2426
0.0,1,50,122,2308
0.0,1,50,123,2497
0.0,1,50,124,2550
0.0,1,50,125,2523
0.0,1,50,126,2455
0.0,1,50,127,3443
0.0,1,51,0,3677
0.0,1,51,1,3428
0.0,1,51,2,2490
0.0,1,51,3,2348
0.0,1,51,4,2371
0.0,1,51,5,2374
0.0,1,51,6,2364
0.0,1,51,7,2278
0.0,1,51,8,2354
0.0,1,51,9,2401
0.0,1,51,10,2424
0.0,1,51,11,2313
0.0,1,51,12,2302
0.0,1,51,13,2434
0.0,1,51,14,2487
0.0,1,51,15,2328
0.0,1,51,16,2429
0.0,1,51,17,2444
0.0,1,51,18,2446
0.0,1,51,19,2428
0.0,1,51,20,2410
0.0,1,51,21,2222
0.0,1,51,22,2408
0.0,1,51,23,2451
0.0,1,51,24,2453
0.0,1,51,25,2256
0.0,1,51,26,2254
0.0,1,51,27,2247
0.0,1,51,28,2436
0.0,1,51,29,2441
0.0,1,51,30,2377
0.0,1,51,31,2311
0.0,1,51,32,2450
0.0,1,51,33,2440
0.0,1,51,34,2429
0.0,1,51,35,2301
0.0,1,51,36,2382
0.0,1,51,37,2398
0.0,1,51,38,2345
0.0,1,51,39,2295
0.0,1,51,40,2401
0.0,1,51,41,2218
0.0,1,51,42,2366
0.0,1,51,43,2358
0.0,1,51,44,2534
0.0,1,51,45,2555
0.0,1,51,46,2504
0.0,1,51,47,2389
0.0,1,51,48,2386
0.0,1,51,49,2453
0.0,1,51,50,2445
0.0,1,51,51,2456
0.0,1,51,52,2482
0.0,1,51,53,2322
0.0,1,51,54,2458
0.0,1,51,55,2367
0.0,1,51,56,2504
0.0,1,51,57,2465
0.0,1,51,58,2388
0.0,1,51,59,2349
0.0,1,51,60,2504
0.0,1,51,61,2452
0.0,1,51,62,2449
0.0,1,51,63,2372
0.0,1,51,64,2444
0.0,1,51,65,2347
0.0,1,51,66,2405
0.0,1,51,67,2253
0.0,1,51,68,2459
0.0,1,51,69,2414
0.0,1,51,70,2207
0.0,1,51,71,2319
0.0,1,51,72,2349
0.0,1,51,73,2391
0.0,1,51,74,2232
0.0,1,51,75,2332
0.0,1,51,76,2401
0.0,1,51,77,2381
0.0,1,51,78,2308
0.0,1,51,79,2386
0.0,1,51,80,2394
0.0,1,51,81,2339
0.0,1,51,82,2396
0.0,1,51,83,2355
0.0,1,51,84,2451
0.0,1,51,85,2490
0.0,1,51,86,2336
0.0,1,51,87,2288
0.0,1,51,88,2428
0.0,1,51,89,2408
0.0,1,51,90,2362
0.0,1,51,91,2436
0.0,1,51,92,2455
0.0,1,51,93,2424
0.0,1,51,94,2382
0.0,1,51,95,2242
0.0,1,51,96,2341
0.0,1,51,97,2535
0.0,1,51,98,2391
0.0,1,51,99,2311
0.0,1,51,100,2406
0.0,1,51,101,2387
0.0,1,51,102,2246
0.0,1,51,103,2224
0.0,1,51,104,2384
0.0,1,51,105,2463
0.0,1,51,106,2351
0.0,1,51,107,2478
0.0,1,51,108,2470
0.0,1,51,109,2461
0.0,1,51,110,2449
0.0,1,51,111,2364
0.0,1,51,112,2424
0.0,1,51,113,2522
0.0,1,51,114,2538
0.0,1,51,115,2404
0.0,1,51,116,2353
0.0,1,51,117,2463
0.0,1,51,118,2347
0.0,1,51,119,2353
0.0,1,51,120,2348
0.0,1,51,121,2405
0.0,1,51,122,2416
0.0,1,51,123,2369
0.0,1,51,124,2413
0.0,1,51,125,2430
0.0,1,51,126,2442
0.0,1,51,127,3431
0.0,1,52,0,3533
0.0,1,52,1,3281
0.0,1,52,2,2346
0.0,1,52,3,2303
0.0,1,52,4,2379
0.0,1,52,5,2325
0.0,1,52,6,2311
0.0,1,52,7,2356
0.0,1,52,8,2344
0.0,1,52,9,2372
0.0,1,52,10,2502
0.0,1,52,11,2266
0.0,1,52,12,2321
0.0,1,52,13,2288
0.0,1,52,14,2379
0.0,1,52,15,2303
0.0,1,52,16,2229
0.0,1,52,17,2339
0.0,1,52,18,2318
0.0,1,52,19,2442
0.0,1,52,20,2422
0.0,1,52,21,2305
0.0,1,52,22,2529
0.0,1,52,23,2419
0.0,1,52,24,2434
0.0,1,52,25,2239
0.0,1,52,26,2412
0.0,1,52,27,2247
0.0,1,52,28,2320
0.0,1,52,29,2290
0.0,1,52,30,2436
0.0,1,52,31,2439
0.0,1,52,32,2352
0.0,1,52,33,2385
0.0,1,52,34,2372
0.0,1,52,35,2120
0.0,1,52,36,2283
0.0,1,52,37,2379
0.0,1,52,38,2341
0.0,1,52,39,2342
0.0,1,52,40,2383
0.0,1,52,41,2365
0.0,1,52,42,2428
0.0,1,52,43,2388
0.0,1,52,44,2422
0.0,1,52,45,2545
0.0,1,52,46,2474
0.0,1,52,47,2392
0.0,1,52,48,2266
0.0,1,52,49,2432
0.0,1,52,50,2448
0.0,1,52,51,2501
0.0,1,52,52,2533
0.0,1,52,53,2394
0.0,1,52,54,2458
0.0,1,52,55,2473
0.0,1,52,56,2498
0.0,1,52,57,2351
0.0,1,52,58,2460
0.0,1,52,59,2249
0.0,1,52,60,2397
0.0,1,52,61,2414
0.0,1,52,62,2394
0.0,1,52,63,2485
0.0,1,52,64,2460
0.0,1,52,65,2388
0.0,1,52,66,2443
0.0,1,52,67,2424
0.0,1,52,68,2327
0.0,1,52,69,2272
0.0,1,52,70,2412
0.0,1,52,71,2455
0.0,1,52,72,2352
0.0,1,52,73,2328
0.0,1,52,74,2299
0.0,1,52,75,2419
0.0,1,52,76,2406
0.0,1,52,77,2492
0.0,1,52,78,2455
0.0,1,52,79,2342
0.0,1,52,80,2399
0.0,1,52,81,2384
0.0,1,52,82,2443
0.0,1,52,83,2289
0.0,1,52,84,2316
0.0,1,52,85,2256
0.0,1,52,86,2417
0.0,1,52,87,2344
0.0,1,52,88,2380
0.0,1,52,89,2518
0.0,1,52,90,2435
0.0,1,52,91,2401
0.0,1,52,92,2339
0.0,1,52,93,2357
0.0,1,52,94,2289
0.0,1,52,95,2338
0.0,1,52,96,2432
0.0,1,52,97,2487
0.0,1,52,98,2413
0.0,1,52,99,2206
0.0,1,52,100,2375
0.0,1,52,101,2421
0.0,1,52,102,2430
0.0,1,52,103,2309
0.0,1,52,104,2454
0.0,1,52,105,2281
0.0,1,52,106,2483
0.0,1,52,107,2476
0.0,1,52,108,2362
0.0,1,52,109,2420
0.0,1,52,110,2409
0.0,1,52,111,2412
0.0,1,52,112,2435
0.0,1,52,113,2456
0.0,1,52,114,2403
0.0,1,52,115,2274
0.0,1,52,116,2339
0.0,1,52,117,2422
0.0,1,52,118,2350
0.0,1,52,119,2339
0.0,1,52,120,2423
0.0,1,52,121,2341
0.0,1,52,122,2322
0.0,1,52,123,2307
0.0,1,52,124,2335
0.0,1,52,125,2440
0.0,1,52,126,2554
0.0,1,52,127,3283
0.0,1,53,0,3394
0.0,1,53,1,3105
0.0,1,53,2,2520
0.0,1,53,3,2452
0.0,1,53,4,2221
0.0,1,53,5,2162
0.0,1,53,6,2389
0.0,1,53,7,2357
0.0,1,53,8,2304
0.0,1,53,9,2343
0.0,1,53,10,2470
0.0,1,53,11,2361
0.0,1,53,12,2375
0.0,1,53,13,2432
0.0,1,53,14,2321
0.0,1,53,15,2322
0.0,1,53,16,2282
0.0,1,53,17,2300
0.0,1,53,18,2434
0.0,1,53,19,2494
0.0,1,53,20,2438
0.0,1,53,21,2355
0.0,1,53,22,2560
0.0,1,53,23,2575
0.0,1,53,24,2463
0.0,1,53,25,2374
0.0,1,53,26,2366
0.0,1,53,27,2343
0.0,1,53,28,2359
0.0,1,53,29,2369
0.0,1,53,30,2531
0.0,1,53,31,2470
0.0,1,53,32,2387
0.0,1,53,33,2371
0.0,1,53,34,2326
0.0,1,53,35,2327
0.0,1,53,36,2476
0.0,1,53,37,2537
0.0,1,53,38,2432
0.0,1,53,39,2420
0.0,1,53,40,2284
0.0,1,53,41,2476
0.0,1,53,42,2458
0.0,1,53,43,2134
0.0,1,53,44,2300
0.0,1,53,45,2244
0.0,1,53,46,2436
0.0,1,53,47,2328
0.0,1,53,48,2299
0.0,1,53,49,2461
0.0,1,53,50,2381
0.0,1,53,51,2417
0.0,1,53,52,2406
0.0,1,53,53,2230
0.0,1,53,54,2192
0.0,1,53,55,2370
0.0,1,53,56,2380
0.0,1,53,57,2398
0.0,1,53,58,2409
0.0,1,53,59,2308
0.0,1,53,60,2418
0.0,1,53,61,2423
0.0,1,53,62,2109
0.0,1,53,63,2373
0.0,1,53,64,2435
0.0,1,53,65,2418
0.0,1,53,66,2347
0.0,1,53,67,2515
0.0,1,53,68,2513
0.0,1,53,69,2420
0.0,1,53,70,2439
0.0,1,53,71,2430
0.0,1,53,72,2334
0.0,1,53,73,2241
0.0,1,53,74,2347
0.0,1,53,75,2374
0.0,1,53,76,2341
0.0,1,53,77,2446
0.0,1,53,78,2376
0.0,1,53,79,2358
0.0,1,53,80,2332
0.0,1,53,81,2404
0.0,1,53,82,2402
0.0,1,53,83,2277
0.0,1,53,84,2301
0.0,1,53,85,2353
0.0,1,53,86,2529
0.0,1,53,87,2260
0.0,1,53,88,2460
0.0,1,53,89,2487
0.0,1,53,90,2418
0.0,1,53,91,2348
0.0,1,53,92,2220
0.0,1,53,93,2387
0.0,1,53,94,2302
0.0,1,53,95,2501
0.0,1,53,96,2488
0.0,1,53,97,2394
0.0,1,53,98,2385
0.0,1,53,99,2253
0.0,1,53,100,2418
0.0,1,53,101,2399
0.0,1,53,102,2429
0.0,1,53,103,2331
0.0,1,53,104,2430
0.0,1,53,105,2328
0.0,1,53,106,2478
0.0,1,53,107,2465
0.0,1,53,108,2210
0.0,1,53,109,2394
0.0,1,53,110,2324
0.0,1,53,111,2450
0.0,1,53,112,2460
0.0,1,53,113,2465
0.0,1,53,114,2260
0.0,1,53,115,2350
0.0,1,53,116,2409
0.0,1,53,117,2285
0.0,1,53,118,2439
0.0,1,53,119,2443
0.0,1,53,120,2389
0.0,1,53,121,2491
0.0,1,53,122,2419
0.0,1,53,123,2352
0.0,1,53,124,2409
0.0,1,53,125,2527
0.0,1,53,126,2626
0.0,1,53,127,3141
0.0,1,54,0,3324
0.0,1,54,1,3098
0.0,1,54,2,2546
0.0,1,54,3,2403
0.0,1,54,4,2431
0.0,1,54,5,2070
0.0,1,54,6,2297
0.0,1,54,7,2462
0.0,1,54,8,2308
0.0,1,54,9,2283
0.0,1,54,10,2327
0.0,1,54,11,2125
0.0,1,54,12,2380
0.0,1,54,13,2467
0.0,1,54,14,2383
0.0,1,54,15,2325
0.0,1,54,16,2382
0.0,1,54,17,2441
0.0,1,54,18,2390
0.0,1,54,19,2331
0.0,1,54,20,2264
0.0,1,54,21,2291
0.0,1,54,22,2471
0.0,1,54,23,2446
0.0,1,54,24,2321
0.0,1,54,25,2367
0.0,1,54,26,2479
0.0,1,54,27,2378
0.0,1,54,28,2392
0.0,1,54,29,2340
0.0,1,54,30,2530
0.0,1,54,31,2458
0.0,1,54,32,2369
0.0,1,54,33,2312
0.0,1,54,34,2326
0.0,1,54,35,2403
0.0,1,54,36,2561
0.0,1,54,37,2595
0.0,1,54,38,2606
0.0,1,54,39,2492
0.0,1,54,40,2443
0.0,1,54,41,2398
0.0,1,54,42,2299
0.0,1,54,43,2310
0.0,1,54,44,2366
0.0,1,54,45,2356
0.0,1,54,46,2378
0.0,1,54,47,2509
0.0,1,54,48,2454
0.0,1,54,49,2260
0.0,1,54,50,2419
0.0,1,54,51,2382
0.0,1,54,52,2255
0.0,1,54,53,2338
0.0,1,54,54,2316
0.0,1,54,55,2410
0.0,1,54,56,2416
0.0,1,54,57,2329
0.0,1,54,58,2517
0.0,1,54,59,2475
0.0,1,54,60,2394
0.0,1,54,61,2385
0.0,1,54,62,2450
0.0,1,54,63,2425
0.0,1,54,64,2578
0.0,1,54,65,2471
0.0,1,54,66,2374
0.0,1,54,67,2430
0.0,1,54,68,2660
0.0,1,54,69,2521
0.0,1,54,70,2383
0.0,1,54,71,2359
0.0,1,54,72,2311
0.0,1,54,73,2376
0.0,1,54,74,2325
0.0,1,54,75,2432
0.0,1,54,76,2287
0.0,1,54,77,2246
0.0,1,54,78,2297
0.0,1,54,79,2273
0.0,1,54,80,2387
0.0,1,54,81,2456
0.0,1,54,82,2396
0.0,1,54,83,2297
0.0,1,54,84,2432
0.0,1,54,85,2440
0.0,1,54,86,2484
0.0,1,54,87,2409
0.0,1,54,88,2456
0.0,1,54,89,2364
0.0,1,54,90,2274
0.0,1,54,91,2466
0.0,1,54,92,2490
0.0,1,54,93,2255
0.0,1,54,94,2152
0.0,1,54,95,2326
0.0,1,54,96,2516
0.0,1,54,97,2386
0.0,1,54,98,2423
0.0,1,54,99,2437
0.0,1,54,100,2441
0.0,1,54,101,2299
0.0,1,54,102,2290
0.0,1,54,103,2360
0.0,1,54,104,2374
0.0,1,54,105,2246
0.0,1,54,106,2273
0.0,1,54,107,2421
0.0,1,54,108,2390
0.0,1,54,109,2432
0.0,1,54,110,2356
0.0,1,54,111,2525
0.0,1,54,112,2529
0.0,1,54,113,2394
0.0,1,54,114,2375
0.0,1,54,115,2372
0.0,1,54,116,2352
0.0,1,54,117,2376
0.0,1,54,118,2507
0.0,1,54,119,2411
0.0,1,54,120,2344
0.0,1,54,121,2428
0.0,1,54,122,2346
0.0,1,54,123,2401
0.0,1,54,124,2307
0.0,1,54,125,2415
0.0,1,54,126,2520
0.0,1,54,127,3015
0.0,1,55,0,3365
0.0,1,55,1,3129
0.0,1,55,2,2482
0.0,1,55,3,2515
0.0,1,55,4,2538
0.0,1,55,5,2381
0.0,1,55,6,2328
0.0,1,55,7,2421
0.0,1,55,8,2389
0.0,1,55,9,2205
0.0,1,55,10,2283
0.0,1,55,11,2426
0.0,1,55,12,2422
0.0,1,55,13,2287
0.0,1,55,14,2486
0.0,1,55,15,2461
0.0,1,55,16,2355
0.0,1,55,17,2438
0.0,1,55,18,2432
0.0,1,55,19,2317
0.0,1,55,20,2306
0.0,1,55,21,2405
0.0,1,55,22,2382
0.0,1,55,23,2432
0.0,1,55,24,2399
0.0,1,55,25,2354
0.0,1,55,26,2376
0.0,1,55,27,2361
0.0,1,55,28,2332
0.0,1,55,29,2334
0.0,1,55,30,2369
0.0,1,55,31,2314
0.0,1,55,32,2429
0.0,1,55,33,2443
0.0,1,55,34,2408
0.0,1,55,35,2335
0.0,1,55,36,2446
0.0,1,55,37,2547
0.0,1,55,38,2569
0.0,1,55,39,2435
0.0,1,55,40,2316
0.0,1,55,41,2258
0.0,1,55,42,2231
0.0,1,55,43,2381
0.0,1,55,44,2337
0.0,1,55,45,2261
0.0,1,55,46,2387
0.0,1,55,47,2559
0.0,1,55,48,2500
0.0,1,55,49,2295
0.0,1,55,50,2393
0.0,1,55,51,2445
0.0,1,55,52,2313
0.0,1,55,53,2307
0.0,1,55,54,2362
0.0,1,55,55,2415
0.0,1,55,56,2348
0.0,1,55,57,2391
0.0,1,55,58,2420
0.0,1,55,59,2516
0.0,1,55,60,2412
0.0,1,55,61,2376
0.0,1,55,62,2403
0.0,1,55,63,2431
0.0,1,55,64,2535
0.0,1,55,65,2296
0.0,1,55,66,2397
0.0,1,55,67,2445
0.0,1,55,68,2615
0.0,1,55,69,2507
0.0,1,55,70,2433
0.0,1,55,71,2426
0.0,1,55,72,2460
0.0,1,55,73,2385
0.0,1,55,74,2433
0.0,1,55,75,2521
0.0,1,55,76,2452
0.0,1,55,77,2338
0.0,1,55,78,2358
0.0,1,55,79,2404
0.0,1,55,80,2438
0.0,1,55,81,2409
0.0,1,55,82,2392
0.0,1,55,83,2324
0.0,1,55,84,2469
0.0,1,55,85,2529
0.0,1,55,86,2390
0.0,1,55,87,2366
0.0,1,55,88,2367
0.0,1,55,89,2369
0.0,1,55,90,2320
0.0,1,55,91,2488
0.0,1,55,92,2366
0.0,1,55,93,2376
0.0,1,55,94,2358
0.0,1,55,95,2488
0.0,1,55,96,2439
0.0,1,55,97,2346
0.0,1,55,98,2318
0.0,1,55,99,2384
0.0,1,55,100,2427
0.0,1,55,101,2390
0.0,1,55,102,2435
0.0,1,55,103,2476
0.0,1,55,104,2525
0.0,1,55,105,2357
0.0,1,55,106,2313
0.0,1,55,107,2246
0.0,1,55,108,2276
0.0,1,55,109,2434
0.0,1,55,110,2238
0.0,1,55,111,2430
0.0,1,55,112,2410
0.0,1,55,113,2351
0.0,1,55,114,2399
0.0,1,55,115,2423
0.0,1,55,116,2343
0.0,1,55,117,2307
0.0,1,55,118,2448
0.0,1,55,119,2264
0.0,1,55,120,2412
0.0,1,55,121,2368
0.0,1,55,122,2270
0.0,1,55,123,2339
0.0,1,55,124,2201
0.0,1,55,125,2395
0.0,1,55,126,2463
0.0,1,55,127,3123
0.0,1,56,0,3481
0.0,1,56,1,3236
0.0,1,56,2,2428
0.0,1,56,3,2520
0.0,1,56,4,2569
0.0,1,56,5,2463
0.0,1,56,6,2436
0.0,1,56,7,2408
0.0,1,56,8,2324
0.0,1,56,9,2239
0.0,1,56,10,2340
0.0,1,56,11,2333
0.0,1,56,12,2422
0.0,1,56,13,2481
0.0,1,56,14,2539
0.0,1,56,15,2439
0.0,1,56,16,2419
0.0,1,56,17,2366
0.0,1,56,18,2323
0.0,1,56,19,2302
0.0,1,56,20,2377
0.0,1,56,21,2372
0.0,1,56,22,2426
0.0,1,56,23,2354
0.0,1,56,24,2403
0.0,1,56,25,2456
0.0,1,56,26,2411
0.0,1,56,27,2470
0.0,1,56,28,2454
0.0,1,56,29,2435
0.0,1,56,30,2384
0.0,1,56,31,2341
0.0,1,56,32,2428
0.0,1,56,33,2583
0.0,1,56,34,2459
0.0,1,56,35,2235
0.0,1,56,36,2366
0.0,1,56,37,2483
0.0,1,56,38,2380
0.0,1,56,39,2378
0.0,1,56,40,2309
0.0,1,56,41,2329
0.0,1,56,42,2289
0.0,1,56,43,2462
0.0,1,56,44,2238
0.0,1,56,45,2270
0.0,1,56,46,2404
0.0,1,56,47,2469
0.0,1,56,48,2468
0.0,1,56,49,2440
0.0,1,56,50,2451
0.0,1,56,51,2494
0.0,1,56,52,2344
0.0,1,56,53,2232
0.0,1,56,54,2290
0.0,1,56,55,2434
0.0,1,56,56,2339
0.0,1,56,57,2354
0.0,1,56,58,2473
0.0,1,56,59,2467
0.0,1,56,60,2268
0.0,1,56,61,2132
0.0,1,56,62,2286
0.0,1,56,63,2271
0.0,1,56,64,2319
0.0,1,56,65,2285
0.0,1,56,66,2470
0.0,1,56,67,2403
0.0,1,56,68,2496
0.0,1,56,69,2296
0.0,1,56,70,2386
0.0,1,56,71,2301
0.0,1,56,72,2489
0.0,1,56,73,2497
0.0,1,56,74,2404
0.0,1,56,75,2453
0.0,1,56,76,2403
0.0,1,56,77,2327
0.0,1,56,78,2446
0.0,1,56,79,2445
0.0,1,56,80,2424
0.0,1,56,81,2443
0.0,1,56,82,2436
0.0,1,56,83,2339
0.0,1,56,84,2456
0.0,1,56,85,2474
0.0,1,56,86,2352
0.0,1,56,87,2283
0.0,1,56,88,34569
0.0,1,56,89,44041
0.0,1,56,90,40201
0.0,1,56,91,45065
0.0,1,56,92,54537
0.0,1,56,93,35849
0.0,1,56,94,39177
0.0,1,56,95,24585
0.0,1,56,96,24585
0.0,1,56,97,17929
0.0,1,56,98,8713
0.0,1,56,99,1033
0.0,1,56,100,34313
0.0,1,56,101,2313
0.0,1,56,102,3338
0.0,1,56,103,24842
0.0,1,56,104,27145
0.0,1,56,105,16137
0.0,1,56,106,4873
0.0,1,56,107,15881
0.0,1,56,108,40457
0.0,1,56,109,18697
0.0,1,56,110,63497
0.0,1,56,111,5128
0.0,1,56,112,35593
0.0,1,56,113,46345
0.0,1,56,114,27401
0.0,1,56,115,51465
0.0,1,56,116,7944
0.0,1,56,117,48137
0.0,1,56,118,35593
0.0,1,56,119,22025
0.0,1,56,120,13321
0.0,1,56,121,6665
0.0,1,56,122,4361
0.0,1,56,123,36361
0.0,1,56,124,51465
0.0,1,56,125,42505
0.0,1,56,126,27660
0.0,1,56,127,26125
0.0,1,57,0,31756
0.0,1,57,1,38665
0.0,1,57,2,33801
0.0,1,57,3,28169
0.0,1,57,4,26377
0.0,1,57,5,35849
0.0,1,57,6,17161
0.0,1,57,7,15881
0.0,1,57,8,25097
0.0,1,57,9,10249
0.0,1,57,10,15369
0.0,1,57,11,25097
0.0,1,57,12,47881
0.0,1,57,13,55049
0.0,1,57,14,53512
0.0,1,57,15,38408
0.0,1,57,16,24329
0.0,1,57,17,5897
0.0,1,57,18,26889
0.0,1,57,19,34313
0.0,1,57,20,36361
0.0,1,57,21,62473
0.0,1,57,22,26120
0.0,1,57,23,39945
0.0,1,57,24,43017
0.0,1,57,25,29193
0.0,1,57,26,19721
0.0,1,57,27,40457
0.0,1,57,28,41481
0.0,1,57,29,25609
0.0,1,57,30,7433
0.0,1,57,31,36617
0.0,1,57,32,25609
0.0,1,57,33,5385
0.0,1,57,34,5129
0.0,1,57,35,35593
0.0,1,57,36,60425
0.0,1,57,37,65032
0.0,1,57,38,264
0.0,1,57,39,37129
0.0,1,57,40,38153
0.0,1,57,41,56585
0.0,1,57,42,19465
0.0,1,57,43,32009
0.0,1,57,44,36361
0.0,1,57,45,44553
0.0,1,57,46,2313
0.0,1,57,47,25609
0.0,1,57,48,34825
0.0,1,57,49,28169
0.0,1,57,50,8457
0.0,1,57,51,15625
0.0,1,57,52,16905
0.0,1,57,53,43273
0.0,1,57,54,19977
0.0,1,57,55,54025
0.0,1,57,56,40968
0.0,1,57,57,25097
0.0,1,57,58,13577
0.0,1,57,59,15625
0.0,1,57,60,40968
0.0,1,57,61,22792
0.0,1,57,62,25353
0.0,1,57,63,36617
0.0,1,57,64,22281
0.0,1,57,65,1545
0.0,1,57,66,13065
0.0,1,57,67,40201
0.0,1,57,68,45321
0.0,1,57,69,35593
0.0,1,57,70,27913
0.0,1,57,71,13577
0.0,1,57,72,21257
0.0,1,57,73,40201
0.0,1,57,74,13832
0.0,1,57,75,24585
0.0,1,57,76,37897
0.0,1,57,77,21257
0.0,1,57,78,45321
0.0,1,57,79,38920
0.0,1,57,80,44553
0.0,1,57,81,42505
0.0,1,57,82,30729
0.0,1,57,83,17673
0.0,1,57,84,30217
0.0,1,57,85,13320
0.0,1,57,86,9481
0.0,1,57,87,62473
0.0,1,57,88,27656
0.0,1,57,89,41481
0.0,1,57,90,16393
0.0,1,57,91,35081
0.0,1,57,92,47881
0.0,1,57,93,28681
0.0,1,57,94,28425
0.0,1,57,95,48393
0.0,1,57,96,48905
0.0,1,57,97,25865
0.0,1,57,98,64521
0.0,1,57,99,17672
0.0,1,57,100,25353
0.0,1,57,101,29961
0.0,1,57,102,29449
0.0,1,57,103,40457
0.0,1,57,104,46601
0.0,1,57,105,37641
0.0,1,57,106,60681
0.0,1,57,107,44296
0.0,1,57,108,38921
0.0,1,57,109,47625
0.0,1,57,110,15880
0.0,1,57,111,6921
0.0,1,57,112,30985
0.0,1,57,113,46601
0.0,1,57,114,49161
0.0,1,57,115,57865
0.0,1,57,116,61960
0.0,1,57,117,29704
0.0,1,57,118,14601
0.0,1,57,119,14345
0.0,1,57,120,53257
0.0,1,57,121,50696
0.0,1,57,122,11016
0.0,1,57,123,45321
0.0,1,57,124,58121
0.0,1,57,125,35337
0.0,1,57,126,37644
0.0,1,57,127,47628
0.0,1,58,0,20747
0.0,1,58,1,34313
0.0,1,58,2,28425
0.0,1,58,3,17161
0.0,1,58,4,61193
0.0,1,58,5,12808
0.0,1,58,6,12041
0.0,1,58,7,61193
0.0,1,58,8,42760
0.0,1,58,9,53768
0.0,1,58,10,56072
0.0,1,58,11,44296
0.0,1,58,12,53256
0.0,1,58,13,2312
0.0,1,58,14,49673
0.0,1,58,15,23048
0.0,1,58,16,12297
0.0,1,58,17,43529
0.0,1,58,18,20744
0.0,1,58,19,26889
0.0,1,58,20,36361
0.0,1,58,21,3593
0.0,1,58,22,16905
0.0,1,58,23,14601
0.0,1,58,24,27913
0.0,1,58,25,9993
0.0,1,58,26,50697
0.0,1,58,27,61448
0.0,1,58,28,38408
0.0,1,58,29,23305
0.0,1,58,30,61193
0.0,1,58,31,39176
0.0,1,58,32,15369
0.0,1,58,33,53769
0.0,1,58,34,8200
0.0,1,58,35,21257
0.0,1,58,36,54793
0.0,1,58,37,4872
0.0,1,58,38,5385
0.0,1,58,39,17929
0.0,1,58,40,18953
0.0,1,58,41,22793
0.0,1,58,42,8457
0.0,1,58,43,39433
0.0,1,58,44,16904
0.0,1,58,45,30473
0.0,1,58,46,15113
0.0,1,58,47,20745
0.0,1,58,48,22537
0.0,1,58,49,5129
0.0,1,58,50,1545
0.0,1,58,51,16137
0.0,1,58,52,5641
0.0,1,58,53,23049
0.0,1,58,54,63241
0.0,1,58,55,41992
0.0,1,58,56,3592
0.0,1,58,57,18697
0.0,1,58,58,14857
0.0,1,58,59,48649
0.0,1,58,60,47112
0.0,1,58,61,20744
0.0,1,58,62,21769
0.0,1,58,63,28681
0.0,1,58,64,26121
0.0,1,58,65,7689
0.0,1,58,66,63241
0.0,1,58,67,12808
0.0,1,58,68,13065
0.0,1,58,69,54537
0.0,1,58,70,12553
0.0,1,58,71,53001
0.0,1,58,72,20232
0.0,1,58,73,7689
0.0,1,58,74,20233
0.0,1,58,75,19721
0.0,1,58,76,35849
0.0,1,58,77,5640
0.0,1,58,78,25865
0.0,1,58,79,13065
0.0,1,58,80,29705
0.0,1,58,81,39433
0.0,1,58,82,2825
0.0,1,58,83,7433
0.0,1,58,84,2569
0.0,1,58,85,39945
0.0,1,58,86,8969
0.0,1,58,87,12553
0.0,1,58,88,22025
0.0,1,58,89,60169
0.0,1,58,90,40456
0.0,1,58,91,1032
0.0,1,58,92,16649
0.0,1,58,93,31753
0.0,1,58,94,61449
0.0,1,58,95,24072
0.0,1,58,96,38409
0.0,1,58,97,5129
0.0,1,58,98,20233
0.0,1,58,99,59145
0.0,1,58,100,34568
0.0,1,58,101,5129
0.0,1,58,102,5641
0.0,1,58,103,17417
0.0,1,58,104,24841
0.0,1,58,105,17929
0.0,1,58,106,51209
0.0,1,58,107,4360
0.0,1,58,108,7689
0.0,1,58,109,45321
0.0,1,58,110,20232
0.0,1,58,111,17161
0.0,1,58,112,24329
0.0,1,58,113,2825
0.0,1,58,114,33289
0.0,1,58,115,24329
0.0,1,58,116,17417
0.0,1,58,117,47113
0.0,1,58,118,5384
0.0,1,58,119,2057
0.0,1,58,120,9225
0.0,1,58,121,47112
0.0,1,58,122,63496
0.0,1,58,123,10248
0.0,1,58,124,27401
0.0,1,58,125,56585
0.0,1,58,126,20235
0.0,1,58,127,12044
0.0,1,59,0,523
0.0,1,59,1,7945
0.0,1,59,2,16905
0.0,1,59,3,3337
0.0,1,59,4,24329
0.0,1,59,5,63752
0.0,1,59,6,61447
0.0,1,59,7,58632
0.0,1,59,8,60168
0.0,1,59,9,35592
0.0,1,59,10,39944
0.0,1,59,11,54024
0.0,1,59,12,2568
0.0,1,59,13,55305
0.0,1,59,14,43528
0.0,1,59,15,41480
0.0,1,59,16,9480
0.0,1,59,17,52233
0.0,1,59,18,33544
0.0,1,59,19,43784
0.0,1,59,20,32264
0.0,1,59,21,31240
0.0,1,59,22,19464
0.0,1,59,23,34568
0.0,1,59,24,34312
0.0,1,59,25,3080
0.0,1,59,26,45577
0.0,1,59,27,14088
0.0,1,59,28,16137
0.0,1,59,29,1545
0.0,1,59,30,56585
0.0,1,59,31,2056
0.0,1,59,32,32777
0.0,1,59,33,62984
0.0,1,59,34,49160
0.0,1,59,35,54024
0.0,1,59,36,12296
0.0,1,59,37,62984
0.0,1,59,38,18440
0.0,1,59,39,2313
0.0,1,59,40,54793
0.0,1,59,41,48392
0.0,1,59,42,30728
0.0,1,59,43,11016
0.0,1,59,44,11784
0.0,1,59,45,4360
0.0,1,59,46,43785
0.0,1,59,47,29192
0.0,1,59,48,22280
0.0,1,59,49,54280
0.0,1,59,50,14856
0.0,1,59,51,61449
0.0,1,59,52,51720
0.0,1,59,53,28168
0.0,1,59,54,54280
0.0,1,59,55,14088
0.0,1,59,56,50440
0.0,1,59,57,520
0.0,1,59,58,33545
0.0,1,59,59,35592
0.0,1,59,60,39176
0.0,1,59,61,16904
0.0,1,59,62,40456
0.0,1,59,63,53768
0.0,1,59,64,9736
0.0,1,59,65,65289
0.0,1,59,66,65288
0.0,1,59,67,41480
0.0,1,59,68,7688
0.0,1,59,69,9
0.0,1,59,70,52745
0.0,1,59,71,34312
0.0,1,59,72,48648
0.0,1,59,73,61704
0.0,1,59,74,40968
0.0,1,59,75,46088
0.0,1,59,76,38152
0.0,1,59,77,44040
0.0,1,59,78,40200
0.0,1,59,79,40456
0.0,1,59,80,55048
0.0,1,59,81,60680
0.0,1,59,82,37128
0.0,1,59,83,47624
0.0,1,59,84,2824
0.0,1,59,85,22281
0.0,1,59,86,12041
0.0,1,59,87,30729
0.0,1,59,88,62473
0.0,1,59,89,39688
0.0,1,59,90,21256
0.0,1,59,91,54024
0.0,1,59,92,39688
0.0,1,59,93,15368
0.0,1,59,94,46345
0.0,1,59,95,27144
0.0,1,59,96,59913
0.0,1,59,97,39944
0.0,1,59,98,62216
0.0,1,59,99,56584
0.0,1,59,100,16648
0.0,1,59,101,61193
0.0,1,59,102,65032
0.0,1,59,103,26888
0.0,1,59,104,53000
0.0,1,59,105,44296
0.0,1,59,106,8200
0.0,1,59,107,35081
0.0,1,59,108,63752
0.0,1,59,109,44040
0.0,1,59,110,52232
0.0,1,59,111,8456
0.0,1,59,112,11529
0.0,1,59,113,1289
0.0,1,59,114,30473
0.0,1,59,115,51720
0.0,1,59,116,14344
0.0,1,59,117,1801
0.0,1,59,118,24841
0.0,1,59,119,47881
0.0,1,59,120,44808
0.0,1,59,121,58120
0.0,1,59,122,1032
0.0,1,59,123,41737
0.0,1,59,124,47624
0.0,1,59,125,32008
0.0,1,59,126,3595
0.0,1,59,127,13068
0.0,1,60,0,12555
0.0,1,60,1,38920
0.0,1,60,2,64264
0.0,1,60,3,49160
0.0,1,60,4,25864
0.0,1,60,5,25096
0.0,1,60,6,16392
0.0,1,60,7,17160
0.0,1,60,8,49160
0.0,1,60,9,35336
0.0,1,60,10,14856
0.0,1,60,11,20232
0.0,1,60,12,45064
0.0,1,60,13,25096
0.0,1,60,14,48904
0.0,1,60,15,52743
0.0,1,60,16,11527
0.0,1,60,17,22024
0.0,1,60,18,33032
0.0,1,60,19,27144
0.0,1,60,20,27400
0.0,1,60,21,51207
0.0,1,60,22,57095
0.0,1,60,23,55047
0.0,1,60,24,18951
0.0,1,60,25,30984
0.0,1,60,26,16392
0.0,1,60,27,62472
0.0,1,60,28,37383
0.0,1,60,29,35336
0.0,1,60,30,21512
0.0,1,60,31,13320
0.0,1,60,32,53000
0.0,1,60,33,26119
0.0,1,60,34,24072
0.0,1,60,35,27144
0.0,1,60,36,15624
0.0,1,60,37,17416
0.0,1,60,38,20232
0.0,1,60,39,64008
0.0,1,60,40,5127
0.0,1,60,41,12296
0.0,1,60,42,4360
0.0,1,60,43,18696
0.0,1,60,44,13832
0.0,1,60,45,33544
0.0,1,60,46,776
0.0,1,60,47,36104
0.0,1,60,48,41736
0.0,1,60,49,19720
0.0,1,60,50,22536
0.0,1,60,51,4360
0.0,1,60,52,20744
0.0,1,60,53,52744
0.0,1,60,54,32263
0.0,1,60,55,49928
0.0,1,60,56,37895
0.0,1,60,57,38152
0.0,1,60,58,49160
0.0,1,60,59,26120
0.0,1,60,60,20232
0.0,1,60,61,6152
0.0,1,60,62,56328
0.0,1,60,63,263
0.0,1,60,64,34824
0.0,1,60,65,32776
0.0,1,60,66,1032
0.0,1,60,67,24840
0.0,1,60,68,33288
0.0,1,60,69,38664
0.0,1,60,70,33032
0.0,1,60,71,59400
0.0,1,60,72,22791
0.0,1,60,73,20744
0.0,1,60,74,55304
0.0,1,60,75,16903
0.0,1,60,76,4360
0.0,1,60,77,264
0.0,1,60,78,9992
0.0,1,60,79,12040
0.0,1,60,80,59656
0.0,1,60,81,35335
0.0,1,60,82,16392
0.0,1,60,83,3848
0.0,1,60,84,31496
0.0,1,60,85,47880
0.0,1,60,86,17160
0.0,1,60,87,28168
0.0,1,60,88,25864
0.0,1,60,89,58376
0.0,1,60,90,38663
0.0,1,60,91,20488
0.0,1,60,92,9224
0.0,1,60,93,32776
0.0,1,60,94,20232
0.0,1,60,95,13064
0.0,1,60,96,28168
0.0,1,60,97,21512
0.0,1,60,98,24328
0.0,1,60,99,24840
0.0,1,60,100,45576
0.0,1,60,101,22280
0.0,1,60,102,17160
0.0,1,60,103,11016
0.0,1,60,104,30984
0.0,1,60,105,35336
0.0,1,60,106,56584
0.0,1,60,107,38664
0.0,1,60,108,40968
0.0,1,60,109,63240
0.0,1,60,110,59911
0.0,1,60,111,32007
0.0,1,60,112,47624
0.0,1,60,113,53768
0.0,1,60,114,15624
0.0,1,60,115,17672
0.0,1,60,116,46344
0.0,1,60,117,3848
0.0,1,60,118,2825
0.0,1,60,119,43273
0.0,1,60,120,59144
0.0,1,60,121,11271
0.0,1,60,122,46600
0.0,1,60,123,46600
0.0,1,60,124,18952
0.0,1,60,125,12808
0.0,1,60,126,31755
0.0,1,60,127,39947
0.0,1,61,0,2314
0.0,1,61,1,12296
0.0,1,61,2,21768
0.0,1,61,3,19464
0.0,1,61,4,16136
0.0,1,61,5,7944
0.0,1,61,6,42760
0.0,1,61,7,42759
0.0,1,61,8,23815
0.0,1,61,9,42247
0.0,1,61,10,9479
0.0,1,61,11,65032
0.0,1,61,12,41735
0.0,1,61,13,16647
0.0,1,61,14,4360
0.0,1,61,15,12296
0.0,1,61,16,29192
0.0,1,61,17,8967
0.0,1,61,18,2824
0.0,1,61,19,29192
0.0,1,61,20,3592
0.0,1,61,21,3336
0.0,1,61,22,42760
0.0,1,61,23,1543
0.0,1,61,24,17160
0.0,1,61,25,5896
0.0,1,61,26,23816
0.0,1,61,27,14600
0.0,1,61,28,1288
0.0,1,61,29,60680
0.0,1,61,30,58119
0.0,1,61,31,775
0.0,1,61,32,42504
0.0,1,61,33,65287
0.0,1,61,34,11271
0.0,1,61,35,20744
0.0,1,61,36,25864
0.0,1,61,37,43528
0.0,1,61,38,8455
0.0,1,61,39,7944
0.0,1,61,40,48648
0.0,1,61,41,63239
0.0,1,61,42,519
0.0,1,61,43,52488
0.0,1,61,44,60935
0.0,1,61,45,57095
0.0,1,61,46,22535
0.0,1,61,47,13319
0.0,1,61,48,64776
0.0,1,61,49,25351
0.0,1,61,50,43783
0.0,1,61,51,49671
0.0,1,61,52,3335
0.0,1,61,53,30984
0.0,1,61,54,36359
0.0,1,61,55,40455
0.0,1,61,56,7431
0.0,1,61,57,33544
0.0,1,61,58,33288
0.0,1,61,59,22280
0.0,1,61,60,3592
0.0,1,61,61,56328
0.0,1,61,62,64263
0.0,1,61,63,5895
0.0,1,61,64,64520
0.0,1,61,65,12039
0.0,1,61,66,45064
0.0,1,61,67,5127
0.0,1,61,68,24840
0.0,1,61,69,17672
0.0,1,61,70,29192
0.0,1,61,71,14856
0.0,1,61,72,64776
0.0,1,61,73,48135
0.0,1,61,74,19207
0.0,1,61,75,15368
0.0,1,61,76,36616
0.0,1,61,77,58631
0.0,1,61,78,49415
0.0,1,61,79,58375
0.0,1,61,80,4615
0.0,1,61,81,36616
0.0,1,61,82,13576
0.0,1,61,83,21256
0.0,1,61,84,1032
0.0,1,61,85,18440
0.0,1,61,86,20744
0.0,1,61,87,44552
0.0,1,61,88,41223
0.0,1,61,89,54023
0.0,1,61,90,3079
0.0,1,61,91,19208
0.0,1,61,92,38664
0.0,1,61,93,29191
0.0,1,61,94,3847
0.0,1,61,95,7176
0.0,1,61,96,2312
0.0,1,61,97,40712
0.0,1,61,98,26119
0.0,1,61,99,43016
0.0,1,61,100,22024
0.0,1,61,101,27400
0.0,1,61,102,12552
0.0,1,61,103,264
0.0,1,61,104,18696
0.0,1,61,105,62472
0.0,1,61,106,60423
0.0,1,61,107,62471
0.0,1,61,108,36615
0.0,1,61,109,11271
0.0,1,61,110,16391
0.0,1,61,111,4872
0.0,1,61,112,23048
0.0,1,61,113,9992
0.0,1,61,114,1288
0.0,1,61,115,11272
0.0,1,61,116,61704
0.0,1,61,117,27143
0.0,1,61,118,17672
0.0,1,61,119,53512
0.0,1,61,120,48391
0.0,1,61,121,51974
0.0,1,61,122,12295
0.0,1,61,123,6919
0.0,1,61,124,27400
0.0,1,61,125,30728
0.0,1,61,126,10762
0.0,1,61,127,12047
0.0,1,62,0,34830
0.0,1,62,1,37640
0.0,1,62,2,12808
0.0,1,62,3,36104
0.0,1,62,4,32520
0.0,1,62,5,58376
0.0,1,62,6,26631
0.0,1,62,7,40199
0.0,1,62,8,6151
0.0,1,62,9,3848
0.0,1,62,10,18184
0.0,1,62,11,4360
0.0,1,62,12,56840
0.0,1,62,13,29959
0.0,1,62,14,27912
0.0,1,62,15,44552
0.0,1,62,16,60423
0.0,1,62,17,17415
0.0,1,62,18,35336
0.0,1,62,19,3848
0.0,1,62,20,51721
0.0,1,62,21,27656
0.0,1,62,22,6152
0.0,1,62,23,37384
0.0,1,62,24,21000
0.0,1,62,25,19720
0.0,1,62,26,25864
0.0,1,62,27,6664
0.0,1,62,28,38152
0.0,1,62,29,45320
0.0,1,62,30,21512
0.0,1,62,31,19720
0.0,1,62,32,14600
0.0,1,62,33,61960
0.0,1,62,34,25095
0.0,1,62,35,43528
0.0,1,62,36,26376
0.0,1,62,37,49160
0.0,1,62,38,62215
0.0,1,62,39,24839
0.0,1,62,40,32264
0.0,1,62,41,27656
0.0,1,62,42,40968
0.0,1,62,43,22023
0.0,1,62,44,519
0.0,1,62,45,61960
0.0,1,62,46,32775
0.0,1,62,47,16392
0.0,1,62,48,21512
0.0,1,62,49,51720
0.0,1,62,50,15367
0.0,1,62,51,21512
0.0,1,62,52,19976
0.0,1,62,53,5128
0.0,1,62,54,47112
0.0,1,62,55,9735
0.0,1,62,56,62984
0.0,1,62,57,5383
0.0,1,62,58,65032
0.0,1,62,59,41479
0.0,1,62,60,15624
0.0,1,62,61,60936
0.0,1,62,62,48903
0.0,1,62,63,6919
0.0,1,62,64,15880
0.0,1,62,65,32776
0.0,1,62,66,17160
0.0,1,62,67,40712
0.0,1,62,68,62728
0.0,1,62,69,32519
0.0,1,62,70,51976
0.0,1,62,71,24584
0.0,1,62,72,24328
0.0,1,62,73,15880
0.0,1,62,74,53256
0.0,1,62,75,44808
0.0,1,62,76,13320
0.0,1,62,77,22792
0.0,1,62,78,33032
0.0,1,62,79,41992
0.0,1,62,80,16648
0.0,1,62,81,20744
0.0,1,62,82,30472
0.0,1,62,83,31752
0.0,1,62,84,47624
0.0,1,62,85,47624
0.0,1,62,86,35336
0.0,1,62,87,30216
0.0,1,62,88,33800
0.0,1,62,89,59911
0.0,1,62,90,62727
0.0,1,62,91,2823
0.0,1,62,92,60680
0.0,1,62,93,25863
0.0,1,62,94,7432
0.0,1,62,95,27400
0.0,1,62,96,21256
0.0,1,62,97,19976
0.0,1,62,98,29704
0.0,1,62,99,41480
0.0,1,62,100,7176
0.0,1,62,101,45320
0.0,1,62,102,52232
0.0,1,62,103,31752
0.0,1,62,104,37896
0.0,1,62,105,59911
0.0,1,62,106,22279
0.0,1,62,107,33544
0.0,1,62,108,28168
0.0,1,62,109,62472
0.0,1,62,110,4871
0.0,1,62,111,5640
0.0,1,62,112,23560
0.0,1,62,113,61448
0.0,1,62,114,53256
0.0,1,62,115,35592
0.0,1,62,116,47112
0.0,1,62,117,10504
0.0,1,62,118,30984
0.0,1,62,119,61448
0.0,1,62,120,30727
0.0,1,62,121,44808
0.0,1,62,122,39687
0.0,1,62,123,15111
0.0,1,62,124,54024
0.0,1,62,125,12039
0.0,1,62,126,12558
0.0,1,62,127,14099
0.0,1,63,0,53010
0.0,1,63,1,16138
0.0,1,63,2,521
0.0,1,63,3,21769
0.0,1,63,4,57353
0.0,1,63,5,27656
0.0,1,63,6,34824
0.0,1,63,7,38152
0.0,1,63,8,35592
0.0,1,63,9,56072
0.0,1,63,10,51464
0.0,1,63,11,34056
0.0,1,63,12,27656
0.0,1,63,13,54536
0.0,1,63,14,13320
0.0,1,63,15,54792
0.0,1,63,16,35592
0.0,1,63,17,19976
0.0,1,63,18,20232
0.0,1,63,19,36617
0.0,1,63,20,1289
0.0,1,63,21,36617
0.0,1,63,22,20232
0.0,1,63,23,51976
0.0,1,63,24,49672
0.0,1,63,25,33288
0.0,1,63,26,54024
0.0,1,63,27,36360
0.0,1,63,28,48904
0.0,1,63,29,44552
0.0,1,63,30,59656
0.0,1,63,31,13320
0.0,1,63,32,33801
0.0,1,63,33,56072
0.0,1,63,34,11784
0.0,1,63,35,62729
0.0,1,63,36,25864
0.0,1,63,37,19464
0.0,1,63,38,21000
0.0,1,63,39,58888
0.0,1,63,40,47368
0.0,1,63,41,14856
0.0,1,63,42,48904
0.0,1,63,43,56327
0.0,1,63,44,34567
0.0,1,63,45,50184
0.0,1,63,46,26376
0.0,1,63,47,30216
0.0,1,63,48,4104
0.0,1,63,49,16393
0.0,1,63,50,59913
0.0,1,63,51,51720
0.0,1,63,52,12808
0.0,1,63,53,59657
0.0,1,63,54,32776
0.0,1,63,55,44808
0.0,1,63,56,28168
0.0,1,63,57,3848
0.0,1,63,58,20232
0.0,1,63,59,57096
0.0,1,63,60,29192
0.0,1,63,61,39688
0.0,1,63,62,19976
0.0,1,63,63,19976
0.0,1,63,64,49160
0.0,1,63,65,44296
0.0,1,63,66,11272
0.0,1,63,67,38921
0.0,1,63,68,29704
0.0,1,63,69,57096
0.0,1,63,70,9224
0.0,1,63,71,15113
0.0,1,63,72,4617
0.0,1,63,73,65289
0.0,1,63,74,1544
0.0,1,63,75,12553
0.0,1,63,76,49929
0.0,1,63,77,44552
0.0,1,63,78,18696
0.0,1,63,79,776
0.0,1,63,80,39433
0.0,1,63,81,20488
0.0,1,63,82,51464
0.0,1,63,83,29704
0.0,1,63,84,14600
0.0,1,63,85,12553
0.0,1,63,86,65033
0.0,1,63,87,63752
0.0,1,63,88,31496
0.0,1,63,89,24328
0.0,1,63,90,5896
0.0,1,63,91,32520
0.0,1,63,92,39432
0.0,1,63,93,51720
0.0,1,63,94,26888
0.0,1,63,95,47112
0.0,1,63,96,5640
0.0,1,63,97,40201
0.0,1,63,98,32520
0.0,1,63,99,21512
0.0,1,63,100,34568
0.0,1,63,101,63496
0.0,1,63,102,4104
0.0,1,63,103,58121
0.0,1,63,104,59143
0.0,1,63,105,54279
0.0,1,63,106,52488
0.0,1,63,107,27656
0.0,1,63,108,49416
0.0,1,63,109,43016
0.0,1,63,110,35336
0.0,1,63,111,25352
0.0,1,63,112,50696
0.0,1,63,113,8712
0.0,1,63,114,53769
0.0,1,63,115,55304
0.0,1,63,116,48136
0.0,1,63,117,31240
0.0,1,63,118,56072
0.0,1,63,119,44552
0.0,1,63,120,3592
0.0,1,63,121,35081
0.0,1,63,122,52232
0.0,1,63,123,44040
0.0,1,63,124,40969
0.0,1,63,125,13578
0.0,1,63,126,1554
0.0,1,63,127,0
