timestamp_s,frame_number,point_index,x,y,z,doppler_mps,range,azimuth_deg,elevation_deg,snr_db,noise_db
0.0,1,0,-0.11562623083591461,0.04113413766026497,-0.026575662195682526,0.0,0.12556953595324333,160.41693764156733,-12.218536407611337,35.6,53.1
0.0,1,1,-0.8055294156074524,2.103775978088379,-0.7857426404953003,0.0,2.3858211379906762,110.95169088868582,-19.228627153314651,15.3,54.900000000000006
0.0,1,2,-1.8500198125839233,1.4463763236999512,1.8888154029846191,0.0,3.01366909319268,141.98111127501707,38.810706877431372,15.100000000000001,62.6
0.0,1,3,-2.570756673812866,2.0520424842834473,1.5623623132705688,0.0,3.6415167487169047,141.4022544175489,25.4067554933833,11.700000000000001,70.60000000000001
0.0,1,4,-1.2294923067092896,2.7520527839660645,-2.043330192565918,0.0,3.6415167353513791,114.07292452890547,-34.133332780994081,11.700000000000001,70.60000000000001
0.0,1,5,0.8479257225990295,2.143075466156006,1.523095726966858,0.17052115499973297,2.762529832995396,68.413357327971951,33.459054085719877,22.0,51.7
0.0,1,6,1.8654366731643677,1.5369125604629517,-1.3377656936645508,0.17052115499973297,2.7625298643166061,39.484730891666665,-28.963597568376752,22.0,51.7
0.0,1,7,0.3931291997432709,1.009711503982544,-1.8392390012741089,0.25578173995018005,2.1346821760564865,68.7266463199512,-59.496541070542925,30.3,40.7
0.0,1,8,0.9327183365821838,1.9888983964920044,1.675079345703125,0.25578173995018005,2.7625298444299768,64.875193993614474,37.326554879806075,23.6,50.1
0.0,1,9,1.9502291679382324,1.6317596435546875,-1.0796008110046387,0.25578173995018005,2.76252986462276,39.919272997679577,-23.004380178334209,23.6,50.1
0.304781,2,0,-0.11562623083591461,0.04110134392976761,-0.026626355946063995,0.0,0.12556953675601321,160.43136351589106,-12.242204417852824,35.5,53.2
0.304781,2,1,-0.8055294156074524,2.1032066345214844,-0.7872657775878906,0.0,2.3858212823816327,110.95687013101796,-19.267370035271441,15.3,54.900000000000006
0.304781,2,2,-1.8500198125839233,1.4512399435043335,1.8850810527801514,0.0,3.0136690687808176,141.88774450640253,38.7196521557326,15.200000000000001,62.6
0.304781,2,3,-2.570756673812866,2.120450973510742,1.468176245689392,0.0,3.6415166751537256,140.48298251852142,23.776947127945263,12.0,70.4
0.304781,2,4,-1.2294923067092896,2.6898558139801025,-2.124539613723755,0.0,3.6415167447838779,114.56442158581581,-35.69156308712089,12.0,70.4
0.304781,2,5,0.76313316822052,1.7420101165771484,2.0036466121673584,0.25578173995018005,2.7625298595934038,66.34291827681254,46.493319102776191,24.700000000000003,51.2
0.304781,2,6,0.327607661485672,1.682883858680725,-1.271787405014038,0.34104230999946594,2.1346821930265354,78.983985434410428,-36.567803633287589,34.4,40.300000000000004
0.304781,2,7,1.3489726781845093,1.9716497659683228,-2.0365872383117676,0.34104230999946594,3.1392383893845306,55.620661710256741,-40.447575290061614,11.5,59.300000000000004
0.304781,2,8,0.19271038472652435,3.1196277141571045,0.2925809621810913,0.34104230999946594,3.139238440569518,86.465129773880008,5.3477999473929927,11.5,59.300000000000004
0.304781,2,9,0.40469181537628174,2.489914655685425,-0.7681853771209717,0.596824049949646,2.6369602256484845,80.768304903805188,-16.936683867159719,17.7,41.1
0.601765,3,0,-0.11562623083591461,0.04110751301050186,-0.02661682851612568,0.0,0.12556953628761092,160.42864955651888,-12.237756099993376,35.9,52.800000000000004
0.601765,3,1,-1.8500198125839233,1.4299957752227783,1.9012470245361328,0.0,3.013669104665532,142.29732496413465,39.114671925714177,15.200000000000001,62.6
0.601765,3,2,-2.570756673812866,2.0512425899505615,1.5634124279022217,0.0,3.6415167799283306,141.41314542776323,25.425048275704984,11.8,70.60000000000001
0.601765,3,3,-1.2294923067092896,2.718322515487671,-2.0879931449890137,0.0,3.6415167175211018,114.33715262997885,-34.986651017615095,11.8,70.60000000000001
0.601765,3,4,1.4800158739089966,4.588226318359375,3.6175317764282227,0.0,6.0273380433634358,72.1219496040992,36.883313554765436,11.3,69.2
0.601765,3,5,3.7000396251678467,4.098021507263184,-2.4175877571105957,0.0,6.0273380579767446,47.921612797510853,-23.647195913311364,11.3,69.2
0.601765,3,6,0.2620861232280731,1.8535224199295044,-1.0259792804718018,0.17052115499973297,2.1346821733287329,81.951791661774,-28.726158112748156,36.7,40.7
0.601765,3,7,0.6783405542373657,1.3367127180099487,2.320479393005371,0.17052115499973297,2.7625298932998312,63.093609073924462,57.138372119054026,23.6,50.1
0.601765,3,8,0.6475068926811218,2.0733537673950195,-1.495158314704895,0.5115634799003601,2.6369602588722993,72.656453104025246,-34.541339202953786,20.8,41.1
0.601765,3,9,1.102303385734558,1.6767809391021729,2.5753259658813477,0.596824049949646,3.2648079426638454,56.679376606721533,52.07480864023114,18.7,44.400000000000006
0.899655,4,0,-0.11562623083591461,0.041097111999988556,-0.02663288451731205,0.0,0.12556953615336919,160.43322531865223,-12.24525271563413,35.6,53.1
0.899655,4,1,-0.8055294156074524,2.1197848320007324,-0.7414699196815491,0.0,2.3858212454376835,110.80705505444186,-18.106354185753624,15.9,54.900000000000006
0.899655,4,2,-1.8500198125839233,1.4610702991485596,1.877472162246704,0.0,3.0136691002859672,141.69975796833157,38.53448105191071,15.100000000000001,62.6
0.899655,4,3,-2.570756673812866,2.0810110569000244,1.5235637426376343,0.0,3.6415166308522529,141.01005185150984,24.732802948595232,11.9,70.5
0.899655,4,4,-1.2294923067092896,2.720606803894043,-2.0850157737731934,0.0,3.641516647021529,114.31908666412269,-34.929492552196308,11.9,70.5
0.899655,4,5,0.2081272155046463,2.057739734649658,-0.9116625189781189,0.25578173995018005,2.2602518226735913,84.224539228759966,-23.787492388561159,35.7,40.7
0.899655,4,6,1.6727261543273926,2.1753334999084473,-2.7609200477600098,0.25578173995018005,3.892655665907014,52.441458714695479,-45.1750538254723,16.400000000000002,54.2
0.899655,4,7,2.987010955810547,2.371055841445923,-0.7801456451416016,0.25578173995018005,3.8926555821213462,38.442152540141812,-11.561214273481673,16.400000000000002,54.2
0.899655,4,8,0.7400079369544983,1.7952091693878174,2.304737091064453,0.42630288004875183,3.0136689877187886,67.597923595733249,49.885751386018335,22.400000000000002,45.400000000000006
1.194213,5,0,-0.11562623083591461,0.041103705763816833,-0.0266227088868618,0.0,0.12556953656565445,160.4303244650921,-12.240501613156466,35.5,53.2
1.194213,5,1,-0.8787593245506287,2.1067700386047363,-0.6938621997833252,0.0,2.3858211790357284,112.64160874360992,-16.907498480037866,15.200000000000001,55.1
1.194213,5,2,-1.8500198125839233,1.4337266683578491,1.898435115814209,0.0,3.0136690852630221,142.22506424145647,39.045803994011081,15.0,62.7
1.194213,5,3,-2.570756673812866,2.086211681365967,1.5164347887039185,0.0,3.6415166515907496,140.9400972865034,24.609368274788377,11.600000000000001,70.8
1.194213,5,4,-1.2294923067092896,2.6953282356262207,-2.1175925731658936,0.0,3.6415167081792492,114.52042289531977,-35.557092706192527,11.600000000000001,70.8
1.194213,5,5,1.4800158739089966,4.717761039733887,3.446894884109497,0.0,6.0273377669709038,72.582759169445467,34.881207579561369,11.600000000000001,68.60000000000001
1.194213,5,6,3.7000396251678467,4.032343864440918,-2.5256118774414062,0.0,6.027338187324454,47.460809393058845,-24.773114942493738,11.600000000000001,68.60000000000001
1.194213,5,7,0.292919784784317,2.0719640254974365,-1.1459953784942627,0.42630288004875183,2.3858211020115991,81.9532489293099,-28.707338422187341,35.4,41.300000000000004
1.194213,5,8,1.5532456636428833,3.4139530658721924,-1.0416914224624634,0.42630288004875183,3.8926557319181763,65.53589678789335,-15.52175849748499,12.9,53.6
1.194213,5,9,2.867530584335327,1.0077548027038574,-2.4319677352905273,0.42630288004875183,3.892655707863891,19.363334689467564,-38.664426380370251,12.9,53.6
1.194213,5,10,0.7708415389060974,1.3549469709396362,2.7248375415802,0.5115634799003601,3.1392383789967981,60.36406225227239,60.226266360803443,23.200000000000003,52.900000000000006
1.194213,5,11,0.7708415389060974,1.7421212196350098,2.495122194290161,0.596824049949646,3.1392384086661917,66.1319053711102,52.638038616271537,30.700000000000003,45.400000000000006
1.194213,5,12,0.8286546468734741,4.500957012176514,-2.8651716709136963,0.8526057600975037,5.3994899067460356,79.568299201453684,-32.048536324908468,21.6,42.6
1.503242,6,0,-0.11562623083591461,0.04105616733431816,-0.026695959270000458,0.0,0.12556953601431067,160.45124080875851,-12.274704611330089,35.2,53.5
1.503242,6,1,-0.8787593245506287,2.1070399284362793,-0.6930423378944397,0.0,2.3858212197529864,112.63900117458154,-16.886920726974694,14.700000000000001,55.400000000000006
1.503242,6,2,-1.8500198125839233,1.4434959888458252,1.8910175561904907,0.0,3.0136690884348432,142.03651740370665,38.864456888936466,15.100000000000001,62.6
1.503242,6,3,-2.570756673812866,2.09291410446167,1.5071712732315063,0.0,3.6415167954387173,140.85014576552106,24.449155428323255,11.700000000000001,70.7
1.503242,6,4,-1.2294923067092896,2.7062559127807617,-2.103609085083008,0.0,3.6415166593827264,114.43300461644289,-35.287102042208247,11.700000000000001,70.7
1.503242,6,5,1.4800158739089966,4.777329921722412,3.3638482093811035,0.0,6.0273379649529639,72.787029121379732,33.924397309628731,11.3,68.7
1.503242,6,6,3.515037775039673,4.1599602699279785,-2.5822548866271973,0.0,6.0273377462064586,49.803223905469686,-25.367571477261549,11.3,68.7
1.503242,6,7,0.30833661556243896,2.167532205581665,-1.230372428894043,0.42630288004875183,2.5113907789336256,81.903857853971942,-29.33511047802385,38.800000000000004,40.900000000000006
1.503242,6,8,0.5318806767463684,7.81618595123291,-3.700594663619995,-0.25578173995018005,8.6642980525233355,86.107102639739708,-25.284192768347079,12.100000000000001,46.7
1.797316,7,0,-0.11562623083591461,0.041063033044338226,-0.026685401797294617,0.0,0.12556953694747655,160.44821964280669,-12.26977462380259,35.2,53.5
1.797316,7,1,-0.8055294156074524,2.105870246887207,-0.7801125645637512,0.0,2.3858211897633703,110.93266062454926,-19.085493385756294,14.8,55.300000000000004
1.797316,7,2,-1.8500198125839233,1.4471704959869385,1.888206958770752,0.0,3.0136690711752725,141.96584929043863,38.79586351890665,15.100000000000001,62.6
1.797316,7,3,-2.570756673812866,2.0933289527893066,1.5065948963165283,0.0,3.6415167392374261,140.84458573307111,24.439194177538788,11.8,70.60000000000001
1.797316,7,4,-1.2294923067092896,2.703901529312134,-2.1066346168518066,0.0,3.6415167473721968,114.45178952803049,-35.345441008902519,11.8,70.60000000000001
1.797316,7,5,1.4800158739089966,4.729824542999268,3.4303231239318848,0.0,6.0273380466971194,72.624505109435589,34.689397850380239,11.8,68.4
1.797316,7,6,3.7000396251678467,3.9915518760681152,-2.589599370956421,0.0,6.0273380948154056,47.170478152572976,-25.444861420444251,11.8,68.4
1.797316,7,7,0.8016752004623413,1.9347392320632935,2.504610061645508,0.17052115499973297,3.2648078938916316,67.49292345068659,50.09899368888258,28.3,47.400000000000006
1.797316,7,8,0.42396286129951477,2.3365588188171387,-1.4114954471588135,0.25578173995018005,2.7625298222649963,79.715711250094074,-30.72666708705443,29.200000000000003,42.0
1.797316,7,9,0.8633425831794739,1.2379870414733887,-3.1755175590515137,0.42630288004875183,3.5159471126044437,55.109002220388192,-64.578673908299336,14.5,50.7
1.797316,7,10,0.8633425831794739,1.394868016242981,-3.109801769256592,0.596824049949646,3.5159471330980026,58.244889628583046,-62.188186184112794,22.200000000000003,45.800000000000004
1.797316,7,11,0.5550059676170349,2.8490352630615234,-0.8106588125228882,0.6820846199989319,3.013669070183318,78.976561509120856,-15.604411081748772,25.200000000000003,41.300000000000004
2.094413,8,0,-0.11562623083591461,0.04109248146414757,-0.0266400296241045,0.0,0.12556953638751195,160.43526253415172,-12.248588835895228,35.4,53.300000000000004
2.094413,8,1,-0.8787593245506287,2.0933985710144043,-0.7332171201705933,0.0,2.385821215623896,112.77151477306539,-17.897960396952566,14.8,55.300000000000004
2.094413,8,2,-1.8500198125839233,1.4440199136734009,1.8906174898147583,0.0,3.0136690778570645,142.0264329564032,38.854689251481673,15.100000000000001,62.7
2.094413,8,3,-2.570756673812866,2.0914552211761475,1.5091948509216309,0.0,3.6415167054658313,140.86970552514325,24.484136263218623,11.700000000000001,70.7
2.094413,8,4,-1.2294923067092896,2.6960906982421875,-2.116621732711792,0.0,3.6415167093936622,114.5143043715411,-35.538318541193568,11.700000000000001,70.7
2.094413,8,5,0.33917027711868286,2.3324778079986572,-1.440861463546753,0.25578173995018005,2.7625298113904719,81.726494017734325,-31.43783670028958,32.6,41.1
2.094413,8,6,0.9057388305664062,5.0897393226623535,-2.8469386100769043,0.5115634799003601,5.9017682647997836,79.909621844953563,-28.841442875362858,18.2,43.300000000000004
2.397439,9,0,-0.11562623083591461,0.04105479270219803,-0.026698075234889984,0.0,0.12556953644251662,160.45184571124864,-12.275692646366576,35.300000000000004,53.400000000000006
2.397439,9,1,-0.8787593245506287,2.0924625396728516,-0.7358840703964233,0.0,2.3858211993948846,112.78066134924779,-17.965277604304163,14.600000000000001,55.400000000000006
2.397439,9,2,-1.8500198125839233,1.457872748374939,1.8799561262130737,0.0,3.0136690750467974,141.760798418459,38.5948788614602,15.100000000000001,62.6
2.397439,9,3,-2.570756673812866,2.091888189315796,1.5085945129394531,0.0,3.6415166451663152,140.86389943533777,24.473758052632949,11.8,70.60000000000001
2.397439,9,4,-1.2294923067092896,2.715773344039917,-2.0913078784942627,0.0,3.6415168310893824,114.35734328420537,-35.050332634073847,11.8,70.60000000000001
2.397439,9,5,1.4800158739089966,4.641853332519531,3.5484578609466553,0.0,6.0273379313391251,72.315555689373866,36.066739291484389,12.700000000000001,68.7
2.397439,9,6,3.7000396251678467,3.990485668182373,-2.5912423133850098,0.0,6.027338203756119,47.162846695139287,-25.462157628079197,12.700000000000001,68.7
2.397439,9,7,0.728445291519165,2.0668234825134277,2.586941719055176,0.25578173995018005,3.3903774581001334,70.58515791566569,49.731578653306038,27.900000000000002,44.800000000000004
2.397439,9,8,-3.2259719371795654,1.8158466815948486,-1.2035672664642334,0.25578173995018005,3.8926556841613014,150.62555345225732,-18.010377345813655,16.0,55.300000000000004
2.397439,9,9,0.3584413230419159,3.1193978786468506,-2.3007922172546387,0.25578173995018005,3.8926556660395772,83.445050448664318,-36.23224980813756,16.0,55.300000000000004
2.397439,9,10,0.3545871376991272,2.5602762699127197,-1.2885539531707764,0.42630288004875183,2.8880993588746016,82.114942757095008,-26.497569016630074,36.2,40.800000000000004
2.759493,10,0,-0.11562623083591461,0.041082315146923065,-0.02665570192039013,0.0,0.12556953579598837,160.43973541073188,-12.255906641557743,35.2,53.5
2.759493,10,1,-0.8787593245506287,2.1026666164398193,-0.7061994671821594,0.0,2.3858211453970144,112.68132460061346,-17.217421126206688,14.8,55.400000000000006
2.759493,10,2,-1.8500198125839233,1.4655160903930664,1.8740038871765137,0.0,3.0136690739539929,141.61505929354033,38.450235272716675,15.100000000000001,62.6
2.759493,10,3,-2.570756673812866,2.0919642448425293,1.5084892511367798,0.0,3.6415167304913165,140.86287963185896,24.4719377638185,11.700000000000001,70.60000000000001
2.759493,10,4,-1.2294923067092896,2.7069051265716553,-2.102773904800415,0.0,3.6415168256135826,114.42782950081204,-35.271003197249378,11.700000000000001,70.60000000000001
2.759493,10,5,1.4800158739089966,4.971016883850098,3.0703985691070557,0.0,6.0273379878450486,73.420205348610281,30.624674275202231,13.200000000000001,68.4
2.759493,10,6,3.7000396251678467,3.9773173332214355,-2.6114091873168945,0.0,6.02733808082465,47.068412395263593,-25.674676027965006,13.200000000000001,68.4
2.759493,10,7,0.2659403383731842,2.675668239593506,-1.0541313886642456,0.34104230999946594,2.8880993363301521,84.323893059191462,-21.4070527762635,43.7,41.2
2.759493,10,8,0.5010470151901245,3.031934976577759,-1.102403163909912,0.596824049949646,3.2648078885939205,80.61630766011001,-19.734524217741107,20.6,40.800000000000004
3.286017,11,0,-0.11562623083591461,0.04106927663087845,-0.026675786823034286,0.0,0.12556953588721986,160.44547233239084,-12.265285021415696,34.9,53.800000000000004
3.286017,11,1,-0.8787593245506287,2.117565870285034,-0.6601816415786743,0.0,2.3858212349960768,112.53774576598843,-16.063971133458388,14.4,55.5
3.286017,11,2,-1.8500198125839233,1.4522784948349,1.884281039237976,0.0,3.0136690542169231,141.86783832941614,38.700160647064422,14.9,62.800000000000004
3.286017,11,3,-2.570756673812866,2.0946853160858154,1.5047085285186768,0.0,3.6415167451455948,140.82641311482789,24.406597113569685,11.600000000000001,70.7
3.286017,11,4,-1.2294923067092896,2.704237699508667,-2.106203079223633,0.0,3.6415167552315846,114.44910566907487,-35.337117203992769,11.600000000000001,70.7
3.286017,11,5,1.4800158739089966,4.859886646270752,3.2434332370758057,0.0,6.0273380828514531,73.0625612614751,32.555773899909738,12.600000000000001,68.7
3.286017,11,6,3.7000396251678467,3.914620876312256,-2.7044880390167236,0.0,6.0273381675708624,46.614168768987113,-26.660535510867707,12.600000000000001,68.7
3.286017,11,7,0.28906556963920593,2.9710164070129395,-0.9717611074447632,0.17052115499973297,3.1392382904509155,84.442888088498862,-18.0323034222945,34.2,40.400000000000006
3.286017,11,8,0.7824041843414307,1.2463796138763428,-3.3309197425842285,0.25578173995018005,3.6415168242229643,57.881802932555793,-66.164105160976035,25.200000000000003,50.1
3.597338,12,0,-0.11562623083591461,0.0410870686173439,-0.026648379862308502,0.0,0.12556953696726139,160.43764399453036,-12.252487666894533,35.1,53.6
3.597338,12,1,-0.8787593245506287,2.1207048892974854,-0.6500276923179626,0.0,2.3858212797179825,112.5077156353933,-15.810374964260358,14.5,55.400000000000006
3.597338,12,2,-1.8500198125839233,1.4539170265197754,1.8830170631408691,0.0,3.0136690739092149,141.83645424244574,38.669375338376163,14.9,62.800000000000004
3.597338,12,3,-2.570756673812866,2.088233232498169,1.5136500597000122,0.0,3.6415167736113743,140.91294237939314,24.561184209423825,11.600000000000001,70.7
3.597338,12,4,-1.2294923067092896,2.6974170207977295,-2.114931344985962,0.0,3.641516787047776,114.50366787185594,-35.505639365240391,11.600000000000001,70.7
3.597338,12,5,1.4800158739089966,5.001529693603516,3.020439624786377,0.0,6.0273378692421051,73.51584834977487,30.074346792400952,12.8,68.5
3.597338,12,6,3.7000396251678467,4.001514434814453,-2.5741779804229736,0.0,6.02733799240885,47.2416799995345,-25.282628058982386,12.8,68.5
3.597338,12,7,0.19271038472652435,3.0158026218414307,-0.8500673770904541,0.25578173995018005,3.1392383298947748,86.343759366564285,-15.711149697268652,31.900000000000002,41.6
3.597338,12,8,-3.4533703327178955,1.853095293045044,-0.8867943286895752,0.34104230999946594,4.0182251058642544,151.78177705761573,-12.749742032268363,12.700000000000001,58.300000000000004
3.597338,12,9,0.6166732311248779,2.135331392288208,-3.347567319869995,0.34104230999946594,4.018225104438411,73.891541964439057,-56.418099629206935,12.700000000000001,58.300000000000004
3.597338,12,10,0.8787593245506287,3.048537492752075,-3.5640945434570312,0.42630288004875183,4.7716421397564979,73.920054332744058,-48.325354769910909,11.9,53.2
3.597338,12,11,0.6937574148178101,1.8405765295028687,-3.2127737998962402,0.5115634799003601,3.7670859826756331,69.3473712039849,-58.523440489458729,23.700000000000003,48.1
3.597338,12,12,0.7515705227851868,7.092387676239014,-3.9688467979431152,-0.42630288004875183,8.1620197320473284,83.951020036618957,-29.0949213029378,14.3,45.2
3.893569,13,0,-0.11562623083591461,0.041071414947509766,-0.026672493666410446,0.0,0.12556953572222621,160.44453144926143,-12.263747317466244,35.4,53.300000000000004
3.893569,13,1,-0.8787593245506287,2.0922977924346924,-0.7363524436950684,0.0,2.3858212263385248,112.78227192255193,-17.97710235350101,15.100000000000001,55.1
3.893569,13,2,-1.8500198125839233,1.4587512016296387,1.879274606704712,0.0,3.0136690964029409,141.74401874112732,38.578302379255838,14.9,62.800000000000004
3.893569,13,3,-2.570756673812866,2.0948283672332764,1.504509449005127,0.0,3.6415167782483628,140.82449705627067,24.40315721249419,11.5,70.8
3.893569,13,4,-1.2294923067092896,2.7060930728912354,-2.103818655014038,0.0,3.6415167148582932,114.43430299440175,-35.291141109854834,11.5,70.8
3.893569,13,5,1.4800158739089966,5.068252086639404,2.907090902328491,0.0,6.0273380289434879,73.721297019592512,28.836874469572646,12.5,68.7
3.893569,13,6,3.7000396251678467,4.0164713859558105,-2.5507779121398926,0.0,6.0273380176554525,47.348218272998473,-25.036871152866905,12.5,68.7
3.893569,13,7,1.6650177240371704,4.184497356414795,0.39070451259613037,0.25578173995018005,4.5205035298474554,68.302317088197569,4.95822732038408,11.5,61.400000000000006
3.893569,13,8,3.05253267288208,3.2477762699127197,-0.7542849183082581,0.25578173995018005,4.5205035290781588,46.775001070473849,-9.60522173542775,11.5,61.400000000000006
3.893569,13,9,0.28906556963920593,2.79036283493042,-1.4089478254318237,0.34104230999946594,3.1392383835734479,84.0855833664758,-26.667896447755336,27.700000000000003,40.5
3.893569,13,10,1.1948044300079346,1.4358553886413574,-3.4151909351348877,0.34104230999946594,3.8926555776853053,50.23547046375748,-61.323395699149458,17.1,49.7
3.893569,13,11,0.4162544310092926,3.0468196868896484,-1.42768394947052,0.42630288004875183,3.3903774738705641,82.220452368942574,-24.903979963991993,27.200000000000003,40.6
3.893569,13,12,0.8633425831794739,2.4621613025665283,-3.055901527404785,0.596824049949646,4.0182250859032287,70.677078418846733,-49.5092046456342,21.1,42.900000000000006
4.174281,14,0,-0.11562623083591461,0.04110341891646385,-0.02662315033376217,0.0,0.12556953626432102,160.43045065824415,-12.24070775536407,35.2,53.5
4.174281,14,1,-0.8787593245506287,2.110119581222534,-0.6836081743240356,0.0,2.3858211864148751,112.60928702940627,-16.650296431480733,14.9,55.300000000000004
4.174281,14,2,-1.8500198125839233,1.4541897773742676,1.882806420326233,0.0,3.0136690647771132,141.83123265209397,38.66424641336139,15.4,62.400000000000006
4.174281,14,3,-2.570756673812866,2.0989866256713867,1.4987025260925293,0.0,3.6415167159326449,140.76884604401337,24.302867684923577,11.8,70.60000000000001
4.174281,14,4,-1.2294923067092896,2.723689556121826,-2.0809872150421143,0.0,3.6415167059280638,114.29474571573822,-34.852215409183344,11.8,70.60000000000001
4.174281,14,5,1.4800158739089966,5.035133361816406,2.964083194732666,0.0,6.027338064485499,73.619945747320841,29.45719419032207,12.5,68.9
4.174281,14,6,3.7000396251678467,3.8302526473999023,-2.822707176208496,0.0,6.0273380835444366,45.990653864707895,-27.925129318151857,12.5,68.9
4.174281,14,7,0.31219086050987244,3.098080635070801,-1.341302514076233,0.25578173995018005,3.3903774405003659,84.245779151038491,-23.304673078960253,32.9,41.800000000000004
4.174281,14,8,0.8903219699859619,2.093228340148926,-3.4636332988739014,0.34104230999946594,4.1437946043826077,66.958282661579332,-56.705522481499507,15.5,54.2
4.174281,14,9,0.4470881223678589,3.5398342609405518,-0.7282371520996094,0.5115634799003601,3.6415166804216494,82.801544423003349,-11.535896219954489,34.2,39.6
4.174281,14,10,-3.642226219177246,2.3575339317321777,-0.7011885046958923,0.5115634799003601,4.3949338322719287,147.08589477507553,-9.1804713635572242,12.5,54.2
4.174281,14,11,0.9442808628082275,2.032284736633301,3.780687093734741,0.5115634799003601,4.394933730939635,65.078532187507463,59.343267215170535,12.5,54.2
4.174281,14,12,0.8903219699859619,2.6747584342956543,-3.0371084213256836,1.193648099899292,4.1437945720031548,71.589426436946042,-47.132532365211581,26.5,40.300000000000004
4.506676,15,0,-0.11562623083591461,0.04108552262187004,-0.02665076218545437,0.0,0.12556953671770096,160.43832419055516,-12.253600055144657,34.6,54.1
4.506676,15,1,-0.8055294156074524,2.0831985473632812,-0.8387783169746399,0.0,2.3858212196583755,111.14044635122434,-20.583249035133992,14.5,56.0
4.506676,15,2,-1.8500198125839233,1.466135859489441,1.8735190629959106,0.0,3.0136690834998743,141.60326753188295,38.438466339504011,15.0,62.7
4.506676,15,3,-2.570756673812866,2.1007838249206543,1.4961822032928467,0.0,3.6415166813364843,140.74482095875916,24.259364718919734,11.8,70.7
4.506676,15,4,-1.2294923067092896,2.7163243293762207,-2.0905919075012207,0.0,3.6415166782987685,114.35297655292693,-35.036574839343295,11.8,70.7
4.506676,15,5,1.4800158739089966,4.900647163391113,3.1815109252929688,0.0,6.0273378348019033,73.19546495227334,31.860086182369663,12.8,68.60000000000001
4.506676,15,6,3.7000396251678467,3.919048309326172,-2.698068141937256,0.0,6.02733810045374,46.646498774392469,-26.592268487581944,12.8,68.60000000000001
4.506676,15,7,0.31219086050987244,3.041933059692383,-1.4641852378845215,0.25578173995018005,3.3903773070079248,84.140300972053666,-25.5859749901984,33.300000000000004,41.300000000000004
4.506676,15,8,0.7400079369544983,1.3707908391952515,-3.7039780616760254,0.25578173995018005,4.0182250749497044,61.638045024285034,-67.189862303461382,16.7,53.0
4.800871,16,0,-0.11562623083591461,0.041072163730859756,-0.02667134627699852,0.0,0.12556953692310219,160.444201978844,-12.26321143366385,35.5,53.2
4.800871,16,1,-0.8787593245506287,2.0908448696136475,-0.7404674887657166,0.0,2.3858210999975236,112.7964850742943,-18.081029463241062,14.700000000000001,55.0
4.800871,16,2,-1.8500198125839233,1.4673676490783691,1.8725544214248657,0.0,3.0136690570984479,141.57984284884446,38.41505639996921,15.4,62.300000000000004
4.800871,16,3,-2.570756673812866,2.0915708541870117,1.509034514427185,0.0,3.6415166730045967,140.8681547962189,24.481364514846209,11.8,70.60000000000001
4.800871,16,4,-1.2294923067092896,2.7097012996673584,-2.0991692543029785,0.0,3.6415167202536947,114.40556370285395,-35.201566148453992,11.8,70.60000000000001
4.800871,16,5,1.4800158739089966,5.110592365264893,2.831996440887451,0.0,6.027338148148452,73.849104412629927,28.025115944701202,12.5,68.7
4.800871,16,6,3.7000396251678467,3.8143203258514404,-2.8441998958587646,0.0,6.0273382038523993,45.871304691583681,-28.156611483549042,12.5,68.7
4.800871,16,7,0.3237534463405609,3.172952890396118,-1.4796749353408813,0.42630288004875183,3.5159471345522975,84.173966374369385,-24.888058091638754,34.5,40.900000000000006
4.800871,16,8,0.7631331086158752,2.818115711212158,-2.940558671951294,0.42630288004875183,4.143794590280085,74.847950471503054,-45.204774276624931,12.8,53.7
4.800871,16,9,1.1100119352340698,2.8245368003845215,-3.3503458499908447,0.42630288004875183,4.5205035059868486,68.545718457507988,-47.828992179233005,11.4,58.0
4.800871,16,10,2.2662739753723145,4.762165546417236,-0.004555296618491411,0.596824049949646,5.27392066433128,64.550621533138809,-0.049488666920595087,13.700000000000001,46.300000000000004
5.101525,17,0,-0.11562623083591461,0.041103266179561615,-0.02662338688969612,0.0,0.12556953642275881,160.43051785208104,-12.240818188151351,34.6,54.1
5.101525,17,1,-0.8787593245506287,2.1128432750701904,-0.6751431822776794,0.0,2.3858212364026854,112.58306889252137,-16.438228584577846,14.200000000000001,55.900000000000006
5.101525,17,2,-1.8500198125839233,1.4566329717636108,1.880916953086853,0.0,3.0136691102029554,141.78449305897507,38.618254402801348,14.700000000000001,63.0
5.101525,17,3,-2.570756673812866,2.0962605476379395,1.50251305103302,0.0,3.6415166659046418,140.80531987194308,24.368669737693192,11.5,70.9
5.101525,17,4,-1.2294923067092896,2.7144641876220703,-2.0930068492889404,0.0,3.6415168308426771,114.36772465870131,-35.082992620196016,11.5,70.9
5.101525,17,5,1.2950139045715332,5.185137748718262,2.786770820617676,0.0,6.0273382261876431,75.976970834536928,27.539185226520114,12.0,69.3
5.101525,17,6,3.7000396251678467,3.8263401985168457,-2.8280086517333984,0.0,6.027338175088329,45.961393234609154,-27.982181047382213,12.0,69.3
5.101525,17,7,0.7631331086158752,2.415519952774048,-3.279317617416382,0.25578173995018005,4.1437944953403179,72.467155981818777,-52.314696885697977,24.6,44.0
5.101525,17,8,1.4645988941192627,4.5151214599609375,0.4870299696922302,0.25578173995018005,4.7716422655343278,72.028159993425618,5.8582432954860488,20.1,56.7
5.101525,17,9,3.075657606124878,3.648134231567383,-0.004190810024738312,0.25578173995018005,4.7716423424787635,49.866536577066704,-0.050321407346593613,20.1,56.7
5.101525,17,10,0.33531609177589417,3.207165241241455,-1.6918327808380127,0.42630288004875183,3.6415167065865979,84.031287084941283,-27.684055633585945,34.800000000000004,40.800000000000004
5.101525,17,11,0.3931291997432709,4.210808753967285,-0.5848160982131958,0.596824049949646,4.2693642148342894,84.666217240841377,-7.8731101917861777,16.0,43.900000000000006
5.101525,17,12,0.46250492334365845,6.637401103973389,-3.5347909927368164,-0.25578173995018005,7.53417225589365,86.013979811303955,-27.980289931208841,11.5,46.300000000000004
5.378456,18,0,-0.11562623083591461,0.04107405245304108,-0.026668434962630272,0.0,0.125569536375633,160.4433709325763,-12.261852076905289,35.5,53.2
5.378456,18,1,-0.8787593245506287,2.12504506111145,-0.6356947422027588,0.0,2.3858210887455655,112.46631916822713,-15.452948290933936,15.0,55.1
5.378456,18,2,-1.8500198125839233,1.4524208307266235,1.8841713666915894,0.0,3.0136690786385492,141.8651109869231,38.697488599777287,14.9,62.7
5.378456,18,3,-2.570756673812866,2.097592353820801,1.5006532669067383,0.0,3.6415166876232692,140.7874961068286,24.336549803151748,11.8,70.60000000000001
5.378456,18,4,-1.2294923067092896,2.70731782913208,-2.1022422313690186,0.0,3.6415166564970094,114.42454077062911,-35.260759443293878,11.8,70.60000000000001
5.378456,18,5,1.2950139045715332,5.135448455810547,2.877309560775757,0.0,6.0273379002551462,75.846715679637867,28.514197788750813,12.200000000000001,69.2
5.378456,18,6,3.515037775039673,4.0109944343566895,-2.8080663681030273,0.0,6.0273380227151288,48.770273034753792,-27.767727567253814,12.200000000000001,69.2
5.378456,18,7,0.7400079369544983,1.156241774559021,-3.776456832885742,0.25578173995018005,4.01822510552115,57.380292851371493,-70.023374456776409,24.6,40.900000000000006
5.378456,18,8,1.503141164779663,4.567702770233154,0.9270073175430298,0.25578173995018005,4.8972119134492349,71.78464116855001,10.911520016984356,12.600000000000001,59.2
5.378456,18,9,3.1565961837768555,3.733285903930664,0.2848905920982361,0.25578173995018005,4.8972120392513219,49.78455903920274,3.3350096445115378,12.600000000000001,59.2
5.378456,18,10,0.49333858489990234,3.600586414337158,-1.7142133712768555,0.5115634799003601,4.0182251017986426,82.198131913355212,-25.252587942878975,23.200000000000003,41.400000000000006
5.693517,19,0,-0.11562623083591461,0.04109364375472069,-0.02663823589682579,0.0,0.1255695362182048,160.43475117674873,-12.247751334065963,35.0,53.7
5.693517,19,1,-0.8787593245506287,2.128380537033081,-0.624436616897583,0.0,2.3858211897433561,112.43460346592954,-15.172630451818485,14.9,55.5
5.693517,19,2,-1.8500198125839233,1.4765938520431519,1.8652877807617188,0.0,3.0136690621074615,141.40487234210076,38.238949278017486,14.700000000000001,63.0
5.693517,19,3,-2.570756673812866,2.0877950191497803,1.5142542123794556,0.0,3.6415166809516264,140.91882699759279,24.571636742961356,11.5,70.8
5.693517,19,4,-1.2294923067092896,2.7091057300567627,-2.099937915802002,0.0,3.6415167772655628,114.41030300204018,-35.216367649438006,11.5,70.8
5.693517,19,5,1.4800158739089966,5.088403224945068,2.871673345565796,0.0,6.0273379007889574,73.782369348691944,28.453241401993033,12.100000000000001,69.0
5.693517,19,6,3.7000396251678467,3.949536085128784,-2.6532390117645264,0.0,6.0273381993294368,46.868081180167366,-26.116692762178488,12.100000000000001,69.0
5.693517,19,7,0.8325088620185852,2.9359283447265625,-3.3349971771240234,0.42630288004875183,4.5205035584692927,74.168838636415117,-47.54001999763927,28.900000000000002,42.1
5.693517,19,8,1.503141164779663,4.657450199127197,0.1772221177816391,0.42630288004875183,4.8972117983232195,72.113082019787782,2.0738937592765021,24.200000000000003,47.1
5.693517,19,9,3.1565961837768555,3.6846108436584473,0.6650027632713318,0.42630288004875183,4.8972119835472236,49.413424848538135,7.8044264311660783,24.200000000000003,47.1
5.693517,19,10,0.6744863390922546,2.80741286277771,-3.3134491443634033,0.596824049949646,4.3949339057594914,76.490619496794821,-48.931499303445413,31.6,40.900000000000006
6.010809,20,0,-0.11562623083591461,0.04111446067690849,-0.02660609595477581,0.0,0.12556953641719,160.42559318393239,-12.232745135892886,35.5,53.2
6.010809,20,1,-0.8787593245506287,2.1222150325775146,-0.6450797915458679,0.0,2.3858211442695194,112.49329552375434,-15.686916991491644,15.3,55.2
6.010809,20,2,-1.8500198125839233,1.4623370170593262,1.8764855861663818,0.0,3.0136690285273882,141.67560500252094,38.510507670626446,14.700000000000001,63.0
6.010809,20,3,-2.570756673812866,2.0914437770843506,1.5092105865478516,0.0,3.641516654253603,140.86985900306004,24.484408679170038,11.5,70.9
6.010809,20,4,-1.2294923067092896,2.707256317138672,-2.1023216247558594,0.0,3.641516759931319,114.4250308926046,-35.2622881640366,11.5,70.9
6.010809,20,5,1.2950139045715332,5.021848201751709,3.0712838172912598,0.0,6.0273381073924872,75.539835503438127,30.634453216553119,12.100000000000001,69.3
6.010809,20,6,3.7000396251678467,3.978337287902832,-2.6098551750183105,0.0,6.0273381221481293,47.075738794678962,-25.658286273949354,12.100000000000001,69.3
6.010809,20,7,0.3584413230419159,3.620997190475464,-1.3829923868179321,0.25578173995018005,3.8926557486491919,84.346726981827075,-20.810757894602048,30.900000000000002,41.800000000000004
6.010809,20,8,0.6937574744224548,3.0887503623962402,-3.2269601821899414,0.34104230999946594,4.5205033184325023,77.341006013706476,-45.549011477594576,18.8,51.0
6.289788,21,0,-0.11562623083591461,0.04110446572303772,-0.026621533557772636,0.0,0.12556953614895697,160.42999013613809,-12.239952891852523,35.4,53.300000000000004
6.289788,21,1,-0.8787593245506287,2.1400601863861084,-0.5831531286239624,0.0,2.3858212680885251,112.32421273866905,-14.147824990034565,15.100000000000001,55.300000000000004
6.289788,21,2,-1.8500198125839233,1.4693827629089355,1.8709735870361328,0.0,3.0136690552006211,141.5415545847932,38.376708447882308,15.100000000000001,62.6
6.289788,21,3,-2.570756673812866,2.0902671813964844,1.510839819908142,0.0,3.6415166794890097,140.88564202163727,24.512579060663228,11.700000000000001,70.7
6.289788,21,4,-1.2294923067092896,2.7031638622283936,-2.10758113861084,0.0,3.6415167793301486,114.45768072873437,-35.36370064953411,11.700000000000001,70.7
6.289788,21,5,1.4800158739089966,4.875336647033691,3.2201623916625977,0.0,6.0273377404630732,73.113176990445538,32.293705826400505,11.9,69.3
6.289788,21,6,3.7000396251678467,3.9712069034576416,-2.620692253112793,0.0,6.0273381673345039,47.024478581035183,-25.772627555513111,11.9,69.3
6.289788,21,7,0.6937574744224548,2.947652816772461,-3.3563363552093506,0.17052115499973297,4.5205033227333917,76.755941917183932,-47.94221584803639,25.1,47.1
6.289788,21,8,0.37000396847724915,3.7028114795684814,-1.5160527229309082,0.34104230999946594,4.0182249375338932,84.293653390091691,-22.1661758627892,31.200000000000003,41.400000000000006
6.289788,21,9,-0.3006282150745392,3.976590871810913,2.8423638343811035,0.34104230999946594,4.8972119060202441,94.323307532844922,35.478998140525732,14.100000000000001,56.6
6.289788,21,10,1.503141164779663,4.485962390899658,-1.2646713256835938,0.34104230999946594,4.8972120125462855,71.475203001028859,-14.965840799563235,14.100000000000001,56.6
6.289788,21,11,0.9018846154212952,3.9396893978118896,-2.765526294708252,0.8526057600975037,4.89721186977731,77.1058689349133,-34.382464376000677,23.3,43.1
6.59845,22,0,-0.11562623083591461,0.04107047989964485,-0.0266739334911108,0.0,0.125569535733774,160.44494287938394,-12.264419632979818,34.800000000000004,53.900000000000006
6.59845,22,1,-0.8787593245506287,2.1210062503814697,-0.649043619632721,0.0,2.3858212600335094,112.5048365878432,-15.78581475957507,14.700000000000001,55.6
6.59845,22,2,-1.8500198125839233,1.4656243324279785,1.8739192485809326,0.0,3.0136690828556709,141.61299959732469,38.448180453647048,15.0,62.6
6.59845,22,3,-2.570756673812866,2.087258815765381,1.5149931907653809,0.0,3.64151666315138,140.92602882643519,24.584422414313114,11.600000000000001,70.8
6.59845,22,4,-1.2294923067092896,2.7108983993530273,-2.097623109817505,0.0,3.6415167409628362,114.39604289791455,-35.171799941734164,11.600000000000001,70.8
6.59845,22,5,1.4800158739089966,4.911713123321533,3.1643998622894287,0.0,6.0273376611310683,73.2311977032601,31.668774791294865,11.8,69.5
6.59845,22,6,3.7000396251678467,3.994704484939575,-2.584733486175537,0.0,6.0273380811404405,47.193030347736752,-25.393648593981069,11.8,69.5
6.59845,22,7,0.7708415389060974,3.6322991847991943,-3.3823864459991455,0.17052115499973297,5.0227813127862477,78.018526631387658,-42.330726164782753,14.5,56.0
6.59845,22,8,0.37000396847724915,3.6896767616271973,-1.5477454662322998,0.25578173995018005,4.0182251766449468,84.273474391854521,-22.655000204281244,28.900000000000002,41.5
6.59845,22,9,0.5550059676170349,4.3279900550842285,-1.1812797784805298,0.25578173995018005,4.5205034516130516,82.692476354773277,-15.14816192690534,15.4,47.800000000000004
6.59845,22,10,2.5360686779022217,5.326383590698242,-0.16988863050937653,0.5115634799003601,5.9017682639250229,64.539324697658955,-1.6495473718128564,14.200000000000001,47.300000000000004
6.893669,23,0,-0.11562623083591461,0.04106421768665314,-0.02668357826769352,0.0,0.12556953683399957,160.44769836788583,-12.268923132922321,35.1,53.6
6.893669,23,1,-0.8787593245506287,2.119802713394165,-0.6529632210731506,0.0,2.3858211295636069,112.51633873227684,-15.883658210993351,14.8,55.400000000000006
6.893669,23,2,-1.8500198125839233,1.4649626016616821,1.874436616897583,0.0,3.0136690863442315,141.625593252342,38.460740937283717,14.8,62.900000000000006
6.893669,23,3,-2.570756673812866,2.085923194885254,1.5168317556381226,0.0,3.6415167205198888,140.94397414546791,24.616237868026229,11.5,70.9
6.893669,23,4,-1.2294923067092896,2.708437919616699,-2.100799083709717,0.0,3.6415167288906622,114.41561921957269,-35.232954925792839,11.5,70.9
6.893669,23,5,1.4800158739089966,4.748162746429443,3.4048948287963867,0.0,6.0273381561654045,72.687594519447856,34.395940761555877,12.4,69.0
6.893669,23,6,3.7000396251678467,3.9903013706207275,-2.5915260314941406,0.0,6.0273381710421434,47.16152735017512,-25.465144978036371,12.4,69.0
6.893669,23,7,0.4162544310092926,4.459080219268799,-0.6150496602058411,0.25578173995018005,4.5205033168584743,84.6669034485864,-7.8197908040899113,15.8,41.6
6.893669,23,8,0.7708415389060974,4.239736557006836,-2.5804591178894043,0.5115634799003601,5.0227813022290615,79.69541062671712,-30.914009249472976,22.1,41.2
7.198999,24,0,-0.11562623083591461,0.04110918939113617,-0.026614241302013397,0.0,0.12556953671093285,160.42791208335245,-12.236548098813481,35.300000000000004,53.300000000000004
7.198999,24,1,-0.8787593245506287,2.11869740486145,-0.6565410494804382,0.0,2.3858211989803837,112.52691193470783,-15.973010349424408,15.100000000000001,55.300000000000004
7.198999,24,2,-1.8500198125839233,1.4735146760940552,1.8677211999893188,0.0,3.0136690741531598,141.46317291931786,38.297875390869493,14.600000000000001,63.0
7.198999,24,3,-2.570756673812866,2.093662738800049,1.5061309337615967,0.0,3.6415167072837509,140.84011278156987,24.431176207731877,11.4,70.9
7.198999,24,4,-1.2294923067092896,2.7040538787841797,-2.1064391136169434,0.0,3.6415167788986542,114.45057315747465,-35.34166958508483,11.4,70.9
7.198999,24,5,1.2950139045715332,5.028700351715088,3.060051918029785,0.0,6.0273382169421046,75.558714573842892,30.510443399788663,12.9,68.4
7.198999,24,6,3.7000396251678467,4.039939880371094,-2.5134429931640625,0.0,6.0273379816226127,47.514521561828651,-24.645779598916722,12.9,68.4
7.503585,25,0,-0.11562623083591461,0.04108792543411255,-0.026647057384252548,0.0,0.12556953667605472,160.43726702089182,-12.2518702012147,35.1,53.6
7.503585,25,1,-0.8787593245506287,2.1225292682647705,-0.6440455317497253,0.0,2.3858212615558707,112.49029714007385,-15.661119045279611,15.100000000000001,55.400000000000006
7.503585,25,2,-1.8500198125839233,1.4635539054870605,1.8755366802215576,0.0,3.0136690561632649,141.65241730211383,38.487455723762267,14.600000000000001,63.1
7.503585,25,3,-2.570756673812866,2.096587657928467,1.5020568370819092,0.0,3.6415167753500564,140.80094126704347,24.360789067609215,11.5,70.9
7.503585,25,4,-1.2294923067092896,2.7062952518463135,-2.1035585403442383,0.0,3.6415166970753292,114.43269097208447,-35.286127348570986,11.5,70.9
7.503585,25,5,1.4800158739089966,4.6616950035095215,3.522350788116455,0.0,6.0273379171333064,72.386163835190416,35.760315453024305,12.600000000000001,68.7
7.503585,25,6,3.7000396251678467,3.9349312782287598,-2.6748509407043457,0.0,6.0273381311472951,46.762162142018227,-26.345721751759033,12.600000000000001,68.7
7.503585,25,7,3.1488876342773438,3.4820616245269775,2.6672539710998535,0.25578173995018005,5.3994898126263893,47.87642427609439,29.602683631593536,20.3,48.6
7.503585,25,8,1.4915783405303955,5.120063781738281,-0.8453589677810669,0.25578173995018005,5.3994898702947287,73.758088286318653,-9.0074417241557327,20.3,48.6
7.503585,25,9,2.4551303386688232,5.630845069885254,0.3524048924446106,0.42630288004875183,6.1529074744483241,66.442098170960989,3.2833857160631679,14.8,49.0
7.503585,25,10,0.8787593245506287,3.5367507934570312,-3.0802183151245117,-0.34104230999946594,4.7716421695609261,76.046553712629063,-40.205112530183762,11.8,46.2
7.503585,25,11,-0.8787593245506287,4.610714912414551,0.858871340751648,-0.34104230999946594,4.7716422680258761,100.79062824622844,10.369463573775747,11.8,46.2
7.796685,26,0,-0.11562623083591461,0.04113972559571266,-0.026567015796899796,0.0,0.12556953694174183,160.41447978132615,-12.214499658097433,34.9,53.7
7.796685,26,1,-0.8787593245506287,2.1282689571380615,-0.62481689453125,0.0,2.3858212120973952,112.43566306141662,-15.182092769324129,15.0,55.5
7.796685,26,2,-1.8500198125839233,1.4651914834976196,1.8742576837539673,0.0,3.0136690686566427,141.62123681725458,38.456396863670058,14.700000000000001,63.0
7.796685,26,3,-2.570756673812866,2.0920205116271973,1.508411169052124,0.0,3.641516710375432,140.86212518810868,24.470588107276924,11.5,70.8
7.796685,26,4,-1.2294923067092896,2.7060585021972656,-2.10386323928833,0.0,3.6415167827706387,114.43457865499943,-35.29199978926178,11.5,70.8
7.796685,26,5,1.2950139045715332,5.009694576263428,3.091068983078003,0.0,6.027338402530896,75.5062306907492,30.853283527074836,12.200000000000001,69.10000000000001
7.796685,26,6,3.7000396251678467,3.9776904582977295,-2.6108410358428955,0.0,6.0273381790211689,47.071092810103977,-25.668683244712224,12.200000000000001,69.10000000000001
7.796685,26,7,0.28521138429641724,4.334518909454346,-1.6482096910476685,0.17052115499973297,4.646073061824687,86.235364094043689,-20.778324681959308,26.1,45.6
7.796685,26,8,3.2221179008483887,3.111440658569336,3.2346835136413574,0.34104230999946594,5.5250596532697465,43.998873468608437,35.835264442593477,19.0,47.7
7.796685,26,9,-0.33917027711868286,2.5074737071990967,4.9116010665893555,0.34104230999946594,5.5250598102190027,97.703288091587922,62.743844493911325,19.0,47.7
7.796685,26,10,2.7519044876098633,5.782573223114014,0.02604483999311924,0.5115634799003601,6.4040463554921869,64.550401790473785,0.23301885098035174,23.5,47.900000000000006
8.100159,27,0,-0.11562623083591461,0.04110917076468468,-0.026614269241690636,0.0,0.12556953653474004,160.42792027746165,-12.236561161136278,35.4,53.300000000000004
8.100159,27,1,-0.8787593245506287,2.125344753265381,-0.6346928477287292,0.0,2.3858213012871192,112.46346603945091,-15.427985344489036,15.3,55.1
8.100159,27,2,-1.8500198125839233,1.465190052986145,1.8742587566375732,0.0,3.0136690404148925,141.62126404334469,38.456423337997037,14.700000000000001,62.900000000000006
8.100159,27,3,-2.570756673812866,2.093203067779541,1.5067696571350098,0.0,3.6415166838252748,140.84627282247786,24.442214921470367,11.600000000000001,70.8
8.100159,27,4,-1.2294923067092896,2.704965114593506,-2.105268716812134,0.0,3.6415167133233091,114.44330014752683,-35.319098150867426,11.600000000000001,70.8
8.100159,27,5,1.2950139045715332,5.147772789001465,2.8552024364471436,0.0,6.0273382726798426,75.879243160591,28.275305342941461,12.200000000000001,69.10000000000001
8.100159,27,6,3.7000396251678467,3.9765517711639404,-2.612575054168701,0.0,6.0273381878092653,47.062911990732459,-25.686972964309916,12.200000000000001,69.10000000000001
8.100159,27,7,0.4740675687789917,5.056748390197754,-0.8426588773727417,-0.25578173995018005,5.1483510297133677,84.644204079084929,-9.4202996321041681,15.0,44.1
8.413234,28,0,-0.11562623083591461,0.041108254343271255,-0.026615682989358902,0.0,0.12556953616805847,160.42832342866396,-12.237221269557418,35.4,53.2
8.413234,28,1,-0.8787593245506287,2.132383108139038,-0.6106281876564026,0.0,2.3858211278136348,112.39665655065721,-14.829319724954198,15.8,54.800000000000004
8.413234,28,2,-1.8500198125839233,1.4591174125671387,1.8789901733398438,0.0,3.0136690266380235,141.73702589137787,38.571386479634114,15.0,62.7
8.413234,28,3,-2.570756673812866,2.087918996810913,1.5140832662582397,0.0,3.6415166826969916,140.91716204410466,24.568679266762537,11.5,70.9
8.413234,28,4,-1.2294923067092896,2.7068233489990234,-2.102879047393799,0.0,3.64151675307302,114.42848126584926,-35.273030312800813,11.5,70.9
8.413234,28,5,1.2950139045715332,5.134886264801025,2.8783130645751953,0.0,6.0273380578145845,75.845228393699713,28.525053689126963,12.4,68.8
8.413234,28,6,3.7000396251678467,3.9645588397979736,-2.6307382583618164,0.0,6.0273380364835223,46.976596917250738,-25.878721557636453,12.4,68.8
8.413234,28,7,2.80586314201355,5.8915019035339355,0.230702206492424,0.34104230999946594,6.5296160805314276,64.533594631633889,2.0247766878418552,19.400000000000002,46.1
8.413234,28,8,0.14260569214820862,4.54182243347168,-0.968250036239624,-0.17052115499973297,4.6460731304293645,88.201598376896229,-12.02871048338883,29.0,45.7
8.694937,29,0,-0.11562623083591461,0.04111699387431145,-0.026602184399962425,0.0,0.1255695371395068,160.42447882491558,-12.230918812878418,35.4,53.300000000000004
8.694937,29,1,-0.8787593245506287,2.1209557056427,-0.6492085456848145,0.0,2.3858211985757007,112.50531941733473,-15.78993116888452,15.100000000000001,55.1
8.694937,29,2,-1.8500198125839233,1.4746923446655273,1.8667914867401123,0.0,3.0136690716356904,141.44086397731013,38.275356378145872,14.9,62.7
8.694937,29,3,-2.570756673812866,2.08671498298645,1.515742301940918,0.0,3.6415167200037248,140.93333462862975,24.597384194484821,11.700000000000001,70.7
8.694937,29,4,-1.2294923067092896,2.705533027648926,-2.104538917541504,0.0,3.6415167652234222,114.43876941498117,-35.305025919457456,11.700000000000001,70.7
8.694937,29,5,1.2950139045715332,5.076044082641602,2.9808590412139893,0.0,6.0273381492613813,75.687849153885608,29.640507311740727,12.5,68.8
8.694937,29,6,3.7000396251678467,3.953049659729004,-2.648000955581665,0.0,6.0273380443490332,46.893500620905868,-26.061251771378039,12.5,68.8
8.694937,29,7,0.14260569214820862,4.526899814605713,-1.0357776880264282,-0.25578173995018005,4.64607293678475,88.195673979893272,-12.881546925624027,22.6,42.2
9.056158,30,0,-0.11562623083591461,0.041129693388938904,-0.026582542806863785,0.0,0.12556953658299086,160.41889251330664,-12.221748666846926,35.2,53.5
9.056158,30,1,-0.8787593245506287,2.1233465671539307,-0.6413456797599792,0.0,2.385821216201216,112.48250216054062,-15.59379327784392,15.200000000000001,55.2
9.056158,30,2,-1.8500198125839233,1.4760528802871704,1.8657158613204956,0.0,3.0136690408105506,141.41510815734,38.2493122882153,14.9,62.800000000000004
9.056158,30,3,-2.570756673812866,2.085325002670288,1.5176538228988647,0.0,3.64151663031693,140.9520143775147,24.630466788328455,11.600000000000001,70.8
9.056158,30,4,-1.2294923067092896,2.70839524269104,-2.1008541584014893,0.0,3.6415167606042425,114.41595903032606,-35.234015468550211,11.600000000000001,70.8
9.056158,30,5,1.2950139045715332,5.12255859375,2.900196075439453,0.0,6.0273381218768529,75.812538187021929,28.762080772861104,12.100000000000001,69.2
9.056158,30,6,3.7000396251678467,3.9936227798461914,-2.58640456199646,0.0,6.0273381101307679,47.185294526828294,-25.411233895245783,12.100000000000001,69.2
9.056158,30,7,-0.14260569214820862,4.6418986320495605,-0.13577666878700256,-0.25578173995018005,4.6460730297148309,91.7596539430786,-1.6746481981654395,23.200000000000003,43.5
9.599286,31,0,-0.11562623083591461,0.0411268025636673,-0.02658701315522194,0.0,0.12556953617397423,160.42016410664877,-12.223835780567349,35.6,53.1
9.599286,31,1,-0.8787593245506287,2.1238820552825928,-0.639569878578186,0.0,2.3858211510548317,112.47739772555141,-15.549522689146048,15.200000000000001,55.1
9.599286,31,2,-1.8500198125839233,1.468833327293396,1.871405005455017,0.0,3.0136690834865956,141.5519901345788,38.387171379544959,14.8,62.900000000000006
9.599286,31,3,-2.570756673812866,2.0890350341796875,1.5125432014465332,0.0,3.6415167425436406,140.90217779834134,24.54203799796829,11.5,70.8
9.599286,31,4,-1.2294923067092896,2.7011542320251465,-2.1101560592651367,0.0,3.6415167323380597,114.47374368032023,-35.413396645542676,11.5,70.8
9.599286,31,5,1.4800158739089966,4.936704158782959,3.1252694129943848,0.0,6.0273380394802683,73.311354873618228,31.23274026878569,12.3,69.0
9.599286,31,6,3.7000396251678467,3.9180305004119873,-2.6995460987091064,0.0,6.0273381661415337,46.639069947721133,-26.607980731077724,12.3,69.0
9.599286,31,7,-0.12333464622497559,3.9601614475250244,0.6693605780601501,-0.5115634799003601,4.0182251938989131,91.783834171874588,9.5890990780167975,32.800000000000004,41.0
9.599286,31,8,-0.13104306161403656,4.053633689880371,1.3335496187210083,-0.42630288004875183,4.2693644680820215,91.851573447302044,18.201102124738853,28.900000000000002,41.300000000000004
9.599286,31,9,-4.278170585632324,1.7913254499435425,0.27276742458343506,-0.42630288004875183,4.6460728034867191,157.28030770889052,3.3657273090844728,14.700000000000001,51.6
9.599286,31,10,-0.4509423077106476,4.639603137969971,1.5011389255523682,-0.17052115499973297,4.8972118921436021,95.551377967798459,17.850193842569222,19.5,51.0
9.90484,32,0,-0.11562623083591461,0.041070062667131424,-0.026674581691622734,0.0,0.12556953696349035,160.44512646641067,-12.264722184520055,35.6,53.0
9.90484,32,1,-0.8787593245506287,2.1172373294830322,-0.6612344980239868,0.0,2.3858212257455822,112.54089321694005,-16.090284800808085,15.5,54.800000000000004
9.90484,32,2,-1.8500198125839233,1.4715934991836548,1.8692352771759033,0.0,3.0136690686323746,141.49959609071368,38.334563664814588,14.9,62.7
9.90484,32,3,-2.570756673812866,2.091254234313965,1.509473204612732,0.0,3.6415166488612005,140.87240107834839,24.488949137719285,11.600000000000001,70.8
9.90484,32,4,-1.2294923067092896,2.7043673992156982,-2.106036424636841,0.0,3.64151668732894,114.44807034223534,-35.333903672473568,11.600000000000001,70.8
9.90484,32,5,1.4800158739089966,4.939791202545166,3.120387077331543,0.0,6.0273376895726454,73.321204736064445,31.17847983325742,12.200000000000001,69.10000000000001
9.90484,32,6,3.7000396251678467,3.9307966232299805,-2.6809232234954834,0.0,6.02733810660111,46.732100350028773,-26.410153307661,12.200000000000001,69.10000000000001
9.90484,32,7,-0.12718884646892548,3.923326015472412,1.327543020248413,-0.42630288004875183,4.143794697732865,91.856800263152067,18.685236892126767,25.700000000000003,41.900000000000006
9.90484,32,8,0.0,5.574090957641602,0.9268882870674133,-0.42630288004875183,5.6506293366991107,90,9.44104975002562,11.3,46.6
9.90484,32,9,5.376619815826416,1.4475007057189941,0.9624499678611755,-0.42630288004875183,5.6506290691948848,15.067983564748742,9.806783397380098,11.3,46.6
9.90484,32,10,-0.11562623083591461,3.751854419708252,0.31805020570755005,-0.34104230999946594,3.7670860018444334,91.7652067736815,4.8431741846573111,30.900000000000002,40.5
9.90484,32,11,-6.212982654571533,1.8845398426055908,0.6951537728309631,-0.25578173995018005,6.5296158119950487,163.12624850384105,6.1113858855075067,13.5,50.7
10.21103,33,0,-0.11562623083591461,0.041121575981378555,-0.02659509889781475,0.0,0.12556953672725343,160.42246318526287,-12.227610761520301,35.800000000000004,52.900000000000006
10.21103,33,1,-0.8787593245506287,2.107900857925415,-0.6904191374778748,0.0,2.3858211506152491,112.63068701509212,-16.821097400596702,15.4,54.800000000000004
10.21103,33,2,-1.8500198125839233,1.4765750169754028,1.8653026819229126,0.0,3.0136690566314304,141.40522867446785,38.239310052700731,15.100000000000001,62.5
10.21103,33,3,-1.2294923067092896,2.66776180267334,-2.152217388153076,0.0,3.6415167243785502,114.74357475328962,-36.229583380465947,11.8,70.7
10.21103,33,4,-2.570756673812866,2.060629367828369,1.5510194301605225,0.0,3.641516791152501,141.28554714317556,25.2093380905159,11.8,70.7
10.21103,33,5,1.4800158739089966,4.9102783203125,3.166626453399658,0.0,6.0273379916281495,73.226572955209875,31.693645183379466,12.3,68.9
10.21103,33,6,3.7000396251678467,3.9494993686676025,-2.6532933712005615,0.0,6.0273380695440384,46.867815422670631,-26.117268867162622,12.3,68.9
10.21103,33,7,-0.12333464622497559,3.8214237689971924,1.235978126525879,-0.34104230999946594,4.0182251040063157,91.84855254002585,17.914236391661532,32.800000000000004,40.5
10.21103,33,8,-0.42781707644462585,4.534697532653809,0.916233479976654,-0.34104230999946594,4.6460728527848438,95.3895049028113,11.373621336345506,17.8,54.1
10.495222,34,0,-0.11562623083591461,0.04106329753994942,-0.026684990152716637,0.0,0.12556953596165438,160.44810325723356,-12.269582502825337,35.800000000000004,52.900000000000006
10.495222,34,1,-0.8787593245506287,2.1142590045928955,-0.6706961989402771,0.0,2.3858211333332919,112.56946390094872,-16.326915083133411,15.3,54.900000000000006
10.495222,34,2,-1.8500198125839233,1.4740735292434692,1.867280125617981,0.0,3.0136690501940082,141.45258466446094,38.287191396036008,15.0,62.6
10.495222,34,3,-2.570756673812866,2.133920907974243,1.44852876663208,0.0,3.641516703957798,140.30478175732421,23.43957593922779,11.5,70.7
10.495222,34,4,-1.2294923067092896,2.765120029449463,-2.0256121158599854,0.0,3.6415167929639836,113.97200616865982,-33.79720327521926,11.5,70.7
10.495222,34,5,1.4800158739089966,4.944303035736084,3.1132335662841797,0.0,6.0273379475893156,73.335580384606217,31.099030075434982,12.5,68.8
10.495222,34,6,3.7000396251678467,3.9388039112091064,-2.669145345687866,0.0,6.0273382479478927,46.790288460038404,-26.285213275044157,12.5,68.8
10.495222,34,7,0.0,3.7513906955718994,1.4398618936538696,-0.596824049949646,4.0182252828356857,90,20.997842463713589,22.400000000000002,40.5
10.495222,34,8,0.0,3.8783833980560303,1.4591691493988037,-0.42630288004875183,4.1437944433663541,90,20.617869712505733,25.8,40.6
10.495222,34,9,-0.34687870740890503,5.269269943237305,2.0109901428222656,-0.42630288004875183,5.650629339010484,93.766375713956919,20.847866469945831,12.9,52.900000000000006
10.495222,34,10,2.9484689235687256,3.2983174324035645,-3.515286922454834,-0.42630288004875183,5.6506290822641807,48.205476269131637,-38.470046208848842,12.9,52.900000000000006
10.495222,34,11,-0.28521138429641724,3.655383586883545,2.853562355041504,-0.34104230999946594,4.6460728379029854,94.461465442922929,37.892945262094933,13.8,50.900000000000006
10.495222,34,12,-1.9964796304702759,3.822390556335449,-1.7289856672286987,-0.34104230999946594,4.6460727413082354,117.57859574744944,-21.847606246510146,13.8,50.900000000000006
10.802502,35,0,-0.11562623083591461,0.041088078171014786,-0.026646822690963745,0.0,0.12556953684963282,160.43719982142835,-12.251760600629511,35.2,53.5
10.802502,35,1,-0.8787593245506287,2.1187732219696045,-0.6562961935997009,0.0,2.3858211605972466,112.52618637984924,-15.966894318538369,15.100000000000001,55.2
10.802502,35,2,-1.8500198125839233,1.478461742401123,1.8638075590133667,0.0,3.0136690342060097,141.36955211232993,38.203128841714538,14.8,62.800000000000004
10.802502,35,3,-2.570756673812866,2.090803623199463,1.5100975036621094,0.0,3.6415167358264231,140.87844523935826,24.499742716886935,11.5,70.8
10.802502,35,4,-1.2294923067092896,2.689805030822754,-2.124603748321533,0.0,3.64151665154488,114.56483057988699,-35.692806621079917,11.5,70.8
10.802502,35,5,1.2950139045715332,5.1440253257751465,2.861948013305664,0.0,6.0273380522510891,75.869368028863107,28.348142435191775,12.4,68.9
10.802502,35,6,3.7000396251678467,3.9907050132751465,-2.5909042358398438,0.0,6.02733809322859,47.164416852125122,-25.458598685426868,12.4,68.9
10.802502,35,7,-0.42781707644462585,3.4708847999572754,3.0587453842163086,-0.596824049949646,4.6460727578177954,97.0267664926611,41.174210935379357,23.8,40.900000000000006
10.802502,35,8,-2.139085292816162,3.8158023357391357,-1.5652347803115845,-0.596824049949646,4.6460728871673664,119.27437886994701,-19.687761516052454,23.8,40.900000000000006
10.802502,35,9,0.0,4.34421968460083,2.2606279850006104,-0.42630288004875183,4.8972118143532706,90,27.4913901812909,15.700000000000001,47.1
10.802502,35,10,-1.653455138206482,4.150777339935303,-2.004948616027832,-0.42630288004875183,4.8972119999744468,111.71978126516113,-24.167534319052169,15.700000000000001,47.1
10.802502,35,11,-0.3931291997432709,4.019886493682861,1.3832695484161377,-0.25578173995018005,4.2693644296733515,95.585541812204838,18.904937088371881,22.200000000000003,49.5
11.100775,36,0,-0.11562623083591461,0.041110824793577194,-0.02661171182990074,0.0,0.12556953603102183,160.42719264381202,-12.235367171638474,35.6,53.1
11.100775,36,1,-0.8787593245506287,2.1155169010162354,-0.6667181849479675,0.0,2.3858212102146981,112.557388694588,-16.227392940664409,15.3,55.0
11.100775,36,2,-1.8500198125839233,1.4705259799957275,1.8700752258300781,0.0,3.013669078558372,141.5198508880066,38.354924649314604,14.8,62.800000000000004
11.100775,36,3,-2.570756673812866,2.0969560146331787,1.501542329788208,0.0,3.6415166855865779,140.79601120271056,24.351903542077565,11.600000000000001,70.7
11.100775,36,4,-1.2294923067092896,2.7019355297088623,-2.1091556549072266,0.0,3.6415167877668191,114.46749642471178,-35.394084777501995,11.600000000000001,70.7
11.100775,36,5,1.4800158739089966,4.915124893188477,3.1590981483459473,0.0,6.0273377882400485,73.242184794527475,31.609577569884053,12.3,68.9
11.100775,36,6,3.7000396251678467,3.9255106449127197,-2.688657283782959,0.0,6.0273381389112766,46.693618774119038,-26.492269440988792,12.3,68.9
11.100775,36,7,-0.13875149190425873,4.043509006500244,2.016366958618164,-1.278908610343933,4.5205035973839589,91.965312002181022,26.490485063721181,19.900000000000002,41.800000000000004
11.100775,36,8,-1.9425207376480103,3.296383857727051,-2.407367706298828,-1.278908610343933,4.5205035811297094,120.5103512148268,-32.177514043366322,19.900000000000002,41.800000000000004
11.100775,36,9,-0.40469181537628174,3.6883890628814697,2.3553030490875244,-0.42630288004875183,4.3949336511097847,96.2614741150254,32.405865028824337,24.700000000000003,49.5
11.100775,36,10,-2.023458957672119,3.462550163269043,-1.7977218627929688,-0.42630288004875183,4.39493386554358,120.30133229708211,-24.1448021525061,24.700000000000003,49.5
11.100775,36,11,0.0,3.715775489807129,0.6196370720863342,-0.34104230999946594,3.7670860876485333,90,9.4674404629604378,32.800000000000004,40.800000000000004
11.100775,36,12,-0.25437769293785095,3.98125958442688,1.1206684112548828,-0.25578173995018005,4.1437945867573864,93.655873957843667,15.69074698951178,24.200000000000003,49.300000000000004
11.400544,37,0,-0.11562623083591461,0.04111615568399429,-0.02660347893834114,0.0,0.12556953693939238,160.42484754494279,-12.231523233577336,35.6,53.1
11.400544,37,1,-0.8787593245506287,2.1133275032043457,-0.6736257076263428,0.0,2.3858211752475671,112.57841376925866,-16.400237350086304,15.100000000000001,55.1
11.400544,37,2,-1.8500198125839233,1.4672578573226929,1.8726404905319214,0.0,3.0136690816358502,141.58193011912024,38.417144483955681,14.8,62.800000000000004
11.400544,37,3,-2.570756673812866,2.09656023979187,1.5020948648452759,0.0,3.6415166755109172,140.80130825743217,24.361446589257866,11.5,70.7
11.400544,37,4,-1.2294923067092896,2.6995458602905273,-2.112213373184204,0.0,3.6415167880880692,114.48661364867137,-35.453123816629386,11.5,70.7
11.400544,37,5,1.4800158739089966,4.932403087615967,3.1320533752441406,0.0,6.0273381812475355,73.297612542036092,31.308188426348757,12.3,69.0
11.400544,37,6,3.7000396251678467,3.9321985244750977,-2.6788666248321533,0.0,6.0273381236940713,46.742296895760575,-26.388327159480568,12.3,69.0
11.400544,37,7,-0.3931291997432709,3.8063840866088867,1.893241286277771,-0.34104230999946594,4.2693644668201918,95.896688686356214,26.324087215587905,19.8,53.1
11.400544,37,8,-0.10791782289743423,3.4478402137756348,0.6801735162734985,-0.25578173995018005,3.5159471566659235,91.792779640343042,11.154415990604658,28.8,41.5
11.400544,37,9,4.50942325592041,1.8461500406265259,0.4894050359725952,-0.25578173995018005,4.8972119989619083,22.264107401410765,5.7354528398803035,12.4,56.5
11.705879,38,0,-0.11562623083591461,0.04111076891422272,-0.026611799374222755,0.0,0.12556953628955039,160.42721722592265,-12.2354080198571,35.2,53.400000000000006
11.705879,38,1,-0.8787593245506287,2.11191725730896,-0.6780343055725098,0.0,2.385821236332947,112.5919762243026,-16.510631665866679,15.100000000000001,55.2
11.705879,38,2,-1.8500198125839233,1.468664526939392,1.871537446975708,0.0,3.0136690619700621,141.55519680250546,38.390384162705018,14.8,62.800000000000004
11.705879,38,3,-2.570756673812866,2.0786452293395996,1.5267901420593262,0.0,3.6415167174268479,141.0419208757597,24.788706173753148,11.700000000000001,70.7
11.705879,38,4,-1.2294923067092896,2.6864116191864014,-2.1288928985595703,0.0,3.6415166748889676,114.59218919136836,-35.775944108807323,11.700000000000001,70.7
11.705879,38,5,1.4800158739089966,4.98535680770874,3.0470592975616455,0.0,6.0273377083126309,73.465288129567071,30.367194228353881,12.5,68.8
11.705879,38,6,3.7000396251678467,3.9579248428344727,-2.6407086849212646,0.0,6.0273381063249722,46.928730935407394,-25.9841107794562,12.5,68.8
11.705879,38,7,-0.9442808628082275,4.086808681488037,-1.3121633529663086,-0.34104230999946594,4.3949339257626647,103.01020501475195,-17.371296182708896,20.200000000000003,47.7
11.705879,38,8,-0.3584413230419159,3.510622501373291,1.6431124210357666,-0.25578173995018005,3.8926557717546153,95.829807320996892,24.967604442473725,26.700000000000003,44.5
12.003807,39,0,-0.11562623083591461,0.041107628494501114,-0.026616651564836502,0.0,0.1255695365854555,160.42859875259538,-12.237673452534709,35.1,53.5
12.003807,39,1,-0.8787593245506287,2.114264726638794,-0.6706779599189758,0.0,2.3858210768443575,112.56940894429383,-16.326459062948253,15.0,55.2
12.003807,39,2,-1.8500198125839233,1.4652347564697266,1.8742238283157349,0.0,3.0136690523590084,141.62041323771513,38.455575158652863,14.9,62.800000000000004
12.003807,39,3,-1.2294923067092896,2.6501243114471436,-2.173898458480835,0.0,3.6415168139342535,114.88835806587676,-36.653631435287608,11.8,70.7
12.003807,39,4,-2.570756673812866,2.042731761932373,1.5745161771774292,0.0,3.6415167333618217,141.52922990993818,25.618646663152344,11.8,70.7
12.003807,39,5,1.2950139045715332,5.16868782043457,2.8171639442443848,0.0,6.0273383418299042,75.934110025813581,27.8655063333925,12.700000000000001,68.5
12.003807,39,6,3.7000396251678467,3.9488635063171387,-2.6542396545410156,0.0,6.0273380826923519,46.863212568579009,-26.127287505813086,12.700000000000001,68.5
12.003807,39,7,-0.3584413230419159,3.3513402938842773,1.9475126266479492,-0.25578173995018005,3.8926555689438525,96.104840486995883,30.02013958915451,30.1,42.6
12.003807,39,8,-1.4838699102401733,3.9653825759887695,-1.1786919832229614,-0.17052115499973297,4.3949338647794907,110.51615013818753,-15.556788174184565,14.200000000000001,56.300000000000004
12.003807,39,9,-0.13489727675914764,3.5385334491729736,2.6030800342559814,-0.17052115499973297,4.3949336639971186,92.1831936176797,36.319759756804082,14.200000000000001,56.300000000000004
12.304382,40,0,-0.11562623083591461,0.04111054167151451,-0.02661215327680111,0.0,0.12556953689439768,160.42731719324988,-12.235573194580574,35.5,53.2
12.304382,40,1,-0.8787593245506287,2.1153907775878906,-0.6671178936958313,0.0,2.3858211115835446,112.55859886699477,-16.237391229753324,15.200000000000001,55.0
12.304382,40,2,-1.8500198125839233,1.4632033109664917,1.8758102655410767,0.0,3.0136690907406609,141.65909632747244,38.494100582231177,14.700000000000001,62.900000000000006
12.304382,40,3,-2.570756673812866,2.0940005779266357,1.505661129951477,0.0,3.6415166805271171,140.83558609476174,24.423057771457731,11.5,70.8
12.304382,40,4,-1.2294923067092896,2.71242094039917,-2.095654010772705,0.0,3.6415167750596691,114.38394385514839,-35.133906742644363,11.5,70.8
12.304382,40,5,1.2950139045715332,5.235182285308838,2.6915817260742188,0.0,6.0273382816614616,76.1058034554151,26.523334270639776,12.9,68.4
12.304382,40,6,3.7000396251678467,4.043889045715332,-2.507084369659424,0.0,6.0273380424910021,47.542403124624705,-24.579293814608732,12.9,68.4
12.304382,40,7,-0.24666929244995117,3.467735528945923,2.014968156814575,-0.42630288004875183,4.0182249951350837,94.068748672298085,30.096459469152943,30.0,40.900000000000006
12.304382,40,8,-1.7266851663589478,3.0165507793426514,-2.0162127017974854,-0.42630288004875183,4.0182252210355633,119.78698640637137,-30.116970940322862,30.0,40.900000000000006
12.304382,40,9,-0.4779217541217804,3.2704343795776367,2.0563602447509766,-0.25578173995018005,3.8926556090127593,98.314014089536713,31.888415841516846,27.900000000000002,44.5
12.61665,41,0,-0.11562623083591461,0.04109412059187889,-0.026637500151991844,0.0,0.12556953618966449,160.43454139003464,-12.247407807186681,35.0,53.6
12.61665,41,1,-0.8787593245506287,2.109703779220581,-0.6848905682563782,0.0,2.3858212583990497,112.61329459409319,-16.68244323348129,15.200000000000001,55.2
12.61665,41,2,-1.8500198125839233,1.4603261947631836,1.8780509233474731,0.0,3.0136690549479503,141.71395357694578,38.548549744100534,14.9,62.800000000000004
12.61665,41,3,-2.570756673812866,2.082470655441284,1.5215682983398438,0.0,3.6415167160456989,140.99040454326396,24.698239824606674,11.700000000000001,70.8
12.61665,41,4,-1.2294923067092896,2.692016124725342,-2.1218016147613525,0.0,3.6415167499879031,114.54703483930257,-35.638537784109182,11.700000000000001,70.8
12.61665,41,5,1.2950139045715332,5.200336933135986,2.7583043575286865,0.0,6.0273383976622341,76.0163458875807,27.234425346161668,13.0,68.3
12.61665,41,6,3.7000396251678467,4.0561203956604,-2.4872472286224365,0.0,6.0273381080037725,47.6285700424804,-24.372103149182102,13.0,68.3
12.61665,41,7,-0.3584413230419159,3.518991470336914,1.6251111030578613,-0.42630288004875183,3.8926555521455959,95.81603785923069,24.675676531086868,38.900000000000006,40.6
12.61665,41,8,-4.162544250488281,3.639780282974243,-3.9247753620147705,-0.34104230999946594,6.780754883335578,138.83314861981879,-35.366956514403469,11.3,47.900000000000006
12.899932,42,0,-0.11562623083591461,0.04111965373158455,-0.026598067954182625,0.0,0.12556953611135521,160.42330876453727,-12.228997015829341,35.5,53.2
12.899932,42,1,-0.8787593245506287,2.108128786087036,-0.6897230744361877,0.0,2.38582121053175,112.62848683814155,-16.803634533922104,15.100000000000001,55.2
12.899932,42,2,-1.8500198125839233,1.4591583013534546,1.8789584636688232,0.0,3.0136690534221668,141.73624519774498,38.57061498710128,14.8,62.800000000000004
12.899932,42,3,-2.570756673812866,2.119554042816162,1.4694710969924927,0.0,3.6415167885467792,140.4948810759162,23.799211122684135,11.600000000000001,70.8
12.899932,42,4,-1.2294923067092896,2.7239878177642822,-2.080596685409546,0.0,3.6415166525669953,114.29239311479026,-34.844728648997126,11.600000000000001,70.8
12.899932,42,5,1.4800158739089966,5.019989013671875,2.989659547805786,0.0,6.0273377950962095,73.573190318618245,29.736807881997755,12.700000000000001,68.60000000000001
12.899932,42,6,3.7000396251678467,3.9860126972198486,-2.5981173515319824,0.0,6.0273380710344791,47.130807185343095,-25.534564811344424,12.700000000000001,68.60000000000001
12.899932,42,7,-0.4470881223678589,3.0804738998413086,1.889824628829956,-0.25578173995018005,3.6415167670214315,98.258027273348389,31.262941142008533,32.7,42.0
13.18088,43,0,-0.11562623083591461,0.0410943329334259,-0.026637176051735878,0.0,0.12556953692904435,160.43444796956422,-12.2472564070855,35.0,53.7
13.18088,43,1,-0.8787593245506287,2.1079113483428955,-0.6903877258300781,0.0,2.3858213292143793,112.63058574281875,-16.820308031849873,14.9,55.5
13.18088,43,2,-1.8500198125839233,1.4605540037155151,1.8778737783432007,0.0,3.0136690647965056,141.70960697486012,38.544243420823484,14.8,62.800000000000004
13.18088,43,3,-1.2294923067092896,2.674499034881592,-2.1438395977020264,0.0,3.6415168049200433,114.68868571989108,-36.06634140721922,11.700000000000001,70.7
13.18088,43,4,-2.570756673812866,2.076352119445801,1.529906988143921,0.0,3.6415166335267597,141.07283773441253,24.842736337830186,11.700000000000001,70.7
13.18088,43,5,1.4800158739089966,5.031454086303711,2.9703240394592285,0.0,6.027337895704397,73.608610472855659,29.525351443089,12.700000000000001,68.60000000000001
13.18088,43,6,3.7000396251678467,4.014675140380859,-2.5536046028137207,0.0,6.0273382332598286,47.335446295797347,-25.066530977909895,12.700000000000001,68.60000000000001
13.18088,43,7,-0.46250492334365845,2.880812406539917,2.3828442096710205,-0.25578173995018005,3.7670860692787658,99.12081601177286,39.237996278305538,30.200000000000003,44.6
13.494218,44,0,-0.11562623083591461,0.04110271483659744,-0.02662423811852932,0.0,0.12556953643161628,160.43076040590967,-12.241215628219052,35.4,53.300000000000004
13.494218,44,1,-0.8787593245506287,2.107499837875366,-0.6916422843933105,0.0,2.3858211514466396,112.63455902188026,-16.851786905450798,15.100000000000001,55.2
13.494218,44,2,-1.8500198125839233,1.4631015062332153,1.8758896589279175,0.0,3.013669082193275,141.66103599641127,38.496029289767868,14.700000000000001,62.900000000000006
13.494218,44,3,-2.570756673812866,2.0909600257873535,1.5098809003829956,0.0,3.6415167222924305,140.87634725430371,24.495997613318341,11.600000000000001,70.7
13.494218,44,4,-1.2294923067092896,2.700277090072632,-2.1112782955169678,0.0,3.6415166808006636,114.48076087471109,-35.435065755073289,11.600000000000001,70.7
13.494218,44,5,1.2950139045715332,5.148412227630615,2.8540492057800293,0.0,6.0273382473247388,75.880926827658172,28.262858350306544,12.600000000000001,68.7
13.494218,44,6,3.7000396251678467,3.9688258171081543,-2.6242964267730713,0.0,6.0273379969875869,47.007339033608943,-25.810680200176524,12.600000000000001,68.7
13.494218,44,7,-0.43167129158973694,2.8819773197174072,1.9671682119369507,-0.5115634799003601,3.5159471198246854,98.518607237991,34.021143852072449,34.800000000000004,41.2
13.494218,44,8,-2.4666929244995117,2.998047351837158,-1.0359883308410645,-0.5115634799003601,4.0182251964359343,129.44640335189331,-14.940888242529903,20.0,51.1
13.494218,44,9,-1.1100119352340698,3.8282690048217773,-0.508294403553009,-0.5115634799003601,4.0182251393276252,106.16959011558399,-7.2672279226681793,20.0,51.1
13.494218,44,10,0.0,3.259896755218506,0.17900718748569489,-0.34104230999946594,3.2648078699757637,90,3.1430646418833392,33.2,41.2
13.494218,44,11,-1.2333464622497559,1.2988314628601074,3.596946954727173,-0.25578173995018005,4.0182252375869121,133.51859618250543,63.528747209777123,12.4,54.5
13.494218,44,12,0.37000396847724915,3.6666646003723145,-1.6014994382858276,-0.25578173995018005,4.0182250657650078,84.237775547010273,-23.488120407056662,12.4,54.5
13.80093,45,0,-0.11562623083591461,0.04109599068760872,-0.026634618639945984,0.0,0.12556953698254841,160.43371863803497,-12.246062314091622,35.0,53.7
13.80093,45,1,-0.8787593245506287,2.1110451221466064,-0.6807446479797363,0.0,2.3858211865051229,112.60037135198769,-16.578532400536321,14.9,55.400000000000006
13.80093,45,2,-1.8500198125839233,1.4643850326538086,1.8748878240585327,0.0,3.0136690567506728,141.63658877649948,38.471697462749461,14.8,62.900000000000006
13.80093,45,3,-2.570756673812866,2.093431234359741,1.5064527988433838,0.0,3.6415167504886483,140.84321503249592,24.436738315223298,11.5,70.8
13.80093,45,4,-1.2294923067092896,2.7132370471954346,-2.094597339630127,0.0,3.6415168023389288,114.37746320850863,-35.11357941106283,11.5,70.8
13.80093,45,5,1.4800158739089966,5.117233753204346,2.8199775218963623,0.0,6.027337844849681,73.868974923247578,27.895766901273987,12.3,68.9
13.80093,45,6,3.7000396251678467,4.026327133178711,-2.5351927280426025,0.0,6.0273381836017306,47.418186457709481,-24.873461729515032,12.3,68.9
13.80093,45,7,-0.31219086050987244,2.979830265045166,1.58676016330719,-0.34104230999946594,3.3903774653751606,95.980945027531433,27.905764835126341,37.300000000000004,40.7
13.80093,45,8,-2.389608860015869,2.8869752883911133,-1.052573561668396,-0.25578173995018005,3.8926556388114508,129.61525735733579,-15.688062564122468,14.3,55.5
13.80093,45,9,-1.0753239393234253,3.5331461429595947,-1.2301726341247559,-0.25578173995018005,3.8926556425840895,106.92778899601956,-18.422643227686628,14.3,55.5
14.094548,46,0,-0.11562623083591461,0.041087087243795395,-0.026648351922631264,0.0,0.1255695371325859,160.43763579943248,-12.25247460483836,35.0,53.7
14.094548,46,1,-0.8787593245506287,2.1096854209899902,-0.6849468946456909,0.0,2.3858211949991484,112.61347156461885,-16.683855815347588,14.700000000000001,55.6
14.094548,46,2,-1.8500198125839233,1.4574062824249268,1.8803178071975708,0.0,3.0136690984693359,141.7697117155501,38.603676993405053,14.8,62.900000000000006
14.094548,46,3,-2.570756673812866,2.0811893939971924,1.523320198059082,0.0,3.641516661427564,141.00765071315698,24.728583848283382,11.5,70.8
14.094548,46,4,-1.2294923067092896,2.7159295082092285,-2.091104745864868,0.0,3.6415166461239097,114.35610548495553,-35.046430651257019,11.5,70.8
14.094548,46,5,1.4800158739089966,5.015855312347412,2.996589422225952,0.0,6.0273376931131732,73.560383138290632,29.812702990588722,12.5,68.8
14.094548,46,6,3.7000396251678467,4.018858432769775,-2.54701566696167,0.0,6.0273381469936753,47.36518150804968,-24.997404037741987,12.5,68.8
14.094548,46,7,-0.09250099211931229,2.9979724884033203,0.29292434453964233,-0.25578173995018005,3.0136688846637139,91.767272911092221,5.5778750816817269,32.300000000000004,41.6
14.094548,46,8,-0.4162544310092926,2.6292927265167236,2.099574327468872,-0.25578173995018005,3.3903776116555191,98.996075169079432,38.263172388555304,34.1,43.6
14.094548,46,9,-1.560954213142395,2.664019823074341,-1.400385856628418,-0.25578173995018005,3.3903775926443567,120.3677186065503,-24.39639729637852,34.1,43.6
14.395698,47,0,-0.11562623083591461,0.041106197983026505,-0.02661885879933834,0.0,0.12556953616908481,160.42922806797117,-12.238704046208278,35.1,53.6
14.395698,47,1,-0.8787593245506287,2.1090924739837646,-0.6867707967758179,0.0,2.3858212719321048,112.61918889446007,-16.729586874983557,14.9,55.5
14.395698,47,2,-1.8500198125839233,1.4482189416885376,1.887402892112732,0.0,3.0136690407498343,141.94571054979312,38.776252594943045,14.700000000000001,63.0
14.395698,47,3,-2.570756673812866,2.0345022678375244,1.5851354598999023,0.0,3.6415166867696072,141.64183368481807,25.804092076144034,11.5,70.8
14.395698,47,4,-1.2294923067092896,2.703078508377075,-2.1076905727386475,0.0,3.6415167588683057,114.45836255870736,-35.36581231281987,11.5,70.8
14.395698,47,5,1.4800158739089966,5.0335612297058105,2.9667515754699707,0.0,6.0273377664416348,73.615104119523963,29.486331601203986,12.4,68.9
14.395698,47,6,3.7000396251678467,4.005425453186035,-2.5680882930755615,0.0,6.027338033483316,47.269579624117796,-25.218623846683666,12.4,68.9
14.395698,47,7,0.0,3.1204214096069336,0.34320202469825745,-0.25578173995018005,3.1392383476394885,90,6.2764942455178465,37.0,41.400000000000006
14.700471,48,0,-0.11562623083591461,0.041096653789281845,-0.02663358859717846,0.0,0.12556953552339062,160.43342690727107,-12.245581520213054,35.4,53.300000000000004
14.700471,48,1,-0.8787593245506287,2.1131937503814697,-0.6740450859069824,0.0,2.3858211489907055,112.57969941912792,-16.410736395944536,15.200000000000001,55.2
14.700471,48,2,-1.8500198125839233,1.4510507583618164,1.8852267265319824,0.0,3.0136690960896737,141.89137183486508,38.723201543344324,14.8,62.900000000000006
14.700471,48,3,-2.570756673812866,2.099364757537842,1.498172640800476,0.0,3.6415166514501047,140.76378978362408,24.293720572378334,11.700000000000001,70.8
14.700471,48,4,-1.2294923067092896,2.718696355819702,-2.0875062942504883,0.0,3.6415166807169874,114.33419427896881,-34.977302189159488,11.700000000000001,70.8
14.700471,48,5,1.2950139045715332,5.238818168640137,2.6844985485076904,0.0,6.0273384900839524,76.115073158450727,26.448105184998298,12.9,68.4
14.700471,48,6,3.7000396251678467,4.005629062652588,-2.5677711963653564,0.0,6.027338246047159,47.271031286833164,-25.215291058145773,12.9,68.4
14.700471,48,7,0.0,4.147544860839844,1.0125935077667236,-0.5115634799003601,4.2693645879276128,90,13.719962510238718,13.200000000000001,49.6
14.700471,48,8,4.062335014343262,1.3006601333618164,-0.18218177556991577,-0.5115634799003601,4.2693644434067526,17.753792399307823,-2.4456607993046933,13.200000000000001,49.6
14.700471,48,9,-0.28906556963920593,2.6004929542541504,1.7345589399337769,-0.42630288004875183,3.1392383192074642,96.342844935510556,33.5415346401298,42.5,40.300000000000004
14.700471,48,10,-1.4453279972076416,2.5177574157714844,-1.194462776184082,-0.42630288004875183,3.139238243248502,119.85813879480222,-22.364314322796744,42.5,40.300000000000004
14.700471,48,11,-2.1968982219696045,2.0229721069335938,-2.2961182594299316,-0.34104230999946594,3.7670860096913228,137.36016618267368,-37.554880568839977,13.5,58.400000000000006
14.700471,48,12,-1.0406360626220703,3.609895706176758,-0.2768876552581787,-0.34104230999946594,3.7670860353776541,106.08085197258805,-4.215144925080291,13.5,58.400000000000006
14.992516,49,0,-0.11562623083591461,0.04108927771449089,-0.02664497122168541,0.0,0.12556953648008426,160.43667206173572,-12.250896147681573,35.4,53.300000000000004
14.992516,49,1,-0.8787593245506287,2.112870931625366,-0.6750561594963074,0.0,2.3858211044975741,112.58280296747004,-16.43605060613757,15.100000000000001,55.300000000000004
14.992516,49,2,-1.8500198125839233,1.4600434303283691,1.8782707452774048,0.0,3.0136690458580588,141.71934945557291,38.55389383735281,14.700000000000001,62.900000000000006
14.992516,49,3,-2.570756673812866,2.192758798599243,1.3578153848648071,0.0,3.6415166681155466,139.53706839049116,21.892778841445843,11.600000000000001,70.8
14.992516,49,4,-1.2294923067092896,2.6655960083007812,-2.1548993587493896,0.0,3.6415168073297313,114.76126834514959,-36.28191254618158,11.600000000000001,70.8
14.992516,49,5,1.4800158739089966,5.080051422119141,2.8864223957061768,0.0,6.0273380264285406,73.757111617036315,28.612828235699578,12.600000000000001,68.7
14.992516,49,6,3.7000396251678467,4.00998592376709,-2.5609617233276367,0.0,6.0273381591687452,47.302075074271755,-25.143764112081538,12.600000000000001,68.7
14.992516,49,7,0.27750298380851746,2.9613864421844482,-0.4851624071598053,-0.42630288004875183,3.0136688814960393,84.646610613628539,-9.2642071009425049,34.2,40.400000000000006
14.992516,49,8,0.0,3.812297821044922,1.6240133047103882,-0.42630288004875183,4.1437946245223367,90,23.073679342771008,13.4,50.900000000000006
14.992516,49,9,3.942854166030884,1.0769360065460205,-0.6820146441459656,-0.42630288004875183,4.1437946512359822,15.276921510822968,-9.4732420992033362,13.4,50.900000000000006
14.992516,49,10,-0.19271038472652435,2.6894118785858154,1.6077136993408203,-0.25578173995018005,3.1392382649470996,94.098536339277473,30.806144046614222,32.4,43.300000000000004
15.310568,50,0,-0.11562623083591461,0.04111415892839432,-0.026606565341353416,0.0,0.12556953707397819,160.42572592478385,-12.232964221954804,35.7,53.0
15.310568,50,1,-0.8787593245506287,2.119966983795166,-0.6524295806884766,0.0,2.3858210998781093,112.51476815126149,-15.87033469237455,15.5,55.0
15.310568,50,2,-1.8500198125839233,1.4314197301864624,1.9001750946044922,0.0,3.0136690496926386,142.26972885803488,39.088411532204582,15.0,62.800000000000004
15.310568,50,3,-1.2294923067092896,2.778872489929199,-2.006704092025757,0.0,3.6415168488550966,113.86665245805538,-33.439948935408616,11.5,70.8
15.310568,50,4,-2.570756673812866,2.025139331817627,1.5970799922943115,0.0,3.641516674548523,141.77037362607265,26.013027637339764,11.5,70.8
15.310568,50,5,1.2950139045715332,5.170278072357178,2.814244031906128,0.0,6.0273382043527572,75.938264683609688,27.834114331617691,13.0,68.3
15.310568,50,6,3.7000396251678467,3.9855377674102783,-2.5988457202911377,0.0,6.027338019486006,47.127403034792231,-25.542238644506405,13.0,68.3
15.310568,50,7,-0.0886467844247818,2.8218047618865967,0.6088332533836365,-0.17052115499973297,2.8880994264430075,91.799350836116815,12.169682734852627,37.6,40.400000000000006
15.610683,51,0,-0.11562623083591461,0.041123516857624054,-0.02659209817647934,0.0,0.12556953683711275,160.42160942139645,-12.226209780898913,35.4,53.2
15.610683,51,1,-0.8787593245506287,2.1195240020751953,-0.6538679003715515,0.0,2.38582127934886,112.51900395238401,-15.906246874348456,15.200000000000001,55.300000000000004
15.610683,51,2,-1.8500198125839233,1.4883594512939453,1.8559132814407349,0.0,3.0136690713210674,141.18297440215022,38.012386036484628,14.8,62.900000000000006
15.610683,51,3,-2.570756673812866,2.0873303413391113,1.5148946046829224,0.0,3.6415166473772533,140.92506807064873,24.582716750800461,11.5,70.8
15.610683,51,4,-1.2294923067092896,2.7388381958007812,-2.061009168624878,0.0,3.6415168251966676,114.17579654540639,-34.470056603657632,11.5,70.8
15.610683,51,5,1.2950139045715332,5.202652454376221,2.753934144973755,0.0,6.0273382889060452,76.022325469264729,27.187712890175309,13.100000000000001,68.3
15.610683,51,6,3.7000396251678467,3.965136766433716,-2.6298673152923584,0.0,6.0273381272647777,46.980762752563166,-25.869519555237737,13.100000000000001,68.3
15.610683,51,7,-2.185335874557495,2.589628219604492,0.11309986561536789,-0.34104230999946594,3.3903773801749737,130.16035562728237,1.9116890894473098,23.400000000000002,51.300000000000004
15.610683,51,8,-0.9365724921226501,3.258315086364746,-0.02957521192729473,-0.34104230999946594,3.3903775495058772,106.03680700824299,-0.499813454030238,23.400000000000002,51.300000000000004
15.610683,51,9,-2.1506478786468506,2.779463052749634,1.6739376783370972,-0.34104230999946594,3.8926557143530047,127.73140675285416,25.469120707915028,11.3,58.2
15.610683,51,10,-0.18500198423862457,2.575453996658325,1.5540308952331543,-0.25578173995018005,3.0136690339874295,94.10865720234743,31.04163201975857,35.300000000000004,43.6
15.901296,52,0,-0.11562623083591461,0.04108670353889465,-0.02664893865585327,0.0,0.12556953610050753,160.43780461861624,-12.252748666401198,34.9,53.7
15.901296,52,1,-0.8787593245506287,2.131920337677002,-0.6122424602508545,0.0,2.385821264642328,112.40103768213021,-14.869425239305979,15.0,55.6
15.901296,52,2,-1.8500198125839233,1.4666125774383545,1.8731458187103271,0.0,3.0136690291744728,141.5942000857942,38.4294082056163,14.600000000000001,63.0
15.901296,52,3,1.2950139045715332,5.209843635559082,2.7403056621551514,0.0,6.0273382883366242,76.040863999647812,27.042164029563818,12.8,68.4
15.901296,52,4,3.7000396251678467,4.065433502197266,-2.4719955921173096,0.0,6.0273381352009405,47.693988688349869,-24.213036925223175,12.8,68.4
15.901296,52,5,0.0,2.7855679988861084,0.7627118825912476,-0.6820846199989319,2.888099460244443,90,15.312757806134137,24.8,40.0
15.901296,52,6,-0.7824041843414307,3.4094018936157227,1.0121594667434692,-0.6820846199989319,3.6415167672254207,102.92469808681562,16.137890386616224,16.2,50.2
15.901296,52,7,-3.353160858154297,1.2042580842971802,0.7528073191642761,-0.6820846199989319,3.641516735378334,160.24469774356496,11.930735133153243,16.2,50.2
15.901296,52,8,-1.0791782140731812,3.2336766719818115,0.8605771064758301,-0.5115634799003601,3.515947012234379,108.45545356624012,14.167884808073824,19.400000000000002,52.7
15.901296,52,9,-3.3454525470733643,0.7273341417312622,0.800510048866272,-0.5115634799003601,3.515947103809085,167.73421482330815,13.160508842265646,19.400000000000002,52.7
15.901296,52,10,-2.1043975353240967,2.4053215980529785,-0.667015016078949,-0.42630288004875183,3.2648078057388106,131.18243260384,-11.788789785743846,17.7,53.0
15.901296,52,11,-0.9018846154212952,3.1315956115722656,0.196685791015625,-0.42630288004875183,3.2648081466358376,106.06614845365796,3.4538303873377605,17.7,53.0
15.901296,52,12,0.0,2.6355793476104736,-0.08532622456550598,-0.34104230999946594,2.6369601935087021,90,-1.8542889221368466,37.2,40.800000000000004
15.901296,52,13,-4.135564804077148,0.9668819308280945,-1.883676290512085,-0.25578173995018005,4.6460728883995026,166.840795209502,-23.918331730674019,11.4,53.300000000000004
16.197431,53,0,-0.11562623083591461,0.041067179292440414,-0.02667902037501335,0.0,0.12556953691293138,160.44639519532143,-12.26679481665748,35.0,53.7
16.197431,53,1,-1.8500198125839233,1.479670524597168,1.862848162651062,0.0,3.0136691001845493,141.34671359222435,38.179920206906829,14.5,63.0
16.197431,53,2,-2.374191999435425,2.056936025619507,1.5792754888534546,0.0,3.5159471744279478,139.09522436520456,26.6907636009662,12.8,69.2
16.197431,53,3,-1.0791782140731812,2.672407388687134,-2.013826370239258,0.0,3.5159470300774998,111.98996433718423,-34.943561151264369,12.8,69.2
16.197431,53,4,1.4800158739089966,5.049899578094482,2.9388551712036133,0.0,6.0273379242557539,73.665285161389463,29.182143801936643,12.200000000000001,69.0
16.197431,53,5,3.7000396251678467,4.036682605743408,-2.5186710357666016,0.0,6.0273380089168072,47.491502508161375,-24.700470212441761,12.200000000000001,69.0
16.197431,53,6,-0.07322994619607925,2.3838388919830322,0.06397128850221634,-0.17052115499973297,2.3858212032135615,91.75953492280388,1.5364622323042569,36.2,41.0
16.197431,53,7,-0.24281509220600128,2.1072916984558105,1.5664998292922974,-0.17052115499973297,2.6369602170978195,96.572983927431849,36.44530602141657,37.7,41.1
16.197431,53,8,-2.1043975353240967,2.380383014678955,0.7511710524559021,-0.17052115499973297,3.2648078401795582,131.47855955450291,13.301855023650841,18.2,60.900000000000006
16.197431,53,9,-1.002094030380249,3.1071887016296387,-0.012498041614890099,-0.17052115499973297,3.264807846459393,107.87494018991468,-0.21933504799336193,18.2,60.900000000000006
16.509767,54,0,-0.11562623083591461,0.04108534753322601,-0.02665102854371071,0.0,0.12556953596188788,160.43840122516551,-12.253724499363223,35.2,53.400000000000006
16.509767,54,1,-1.8500198125839233,1.5376335382461548,1.815299153327942,0.0,3.0136690629472884,140.26852627294758,37.038761445855968,14.700000000000001,63.1
16.509767,54,2,-1.0791782140731812,2.8185207843780518,-1.803662657737732,0.0,3.5159471003726419,110.95125100595979,-30.863520054537414,12.200000000000001,69.60000000000001
16.509767,54,3,-2.482109785079956,1.6900076866149902,1.8289037942886353,0.0,3.5159471063670429,145.75001122741855,31.343914717657086,12.200000000000001,69.60000000000001
16.509767,54,4,1.2950139045715332,5.156493663787842,2.8394222259521484,0.0,6.0273382595428329,75.90217171685137,28.10511120861819,12.0,69.10000000000001
16.509767,54,5,3.7000396251678467,3.9807770252227783,-2.6061322689056396,0.0,6.0273380820545475,47.093255413710459,-25.619031564233463,12.0,69.10000000000001
16.509767,54,6,-0.40469181537628174,1.107310175895691,2.358738660812378,-0.17052115499973297,2.636960250190675,110.07598620454523,63.443195476001314,42.2,41.0
16.509767,54,7,-1.375952124595642,2.2204136848449707,-0.3606640100479126,-0.17052115499973297,2.6369603161917174,121.78578225573294,-7.8611352779132906,42.2,41.0
16.800253,55,0,-0.11562623083591461,0.04111061617732048,-0.026612035930156708,0.0,0.12556953641766433,160.42728441706336,-12.235518453435951,35.4,53.300000000000004
16.800253,55,1,-0.8055294156074524,2.1408302783966064,-0.6783146858215332,0.0,2.3858211863653445,110.6197945047026,-16.517655091039313,15.5,55.1
16.800253,55,2,-1.8500198125839233,1.3803677558898926,1.9375790357589722,0.0,3.0136690210217547,143.27202820304021,40.010670976049511,14.100000000000001,63.1
16.800253,55,3,1.4800158739089966,5.012678623199463,3.0019004344940186,0.0,6.0273377361086089,73.5505278037307,29.870906872909973,12.4,68.9
16.800253,55,4,3.7000396251678467,3.9870641231536865,-2.596503496170044,0.0,6.0273380488881454,47.138341932526885,-25.517564175490264,12.4,68.9
16.800253,55,5,0.0,3.4619297981262207,0.6139435768127441,-0.34104230999946594,3.515947189970845,90,10.056361157723268,16.6,53.7
16.800253,55,6,3.3454525470733643,1.0809739828109741,-0.036419544368982315,-0.34104230999946594,3.5159470814342364,17.9065482836528,-0.59350253379441842,16.6,53.7
16.800253,55,7,-0.30833661556243896,1.1734830141067505,2.1988518238067627,-0.25578173995018005,2.5113906896283362,104.72188420925984,61.110309899796547,38.1,39.800000000000004
16.800253,55,8,-1.310430645942688,2.1375510692596436,-0.14398056268692017,-0.25578173995018005,2.5113907409940133,121.51047614788632,-3.2866269123000813,38.1,39.800000000000004
16.800253,55,9,-1.6727261543273926,1.0450993776321411,-3.3559682369232178,-0.25578173995018005,3.8926556877966392,148.00334865979929,-59.556383332045961,12.600000000000001,56.5
16.800253,55,10,-2.119814395904541,2.2465739250183105,0.5604549050331116,-0.17052115499973297,3.139238311156384,133.3371275737145,10.28427224681462,21.900000000000002,56.6
17.087088,56,0,-0.11562623083591461,0.0410919114947319,-0.026640910655260086,0.0,0.12556953678401717,160.43551329714052,-12.24900016446191,35.2,53.5
17.087088,56,1,-0.8787593245506287,2.1376659870147705,-0.5918694138526917,0.0,2.38582128953089,112.3467575496207,-14.363798301144136,15.3,55.400000000000006
17.087088,56,2,-1.8500198125839233,1.5460530519485474,1.808133840560913,0.0,3.0136690813315967,140.11465085780227,36.868290955684074,14.700000000000001,63.2
17.087088,56,3,-2.374191999435425,1.9782320261001587,1.67681086063385,0.0,3.5159471357816448,140.19815071276304,28.484163253240347,12.3,69.4
17.087088,56,4,-1.0791782140731812,2.70576810836792,-1.9687755107879639,0.0,3.5159470539058892,111.74426731102398,-34.052752195296,12.3,69.4
17.087088,56,5,1.2950139045715332,5.200260162353516,2.758448839187622,0.0,6.0273382821615513,76.016147549509611,27.235970603218043,12.4,68.8
17.087088,56,6,3.7000396251678467,4.057926654815674,-2.484299421310425,0.0,6.0273381835101185,47.641270682344668,-24.341343274426077,12.4,68.8
17.087088,56,7,-0.2659403383731842,8.660189628601074,0.021339992061257362,0.42630288004875183,8.66429824406829,91.758907454996148,0.14111849358247111,11.9,47.5
17.087088,56,8,0.0,2.1302402019500732,0.1376378834247589,-0.42630288004875183,2.1346820617970108,90,3.696824137806602,34.9,40.800000000000004
17.087088,56,9,-0.5126096606254578,0.8470408916473389,2.1706900596618652,-0.42630288004875183,2.3858210895631085,121.18136135475474,65.481780101785745,35.7,40.800000000000004
17.087088,56,10,-1.3181389570236206,1.9717918634414673,-0.2582423985004425,-0.42630288004875183,2.3858211582473139,123.76264917448643,-6.2138961725932846,35.7,40.800000000000004
17.087088,56,11,-0.3237534463405609,1.5123364925384521,2.1357858180999756,-0.42630288004875183,2.6369601857968732,102.08321399929412,54.090302512024834,28.8,46.6
17.087088,56,12,-1.2140754461288452,2.1689538955688477,-0.8804655075073242,-0.42630288004875183,2.6369603144352332,119.23799129298486,-19.505303150779014,28.8,46.6
17.087088,56,13,0.10406360775232315,3.377943754196167,0.27078932523727417,-0.42630288004875183,3.390377574789242,88.235458963039832,4.5810911413260458,15.9,55.300000000000004
17.087088,56,14,-1.9425207376480103,2.275148868560791,0.3640204668045044,-0.25578173995018005,3.0136688754006449,130.49067986673393,6.9376864764880981,31.3,47.0
17.400997,57,0,-0.11562623083591461,0.04110090434551239,-0.026627032086253166,0.0,0.12556953624610359,160.43155690537338,-12.242520161548763,35.6,53.0
17.400997,57,1,-0.8055294156074524,2.177889108657837,-0.5477803945541382,0.0,2.3858210263297619,110.29777310745617,-13.273421739158358,15.8,55.0
17.400997,57,2,-1.8500198125839233,1.4153773784637451,1.9121544361114502,0.0,3.0136690292665942,142.58181898037614,39.382453658902818,14.3,63.1
17.400997,57,3,1.2950139045715332,5.1571364402771,2.838254451751709,0.0,6.0273381860947506,75.903858791402385,28.092527540545234,12.3,68.8
17.400997,57,4,3.7000396251678467,4.003396511077881,-2.5712504386901855,0.0,6.027338191207396,47.255109640766051,-25.251853815037737,12.3,68.8
17.400997,57,5,-1.2449090480804443,2.0336058139801025,0.0824088305234909,-0.25578173995018005,2.3858211081291243,121.47364776551123,1.9794516724836964,36.300000000000004,41.300000000000004
17.400997,57,6,-0.3661497235298157,1.7774927616119385,-1.548740267753601,-0.25578173995018005,2.3858211489098031,101.63967415678096,-40.477055797332937,36.300000000000004,41.300000000000004
17.400997,57,7,-2.0350217819213867,1.930163860321045,1.102431297302246,-0.17052115499973297,3.0136690173035672,136.51481342912302,21.457461110483663,19.6,55.6
17.693609,58,0,-0.11562623083591461,0.04109623655676842,-0.02663423679769039,0.0,0.12556953645787469,160.433610468078,-12.245884079569951,36.0,52.6
17.693609,58,1,-1.8500198125839233,1.4572906494140625,1.8804073333740234,0.0,3.0136690400953987,141.77192158538807,38.605855918206082,14.5,63.1
17.693609,58,2,-2.482109785079956,1.643729567527771,1.8706063032150269,0.0,3.5159470726935704,146.48624704679915,32.143043466728379,12.100000000000001,69.7
17.693609,58,3,-1.1870959997177124,2.797239065170288,-1.7686550617218018,0.0,3.5159471025051974,112.99546063378351,-30.201198019006647,12.100000000000001,69.7
17.693609,58,4,1.2950139045715332,5.0624237060546875,3.0039327144622803,0.0,6.027338263750825,75.650930528222844,29.893185008550148,12.200000000000001,69.0
17.693609,58,5,3.7000396251678467,4.01468563079834,-2.5535876750946045,0.0,6.02733804895212,47.33552090452671,-25.066354151541518,12.200000000000001,69.0
17.693609,58,6,-0.45865076780319214,0.7065826058387756,1.9614404439926147,-0.25578173995018005,2.1346822060930561,122.98805855430541,66.757697952280822,37.6,40.7
17.693609,58,7,-4.6597371101379395,1.1596769094467163,0.9616051316261292,-0.25578173995018005,4.8972119516180088,166.02461427025889,11.324045854281588,12.4,52.5
17.693609,58,8,0.0,4.89352560043335,-0.1899786740541458,-0.25578173995018005,4.8972119311596005,90,-2.2232462847550436,12.4,52.5
18.00892,59,0,-0.11562623083591461,0.04110713303089142,-0.026617417111992836,0.0,0.12556953666018453,160.42881671804162,-12.238030876803485,35.4,53.300000000000004
18.00892,59,1,-0.8787593245506287,2.1067426204681396,-0.6939457058906555,0.0,2.3858212552715932,112.64187367866754,-16.909593943048307,15.3,55.2
18.00892,59,2,-1.8500198125839233,1.4240925312042236,1.9056726694107056,0.0,3.0136690540475128,142.41194868806011,39.223200553253221,14.3,62.800000000000004
18.00892,59,3,-1.2294923067092896,2.744854211807251,-2.052989959716797,0.0,3.641516682789097,114.12886117751891,-34.317151937918617,11.3,70.5
18.00892,59,4,-2.570756673812866,2.027395009994507,1.5942156314849854,0.0,3.6415167007958495,141.73936468931018,25.962889855350912,11.3,70.5
18.00892,59,5,1.2950139045715332,5.170231342315674,2.8143298625946045,0.0,6.0273381953884675,75.938142632009132,27.835037033764344,12.4,68.9
18.00892,59,6,3.7000396251678467,4.132606029510498,-2.3579819202423096,0.0,6.02733809895781,48.161010950767981,-23.030088815213055,12.4,68.9
18.00892,59,7,-3.330035448074341,0.7361007928848267,-2.1248888969421387,-0.5115634799003601,4.0182251414107357,167.53526903058975,-31.925275699707317,16.5,49.7
18.00892,59,8,-1.1793875694274902,1.7764588594436646,-0.10053430497646332,-0.34104230999946594,2.1346822397474217,123.58010627293993,-2.6993820183966943,39.1,41.0
18.00892,59,9,-0.3931291997432709,0.8468172550201416,1.9196921586990356,-0.34104230999946594,2.1346821813237669,114.90276749581231,64.06451800340264,39.1,41.0
18.00892,59,10,-2.4898180961608887,3.9133670330047607,-1.1202384233474731,-0.25578173995018005,4.7716422552537141,122.46591501286215,-13.57806509651344,11.8,53.800000000000004
18.314327,60,0,-0.11562623083591461,0.04107290878891945,-0.026670198887586594,0.0,0.12556953692041128,160.44387414891875,-12.262675670325354,35.4,53.300000000000004
18.314327,60,1,-0.8787593245506287,2.1350176334381104,-0.6013525128364563,0.0,2.3858212611742453,112.37174596146552,-14.599009295540219,15.200000000000001,55.300000000000004
18.314327,60,2,-1.8500198125839233,1.384919285774231,1.9343284368515015,0.0,3.0136690655536209,143.1815839544378,39.930030724407622,14.200000000000001,62.6
18.314327,60,3,-1.2294923067092896,2.7997260093688965,-1.9775052070617676,0.0,3.6415167037582594,113.70855314280173,-32.891124947530265,11.5,70.5
18.314327,60,4,-2.570756673812866,1.9374220371246338,1.7024247646331787,0.0,3.641516731408204,142.9969021122433,27.872417429552332,11.5,70.5
18.314327,60,5,1.2950139045715332,5.15674352645874,2.838968276977539,0.0,6.0273381926346685,75.902827570283492,28.100219577551229,11.8,69.4
18.314327,60,6,3.7000396251678467,4.074347019195557,-2.4572763442993164,0.0,6.0273380436883537,47.756447124949261,-24.059711821317798,11.8,69.4
18.314327,60,7,-0.27750298380851746,9.001296043395996,-0.7996690273284912,0.34104230999946594,9.04100707444406,91.765825200035223,-5.0743917859830479,11.9,46.2
18.314327,60,8,-1.9502291679382324,1.9354368448257446,0.28681278228759766,-0.34104230999946594,2.7625298477789588,135.218117971666,5.9593305616340553,16.8,56.6
18.314327,60,9,-1.1793875694274902,1.7616965770721436,0.24967613816261292,-0.25578173995018005,2.1346821877168476,123.80077488131313,6.7167880462384932,43.1,43.6
18.314327,60,10,-0.3931291997432709,0.799222469329834,-1.9399899244308472,-0.25578173995018005,2.1346821847913722,116.19209192745724,-65.339448891345654,43.1,43.6
18.314327,60,11,-0.7400079369544983,2.5781729221343994,1.3739043474197388,-0.25578173995018005,3.0136689464905628,106.0149636868878,27.122273081145138,14.9,57.6
18.314327,60,12,4.2473368644714355,1.736093282699585,-1.3094574213027954,-0.25578173995018005,4.7716421769384212,22.232223833201346,-15.927744824226084,12.3,53.6
18.607585,61,0,-0.11562623083591461,0.041084203869104385,-0.02665279246866703,0.0,0.12556953615927779,160.43890441049484,-12.254548101866828,34.800000000000004,53.900000000000006
18.607585,61,1,1.4800158739089966,4.9640936851501465,3.0815789699554443,0.0,6.027337890813973,73.398354115457963,30.748260977001738,12.3,68.9
18.607585,61,2,3.7000396251678467,3.987112522125244,-2.5964293479919434,0.0,6.0273381231696312,47.138688718693352,-25.516782801751642,12.3,68.9
18.607585,61,3,-1.0483444929122925,1.6882723569869995,0.29537007212638855,-0.17052115499973297,2.0091125420677454,121.83850184031047,8.4539921358704824,43.2,40.7
18.607585,61,4,-0.24666929244995117,1.0076614618301392,1.720553994178772,-0.17052115499973297,2.0091125922605579,103.75515552271322,58.911983381738878,43.2,40.7
18.607585,61,5,-1.9425207376480103,0.9458659291267395,-1.51179039478302,-0.17052115499973297,2.6369602518493829,154.03729554278669,-34.98122595825911,11.700000000000001,59.900000000000006
18.607585,61,6,-0.9712603688240051,2.005545139312744,1.4099652767181396,-0.17052115499973297,2.6369603886710125,115.84032505992651,32.323119939776547,11.700000000000001,59.900000000000006
18.903598,62,0,-0.11562623083591461,0.04108462482690811,-0.026652144268155098,0.0,0.12556953630789022,160.43871919859146,-12.254245425299439,34.7,53.900000000000006
18.903598,62,1,-1.7729356288909912,1.7370909452438354,1.4765946865081787,0.0,2.8880992996196309,135.58508893285787,30.748372189394967,13.100000000000001,61.2
18.903598,62,2,-1.2294923067092896,2.753187656402588,-2.0418007373809814,0.0,3.6415166970363355,114.06412822997558,-34.104265426227556,12.100000000000001,69.8
18.903598,62,3,-2.570756673812866,2.031111001968384,1.589478611946106,0.0,3.6415167219311959,141.68833840117642,25.880020048423603,12.100000000000001,69.8
18.903598,62,4,1.4800158739089966,4.951167106628418,3.1023056507110596,0.0,6.0273379741985265,73.35740463329617,30.977790468057012,12.0,69.10000000000001
18.903598,62,5,3.7000396251678467,4.0184478759765625,-2.547663688659668,0.0,6.027338287359334,47.362264716615776,-25.004200360309792,12.0,69.10000000000001
18.903598,62,6,-1.0791782140731812,1.337483286857605,0.3701132833957672,-0.34104230999946594,1.7579735501137663,128.89909840055776,12.15365050275202,32.2,41.6
18.903598,62,7,-0.43167129158973694,1.0098772048950195,-1.3726904392242432,-0.34104230999946594,1.7579735819650346,113.14425114681863,-51.33725458920447,32.2,41.6
18.903598,62,8,-0.05010470002889633,1.585745930671692,0.38424211740493774,-0.17052115499973297,1.6324039458401973,91.80976851099868,13.614271865236967,31.200000000000003,43.2
18.903598,62,9,-0.057813115417957306,1.6591758728027344,0.8896781802177429,-0.17052115499973297,1.883542990632441,91.995634070494049,28.186487780888868,37.2,40.1
18.903598,62,10,-0.7515705227851868,1.2997426986694336,-1.1373411417007446,-0.17052115499973297,1.8835429928911245,120.03845995537009,-37.144749005469,37.2,40.1
18.903598,62,11,-1.1793875694274902,1.6926449537277222,0.5485129356384277,-0.17052115499973297,2.1346822758580939,124.86770291089451,14.889338250754651,32.300000000000004,45.300000000000004
19.193247,63,0,-0.11562623083591461,0.04107831045985222,-0.02666187658905983,0.0,0.12556953655567291,160.44149742181503,-12.258789713444386,35.300000000000004,53.400000000000006
19.193247,63,1,-1.9425207376480103,1.3120867013931274,1.2077256441116333,0.0,2.6369602878333467,145.96271676863643,27.258073288716712,14.600000000000001,58.400000000000006
19.193247,63,2,-1.950229287147522,0.515163779258728,2.0669615268707275,0.0,2.888099365581426,165.20299407208947,45.69914207822638,12.100000000000001,61.0
19.193247,63,3,1.2950139045715332,5.175233364105225,2.805121421813965,0.0,6.02733834931316,75.9511953632662,27.736092606740392,12.100000000000001,69.2
19.193247,63,4,3.7000396251678467,4.046249866485596,-2.503272771835327,0.0,6.0273382002388951,47.559056640434171,-24.539456128844762,12.100000000000001,69.2
19.193247,63,5,-1.171679139137268,1.192468285560608,1.1143252849578857,-0.6820846199989319,2.0091126045729188,134.49618215977955,33.685616400483113,31.200000000000003,40.2
19.193247,63,6,0.05395891144871712,1.7544505596160889,0.09727668762207031,-0.25578173995018005,1.7579735732418333,88.2383979733877,3.1720567027981694,34.800000000000004,40.5
19.485455,64,0,-0.11562623083591461,0.041093166917562485,-0.026638971641659737,0.0,0.12556953625286674,160.43496096400881,-12.248094860785836,33.2,55.5
19.485455,64,1,-0.8787593245506287,2.0200531482696533,-0.9161384105682373,0.0,2.3858210870971259,113.50990372381148,-22.581233849742585,11.8,58.6
19.485455,64,2,1.2950139045715332,5.150055885314941,2.8510818481445312,0.0,6.0273380807550447,75.885252838545924,28.230838407263505,12.0,69.2
19.485455,64,3,3.7000396251678467,4.069435119628906,-2.465402841567993,0.0,6.0273382675848621,47.7220471890956,-24.144339143250377,12.0,69.2
19.485455,64,4,-1.0252193212509155,1.1195526123046875,0.8865653276443481,-0.7673451900482178,1.7579734891532262,132.48158853215435,30.285624149650339,34.300000000000004,40.800000000000004
19.485455,64,5,-1.0791782140731812,1.0581474304199219,0.8978694081306458,-0.596824049949646,1.7579735709877269,135.563758854242,30.713208655793924,32.1,40.800000000000004
19.485455,64,6,0.0,1.615775465965271,0.23240526020526886,-0.25578173995018005,1.6324039210276258,90,8.1850081785371049,37.7,42.5
19.79311,65,0,-0.11562623083591461,0.0410945788025856,-0.026636794209480286,0.0,0.12556953639334795,160.43433979862849,-12.247078172854215,28.200000000000003,60.5
19.79311,65,1,1.4800158739089966,4.92429780960083,3.1447806358337402,0.0,6.02733781633127,73.271655560655148,31.449902287815853,11.8,69.4
19.79311,65,2,3.7000396251678467,4.080084800720215,-2.4477379322052,0.0,6.0273382345473632,47.796573512400016,-23.960450371384489,11.8,69.4
19.79311,65,3,-0.24666929244995117,1.0296560525894165,1.7074823379516602,0.08526057749986649,2.0091125555549758,103.47215103592421,58.197416356079387,25.200000000000003,48.5
19.79311,65,4,-0.9866771697998047,1.6928930282592773,-0.4439762234687805,0.08526057749986649,2.0091126224128453,120.23512570578271,-12.766673194589538,25.200000000000003,48.5
19.79311,65,5,0.0,10.434423446655273,1.542643666267395,-0.25578173995018005,10.547840638973659,90,8.40979127462496,12.5,48.800000000000004
19.79311,65,6,0.10020940005779266,1.628412127494812,-0.05454125627875328,-0.08526057749986649,1.6324039725106612,86.478566848925169,-1.9147009937996511,21.700000000000003,57.800000000000004
20.092992,66,0,-0.11562623083591461,0.04112621396780014,-0.026587923988699913,0.0,0.12556953625252573,160.42042301600057,-12.224261016005801,26.3,62.400000000000006
20.092992,66,1,1.4800158739089966,4.915389537811279,3.158686399459839,0.0,6.0273378091475633,73.243036458265763,31.604981626601234,12.0,69.3
20.092992,66,2,3.7000396251678467,3.999505043029785,-2.5772993564605713,0.0,6.0273382010506911,47.227334373695463,-25.315446597373597,12.0,69.3
20.092992,66,3,-0.9519892930984497,1.2653441429138184,0.39669057726860046,-0.42630288004875183,1.6324040027744624,126.95619387441491,14.064264272709821,39.300000000000004,42.800000000000004
20.092992,66,4,-0.3507328927516937,0.921270489692688,-1.3011494874954224,-0.42630288004875183,1.6324040143439296,110.84211261844865,-52.851747745383371,39.300000000000004,42.800000000000004
20.092992,66,5,0.1503141075372696,1.6221792697906494,-0.10335719585418701,-0.08526057749986649,1.6324039402666519,84.705985256509138,-3.6301646060359407,25.3,57.0
20.403335,67,0,-0.11562623083591461,0.04111027345061302,-0.02661256492137909,0.0,0.12556953632230633,160.4274351876318,-12.235765445216366,35.300000000000004,53.400000000000006
20.403335,67,1,-0.8787593245506287,2.1016201972961426,-0.7093076705932617,0.0,2.38582119525546,112.69147372167653,-17.295583008457548,15.0,55.400000000000006
20.403335,67,2,-1.8500198125839233,1.4359427690505981,1.8967593908309937,0.0,3.0136690477966086,142.18220908888622,39.00479524908571,14.600000000000001,62.7
20.403335,67,3,-1.2294923067092896,2.753667116165161,-2.041154146194458,0.0,3.6415167399633783,114.0604137949105,-34.091979309080465,11.5,70.4
20.403335,67,4,-2.570756673812866,1.9735312461853027,1.6604301929473877,0.0,3.6415167006721809,142.4870926957972,27.127501419242147,11.5,70.4
20.403335,67,5,1.4800158739089966,4.773799896240234,3.368856191635132,0.0,6.0273380920837889,72.77505377011849,33.98178779541427,11.9,69.4
20.403335,67,6,3.7000396251678467,4.10050106048584,-2.4133801460266113,0.0,6.0273382105281881,47.938850710716217,-23.60353873863092,11.9,69.4
20.403335,67,7,-0.76313316822052,1.085750937461853,0.3829692602157593,-0.5115634799003601,1.3812649220579618,125.10192960701623,16.096729910438555,25.8,51.2
20.403335,67,8,0.13875149190425873,1.434712290763855,-0.4392023980617523,-0.25578173995018005,1.5068344568125989,84.476085316298821,-16.946196305657242,36.800000000000004,43.400000000000006
20.696493,68,0,-0.11562623083591461,0.041108693927526474,-0.026615004986524582,0.0,0.12556953637001289,160.42813004694122,-12.236904693032484,28.8,59.900000000000006
20.696493,68,1,-1.6033504009246826,1.1239458322525024,-0.4500516951084137,0.0,2.0091125578854627,144.969611382048,-12.944388266737512,11.8,55.1
20.696493,68,2,-0.9250098466873169,1.694416880607605,0.5566343069076538,0.0,2.0091126233695968,118.63084718548959,16.084504652503458,11.8,55.1
20.696493,68,3,1.4800158739089966,4.834046363830566,3.2818212509155273,0.0,6.0273378831493165,72.9772445655299,32.989774103620739,11.8,69.4
20.696493,68,4,3.7000396251678467,4.161231994628906,-2.30708909034729,0.0,6.027338136502296,48.357487785997435,-22.505418855633323,11.8,69.4
20.696493,68,5,-0.6937574148178101,1.0449275970458984,-0.05998028442263603,-0.25578173995018005,1.2556952927371461,123.58132497057368,-2.7378659241301557,26.8,53.800000000000004
20.696493,68,6,-0.23125246167182922,0.4154840111732483,1.1621816158294678,-0.25578173995018005,1.25569533436335,119.09968706129118,67.748159151022136,26.8,53.800000000000004
21.013605,69,0,-0.11562623083591461,0.04108964279294014,-0.02664441056549549,0.0,0.12556953697674575,160.43651143990635,-12.250634316982351,24.1,64.60000000000001
21.013605,69,1,-1.8500198125839233,1.4143352508544922,1.9129254817962646,0.0,3.0136690939232471,142.60218325169274,39.401420897128048,12.700000000000001,65.7
21.013605,69,2,-2.482109785079956,1.824506402015686,1.6947540044784546,0.0,3.5159470604492395,143.68178000553078,28.817362674848074,11.8,69.8
21.013605,69,3,-1.1870959997177124,2.691728115081787,-1.925431728363037,0.0,3.5159471694914042,113.79826160773298,-33.204447471401906,11.8,69.8
21.013605,69,4,1.4800158739089966,4.8535637855529785,3.252887010574341,0.0,6.0273379124632829,73.041761913068754,32.662459398357939,12.0,69.3
21.013605,69,5,3.7000396251678467,4.049739360809326,-2.4976234436035156,0.0,6.0273381342296064,47.58365258189388,-24.480435578867063,12.0,69.3
21.013605,69,6,0.13875149190425873,1.4330447912216187,-0.4446132183074951,0.17052115499973297,1.5068345178043998,84.469697480858031,-17.161398933975384,28.0,45.2
21.295685,70,0,-0.11562623083591461,0.04109581559896469,-0.026634883135557175,0.0,0.12556953578280486,160.43379566824436,-12.246185928985058,25.200000000000003,63.5
21.295685,70,1,-1.8500198125839233,1.3450194597244263,1.9622819423675537,0.0,3.0136690387851521,143.98173276570367,40.626643417820659,13.200000000000001,64.10000000000001
21.295685,70,2,-2.570756673812866,2.0925076007843018,1.5077353715896606,0.0,3.6415167013259842,140.85559481056404,24.458906303952485,11.5,70.7
21.295685,70,3,-1.2294923067092896,2.6619625091552734,-2.159386157989502,0.0,3.6415167597750022,114.79100575247746,-36.369537263383044,11.5,70.7
21.295685,70,4,1.4800158739089966,4.890385627746582,3.1972618103027344,0.0,6.027337858351169,73.162197337754463,32.036542349838371,12.100000000000001,69.10000000000001
21.295685,70,5,3.7000396251678467,3.9947168827056885,-2.584714412689209,0.0,6.0273381186017261,47.193118997370725,-25.393447721429755,12.100000000000001,69.10000000000001
21.295685,70,6,-0.15416830778121948,0.8261080384254456,0.9330318570137024,0.08526057749986649,1.2556953470000995,100.57094134303502,47.9910239399891,17.7,64.2
21.295685,70,7,-0.6166732311248779,1.076454758644104,-0.1942419409751892,0.08526057749986649,1.2556952866947229,119.80728519849687,-8.8987455350612166,17.7,64.2
21.295685,70,8,0.23125247657299042,1.0119199752807617,-1.0922868251800537,0.42630288004875183,1.5068345140576254,77.127340135734471,-46.459562901099908,35.6,41.5
21.592911,71,0,-0.11562623083591461,0.0410861112177372,-0.026649851351976395,0.0,0.12556953599260817,160.43806522368124,-12.253174836560628,26.1,62.6
21.592911,71,1,-1.8500198125839233,1.5389623641967773,1.8141727447509766,0.0,3.0136690616530011,140.24419479277029,37.011937728279705,12.600000000000001,65.10000000000001
21.592911,71,2,1.4800158739089966,5.045796871185303,2.9458932876586914,0.0,6.0273377468463254,73.6527123826977,29.258804048958567,11.8,69.4
21.592911,71,3,3.7000396251678467,3.9172046184539795,-2.700744152069092,0.0,6.027338071286926,46.63304046605883,-26.620719594774144,11.8,69.4
21.592911,71,4,-0.07708415389060974,1.115006685256958,0.5723538398742676,0.08526057749986649,1.2556953424169253,93.954757038091614,27.116824582918042,16.6,66.10000000000001
21.592911,71,5,0.3006282150745392,0.5822587609291077,-1.4951053857803345,0.25578173995018005,1.632403964393301,62.69207032006635,-66.332691885855326,36.9,42.5
21.895897,72,0,-0.11562623083591461,0.041090480983257294,-0.026643117889761925,0.0,0.12556953697311857,160.43614266650894,-12.250030742400988,20.700000000000003,68.0
21.895897,72,1,-0.03854207694530487,1.19136643409729,0.39488133788108826,0.0,1.2556953225188459,91.852938242473442,18.328957172105856,12.4,68.7
21.895897,72,2,-2.570756673812866,2.0720903873443604,1.5356744527816772,0.0,3.6415167820847123,141.13036820387987,24.942774744400989,12.0,70.5
21.895897,72,3,-1.2294923067092896,2.7417116165161133,-2.057185173034668,0.0,3.6415168208523223,114.15335748247732,-34.397107803069154,12.0,70.5
21.895897,72,4,1.4800158739089966,4.953805923461914,3.098090171813965,0.0,6.0273379552700739,73.365779951696652,30.931063236798291,12.5,68.8
21.895897,72,5,3.7000396251678467,3.9415860176086426,-2.6650350093841553,0.0,6.0273381490723894,46.81047632899466,-26.24164311045887,12.5,68.8
21.895897,72,6,0.3006282150745392,1.2409255504608154,-1.017088532447815,0.08526057749986649,1.6324039415298626,76.381824128971871,-38.540069447433872,20.5,58.6
21.895897,72,7,-0.1772935688495636,2.5215158462524414,1.3970117568969727,0.25578173995018005,2.8880992055962942,94.021978552946578,28.928200221043635,11.4,50.2
21.895897,72,8,-1.241054892539978,2.119328498840332,-1.519653558731079,0.25578173995018005,2.8880992834143124,120.35275905521065,-31.747562132247896,11.4,50.2
22.193269,73,0,-0.11562623083591461,0.041073478758335114,-0.026669317856431007,0.0,0.12556953623215691,160.44362335992562,-12.262264349408685,24.6,64.10000000000001
22.193269,73,1,0.3507328927516937,0.5223644375801086,-1.5062750577926636,0.0,1.6324039688247043,56.121272348440712,-67.3291423704931,16.8,61.400000000000006
22.193269,73,2,-2.570756673812866,2.088242769241333,1.513636827468872,0.0,3.6415167423358272,140.91281432462418,24.560955525908835,11.3,71.2
22.193269,73,3,-1.2294923067092896,2.6974802017211914,-2.1148507595062256,0.0,3.6415167864392974,114.5031614058713,-35.504081838698866,11.3,71.2
22.193269,73,4,1.4800158739089966,4.94361686706543,3.114323139190674,0.0,6.0273379970476917,73.333395659727159,31.111126504211825,13.200000000000001,68.8
22.193269,73,5,3.7000396251678467,4.084041595458984,-2.441129446029663,0.0,6.02733788280734,47.824208756227783,-23.891726035235877,13.200000000000001,68.8
22.193269,73,6,0.0,2.8433263301849365,0.9988470673561096,0.25578173995018005,3.0136688742940621,90,19.356133557846352,16.900000000000002,46.7
22.193269,73,7,0.03854207694530487,1.2487518787384033,0.12611158192157745,-0.08526057749986649,1.2556953760537277,88.232156795471141,5.7640284104949533,15.700000000000001,64.7
22.491751,74,0,-0.11562623083591461,0.04106089100241661,-0.026688694953918457,0.0,0.12556953637557106,160.44916220821247,-12.27131243603851,29.900000000000002,58.800000000000004
22.491751,74,1,-2.570756673812866,2.0901553630828857,1.510994553565979,0.0,3.64151669757034,140.88714233609659,24.5152547102967,11.9,70.5
22.491751,74,2,-1.2294923067092896,2.711728572845459,-2.0965499877929688,0.0,3.64151685927149,114.38944443421136,-35.151145566379412,11.9,70.5
22.491751,74,3,0.24281509220600128,2.610450267791748,-0.28310826420783997,-0.42630288004875183,2.6369603825009951,84.685834936666751,-6.1632451105165016,18.900000000000002,49.5
22.491751,74,4,-2.4281508922576904,0.6451711058616638,-0.8008724451065063,-0.42630288004875183,2.6369602167536494,165.1200525367714,-17.680599926662826,18.900000000000002,49.5
22.491751,74,5,0.11562623083591461,1.1577454805374146,-0.47225716710090637,-0.25578173995018005,1.25569536705377,84.296674365854457,-22.091830307500022,29.200000000000003,57.800000000000004
22.491751,74,6,0.43167129158973694,0.7805503606796265,1.5148835182189941,-0.08526057749986649,1.7579735616076266,61.055891712458624,59.510419599314467,23.5,54.300000000000004
22.792508,75,0,-0.11562623083591461,0.04108317568898201,-0.026654379442334175,0.0,0.12556953661405262,160.43935678825994,-12.25528905793341,26.200000000000003,62.5
22.792508,75,1,0.48563018441200256,0.7123270630836487,1.5320653915405273,0.0,1.7579735165154342,55.715723509298954,60.632853026869761,11.700000000000001,62.1
22.792508,75,2,-2.570756673812866,2.076134443283081,1.5302023887634277,0.0,3.6415166418838512,141.07577395514227,24.847858177539351,12.8,69.60000000000001
22.792508,75,3,-1.2294923067092896,2.7040274143218994,-2.106473207473755,0.0,3.6415168492630205,114.450784443739,-35.342326425471178,12.8,69.60000000000001
22.792508,75,4,1.2950139045715332,4.9747633934021,3.1469786167144775,0.0,6.0273382390094339,75.408789430123477,31.474394946554607,11.700000000000001,68.9
22.792508,75,5,3.7000396251678467,4.133628845214844,-2.3561880588531494,0.0,6.02733795522423,48.168057187391568,-23.011561464824194,11.700000000000001,68.9
22.792508,75,6,0.1734393686056137,0.9098318219184875,-0.6475409269332886,-0.17052115499973297,1.1301258384850117,79.207312004801864,-34.958380835298783,23.1,60.0
23.106886,76,0,-0.11562623083591461,0.041103266179561615,-0.02662338688969612,0.0,0.12556953642275881,160.43051785208104,-12.240818188151351,26.3,62.400000000000006
23.106886,76,1,-1.8500198125839233,1.4873361587524414,1.8567334413528442,0.0,3.0136690641680448,141.20221893913717,38.032179774335958,14.100000000000001,63.6
23.106886,76,2,-2.570756673812866,2.1004605293273926,1.496635913848877,0.0,3.6415166304491819,140.74914158292796,24.26719546391346,12.5,69.8
23.106886,76,3,-1.2294923067092896,2.702833652496338,-2.108004570007324,0.0,3.6415167653734328,114.46031873263274,-35.371870846595172,12.5,69.8
23.106886,76,4,1.2950139045715332,5.268500804901123,2.625765562057495,0.0,6.0273382625471177,76.1902979789206,25.8261932060074,11.5,69.0
23.106886,76,5,3.7000396251678467,3.9823861122131348,-2.603672981262207,0.0,6.0273381660493461,47.104801897505688,-25.593107149009008,11.5,69.0
23.106886,76,6,0.5395891070365906,1.0510380268096924,1.3017809391021729,0.25578173995018005,1.7579735355352457,62.824631888156169,47.774099821555936,35.800000000000004,43.0
23.391743,77,0,-0.11562623083591461,0.04106811434030533,-0.026677578687667847,0.0,0.12556953642275387,160.4459837577904,-12.266121672816759,35.1,53.6
23.391743,77,1,-1.8500198125839233,1.475029706954956,1.8665249347686768,0.0,3.0136690719894732,141.43447576894141,38.2689013721474,15.0,62.6
23.391743,77,2,-2.570756673812866,2.099583864212036,1.4978656768798828,0.0,3.6415166984084757,140.76086029153441,24.288421329147045,12.3,70.10000000000001
23.391743,77,3,-1.2294923067092896,2.702831745147705,-2.1080069541931152,0.0,3.6415167298478877,114.46033397175172,-35.371917248241182,12.3,70.10000000000001
23.391743,77,4,0.2697945535182953,0.7766185998916626,-0.9491286873817444,0.25578173995018005,1.2556953515948108,70.842953955607129,-49.100487807059935,19.900000000000002,61.7
23.391743,77,5,0.5781311392784119,1.326443076133728,1.2058387994766235,0.42630288004875183,1.8835429537840878,66.449986723725829,39.8065208044608,26.3,48.400000000000006
23.691527,78,0,-0.11562623083591461,0.04108622670173645,-0.026649674400687218,0.0,0.12556953622423447,160.4380144138226,-12.253092190799835,35.2,53.5
23.691527,78,1,-1.8500198125839233,1.4628313779830933,1.8761003017425537,0.0,3.0136690743284125,141.66618320925315,38.5011464725471,15.200000000000001,62.400000000000006
23.691527,78,2,-2.570756673812866,2.0696053504943848,1.539021611213684,0.0,3.6415166761297608,141.1639575459171,25.000870870414314,12.0,70.5
23.691527,78,3,-1.2294923067092896,2.698796033859253,-2.113171339035034,0.0,3.6415167818851093,114.49261799812852,-35.4716293952273,12.0,70.5
23.691527,78,4,3.7925405502319336,7.403439044952393,-6.068592071533203,0.25578173995018005,10.296702542472264,62.875415618288621,-36.112482939499976,11.3,49.1
23.691527,78,5,-1.8962702751159668,9.825948715209961,-2.4242477416992188,0.25578173995018005,10.296702686945876,100.92299899539638,-13.61751522524645,11.3,49.1
23.691527,78,6,0.3854207694530487,0.5383673310279846,1.0669499635696411,0.34104230999946594,1.255695336220229,54.400871306776672,58.177811730257432,15.100000000000001,60.400000000000006
23.691527,78,7,0.5550059676170349,1.4098312854766846,1.3194231986999512,0.34104230999946594,2.0091126038296045,68.51200992119854,41.050151958045738,12.0,55.900000000000006
23.991774,79,0,-0.11562623083591461,0.04111400246620178,-0.02660680189728737,0.0,0.12556953596837311,160.42579475345957,-12.233074776564148,32.800000000000004,55.900000000000006
23.991774,79,1,-1.8500198125839233,1.466015338897705,1.8736133575439453,0.0,3.0136690751314257,141.60556026223858,38.440755253808966,12.5,65.2
23.991774,79,2,-2.570756673812866,2.06748366355896,1.5418707132339478,0.0,3.6415166993115839,141.19266073258314,25.05034312443161,11.3,71.2
23.991774,79,3,-1.2294923067092896,2.7057650089263916,-2.104240655899048,0.0,3.6415167655423777,114.43691915360886,-35.299275677033123,11.3,71.2
23.991774,79,4,1.2950139045715332,4.984451770782471,3.1316111087799072,0.0,6.0273384345765617,75.435943581636039,31.303266381478348,11.3,69.3
23.991774,79,5,3.515037775039673,4.187305450439453,-2.537673234939575,0.0,6.0273379648535137,49.988187910600892,-24.899456000925447,11.3,69.3
23.991774,79,6,0.4663591682910919,0.948247492313385,0.8895103335380554,0.25578173995018005,1.3812649325885187,63.811502860920911,40.089423603933618,21.900000000000002,57.5
24.296268,80,0,-0.11562623083591461,0.0410701185464859,-0.02667449228465557,0.0,0.12556953624739867,160.44510187883822,-12.264680507458896,34.5,54.2
24.296268,80,1,-0.8055294156074524,2.042904853820801,-0.932633101940155,0.0,2.3858211131616693,111.51960973892695,-23.010919398256732,15.700000000000001,56.0
24.296268,80,2,-2.570756673812866,2.085752010345459,1.5170670747756958,0.0,3.6415166941786774,140.94627482999093,24.620310775971792,12.200000000000001,70.2
24.296268,80,3,-1.2294923067092896,2.7056195735931396,-2.1044275760650635,0.0,3.6415167213910649,114.43807910172121,-35.302879788030552,12.200000000000001,70.2
24.296268,80,4,0.6166732311248779,1.325978398323059,1.3776897192001343,0.08526057749986649,2.0091126273046833,65.058258515908491,43.292296915718744,28.5,49.0
24.296268,80,5,0.5550059676170349,1.2571284770965576,0.6181800365447998,0.25578173995018005,1.5068344931014028,66.179161594788326,24.220589815328442,36.300000000000004,43.7
24.296268,80,6,1.1100119352340698,0.532556414604187,-0.8687965273857117,0.25578173995018005,1.5068345088614155,25.630545770570386,-35.209698982055684,36.300000000000004,43.7
24.606535,81,0,-0.11562623083591461,0.04115240275859833,-0.026547374203801155,0.0,0.12556953686003125,160.40890399391381,-12.205330034125751,34.6,54.1
24.606535,81,1,-0.8055294156074524,2.0789268016815186,-0.8493103384971619,0.0,2.3858211033597625,111.18003827629367,-20.853665833775672,14.5,56.1
24.606535,81,2,-1.8500198125839233,1.4378089904785156,1.8953450918197632,0.0,3.0136690291303005,142.14615848492227,38.970202473926591,11.700000000000001,65.9
24.606535,81,3,-2.570756673812866,2.020876884460449,1.6024702787399292,0.0,3.6415167516221576,141.8290419969276,26.107436393432554,11.700000000000001,70.60000000000001
24.606535,81,4,-1.2294923067092896,2.694396495819092,-2.1187779903411865,0.0,3.6415167144053817,114.52790370694066,-35.580022245028573,11.700000000000001,70.60000000000001
24.606535,81,5,1.2950139045715332,5.199028491973877,2.760769844055176,0.0,6.0273384180112384,76.0129647629316,27.260787359408297,12.200000000000001,69.2
24.606535,81,6,3.7000396251678467,4.037192344665527,-2.5178539752960205,0.0,6.027338043991902,47.495106149040417,-24.691921179886943,12.200000000000001,69.2
24.606535,81,7,0.6166732311248779,1.4315264225006104,1.2676670551300049,0.08526057749986649,2.0091126237633796,66.694579594567884,39.120887899091549,26.3,48.0
24.606535,81,8,0.6012564301490784,1.2667639255523682,0.5516793131828308,0.25578173995018005,1.5068344973720038,64.609128342102963,21.476405834033233,35.800000000000004,42.800000000000004
24.890439,82,0,-0.11562623083591461,0.04113353416323662,-0.026576602831482887,0.0,0.12556953734142987,160.4172030949621,-12.218975418749507,34.800000000000004,53.900000000000006
24.890439,82,1,0.655215322971344,1.4827076196670532,1.3889344930648804,0.0,2.1346821849869309,66.15914400076737,40.590751779205419,24.6,52.400000000000006
24.890439,82,2,-1.2294923067092896,2.6899220943450928,-2.124455690383911,0.0,3.6415167425549209,114.56388780056345,-35.689937294015479,12.100000000000001,70.0
24.890439,82,3,-2.570756673812866,2.094284772872925,1.5052658319473267,0.0,3.6415166909776575,140.83177863434514,24.416227000540051,12.100000000000001,70.0
24.890439,82,4,0.7014657855033875,1.4690717458724976,0.12048548460006714,0.25578173995018005,1.632403992506777,64.476031951430045,4.2327714717769611,38.400000000000006,41.7
25.207234,83,0,-0.11562623083591461,0.0411427803337574,-0.0265622828155756,0.0,0.1255695365098026,160.41313618277843,-12.212290090392495,35.2,53.5
25.207234,83,1,0.6166732311248779,1.332350730895996,1.3715280294418335,0.0,2.0091126099971826,65.1631289113242,43.051357201555334,27.3,52.2
25.207234,83,2,-2.570756673812866,2.0880191326141357,1.5139451026916504,0.0,3.6415166549227962,140.91581733134964,24.566289210437635,12.100000000000001,70.10000000000001
25.207234,83,3,-1.2294923067092896,2.7068755626678467,-2.102811813354492,0.0,3.6415167398226949,114.42806512055634,-35.271734719861684,12.100000000000001,70.10000000000001
25.207234,83,4,1.2950139045715332,4.998547554016113,3.1090621948242188,0.0,6.0273382511751628,75.4752744826804,31.052730949990181,11.8,69.4
25.207234,83,5,3.515037775039673,4.230554580688477,-2.464898109436035,0.0,6.0273381612484167,50.277849707716406,-24.139081752315686,11.8,69.4
25.207234,83,6,0.7554247379302979,1.5862265825271606,0.06074220687150955,0.25578173995018005,1.7579735269589458,64.534336367931346,1.9801008995894556,37.800000000000004,42.400000000000006
25.512791,84,0,-0.11562623083591461,0.041098255664110184,-0.02663111872971058,0.0,0.12556953595816431,160.43272216877077,-12.244428272223768,35.5,53.2
25.512791,84,1,-2.570756673812866,2.1035139560699463,1.49234139919281,0.0,3.6415166745573444,140.70835585388735,24.193097373618354,11.700000000000001,70.7
25.512791,84,2,-1.2294923067092896,2.711671829223633,-2.096623182296753,0.0,3.6415167458363467,114.38989534254699,-35.152555341438813,11.700000000000001,70.7
25.512791,84,3,1.4800158739089966,4.959505081176758,3.088958501815796,0.0,6.0273379084949914,73.383840538407,30.82991982277392,12.600000000000001,69.0
25.512791,84,4,3.7000396251678467,3.945925712585449,-2.6586053371429443,0.0,6.0273381600620484,46.841936337571092,-26.173519598914492,12.600000000000001,69.0
25.512791,84,5,0.655215322971344,1.3781083822250366,1.4927754402160645,0.08526057749986649,2.1346822591495007,64.571462747994261,44.370574585477613,35.5,47.7
25.512791,84,6,1.3297016620635986,1.168084740638733,-2.282233476638794,0.25578173995018005,2.8880993946362978,41.297891121013969,-52.20606176591123,17.6,54.300000000000004
25.512791,84,7,2.304816246032715,1.6613110303878784,-0.518638014793396,0.25578173995018005,2.8880993158223638,35.784054751268279,-10.345158607639947,17.6,54.300000000000004
25.512791,84,8,0.7515705227851868,1.619638442993164,0.5997060537338257,0.34104230999946594,1.8835430145409258,65.107003292246233,18.56574063293062,34.0,40.6
25.80328,85,0,-0.11562623083591461,0.04114610329270363,-0.026557136327028275,0.0,0.12556953676503874,160.41167463518579,-12.209887428329511,35.6,53.1
25.80328,85,1,0.5896937847137451,0.6593999266624451,1.9427611827850342,0.0,2.1346821862630425,48.194099433236495,65.518327580965234,27.400000000000002,51.7
25.80328,85,2,-2.570756673812866,2.073655128479004,1.5335606336593628,0.0,3.6415166737130797,141.10923443815236,24.906100899887623,11.600000000000001,70.8
25.80328,85,3,-1.2294923067092896,2.7227373123168945,-2.08223295211792,0.0,3.6415166992649732,114.30225960299597,-34.876103661313039,11.600000000000001,70.8
25.80328,85,4,1.4800158739089966,4.911414623260498,3.1648635864257812,0.0,6.0273378957283894,73.2302357630026,31.673952937343671,12.8,68.5
25.80328,85,5,3.7000396251678467,4.110363483428955,-2.3965444564819336,0.0,6.027338262086567,48.007300879916954,-23.42900293236195,12.8,68.5
25.80328,85,6,0.7515705227851868,1.6400014162063599,0.5415453910827637,0.17052115499973297,1.8835430195462615,65.379229826779635,16.709194027921427,39.400000000000006,40.2
26.097619,86,0,-0.11562623083591461,0.041119255125522614,-0.02659868635237217,0.0,0.12556953657264924,160.42348410863747,-12.229285688947206,35.2,53.400000000000006
26.097619,86,1,-1.8500198125839233,1.479811668395996,1.8627359867095947,0.0,3.0136690656170204,141.34404779487735,38.17720768793729,12.200000000000001,65.5
26.097619,86,2,-2.570756673812866,2.0862960815429688,1.5163187980651855,0.0,3.6415167050531,140.93896314544935,24.607360574068565,11.4,71.0
26.097619,86,3,-1.2294923067092896,2.682088851928711,-2.134336471557617,0.0,3.6415167328626432,114.62712339719192,-35.881583047684082,11.4,71.0
26.097619,86,4,1.4800158739089966,5.011039733886719,3.004635810852051,0.0,6.0273379329077486,73.545438832590818,29.900896413752495,12.8,68.7
26.097619,86,5,3.7000396251678467,4.030250072479248,-2.528951406478882,0.0,6.0273380601110071,47.44598466161807,-24.808083435981885,12.8,68.7
26.097619,86,6,0.30833661556243896,9.541951179504395,-3.1256086826324463,-0.17052115499973297,10.045562872108718,88.149200169923049,-18.128139163650339,13.3,45.5
26.408322,87,0,-0.11562623083591461,0.0410962738096714,-0.026634179055690765,0.0,0.12556953640246624,160.43359407870324,-12.245857124672723,35.300000000000004,53.400000000000006
26.408322,87,1,-0.8787593245506287,2.117340326309204,-0.6609045267105103,0.0,2.3858212006196706,112.53990640825555,-16.08203776415219,15.600000000000001,55.400000000000006
26.408322,87,2,-1.8500198125839233,1.4662467241287231,1.8734322786331177,0.0,3.0136690703519093,141.60115862048855,38.436360106842692,14.5,63.2
26.408322,87,3,-2.570756673812866,2.0946333408355713,1.5047810077667236,0.0,3.6415167979605441,140.82710930863342,24.40784904488385,12.0,70.10000000000001
26.408322,87,4,-1.2294923067092896,2.682023048400879,-2.1344192028045654,0.0,3.6415167578512873,114.62765590390335,-35.883189356489332,12.0,70.10000000000001
26.408322,87,5,1.4800158739089966,4.97988224029541,3.0559988021850586,0.0,6.0273379524619957,73.448104983030674,30.465734068840018,12.9,68.60000000000001
26.408322,87,6,3.7000396251678467,4.069408893585205,-2.4654459953308105,0.0,6.0273382124197505,47.721863395915172,-24.144788925316274,12.9,68.60000000000001
26.408322,87,7,0.3931291997432709,1.096163272857666,-1.789062261581421,0.17052115499973297,2.1346822396477756,70.270079954491962,-56.939290581229621,33.0,41.400000000000006
26.408322,87,8,1.375952124595642,1.1466742753982544,-1.9353173971176147,0.25578173995018005,2.6369602899219915,39.806738501236211,-47.216020170754639,27.200000000000003,46.800000000000004
26.408322,87,9,0.8016752004623413,1.772373080253601,0.5025377869606018,0.42630288004875183,2.0091126623380862,65.661932373420825,14.485159001840607,32.0,40.400000000000006
26.408322,87,10,2.123668670654297,1.4316401481628418,2.5886447429656982,0.42630288004875183,3.641516681526292,33.9853027794637,45.305740142092368,14.200000000000001,48.5
26.408322,87,11,2.162210464477539,3.239875555038452,-1.4138906002044678,-0.25578173995018005,4.14379467809138,56.281862847799019,-19.950411172616558,14.8,42.900000000000006
26.690642,88,0,-0.11562623083591461,0.04110947623848915,-0.02661379985511303,0.0,0.12556953705676838,160.4277858941758,-12.236341955459094,35.0,53.7
26.690642,88,1,-0.8787593245506287,2.113154411315918,-0.6741687655448914,0.0,2.3858212508452774,112.58007757784937,-16.413832022203749,15.0,55.400000000000006
26.690642,88,2,-1.8500198125839233,1.4785573482513428,1.8637317419052124,0.0,3.013669050311619,141.367745221904,38.201294327559992,15.0,62.7
26.690642,88,3,-2.570756673812866,2.0959396362304688,1.5029608011245728,0.0,3.6415167175769381,140.80961603072817,24.376403546188822,11.600000000000001,70.7
26.690642,88,4,-1.2294923067092896,2.7123842239379883,-2.0957014560699463,0.0,3.6415167311847827,114.38423549403156,-35.134820045782924,11.600000000000001,70.7
26.690642,88,5,1.4800158739089966,5.012201309204102,3.002697706222534,0.0,6.0273379253169459,73.549045995686569,29.879646180803153,12.600000000000001,68.9
26.690642,88,6,3.7000396251678467,3.9856297969818115,-2.5987048149108887,0.0,6.027338120716518,47.128062708444808,-25.540753662877435,12.600000000000001,68.9
26.690642,88,7,0.48563018441200256,1.2363389730453491,-1.8287612199783325,0.25578173995018005,2.260251829327764,68.555251154605457,-54.007723796505474,31.0,41.6
26.690642,88,8,0.7862583994865417,1.7754135131835938,0.8868894577026367,0.42630288004875183,2.134682253578299,66.11339637550364,24.548712196658144,34.2,41.1
26.690642,88,9,1.5725167989730835,0.7209606766700745,-1.2507096529006958,0.42630288004875183,2.1346821815474319,24.63030345381668,-35.866575253346952,34.2,41.1
26.690642,88,10,1.2025128602981567,2.3812880516052246,-4.106837749481201,0.596824049949646,4.897212091023226,63.206945338353314,-56.993343553795874,15.5,44.0
26.993737,89,0,-0.11562623083591461,0.04110671207308769,-0.02661806344985962,0.0,0.12556953586201033,160.42900190719226,-12.238332729383,35.9,52.800000000000004
26.993737,89,1,-0.8787593245506287,2.105710744857788,-0.6970701217651367,0.0,2.3858211261852555,112.651848724067,-16.98803511935574,15.5,54.900000000000006
26.993737,89,2,-1.8500198125839233,1.4793704748153687,1.8630863428115845,0.0,3.0136690311777019,141.35238132237004,38.185682089555442,15.0,62.7
26.993737,89,3,-2.570756673812866,2.0874063968658447,1.5147898197174072,0.0,3.6415166537514745,140.92404649569437,24.580903697699025,11.600000000000001,70.7
26.993737,89,4,-1.2294923067092896,2.7109832763671875,-2.097513437271118,0.0,3.6415167549433027,114.39536811654976,-35.169688813000548,11.600000000000001,70.7
26.993737,89,5,1.4800158739089966,4.81342887878418,3.3119869232177734,0.0,6.0273378814947538,72.908571441161968,33.332316661629186,13.200000000000001,68.60000000000001
26.993737,89,6,3.7000396251678467,4.060919761657715,-2.4794037342071533,0.0,6.0273381700079467,47.66230300820267,-24.290274693841347,13.200000000000001,68.60000000000001
26.993737,89,7,0.8325088620185852,1.9486762285232544,0.7863384485244751,0.25578173995018005,2.2602518011449462,66.866971741220553,20.358838157787037,33.800000000000004,40.900000000000006
26.993737,89,8,0.6475068926811218,1.636350393295288,-1.9638359546661377,0.25578173995018005,2.6369602656366795,68.411202358662479,-48.136321362039169,23.900000000000002,43.900000000000006
26.993737,89,9,1.0521987676620483,1.0448189973831177,2.1805481910705566,0.596824049949646,2.636960257103484,44.798367018011781,55.783365465700996,21.0,41.300000000000004
27.295106,90,0,-0.11562623083591461,0.04111158847808838,-0.026610536500811577,0.0,0.12556953698000534,160.42685668905145,-12.23481832585567,35.4,53.300000000000004
27.295106,90,1,-1.8500198125839233,1.492630958557129,1.8524795770645142,0.0,3.013669037707583,141.10275457205265,37.929575901719723,14.3,63.400000000000006
27.295106,90,2,-1.2294923067092896,2.7245302200317383,-2.0798864364624023,0.0,3.6415166951016156,114.28811590042736,-34.83111283466453,12.100000000000001,70.2
27.295106,90,3,-2.570756673812866,2.1002817153930664,1.4968870878219604,0.0,3.6415167325794267,140.75153153738796,24.271529844172584,12.100000000000001,70.2
27.295106,90,4,1.4800158739089966,4.965819835662842,3.078796625137329,0.0,6.0273379104080558,73.403807486661037,30.717490528458836,12.700000000000001,68.7
27.295106,90,5,3.7000396251678467,3.9517457485198975,-2.649946689605713,0.0,6.0273381476825723,46.88407010576887,-26.081842663185711,12.700000000000001,68.7
27.295106,90,6,0.5126096606254578,1.1866791248321533,-2.005284547805786,0.08526057749986649,2.3858210593310658,66.637109001200642,-57.1930424237709,26.8,50.800000000000004
27.295106,90,7,0.6783405542373657,2.3009252548217773,-1.3700978755950928,0.5115634799003601,2.762529841379076,73.5738464563305,-29.732920315309638,25.3,41.400000000000006
27.295106,90,8,0.5935479998588562,8.729415893554688,-4.1148200035095215,-0.34104230999946594,9.6688543650250374,86.110217163919813,-25.187046829956319,14.0,43.800000000000004
27.579262,91,0,-0.11562623083591461,0.04108422249555588,-0.026652762666344643,0.0,0.12556953592783979,160.43889621526887,-12.254534209309597,35.0,53.6
27.579262,91,1,-0.8787593245506287,2.1177170276641846,-0.6596964001655579,0.0,2.3858211794128454,112.53629794429277,-16.05184525243552,15.5,55.400000000000006
27.579262,91,2,-1.8500198125839233,1.465555191040039,1.8739732503890991,0.0,3.0136690375871313,141.61431524877366,38.449492076952069,14.600000000000001,63.0
27.579262,91,3,-2.570756673812866,1.9437180757522583,1.6952327489852905,0.0,3.6415167042307628,142.90751403307721,27.744483289277554,12.600000000000001,70.0
27.579262,91,4,-1.2294923067092896,2.690497875213623,-2.1237263679504395,0.0,3.6415166942792276,114.55925169658731,-35.675810319010907,12.600000000000001,70.0
27.579262,91,5,1.2950139045715332,5.203360557556152,2.752596139907837,0.0,6.0273383524073214,76.024153068098883,27.173414622143081,13.100000000000001,68.0
27.579262,91,6,3.7000396251678467,3.9326415061950684,-2.6782162189483643,0.0,6.0273380989868581,46.745518063791039,-26.381425571238978,13.100000000000001,68.0
27.579262,91,7,0.43937966227531433,1.4418864250183105,-1.8493380546569824,0.17052115499973297,2.3858210726447457,73.052680703930179,-50.817450018530309,29.700000000000003,41.0
27.579262,91,8,0.8055294156074524,1.9697797298431396,1.0785325765609741,0.34104230999946594,2.3858211044026434,67.758191902005819,26.875882331065974,30.8,41.400000000000006
27.579262,91,9,1.684288740158081,1.140057921409607,-1.2472296953201294,0.34104230999946594,2.3858211452831983,34.093205089479284,-31.518071983910286,30.8,41.400000000000006
27.579262,91,10,1.7035598754882812,2.208289623260498,-1.6971479654312134,0.34104230999946594,3.2648078850279916,52.352018809791495,-31.320908142473513,12.5,51.5
27.579262,91,11,0.292919784784317,8.551336288452148,-4.226480007171631,-0.5115634799003601,9.5432849464709051,88.038141959342767,-26.28744633906922,15.100000000000001,43.0
27.579262,91,12,1.7343934774398804,3.3520431518554688,5.017465114593506,-0.34104230999946594,6.2784767422241812,62.642329693748266,53.049319909047,17.8,40.900000000000006
27.899437,92,0,-0.11562623083591461,0.041098352521657944,-0.02663097344338894,0.0,0.12556953684655034,160.432679556873,-12.24436034882604,35.0,53.7
27.899437,92,1,-1.8500198125839233,1.45597243309021,1.8814282417297363,0.0,3.0136690696972566,141.79712359439864,38.630697328252658,14.600000000000001,63.2
27.899437,92,2,-2.570756673812866,1.986303687095642,1.645129680633545,0.0,3.6415167004181876,142.30841254759338,26.857331787510031,12.700000000000001,69.7
27.899437,92,3,-1.2294923067092896,2.723248243331909,-2.0815649032592773,0.0,3.6415168231862478,114.2982274477652,-34.86329097555496,12.700000000000001,69.7
27.899437,92,4,1.2950139045715332,5.198340892791748,2.762063980102539,0.0,6.0273382583761128,76.011187305032792,27.274628139246165,11.5,68.60000000000001
27.899437,92,5,3.515037775039673,4.06892204284668,-2.7234511375427246,0.0,6.0273379902990518,49.177103677476026,-26.862423780596995,11.5,68.60000000000001
27.899437,92,6,0.6937574148178101,1.6470706462860107,1.7643531560897827,0.08526057749986649,2.5113906752784771,67.158841482909651,44.631169533683639,24.400000000000002,52.5
27.899437,92,7,1.45689058303833,2.826155185699463,-1.1768500804901123,0.25578173995018005,3.3903774740508341,62.72877316997328,-20.310942459256246,11.8,53.300000000000004
28.203843,93,0,-0.11562623083591461,0.041109781712293625,-0.026613328605890274,0.0,0.12556953718652364,160.42765151111408,-12.236121919124868,35.2,53.5
28.203843,93,1,-1.8500198125839233,1.4650417566299438,1.8743747472763062,0.0,3.0136690841646039,141.62408659252966,38.459238800156349,14.700000000000001,62.900000000000006
28.203843,93,2,-2.570756673812866,2.0158116817474365,1.6088372468948364,0.0,3.6415167031360678,141.8988825124118,26.219050741793858,11.9,70.5
28.203843,93,3,-1.2294923067092896,2.690683126449585,-2.1234917640686035,0.0,3.6415167569688642,114.55776042953303,-35.671265690094181,11.9,70.5
28.203843,93,4,0.46250492334365845,0.6186637282371521,-2.3896501064300537,0.17052115499973297,2.5113906991773667,53.218690118662707,-72.086997738788043,29.700000000000003,41.1
28.203843,93,5,1.0599071979522705,1.6979459524154663,2.4183452129364014,0.596824049949646,3.1392383303163696,58.026391842190364,50.386272572730469,24.3,40.5
28.491741,94,0,-0.11562623083591461,0.041133321821689606,-0.026576926931738853,0.0,0.12556953637941762,160.41729649543876,-12.219126824480709,35.2,53.5
28.491741,94,1,-1.8500198125839233,1.4679992198944092,1.8720593452453613,0.0,3.0136690609096646,141.56783828794448,38.403044565396172,14.5,63.300000000000004
28.491741,94,2,-1.2294923067092896,2.7086679935455322,-2.1005024909973145,0.0,3.6415167645091562,114.41378743187188,-35.227241549427617,11.700000000000001,70.4
28.491741,94,3,-2.570756673812866,1.9848774671554565,1.6468501091003418,0.0,3.6415166781738977,142.32832210834027,26.887678213996288,11.700000000000001,70.4
28.491741,94,4,1.4800158739089966,4.597408771514893,3.6058542728424072,0.0,6.0273376739984075,72.155390865220042,36.7446598533674,11.700000000000001,69.10000000000001
28.491741,94,5,3.7000396251678467,4.043107986450195,-2.5083439350128174,0.0,6.0273381118222629,47.536891107469707,-24.592460673215086,11.700000000000001,69.10000000000001
28.491741,94,6,0.30833661556243896,2.17034649848938,-1.2254008054733276,0.08526057749986649,2.51139055625689,81.914217216407025,-29.2050878108276,24.900000000000002,52.7
28.491741,94,7,1.3528269529342651,2.2760210037231445,2.1176040172576904,0.25578173995018005,3.3903774344282418,59.27349303279653,38.652277782357174,13.700000000000001,49.0
28.491741,94,8,2.601590156555176,1.049653172492981,-1.9038424491882324,0.25578173995018005,3.390377441604461,21.9724004216472,-34.16256825261339,13.700000000000001,49.0
28.491741,94,9,0.6937574148178101,1.631001591682434,1.7792181968688965,0.42630288004875183,2.5113906376258415,66.957200736252943,45.109702253277604,35.4,40.6
28.796513,95,0,-0.11562623083591461,0.04115461930632591,-0.026543933898210526,0.0,0.12556953601236803,160.40792913099042,-12.203724051790424,35.0,53.6
28.796513,95,1,-0.8055294156074524,2.1168558597564697,-0.7497904896736145,0.0,2.3858210638686184,110.83337475882033,-18.316712147854176,14.3,55.400000000000006
28.796513,95,2,-1.8500198125839233,1.4903483390808105,1.8543165922164917,0.0,3.0136691097271062,141.14560014377224,37.97386649970634,15.0,62.7
28.796513,95,3,-2.570756673812866,2.0441110134124756,1.5727250576019287,0.0,3.6415166919728046,141.51039200262923,25.587396977431773,11.9,70.3
28.796513,95,4,-1.2294923067092896,2.705579996109009,-2.104478359222412,0.0,3.6415166637045626,114.43839477762297,-35.303859502982007,11.9,70.3
28.796513,95,5,0.3237534463405609,2.3212850093841553,-1.2084615230560303,0.17052115499973297,2.6369603033636833,82.060082150218179,-27.276061075827588,31.900000000000002,40.300000000000004
28.796513,95,6,1.6765804290771484,3.2108192443847656,-0.37465059757232666,0.25578173995018005,3.6415168852467752,62.42797011871933,-5.905217365331958,12.0,57.0
28.796513,95,7,0.7400079369544983,1.8139804601669312,2.289992094039917,0.42630288004875183,3.0136689677846848,67.807142478644991,49.452605808660593,26.6,42.300000000000004
28.796513,95,8,0.76313316822052,0.9910328984260559,2.4631388187408447,0.5115634799003601,2.7625298692664089,52.402355607194629,63.078073334476862,25.900000000000002,41.300000000000004
29.090124,96,0,-0.11562623083591461,0.04114891216158867,-0.026552783325314522,0.0,0.12556953663896134,160.41043922215206,-12.207855260061786,35.2,53.5
29.090124,96,1,-0.8787593245506287,2.1049118041992188,-0.6994790434837341,0.0,2.3858211555384461,112.659577729888,-17.048534647892506,14.8,55.400000000000006
29.090124,96,2,-1.8500198125839233,1.4689487218856812,1.8713144063949585,0.0,3.013669069765947,141.549798169641,38.384974126634894,14.9,62.800000000000004
29.090124,96,3,-2.570756673812866,2.0993874073028564,1.4981410503387451,0.0,3.6415167126631838,140.76348694122137,24.293174802737809,12.700000000000001,69.60000000000001
29.090124,96,4,-1.2294923067092896,2.7057886123657227,-2.104210138320923,0.0,3.6415166693670247,114.4367309094829,-35.29868841767135,12.700000000000001,69.60000000000001
29.090124,96,5,0.24281509220600128,2.358503580093384,-1.1541496515274048,0.25578173995018005,2.6369603190865702,84.121935301486346,-25.956066869059843,38.0,41.0
29.090124,96,6,0.8325088620185852,2.262047529220581,1.8089417219161987,0.25578173995018005,3.0136688907511981,69.79470345912361,36.887494952297388,25.700000000000003,46.1
29.392898,97,0,-0.11562623083591461,0.0411187969148159,-0.026599392294883728,0.0,0.12556953606468094,160.4236856728877,-12.229615331141197,35.300000000000004,53.400000000000006
29.392898,97,1,0.620527446269989,1.9443132877349854,2.0434553623199463,0.0,2.8880994252676491,72.299520624024808,45.03538037357599,17.2,60.900000000000006
29.392898,97,2,-1.7729356288909912,1.6305969953536987,1.5934146642684937,0.0,2.8880993053829505,137.39476282171447,33.484914327543969,17.2,60.900000000000006
29.392898,97,3,-2.570756673812866,2.0454673767089844,1.5709606409072876,0.0,3.6415167170306884,141.49187630436174,25.556620659062933,12.100000000000001,70.10000000000001
29.392898,97,4,-1.2294923067092896,2.6985907554626465,-2.113433599472046,0.0,3.6415168511354103,114.49426227797433,-35.476695578259609,12.100000000000001,70.10000000000001
29.392898,97,5,1.4800158739089966,4.7048258781433105,3.4645299911499023,0.0,6.0273378526715033,72.537780366209816,35.08581539351102,11.4,69.10000000000001
29.392898,97,6,3.7000396251678467,4.056077003479004,-2.4873178005218506,0.0,6.027338029906427,47.628264856124765,-24.372839975338987,11.4,69.10000000000001
29.392898,97,7,0.24281509220600128,2.437448024749756,-0.9764465689659119,0.08526057749986649,2.6369603607951326,84.3110454996108,-21.733655878102311,24.5,53.900000000000006
29.392898,97,8,1.0791782140731812,1.5867968797683716,-2.946070909500122,0.34104230999946594,3.515947064330704,55.780437988072833,-56.920782165247068,19.0,43.0
29.392898,97,9,1.2140754461288452,3.3734683990478516,2.541883945465088,0.34104230999946594,4.3949336992132872,70.206734798286092,35.335757137655932,13.3,46.0
29.392898,97,10,2.9677398204803467,2.74226713180542,-1.7285642623901367,0.34104230999946594,4.3949337962542057,42.738719865491319,-23.160513328293646,13.3,46.0
29.711727,98,0,-0.11562623083591461,0.04110225662589073,-0.02662494406104088,0.0,0.12556953612765456,160.43096198836321,-12.241545265149801,35.2,53.5
29.711727,98,1,-1.8500198125839233,1.5049740076065063,1.8424659967422485,0.0,3.01366902955113,140.87196459546433,37.688608811116886,14.8,62.800000000000004
29.711727,98,2,1.4800158739089966,4.853208541870117,3.2534170150756836,0.0,6.027337920831024,73.040591850981613,32.668444137947027,11.700000000000001,68.9
29.711727,98,3,3.7000396251678467,3.9883270263671875,-2.5945634841918945,0.0,6.027338166269181,47.147389349876462,-25.497130281945861,11.700000000000001,68.9
29.711727,98,4,0.24281509220600128,2.481557846069336,-0.8581789135932922,0.08526057749986649,2.6369602879314384,84.41152110349482,-18.992385063505306,21.6,54.0
29.711727,98,5,2.7750296592712402,2.408453941345215,-0.8303595781326294,0.25578173995018005,3.767086012611466,40.954779982787024,-12.733990952912704,25.1,45.5
29.711727,98,6,1.5031410455703735,1.742820143699646,-2.982294797897339,0.25578173995018005,3.7670860512774564,49.223009318878809,-52.341994583100529,25.1,45.5
29.711727,98,7,3.013990640640259,2.588158130645752,4.193061828613281,-0.25578173995018005,5.7761985413997454,40.653171935584332,46.545489447428153,11.700000000000001,50.5
29.711727,98,8,0.5318806767463684,5.1978888511657715,-2.4624228477478027,-0.25578173995018005,5.7761987365810041,84.157470611460766,-25.233298533236507,11.700000000000001,50.5
30.007381,99,0,-0.11562623083591461,0.04109295830130577,-0.026639293879270554,0.0,0.12556953634404808,160.43505274610678,-12.248245309404791,35.0,53.7
30.007381,99,1,1.4800158739089966,4.748015880584717,3.4050991535186768,0.0,6.0273378895330634,72.687091017185949,34.398296404148034,13.200000000000001,68.4
30.007381,99,2,3.7000396251678467,4.019585609436035,-2.545867681503296,0.0,6.0273380485186365,47.370346926685542,-24.985364451312616,13.200000000000001,68.4
30.007381,99,3,1.1100119352340698,2.5059144496917725,2.9384348392486572,0.34104230999946594,4.0182251094290855,66.108724840039088,46.993540588499066,14.700000000000001,49.400000000000006
30.007381,99,4,-3.353160858154297,1.4890989065170288,-0.8543031215667725,-0.25578173995018005,3.7670860247102138,156.05456152678792,-13.107623033687487,23.200000000000003,46.900000000000006
30.007381,99,5,0.5318806767463684,1.3570464849472046,-2.4933202266693115,-0.08526057749986649,2.8880993697104755,68.597804967268374,-59.690095741082338,22.400000000000002,56.800000000000004
30.293455,100,0,-0.11562623083591461,0.04110177978873253,-0.026625679805874825,0.0,0.12556953605172969,160.43117176576087,-12.241888794744581,34.9,53.7
30.293455,100,1,-0.8787593245506287,2.091855764389038,-0.7376071810722351,0.0,2.3858212093662119,112.78659426573478,-18.008784579692069,15.100000000000001,55.6
30.293455,100,2,-1.8500198125839233,1.4487926959991455,1.8869625329971313,0.0,3.01366905679248,141.93469445942216,38.765514165070044,14.600000000000001,63.0
30.293455,100,3,1.2950139045715332,5.328675746917725,2.501391887664795,0.0,6.0273383515858825,76.340372635746462,24.519802029889856,12.5,68.8
30.293455,100,4,3.7000396251678467,3.9211959838867188,-2.694946050643921,0.0,6.027338167694162,46.662167619428388,-26.559083462658528,12.5,68.8
30.293455,100,5,0.2081272155046463,3.3646504878997803,-0.36120566725730896,0.34104230999946594,3.3903774683089116,86.460364410832184,-6.1158123076820461,16.3,42.0
30.293455,100,6,0.3237534463405609,5.125127792358398,-1.2010341882705688,0.42630288004875183,5.2739202026022927,86.385438181267318,-13.163512530113824,14.600000000000001,46.1
30.293455,100,7,-3.642226219177246,0.8590766787528992,-2.304694890975952,-0.42630288004875183,4.3949338006538783,166.72844619233487,-31.627731805769752,19.8,41.7
30.293455,100,8,0.22354406118392944,2.3989675045013428,-2.730499505996704,-0.25578173995018005,3.6415167975985296,84.676354929949213,-48.575201464522053,28.3,43.900000000000006
30.293455,100,9,-3.353160858154297,1.4115794897079468,-0.15620386600494385,-0.25578173995018005,3.6415167230396044,157.17037667289293,-2.4584726203031368,28.3,43.900000000000006
30.599329,101,0,-0.11562623083591461,0.041067615151405334,-0.02667834423482418,0.0,0.12556953580648422,160.44620340943825,-12.266479204161651,35.0,53.6
30.599329,101,1,0.08479256927967072,2.745745897293091,0.29199379682540894,0.0,2.7625297626797445,88.231186337379668,6.067381261909305,17.400000000000002,59.7
30.599329,101,2,-1.8500198125839233,1.4413235187530518,1.8926738500595093,0.0,3.0136690421084427,142.07836243663309,38.904911044940995,15.200000000000001,62.7
30.599329,101,3,1.2950139045715332,5.403812408447266,2.3346426486968994,0.0,6.02733820652506,76.5233272276258,22.789226225558405,12.200000000000001,68.9
30.599329,101,4,0.46250495314598083,1.4181584119796753,-2.618609666824341,0.25578173995018005,3.0136689765697833,71.937264216042536,-60.332318675233765,30.700000000000003,41.7
30.599329,101,5,0.5318806767463684,7.884134769439697,-3.553530693054199,-0.42630288004875183,8.6642979232862469,86.140551446156266,-24.21330733676578,17.7,41.400000000000006
30.599329,101,6,0.5318806767463684,7.953075408935547,-3.396432876586914,-0.34104230999946594,8.6642981135041719,86.173906985588289,-23.079203995668742,15.4,43.7
30.890788,102,0,-0.11562623083591461,0.041105493903160095,-0.026619944721460342,0.0,0.12556953588875189,160.42953781093746,-12.239211089851512,35.300000000000004,53.400000000000006
30.890788,102,1,-0.8787593245506287,2.1137855052948,-0.6721867322921753,0.0,2.3858210569840943,112.57401244323991,-16.364218682046648,15.0,55.2
30.890788,102,2,-1.8500198125839233,1.468664526939392,1.871537446975708,0.0,3.0136690619700621,141.55519680250546,38.390384162705018,15.0,62.7
30.890788,102,3,-2.570756673812866,2.1588327884674072,1.411132574081421,0.0,3.64151672056425,139.97761881025724,22.799796665266495,11.4,70.8
30.890788,102,4,-1.2294923067092896,2.7028353214263916,-2.1080024242401123,0.0,3.6415167619564275,114.46030539841824,-35.37182948044228,11.4,70.8
30.890788,102,5,1.4800158739089966,5.017452239990234,2.99391508102417,0.0,6.0273378435250828,73.565333097524757,29.783406522884214,11.8,69.4
30.890788,102,6,3.7000396251678467,3.9971187114715576,-2.580998659133911,0.0,6.0273381604037546,47.210287573901269,-25.354354341345474,11.8,69.4
30.890788,102,7,0.5550059676170349,2.028738021850586,-2.1583306789398193,0.34104230999946594,3.0136690105327713,74.699841076949113,-45.74002096684174,31.6,40.5
30.890788,102,8,0.8633425831794739,3.1529202461242676,-1.2944566011428833,0.34104230999946594,3.5159471535553126,74.686454866568909,-21.602631281528449,16.7,48.7
30.890788,102,9,2.798154830932617,2.864305019378662,1.0663584470748901,0.42630288004875183,4.1437946425417023,45.669312332018258,14.912204426283296,13.4,53.6
31.195237,103,0,-0.11562623083591461,0.04115680232644081,-0.026540551334619522,0.0,0.1255695365134534,160.40696902543354,-12.202144902013503,35.6,53.1
31.195237,103,1,-0.8787593245506287,2.1076698303222656,-0.6911244988441467,0.0,2.3858212709752458,112.63291752447317,-16.838793870516461,15.200000000000001,55.1
31.195237,103,2,-1.8500198125839233,1.4746217727661133,1.8668471574783325,0.0,3.0136690244706466,141.44220045286971,38.276705317966623,14.9,62.800000000000004
31.195237,103,3,-2.570756673812866,2.0978198051452637,1.5003355741500854,0.0,3.6415168056557654,140.78445299533385,24.331063000738453,11.600000000000001,70.7
31.195237,103,4,-1.2294923067092896,2.714872360229492,-2.0924770832061768,0.0,3.6415166631965881,114.36448703210267,-35.072809168232034,11.600000000000001,70.7
31.195237,103,5,1.4800158739089966,4.683593273162842,3.493180513381958,0.0,6.0273379724809084,72.46345938339465,35.419327420411321,12.0,69.4
31.195237,103,6,3.7000396251678467,4.077024936676025,-2.4528310298919678,0.0,6.0273381872341671,47.775182480754225,-24.013441910016045,12.0,69.4
31.195237,103,7,0.5010470151901245,2.906461238861084,-1.4001445770263672,0.17052115499973297,3.2648077862271134,80.218875468990873,-25.395217320241713,33.1,41.400000000000006
31.195237,103,8,-0.08479256927967072,2.7205145359039307,0.4724210798740387,0.34104230999946594,2.7625297820257031,91.78520792550276,9.8465659147670337,35.7,40.1
31.195237,103,9,-1.5416830778121948,4.546019554138184,1.478259801864624,0.5115634799003601,5.0227813550689273,108.73324284181415,17.116226505090587,11.4,48.7
31.489848,104,0,-0.11562623083591461,0.04112134501338005,-0.026595450937747955,0.0,0.12556953565101611,160.42256478540418,-12.227775228010593,35.5,53.2
31.489848,104,1,-0.8787593245506287,2.1029534339904785,-0.7053453326225281,0.0,2.385821270395041,112.67854428550082,-17.195946996039748,15.0,55.2
31.489848,104,2,-1.8500198125839233,1.4375265836715698,1.895559310913086,0.0,3.0136690407051674,142.15161159659581,38.975440904092331,14.9,62.800000000000004
31.489848,104,3,-2.570756673812866,2.088325262069702,1.5135231018066406,0.0,3.6415167795651135,140.91170667027811,24.55898790049126,11.5,70.8
31.489848,104,4,-1.2294923067092896,2.7020554542541504,-2.109001874923706,0.0,3.641516705790822,114.46653777311397,-35.3911176208742,11.5,70.8
31.489848,104,5,1.4800158739089966,4.654520034790039,3.531826972961426,0.0,6.0273381776885842,72.3606942465437,35.871400441714457,12.4,69.10000000000001
31.489848,104,6,3.7000396251678467,4.011170387268066,-2.559105634689331,0.0,6.0273379491287153,47.310508392312983,-25.124275794055382,12.4,69.10000000000001
31.489848,104,7,-2.0118966102600098,1.5062755346298218,-2.6351563930511475,0.25578173995018005,3.6415166033451509,143.17837626777094,-46.356041567823652,31.700000000000003,43.400000000000006
31.489848,104,8,-0.09250099211931229,2.870067596435547,0.9145256876945496,0.42630288004875183,3.0136691382939773,91.845978301406845,17.665490916983387,32.300000000000004,41.2
31.489848,104,9,0.558860182762146,3.465810775756836,-0.9677168130874634,0.5115634799003601,3.6415168360947194,80.83993378506851,-15.411256870582525,14.200000000000001,50.0
31.808414,105,0,-0.11562623083591461,0.041102103888988495,-0.02662517875432968,0.0,0.12556953589593864,160.43102918262647,-12.241654867235681,35.6,53.1
31.808414,105,1,-0.8787593245506287,2.1014010906219482,-0.7099561095237732,0.0,2.3858210686474211,112.69359990608878,-17.311894486010427,15.3,54.900000000000006
31.808414,105,2,-1.8500198125839233,1.5081346035003662,1.8398798704147339,0.0,3.0136690639128907,140.81310980349937,37.626502934323078,14.8,62.7
31.808414,105,3,-2.570756673812866,2.1098473072052,1.4833738803863525,0.0,3.6415166626952145,140.62391023997543,24.038509922816932,11.600000000000001,70.7
31.808414,105,4,-1.2294923067092896,2.7358367443084717,-2.0649914741516113,0.0,3.6415166911720385,114.19927730639289,-34.546094758506534,11.600000000000001,70.7
31.808414,105,5,1.4800158739089966,4.825078964233398,3.2949910163879395,0.0,6.0273377038446654,72.947441689675131,33.139158353191881,12.4,68.9
31.808414,105,6,3.7000396251678467,3.9539475440979004,-2.646660089492798,0.0,6.0273380557758713,46.899992626283691,-26.047063666566636,12.4,68.9
31.808414,105,7,-0.18500198423862457,2.85095477104187,0.9591832160949707,0.25578173995018005,3.0136690731958149,93.71278853695101,18.558790487211198,34.6,41.1
31.808414,105,8,0.0,2.9305851459503174,1.4389723539352417,0.596824049949646,3.2648079167164754,90,26.151905461128326,24.200000000000003,40.900000000000006
31.808414,105,9,-1.2025128602981567,2.450446844100952,-1.7911572456359863,0.596824049949646,3.2648079872392288,116.1386678753195,-33.27277449083202,24.200000000000003,40.900000000000006
31.808414,105,10,0.10406360775232315,3.1018435955047607,1.3646966218948364,0.9378663301467896,3.3903775298989212,88.078507219646937,23.735844972341667,24.900000000000002,40.6
31.808414,105,11,-1.1446996927261353,2.4986884593963623,-1.9851645231246948,0.9378663301467896,3.3903774992647606,114.61347296757594,-35.840373907979654,24.900000000000002,40.6
32.093361,106,0,-0.11562623083591461,0.04113028198480606,-0.02658163011074066,0.0,0.12556953616548128,160.4186336088749,-12.221322599337556,35.300000000000004,53.400000000000006
32.093361,106,1,-0.8787593245506287,2.1000020503997803,-0.7140840888023376,0.0,2.3858211684970487,112.70718492439771,-17.415761008598352,14.600000000000001,55.400000000000006
32.093361,106,2,-1.8500198125839233,1.5369601249694824,1.8158693313598633,0.0,3.0136690530435786,140.28086337489228,37.052343138111347,14.700000000000001,62.6
32.093361,106,3,-2.570756673812866,2.3258512020111084,1.1145719289779663,0.0,3.6415167546937877,137.86328153122989,17.822762380097256,11.5,70.60000000000001
32.093361,106,4,-1.2294923067092896,2.481665849685669,-2.364387273788452,0.0,3.6415167035462312,116.35520615316437,-40.487821133921855,11.5,70.60000000000001
32.093361,106,5,1.2950139045715332,5.0643439292907715,3.000694513320923,0.0,6.0273383851789992,75.656146664359738,29.857684496981172,12.5,68.8
32.093361,106,6,3.7000396251678467,3.9917452335357666,-2.589301347732544,0.0,6.027338111192809,47.1718618872815,-25.441724059885754,12.5,68.8
32.093361,106,7,-0.13104306161403656,3.7621572017669678,2.014068603515625,0.17052115499973297,4.2693642892673873,91.994914007248255,28.147892026668206,12.700000000000001,55.900000000000006
32.093361,106,8,2.620861291885376,2.1965458393096924,2.556119203567505,0.17052115499973297,4.2693644630481451,39.966398871132931,36.777698099929275,12.700000000000001,55.900000000000006
32.093361,106,9,0.558860182762146,3.332564115524292,-1.3573265075683594,0.25578173995018005,3.64151665327853,80.480262902889,-21.884489322551396,24.1,49.7
32.411284,107,0,-0.11562623083591461,0.04108512029051781,-0.026651378720998764,0.0,0.12556953593263231,160.43850120636529,-12.253888008867326,35.2,53.5
32.411284,107,1,-0.8787593245506287,2.1113007068634033,-0.6799510717391968,0.0,2.3858210505496564,112.59791049443348,-16.558649965392707,14.9,55.400000000000006
32.411284,107,2,-1.8500198125839233,1.5115480422973633,1.8370765447616577,0.0,3.0136690300096785,140.74965723917447,37.559240611080718,14.5,62.800000000000004
32.411284,107,3,-2.570756673812866,2.2567033767700195,1.2486567497253418,0.0,3.6415166737656515,138.72216605042945,20.053332998640592,11.600000000000001,70.7
32.411284,107,4,-1.2294923067092896,2.483515977859497,-2.3624439239501953,0.0,3.6415167497005885,116.3382246133849,-40.447628758361823,11.600000000000001,70.7
32.411284,107,5,1.2950139045715332,5.158246994018555,2.836235284805298,0.0,6.0273380239629546,75.9067726936769,28.070773115638222,12.4,68.8
32.411284,107,6,3.7000396251678467,3.962620973587036,-2.6336565017700195,0.0,6.0273381170662379,46.962623569182377,-25.909557890976522,12.4,68.8
32.411284,107,7,-0.37000396847724915,2.701324224472046,1.2838010787963867,0.25578173995018005,3.0136689785587234,97.7993458175325,25.213516244019473,24.200000000000003,41.6
32.411284,107,8,-0.10020940005779266,2.9038150310516357,1.4888876676559448,0.25578173995018005,3.2648078267057792,91.976468205779867,27.1319624509544,27.700000000000003,42.300000000000004
32.411284,107,9,0.4470881223678589,3.480250120162964,-0.9739686250686646,0.25578173995018005,3.6415166580251817,82.67962794736556,-15.513317888241607,21.3,47.5
32.70892,108,0,-0.11562623083591461,0.04111828655004501,-0.02660018391907215,0.0,0.12556953663472797,160.42391018000407,-12.229984870453729,35.4,53.300000000000004
32.70892,108,1,-0.8787593245506287,2.0965371131896973,-0.7241939306259155,0.0,2.3858211723894729,112.74089670748599,-17.670393017491637,14.8,55.2
32.70892,108,2,-1.8500198125839233,1.4721781015396118,1.8687748908996582,0.0,3.0136690698321309,141.48850884113307,38.323405884024737,15.0,62.7
32.70892,108,3,-2.570756673812866,2.096238374710083,1.5025441646575928,0.0,3.641516739808722,140.8056166921719,24.36920663449164,11.600000000000001,70.60000000000001
32.70892,108,4,-1.2294923067092896,2.6814401149749756,-2.1351516246795654,0.0,3.6415168381906637,114.63237416184381,-35.89741307481799,11.600000000000001,70.60000000000001
32.70892,108,5,1.2950139045715332,5.192896842956543,2.7722854614257812,0.0,6.0273381615979034,75.997098680469023,27.384001836404124,12.9,68.4
32.70892,108,6,3.7000396251678467,3.9379522800445557,-2.6704015731811523,0.0,6.0273382143172212,46.784105718158145,-26.298533033659261,12.9,68.4
33.008538,109,0,-0.11562623083591461,0.041043754667043686,-0.02671504206955433,0.0,0.12556953662121534,160.4567031279017,-12.283615648594326,35.2,53.5
33.008538,109,1,-0.8787593245506287,2.1103591918945312,-0.6828678846359253,0.0,2.38582112011055,112.60697823552994,-16.631741626184812,14.9,55.400000000000006
33.008538,109,2,-1.8500198125839233,1.4743127822875977,1.8670912981033325,0.0,3.0136690930529912,141.44805263375386,38.282617174884315,14.8,62.900000000000006
33.008538,109,3,-2.570756673812866,2.1155784130096436,1.4751888513565063,0.0,3.6415167231130936,140.54767031379365,23.897573245319613,11.600000000000001,70.7
33.008538,109,4,-1.2294923067092896,2.7025535106658936,-2.1083638668060303,0.0,3.6415168549827079,114.4625571691564,-35.378803068481744,11.600000000000001,70.7
33.008538,109,5,1.2950139045715332,5.235097408294678,2.691746711730957,0.0,6.0273382390141075,76.105586916103888,26.5250873184048,12.4,68.9
33.008538,109,6,3.7000396251678467,3.9994418621063232,-2.577397346496582,0.0,6.027338178492089,47.226883180951333,-25.316477151638974,12.4,68.9
33.008538,109,7,-3.942854166030884,1.2379145622253418,-0.3041423559188843,0.25578173995018005,4.1437946390501237,162.56958502323528,-4.2091269041519821,14.8,55.900000000000006
33.008538,109,8,-4.440047740936279,0.6656365990638733,-0.5271205902099609,0.25578173995018005,4.5205035273108649,171.47391107338083,-6.6963005164027916,13.600000000000001,54.800000000000004
33.008538,109,9,0.0,4.19448184967041,1.685607671737671,0.25578173995018005,4.5205034244246951,90,21.893376528291725,13.600000000000001,54.800000000000004
33.008538,109,10,-0.10020940005779266,3.2609095573425293,-0.12408904731273651,0.34104230999946594,3.2648079815956672,91.760174342225014,-2.1782266100089225,26.0,42.7
33.008538,109,11,-0.22354406118392944,3.1284661293029785,1.8502354621887207,0.42630288004875183,3.6415166531305707,94.087114479111591,30.537004555095155,22.6,43.1
33.008538,109,12,-1.5648083686828613,2.7331888675689697,-1.8280309438705444,0.42630288004875183,3.6415166824073588,119.79204893650564,-30.132217623758212,22.6,43.1
33.008538,109,13,-0.11177203059196472,3.1872761249542236,1.7576749324798584,0.596824049949646,3.6415166142410964,92.008436706076679,28.860362720816177,24.700000000000003,41.300000000000004
33.008538,109,14,-1.4530364274978638,2.7875900268554688,-1.8381160497665405,0.596824049949646,3.6415166661528793,117.53086135476799,-30.315861132656323,24.700000000000003,41.300000000000004
33.290234,110,0,-0.11562623083591461,0.04111902788281441,-0.026599038392305374,0.0,0.12556953673062274,160.42358407133267,-12.229450034432679,35.4,53.300000000000004
33.290234,110,1,-0.8787593245506287,2.1100616455078125,-0.6837868094444275,0.0,2.3858211372812517,112.60984534217513,-16.654774523518931,15.0,55.2
33.290234,110,2,-1.8500198125839233,1.4661376476287842,1.873517632484436,0.0,3.0136690641106574,141.60323351620679,38.438431910188079,15.0,62.7
33.290234,110,3,-2.570756673812866,2.085244655609131,1.5177642107009888,0.0,3.6415166275859061,140.95309445249282,24.632377514045878,11.700000000000001,70.7
33.290234,110,4,-1.2294923067092896,2.681509017944336,-2.1350650787353516,0.0,3.6415168317624622,114.63181637348764,-35.89573217446582,11.700000000000001,70.7
33.290234,110,5,1.2950139045715332,5.217105388641357,2.7264552116394043,0.0,6.0273383570445063,76.059535613788952,26.894437385262606,12.8,68.60000000000001
33.290234,110,6,3.7000396251678467,3.9075136184692383,-2.7147464752197266,0.0,6.0273380800360545,46.562189308162289,-26.76970608515083,12.8,68.60000000000001
33.290234,110,7,-4.062335014343262,1.2398037910461426,-0.4333513081073761,0.17052115499973297,4.269364421701435,163.02807988963653,-5.8256996434209984,11.3,58.300000000000004
33.290234,110,8,0.2389608770608902,3.8224740028381348,0.6959588527679443,0.25578173995018005,3.8926557165879925,86.422825736560739,10.299153083627687,21.1,50.5
33.594754,111,0,-0.11562623083591461,0.041079990565776825,-0.026659289374947548,0.0,0.12556953687969752,160.44075819201183,-12.257581625769534,35.300000000000004,53.400000000000006
33.594754,111,1,-0.8787593245506287,2.1018238067626953,-0.7087041735649109,0.0,2.3858212151767426,112.68949825851465,-17.280404076262439,14.9,55.300000000000004
33.594754,111,2,-1.8500198125839233,1.4669678211212158,1.8728677034378052,0.0,3.013669080993894,141.5874446283002,38.422658070700791,15.100000000000001,62.6
33.594754,111,3,-2.570756673812866,2.1036534309387207,1.4921449422836304,0.0,3.6415167392497678,140.70649397115722,24.189708269444516,11.600000000000001,70.7
33.594754,111,4,-1.2294923067092896,2.7253894805908203,-2.0787603855133057,0.0,3.6415167023579418,114.28134293623428,-34.809531167575095,11.600000000000001,70.7
33.594754,111,5,1.2950139045715332,5.280069828033447,2.6024229526519775,0.0,6.02733802158404,76.219401373629807,25.579933062170205,12.8,68.60000000000001
33.594754,111,6,3.7000396251678467,3.9744484424591064,-2.6157734394073486,0.0,6.0273380804370671,47.047794165583511,-25.720716166140594,12.8,68.60000000000001
33.594754,111,7,0.11177203059196472,3.547684669494629,0.8136858344078064,0.34104230999946594,3.6415167359365235,88.19545743874221,12.911570457465551,31.400000000000002,41.2
33.594754,111,8,-1.2333464622497559,3.810743808746338,-0.32128313183784485,0.42630288004875183,4.0182253200444187,107.93416356940327,-4.5860639154228986,14.100000000000001,52.0
33.594754,111,9,-0.37000396847724915,3.539797067642212,1.8652255535125732,0.42630288004875183,4.0182250537088633,95.967279861485522,27.657904040693975,14.100000000000001,52.0
33.594754,111,10,-0.5203180313110352,2.5788447856903076,2.1385715007781982,0.5115634799003601,3.39037746369489,101.40708171020174,39.1074578750461,34.5,41.5
33.912454,112,0,-0.11562623083591461,0.041147638112306595,-0.026554754003882408,0.0,0.1255695358745435,160.41099957956058,-12.208775336677483,35.300000000000004,53.400000000000006
33.912454,112,1,-0.8787593245506287,2.1060526371002197,-0.696036696434021,0.0,2.3858211885018235,112.64854276136823,-16.962086310073879,14.8,55.300000000000004
33.912454,112,2,-1.8500198125839233,1.468311071395874,1.8718147277832031,0.0,3.0136690403033413,141.56191225273179,38.397110585772872,15.0,62.7
33.912454,112,3,-2.570756673812866,2.1038012504577637,1.491936445236206,0.0,3.64151670791239,140.70452080181215,24.186112264496668,11.700000000000001,70.60000000000001
33.912454,112,4,-1.2294923067092896,2.725914478302002,-2.0780720710754395,0.0,3.64151680043599,114.2772064839295,-34.796340830067905,11.700000000000001,70.60000000000001
33.912454,112,5,1.4800158739089966,4.922267436981201,3.1479578018188477,0.0,6.0273378891696661,73.2651410555455,31.48531145030103,12.5,68.7
33.912454,112,6,3.7000396251678467,3.9593050479888916,-2.638638973236084,0.0,6.0273381622340478,46.938696523072245,-25.962225467358955,12.5,68.7
33.912454,112,7,-0.14260569214820862,4.098029136657715,2.184447765350342,0.25578173995018005,4.6460726670891344,91.993008915074725,28.045384977137072,14.600000000000001,54.900000000000006
33.912454,112,8,-1.1100119352340698,3.8051252365112305,-0.6595671772956848,0.34104230999946594,4.0182251583581685,106.26275445582304,-9.44750591476643,19.8,47.2
33.912454,112,9,-2.4666929244995117,2.897529125213623,-1.2906911373138428,0.34104230999946594,4.0182250592989037,130.40805339087629,-18.736072166682842,19.8,47.2
34.1943,113,0,-0.11562623083591461,0.04112786799669266,-0.02658536657691002,0.0,0.1255695365098648,160.4196954500654,-12.223067006786465,35.2,53.5
34.1943,113,1,-0.8787593245506287,2.091782569885254,-0.7378144860267639,0.0,2.3858211345260929,112.7873101433897,-18.014020158113084,14.8,55.300000000000004
34.1943,113,2,-1.8500198125839233,1.467222809791565,1.872667908668518,0.0,3.0136690556002712,141.58259643926371,38.417810186167337,15.0,62.7
34.1943,113,3,-2.570756673812866,2.091947078704834,1.50851309299469,0.0,3.6415167455047475,140.86310980435752,24.472349812038154,11.8,70.60000000000001
34.1943,113,4,-1.2294923067092896,2.737947940826416,-2.0621914863586426,0.0,3.6415167149613645,114.1827566614926,-34.492625304643958,11.8,70.60000000000001
34.1943,113,5,1.4800158739089966,5.0257887840271,2.9798996448516846,0.0,6.0273378685836416,73.591126694292157,29.630016303845043,12.4,68.9
34.1943,113,6,3.7000396251678467,3.930652379989624,-2.6811349391937256,0.0,6.0273382120381847,46.731050996829666,-26.412399919710406,12.4,68.9
34.1943,113,7,-0.10791782289743423,3.495065689086914,0.3670881390571594,0.17052115499973297,3.5159471169754468,91.768571015475388,5.99298023191477,37.800000000000004,41.800000000000004
34.1943,113,8,0.0,4.266018867492676,2.1376750469207764,0.25578173995018005,4.7716424409244285,90,26.61515934419506,12.100000000000001,56.6
34.1943,113,9,2.636277914047241,1.1057771444320679,-3.820453643798828,0.25578173995018005,4.7716423145136684,22.755435168730969,-53.192983777588871,12.100000000000001,56.6
34.510731,114,0,-0.11562623083591461,0.04105345532298088,-0.026700133457779884,0.0,0.12556953682298685,160.45243422506979,-12.276653726309396,35.4,53.300000000000004
34.510731,114,1,-0.8787593245506287,2.1028952598571777,-0.7055183053016663,0.0,2.3858211382101131,112.67910815423949,-17.200296362716344,15.100000000000001,55.1
34.510731,114,2,-1.8500198125839233,1.4636270999908447,1.8754795789718628,0.0,3.0136690670876822,141.65102306052955,38.486068647864968,15.100000000000001,62.6
34.510731,114,3,-1.2294923067092896,2.6770389080047607,-2.140666961669922,0.0,3.6415166741364491,114.66805227382993,-36.004612594922911,11.9,70.60000000000001
34.510731,114,4,-2.570756673812866,2.0377674102783203,1.5809355974197388,0.0,3.6415166150293357,141.59711489090469,25.730715651188277,11.9,70.60000000000001
34.510731,114,5,1.4800158739089966,4.993916988372803,3.0330100059509277,0.0,6.0273380169009556,73.49208675506128,30.212525770438454,12.4,68.9
34.510731,114,6,3.7000396251678467,3.978743314743042,-2.609236240386963,0.0,6.0273381646107564,47.078654750834609,-25.65175904367776,12.4,68.9
34.510731,114,7,-0.21583564579486847,3.4386708736419678,0.7006012201309204,0.25578173995018005,3.5159471658257657,93.59158237913725,11.493915150215351,31.5,40.900000000000006
34.510731,114,8,0.1194804385304451,3.870473861694336,0.39739707112312317,0.25578173995018005,3.8926556386852065,88.231856917630722,5.8594734193300564,27.1,42.300000000000004
34.510731,114,9,-0.34687870740890503,3.339358329772949,1.7085950374603271,0.5115634799003601,3.7670858623492656,95.930379233556735,26.972244772511285,30.900000000000002,41.300000000000004
34.510731,114,10,-0.48563018441200256,5.047801971435547,1.4484810829162598,0.5115634799003601,5.2739206352017556,95.4953005229896,15.94114376131253,11.8,48.300000000000004
34.806545,115,0,-0.11562623083591461,0.041106563061475754,-0.026618298143148422,0.0,0.12556953683152947,160.42906746097586,-12.238442211239843,35.4,53.300000000000004
34.806545,115,1,-0.8787593245506287,2.0928518772125244,-0.7347763180732727,0.0,2.3858212774719694,112.77685603192594,-17.9373128675455,14.9,55.2
34.806545,115,2,-1.8500198125839233,1.4790412187576294,1.8633477687835693,0.0,3.0136690497079828,141.35860177059459,38.1920054330924,15.0,62.7
34.806545,115,3,-2.570756673812866,2.0878701210021973,1.514150619506836,0.0,3.6415166643419408,140.91781841061521,24.569844639393622,11.9,70.60000000000001
34.806545,115,4,-1.2294923067092896,2.8078441619873047,-1.965961217880249,0.0,3.6415166731010187,113.64753850610788,-32.675081435678756,11.9,70.60000000000001
34.806545,115,5,1.4800158739089966,4.951197624206543,3.1022567749023438,0.0,6.0273378865298914,73.357501539619975,30.977249063411929,12.3,69.0
34.806545,115,6,3.7000396251678467,3.9913361072540283,-2.5899319648742676,0.0,6.0273381132602344,47.168933949183291,-25.448362645245613,12.3,69.0
34.806545,115,7,-0.12718884646892548,3.967298984527588,1.189704418182373,0.25578173995018005,4.1437947388767205,91.836233925231312,16.6847190393455,22.6,46.1
34.806545,115,8,-0.4779217541217804,3.398280620574951,1.8374024629592896,0.42630288004875183,3.89265567320396,98.0053660793239,28.16535113514762,29.5,40.6
35.078705,116,0,-0.11562623083591461,0.04108000546693802,-0.02665926143527031,0.0,0.12556953582281793,160.44075163568027,-12.257568684614899,35.6,53.1
35.078705,116,1,-0.8787593245506287,2.1006765365600586,-0.7120974659919739,0.0,2.385821171590786,112.7006335783897,-17.365766687181608,15.100000000000001,55.1
35.078705,116,2,-1.8500198125839233,1.4666340351104736,1.87312912940979,0.0,3.0136690985144607,141.59379200218473,38.429002122809642,14.8,62.900000000000006
35.078705,116,3,1.4800158739089966,4.9788618087768555,3.0576608180999756,0.0,6.0273378515280829,73.44489829282017,30.484066212359782,12.4,68.8
35.078705,116,4,3.7000396251678467,3.9845376014709473,-2.600379228591919,0.0,6.0273381569180584,47.120232728252006,-25.558395628668411,12.4,68.8
35.078705,116,5,-2.023458957672119,3.2862913608551025,-2.1026997566223145,0.17052115499973297,4.3949338252485628,121.62173690358145,-28.583381597501631,17.900000000000002,52.7
35.078705,116,6,-0.40469181537628174,3.8658714294433594,2.051025152206421,0.17052115499973297,4.394933622866489,95.976139334280148,27.818966632275195,17.900000000000002,52.7
35.387585,117,0,-0.11562623083591461,0.04106903076171875,-0.02667616866528988,0.0,0.12556953659103073,160.44558051826263,-12.265463251197408,35.300000000000004,53.400000000000006
35.387585,117,1,-0.8787593245506287,2.1025326251983643,-0.7065980434417725,0.0,2.3858210715608879,112.68262368899518,-17.227442857010821,14.8,55.300000000000004
35.387585,117,2,-1.8500198125839233,1.4595180749893188,1.8786790370941162,0.0,3.013669066535086,141.72937672753773,38.563820309113325,14.8,62.900000000000006
35.387585,117,3,-2.570756673812866,2.0536351203918457,1.5602684020996094,0.0,3.6415167952723615,141.38057962070712,25.370287452067632,11.9,70.8
35.387585,117,4,-1.2294923067092896,2.7388417720794678,-2.061004400253296,0.0,3.6415168161918703,114.17576859324129,-34.469965696909718,11.9,70.8
35.387585,117,5,1.2950139045715332,5.210309028625488,2.739420175552368,0.0,6.0273380596274215,76.042062100884621,27.032714897817204,12.4,68.9
35.387585,117,6,3.7000396251678467,4.06695556640625,-2.4694910049438477,0.0,6.0273382707820184,47.704664643031229,-24.186933903745739,12.4,68.9
35.387585,117,7,-0.49333858489990234,3.5586061477661133,1.7997424602508545,0.25578173995018005,4.0182251800390194,97.89275207355243,26.608701254049361,28.5,42.0
35.387585,117,8,-0.40469181537628174,3.2339107990264893,2.948472023010254,0.25578173995018005,4.3949336504624137,97.132918018153973,42.135001291596851,22.3,47.1
35.387585,117,9,-2.023458957672119,3.709716320037842,-1.2079163789749146,0.25578173995018005,4.3949338228390324,118.61018980015891,-15.952652545954939,22.3,47.1
35.689826,118,0,-0.11562623083591461,0.04111868515610695,-0.026599567383527756,0.0,0.12556953655755082,160.42373483497647,-12.229697028222319,35.5,53.2
35.689826,118,1,-0.8787593245506287,2.101625680923462,-0.7092912793159485,0.0,2.3858211525836,112.69142051406688,-17.295171047753847,15.0,55.1
35.689826,118,2,-1.8500198125839233,1.466234564781189,1.8734418153762817,0.0,3.0136690829473158,141.60138991444074,38.436591389731696,14.9,62.800000000000004
35.689826,118,3,-2.570756673812866,2.1075804233551025,1.4865930080413818,0.0,3.6415167016533907,140.65411225412348,24.093981453625055,11.9,70.7
35.689826,118,4,-1.2294923067092896,2.8569998741149902,-1.8938171863555908,0.0,3.6415166000289227,113.28432927027427,-31.336461643176726,11.9,70.7
35.689826,118,5,1.2950139045715332,5.163493633270264,2.8266725540161133,0.0,6.02733815556122,75.920523028882,27.967799796913482,12.600000000000001,68.60000000000001
35.689826,118,6,3.7000396251678467,4.046962738037109,-2.50212025642395,0.0,6.0273382523697885,47.564083242693634,-24.527412852727622,12.600000000000001,68.60000000000001
35.689826,118,7,0.12718884646892548,4.136429309844971,0.21168822050094604,0.25578173995018005,4.1437949202041233,88.238797717256062,2.9282634788146629,24.0,42.0
35.689826,118,8,-2.709507942199707,2.5694727897644043,-2.7644834518432617,0.25578173995018005,4.6460727998706819,136.51952478151333,-36.51370824789403,18.3,50.300000000000004
35.689826,118,9,-0.4162544310092926,3.1385982036590576,3.226590394973755,0.5115634799003601,4.5205035131369629,97.55472539024322,45.54231661570482,29.3,40.400000000000006
35.689826,118,10,-2.0812723636627197,3.7970685958862305,-1.2982780933380127,0.5115634799003601,4.5205033548547471,118.7282969489526,-16.690259596250531,29.3,40.400000000000006
35.996398,119,0,-0.11562623083591461,0.04107724130153656,-0.0266635250300169,0.0,0.12556953682040564,160.44196784430912,-12.259559401504466,35.6,53.1
35.996398,119,1,-0.8787593245506287,2.104459285736084,-0.7008392214775085,0.0,2.3858211270266483,112.6639576408716,-17.082704195911113,15.100000000000001,55.1
35.996398,119,2,-1.8500198125839233,1.4692089557647705,1.8711100816726685,0.0,3.0136690595335054,141.5448554151539,38.380018676157491,14.9,62.800000000000004
35.996398,119,3,-2.570756673812866,2.0890963077545166,1.512458324432373,0.0,3.641516640381,140.90135530568784,24.540570649869206,11.600000000000001,70.7
35.996398,119,4,-1.2294923067092896,2.7054901123046875,-2.1045939922332764,0.0,3.6415167104079256,114.43911173265306,-35.306088369663421,11.600000000000001,70.7
35.996398,119,5,1.2950139045715332,5.232600688934326,2.69659686088562,0.0,6.0273381863810975,76.099214292854128,26.576628636196702,11.9,69.3
35.996398,119,6,3.7000396251678467,4.0447235107421875,-2.5057380199432373,0.0,6.027338096602171,47.5482907514246,-24.565220728864837,11.9,69.3
36.312536,120,0,-0.11562623083591461,0.04112770035862923,-0.02658562920987606,0.0,0.12556953720785316,160.41976918955683,-12.223189553504611,35.1,53.6
36.312536,120,1,-0.8787593245506287,2.0993099212646484,-0.7161164283752441,0.0,2.3858212076754155,112.7139113622936,-17.466919658701546,14.8,55.400000000000006
36.312536,120,2,-1.8500198125839233,1.4717237949371338,1.8691326379776,0.0,3.01366903522771,141.4971246768273,38.33207648999425,14.9,62.800000000000004
36.312536,120,3,-2.570756673812866,2.093672513961792,1.5061172246932983,0.0,3.6415166574094266,140.83998179656177,24.430939651922252,11.600000000000001,70.7
36.312536,120,4,-1.2294923067092896,2.705047130584717,-2.10516357421875,0.0,3.6415168522415766,114.4426457377769,-35.3170691403227,11.600000000000001,70.7
36.312536,120,5,1.2950139045715332,5.279486179351807,2.603607177734375,0.0,6.0273381908559189,76.217936010419166,25.592413460046409,12.100000000000001,69.10000000000001
36.312536,120,6,3.7000396251678467,4.054784774780273,-2.489424228668213,0.0,6.02733820088789,47.619174705708645,-24.394823942153735,12.100000000000001,69.10000000000001
36.312536,120,7,0.0,3.764491558074951,0.13978376984596252,0.25578173995018005,3.7670859020109857,90,2.126540074089398,32.4,41.400000000000006
36.312536,120,8,-0.13104306161403656,4.174862861633301,0.8836402893066406,0.25578173995018005,4.2693643974634092,91.7978434893703,11.944981688719116,24.700000000000003,50.1
36.60848,121,0,-0.11562623083591461,0.04113170877099037,-0.026579424738883972,0.0,0.12556953668462656,160.41800601487734,-12.220292932933127,35.1,53.6
36.60848,121,1,-0.8787593245506287,2.094367504119873,-0.7304449677467346,0.0,2.3858212514152255,112.76205401435232,-17.8280146694958,14.700000000000001,55.300000000000004
36.60848,121,2,-1.8500198125839233,1.4670416116714478,1.872809886932373,0.0,3.0136690710693936,141.58604155578254,38.421255197823854,14.9,62.800000000000004
36.60848,121,3,-2.570756673812866,2.095193386077881,1.5040007829666138,0.0,3.6415166560352397,140.81960838667629,24.394369857608115,11.5,70.7
36.60848,121,4,-1.2294923067092896,2.703477621078491,-2.1071786880493164,0.0,3.6415167998100442,114.45517464358875,-35.355935967907065,11.5,70.7
36.60848,121,5,1.2950139045715332,5.213023662567139,2.7342512607574463,0.0,6.0273382746011688,76.049046600354586,26.977565136784332,12.3,69.0
36.60848,121,6,3.7000396251678467,3.9942455291748047,-2.5854427814483643,0.0,6.0273381314879444,47.189748398048827,-25.401112265477096,12.3,69.0
36.60848,121,7,-0.2620861232280731,4.168858528137207,0.8828365802764893,0.34104230999946594,4.269364237340886,93.597313771221636,11.933957701515345,28.6,41.800000000000004
36.60848,121,8,-2.7056539058685303,1.270749807357788,-3.879087209701538,0.42630288004875183,4.8972120345877972,154.84221844268103,-52.3823016182561,18.0,48.1
36.60848,121,9,-3.9775421619415283,1.1272459030151367,3.4731781482696533,0.5115634799003601,5.3994899227153592,164.17713085046793,40.033986679213349,15.3,47.7
36.60848,121,10,-0.20041880011558533,6.51548957824707,0.37961989641189575,-0.5115634799003601,6.5296158696693434,91.761883203680284,3.3329509743096226,21.200000000000003,40.300000000000004
36.899227,122,0,-0.11562623083591461,0.04109865799546242,-0.026630502194166183,0.0,0.12556953688479419,160.43254516565054,-12.244140314864163,35.6,53.1
36.899227,122,1,-0.8787593245506287,2.0990846157073975,-0.7167764902114868,0.0,2.3858211817535797,112.71610180244963,-17.48353831204102,14.9,55.1
36.899227,122,2,-1.8500198125839233,1.4719568490982056,1.8689491748809814,0.0,3.0136690745416082,141.49270459279509,38.327629497555748,14.9,62.800000000000004
36.899227,122,3,-2.570756673812866,2.105964422225952,1.4888813495635986,0.0,3.641516675330926,140.6756584156372,24.133428801528211,11.5,70.7
36.899227,122,4,-1.2294923067092896,2.72906231880188,-2.0739364624023438,0.0,3.6415168436028922,114.25243241980806,-34.717139482013721,11.5,70.7
36.899227,122,5,1.2950139045715332,5.187363147735596,2.782626152038574,0.0,6.0273381970425355,75.982749533372555,27.494760623882218,12.3,69.0
36.899227,122,6,3.7000396251678467,4.031885147094727,-2.526343584060669,0.0,6.0273379672870337,47.457562239274644,-24.780776705035219,12.3,69.0
36.899227,122,7,-0.2697945535182953,4.351939678192139,0.5507039427757263,0.17052115499973297,4.3949337761017473,93.547459924338881,7.1983269853181726,19.8,50.900000000000006
36.899227,122,8,-0.7322994470596313,1.463221788406372,4.482330799102783,0.5115634799003601,4.7716422618231116,116.58661660024416,69.945786029314647,18.400000000000002,40.7
36.899227,122,9,-0.3931291997432709,6.3843584060668945,0.31181254982948303,-0.25578173995018005,6.4040463685890785,93.523649218071242,2.7908307681875035,14.9,44.7
37.193016,123,0,-0.11562623083591461,0.041065994650125504,-0.02668084390461445,0.0,0.12556953693227807,160.44691646182071,-12.267646310000433,35.300000000000004,53.400000000000006
37.193016,123,1,-0.8787593245506287,2.106297731399536,-0.6952947974205017,0.0,2.3858212294938457,112.6461733590141,-16.943459824011736,15.0,55.300000000000004
37.193016,123,2,-1.8500198125839233,1.4636179208755493,1.8754867315292358,0.0,3.013669060365344,141.65119790547163,38.486242473787328,14.8,62.900000000000006
37.193016,123,3,-2.570756673812866,2.1191272735595703,1.4700863361358643,0.0,3.6415167325155569,140.5005439683149,23.809791796897809,11.4,70.8
37.193016,123,4,-1.2294923067092896,2.7460458278656006,-2.051395893096924,0.0,3.6415167349897386,114.11958482683686,-34.286789735025359,11.4,70.8
37.193016,123,5,1.2950139045715332,5.162273406982422,2.8289005756378174,0.0,6.0273382357650611,75.917327419675388,27.9917822056838,12.5,68.8
37.193016,123,6,3.7000396251678467,4.00689697265625,-2.5657923221588135,0.0,6.0273382863203517,47.280069240247215,-25.194500272150474,12.5,68.8
37.488975,124,0,-0.11562623083591461,0.041077736765146255,-0.026662761345505714,0.0,0.12556953674213445,160.44174984329993,-12.259202818176787,35.5,53.2
37.488975,124,1,-0.8787593245506287,2.101670980453491,-0.7091569900512695,0.0,2.38582113686328,112.69098098198384,-17.291793504123191,15.0,55.1
37.488975,124,2,-1.8500198125839233,1.4667086601257324,1.8730705976486206,0.0,3.0136690369741395,141.59237281395824,38.427582546950511,15.100000000000001,62.6
37.488975,124,3,-2.570756673812866,2.1073458194732666,1.486925721168518,0.0,3.6415167690232271,140.65723940637275,24.099715639635061,11.5,70.7
37.488975,124,4,-1.2294923067092896,2.7114415168762207,-2.096920967102051,0.0,3.641516713399727,114.39172566062251,-35.158286373694466,11.5,70.7
37.488975,124,5,1.2950139045715332,5.122406005859375,2.900465726852417,0.0,6.0273381964631225,75.812132631647174,28.765004481144665,12.100000000000001,69.2
37.488975,124,6,3.7000396251678467,3.9580156803131104,-2.6405725479125977,0.0,6.0273381134798054,46.929386929359737,-25.982671113568962,12.100000000000001,69.2
37.806821,125,0,-0.11562623083591461,0.04106341302394867,-0.02668481320142746,0.0,0.12556953612278213,160.44805244105004,-12.269499858886299,35.4,53.300000000000004
37.806821,125,1,-0.8787593245506287,2.104971170425415,-0.6993005871772766,0.0,2.3858212192101282,112.65900324517328,-17.044051602031828,14.9,55.2
37.806821,125,2,-1.8500198125839233,1.4684199094772339,1.8717293739318848,0.0,3.0136690572691669,141.55984425919695,38.395039805539959,14.8,62.900000000000006
37.806821,125,3,-2.570756673812866,2.0911154747009277,1.509665608406067,0.0,3.6415167243459337,140.87426218566031,24.492275181719762,11.5,70.8
37.806821,125,4,-1.2294923067092896,2.7082488536834717,-2.1010429859161377,0.0,3.641516828795738,114.41712470562958,-35.237652170873055,11.5,70.8
37.806821,125,5,1.2950139045715332,5.115993976593018,2.9117610454559326,0.0,6.027338365099828,75.795069882350376,28.88756369667659,12.9,68.4
37.806821,125,6,3.7000396251678467,3.9451804161071777,-2.6597111225128174,0.0,6.027338135418173,46.83653603418464,-26.1852328588485,12.9,68.4
37.806821,125,7,0.0,4.850680828094482,0.6734820604324341,0.34104230999946594,4.8972117150239374,90,7.90457141109721,16.3,42.5
38.091311,126,0,-0.11562623083591461,0.041083402931690216,-0.02665402740240097,0.0,0.12556953623604639,160.43925680599915,-12.255124718205796,35.6,53.1
38.091311,126,1,-0.8787593245506287,2.1055655479431152,-0.6975091099739075,0.0,2.3858212811663537,112.65325299739374,-16.999057655020039,15.0,55.1
38.091311,126,2,-1.8500198125839233,1.465017318725586,1.8743938207626343,0.0,3.0136690671724566,141.62455174436033,38.459702150156843,14.8,62.900000000000006
38.091311,126,3,-1.2294923067092896,2.6217293739318848,-2.208059787750244,0.0,3.6415167538642819,115.12480795815992,-37.326566056909087,11.4,70.7
38.091311,126,4,-2.570756673812866,2.0415732860565186,1.5760178565979004,0.0,3.641516667902049,141.54506005904926,25.644853538400504,11.4,70.7
38.091311,126,5,1.2950139045715332,5.125463485717773,2.895059108734131,0.0,6.0273380691250642,75.82025461829781,28.706391453425542,12.5,68.7
38.091311,126,6,3.7000396251678467,3.9871537685394287,-2.5963659286499023,0.0,6.0273380888452293,47.138984252102482,-25.516114936593056,12.5,68.7
38.403301,127,0,-0.11562623083591461,0.0410672165453434,-0.026678962633013725,0.0,0.12556953682830913,160.44637880334776,-12.266767862530711,35.1,53.6
38.403301,127,1,-0.8787593245506287,2.100919485092163,-0.7113803029060364,0.0,2.3858211518651773,112.6982746740004,-17.347722441476808,15.0,55.300000000000004
38.403301,127,2,-1.8500198125839233,1.4686248302459717,1.8715685606002808,0.0,3.0136690388951921,141.55595095435891,38.39113921311035,14.700000000000001,63.0
38.403301,127,3,1.2950139045715332,5.215287208557129,2.729931592941284,0.0,6.0273383995684329,76.054865256560348,26.931497408050078,12.5,68.8
38.403301,127,4,3.7000396251678467,3.970754384994507,-2.62137770652771,0.0,6.0273381101482766,47.021222107161059,-25.779863704086313,12.5,68.8
38.403301,127,5,-4.856301784515381,1.9496757984161377,-0.6552357077598572,0.25578173995018005,5.2739204178618806,158.12585392533524,-7.1369108585720955,14.600000000000001,47.1
38.700025,128,0,-0.11562623083591461,0.0410795696079731,-0.02665993757545948,0.0,0.1255695367835046,160.44094340859897,-12.257884300971424,35.0,53.7
38.700025,128,1,-0.8787593245506287,2.1130781173706055,-0.6744076609611511,0.0,2.3858211948422015,112.58081101079796,-16.419813356882131,14.8,55.5
38.700025,128,2,-1.8500198125839233,1.4623595476150513,1.8764680624008179,0.0,3.0136690499562544,141.67517554993285,38.510081579223083,14.8,62.900000000000006
38.700025,128,3,-2.570756673812866,2.094147205352783,1.5054572820663452,0.0,3.6415167199625555,140.83362162369318,24.41953497956818,11.3,70.8
38.700025,128,4,-1.2294923067092896,2.6919429302215576,-2.121894359588623,0.0,3.6415166819721105,114.54762354994905,-35.64033411094146,11.3,70.8
38.700025,128,5,1.2950139045715332,5.0470356941223145,3.0297152996063232,0.0,6.0273381444421181,75.608995685613635,30.17628931289126,12.4,68.8
38.700025,128,6,3.7000396251678467,3.9270782470703125,-2.6863670349121094,0.0,6.02733810505828,46.705036539781815,-26.467946808934261,12.4,68.8
38.700025,128,7,0.13875149190425873,4.234832286834717,-1.5754034519195557,0.34104230999946594,4.5205035682370021,88.123412819179663,-20.395703447198798,21.200000000000003,46.800000000000004
38.700025,128,8,2.8598222732543945,6.007336139678955,0.15757820010185242,-0.34104230999946594,6.6551860844639137,64.542983726763623,1.3567478824581463,23.700000000000003,41.900000000000006
38.990111,129,0,-0.11562623083591461,0.04106675833463669,-0.026679668575525284,0.0,0.12556953696153988,160.44658042485511,-12.267097488078802,35.4,53.300000000000004
38.990111,129,1,-0.8787593245506287,2.0988962650299072,-0.7173279523849487,0.0,2.3858212156643162,112.71793327113079,-17.49742344993653,14.9,55.2
38.990111,129,2,-1.8500198125839233,1.461997389793396,1.8767502307891846,0.0,3.0136690434556703,141.68207921918045,38.516937704844409,14.8,62.900000000000006
38.990111,129,3,-2.570756673812866,2.093705177307129,1.5060720443725586,0.0,3.6415167510635738,140.8395441184872,24.430158205192381,11.5,70.8
38.990111,129,4,-1.2294923067092896,2.7030844688415527,-2.107682943344116,0.0,3.641516767449172,114.45831494372369,-35.365665012777,11.5,70.8
38.990111,129,5,1.2950139045715332,5.123317241668701,2.8988561630249023,0.0,6.02733835334643,75.814554220557909,28.747550782084833,13.0,68.4
38.990111,129,6,3.7000396251678467,4.010061264038086,-2.5608437061309814,0.0,6.0273381402059742,47.302611573194149,-25.142524902932795,13.0,68.4
38.990111,129,7,-3.9929592609405518,1.9457274675369263,-1.3625028133392334,0.25578173995018005,4.646072852831292,154.02050805441067,-17.053170450590052,11.9,56.5
39.298641,130,0,-0.11562623083591461,0.041075218468904495,-0.026666641235351562,0.0,0.12556953684856609,160.44285788461934,-12.261014469296782,35.300000000000004,53.400000000000006
39.298641,130,1,-0.8787593245506287,2.0926759243011475,-0.7352766990661621,0.0,2.3858210953095309,112.77857561597475,-17.9499453681265,14.600000000000001,55.2
39.298641,130,2,-1.8500198125839233,1.4625616073608398,1.8763105869293213,0.0,3.0136690563003152,141.67132433751141,38.506255484018354,14.700000000000001,63.0
39.298641,130,3,-2.570756673812866,2.0731515884399414,1.5342414379119873,0.0,3.6415167409213822,141.11603399785866,24.917911131620262,11.5,70.8
39.298641,130,4,-1.2294923067092896,2.6854214668273926,-2.1301419734954834,0.0,3.6415168012796464,114.60018284412675,-35.800170170384895,11.5,70.8
39.298641,130,5,1.4800158739089966,4.795126438140869,3.338430643081665,0.0,6.0273380279727808,72.847157391486078,33.63370539565986,12.600000000000001,68.9
39.298641,130,6,3.7000396251678467,3.9779574871063232,-2.61043381690979,0.0,6.0273380284752314,47.073010896757204,-25.664389150236236,12.600000000000001,68.9
39.605189,131,0,-0.11562623083591461,0.04103919491171837,-0.02672204189002514,0.0,0.12556953571266591,160.45870978697613,-12.286884521642049,35.0,53.7
39.605189,131,1,-0.8787593245506287,2.1017887592315674,-0.7088077664375305,0.0,2.3858211141405823,112.68983827404266,-17.283010245973362,14.8,55.400000000000006
39.605189,131,2,-1.8500198125839233,1.4627737998962402,1.8761451244354248,0.0,3.0136690303612896,141.66728043699717,38.502236044634934,14.700000000000001,63.0
39.605189,131,3,-2.374191999435425,2.0888137817382812,1.5368647575378418,0.0,3.5159470911725634,138.65868608284168,25.919797964548188,12.8,69.3
39.605189,131,4,-1.0791782140731812,2.650888681411743,-2.042069435119629,0.0,3.5159470981254639,112.15126488425592,-35.506977415071489,12.8,69.3
39.605189,131,5,1.4800158739089966,4.904785633087158,3.1751270294189453,0.0,6.0273377826788153,73.208845657054979,31.788664254552714,13.100000000000001,68.3
39.605189,131,6,3.7000396251678467,3.993600606918335,-2.5864391326904297,0.0,6.0273382535330748,47.185135933406322,-25.411597076607794,13.100000000000001,68.3
39.605189,131,7,2.505234956741333,5.744495868682861,0.3792521357536316,-0.5115634799003601,6.2784764996189084,66.437478708734147,3.4630666978681672,20.700000000000003,41.800000000000004
39.605189,131,8,2.6979453563690186,5.64582633972168,0.5147875547409058,-0.34104230999946594,6.2784767603905625,64.458475961843675,4.7030997918676594,16.2,49.300000000000004
39.901655,132,0,-0.11562623083591461,0.0410890094935894,-0.02664538286626339,0.0,0.12556953606099791,160.43679006981429,-12.251088394385564,35.0,53.7
39.901655,132,1,-0.8787593245506287,2.104290246963501,-0.7013471126556396,0.0,2.38582127712467,112.66559417298041,-17.095463541267485,14.8,55.5
39.901655,132,2,-1.8500198125839233,1.467359185218811,1.8725610971450806,0.0,3.0136690840137468,141.58000375246854,38.415217977358424,14.8,62.900000000000006
39.901655,132,3,-2.570756673812866,2.0735440254211426,1.5337110757827759,0.0,3.6415167671304038,141.11073460787821,24.908710018887987,11.5,70.7
39.901655,132,4,-1.2294923067092896,2.7051186561584473,-2.105071544647217,0.0,3.6415167834622473,114.44207505844663,-35.31529534489367,11.5,70.7
39.901655,132,5,1.4800158739089966,4.79259729385376,3.3420603275299072,0.0,6.0273379730131529,72.838637137726636,33.675156878739578,12.4,68.9
39.901655,132,6,3.7000396251678467,4.046810150146484,-2.502366781234741,0.0,6.0273381460614894,47.563007395585736,-24.529989243579475,12.4,68.9
39.901655,132,7,0.6166732311248779,4.782467365264893,-1.40572190284729,0.25578173995018005,5.0227815045007009,82.652562181284111,-16.252399043086491,19.400000000000002,44.1
39.901655,132,8,2.4551303386688232,5.542818069458008,1.0525084733963013,-0.42630288004875183,6.1529075417670063,66.109578740644,9.8493808282766189,20.5,46.2
40.202018,133,0,-0.11562623083591461,0.04108431935310364,-0.026652613654732704,0.0,0.12556953598965181,160.43885360010728,-12.254464625722107,35.300000000000004,53.400000000000006
40.202018,133,1,-0.8787593245506287,2.1105904579162598,-0.6821531057357788,0.0,2.3858212194539665,112.60475027111021,-16.613826761161036,15.0,55.300000000000004
40.202018,133,2,-1.8500198125839233,1.4680622816085815,1.8720098733901978,0.0,3.013669048801682,141.56663986366792,38.401844547549914,14.700000000000001,63.0
40.202018,133,3,-2.374191999435425,2.085099220275879,1.5419007539749146,0.0,3.5159471474535375,138.70925527549898,26.011077993622273,12.8,69.3
40.202018,133,4,-1.0791782140731812,2.646867036819458,-2.0472793579101562,0.0,3.5159470271402866,112.18165999572442,-35.611341066091555,12.8,69.3
40.202018,133,5,1.4800158739089966,4.8106184005737305,3.316067934036255,0.0,6.0273379634880806,72.899168591099723,33.378760775571756,11.9,69.4
40.202018,133,6,3.7000396251678467,4.119567394256592,-2.380688190460205,0.0,6.0273381358466152,48.071017170059676,-23.264831988035411,11.9,69.4
40.202018,133,7,0.46250492334365845,4.807896137237549,-1.377881646156311,0.42630288004875183,5.02278149050855,84.505228656428571,-15.921877003475926,19.3,41.900000000000006
40.489237,134,0,-0.11562623083591461,0.04109476879239082,-0.026636501774191856,0.0,0.125569536537278,160.43425621209576,-12.246941616706664,35.6,53.1
40.489237,134,1,-0.8787593245506287,2.109464406967163,-0.6856269240379333,0.0,2.3858210984295782,112.61560231189719,-16.700905949255574,15.100000000000001,55.1
40.489237,134,2,-1.8500198125839233,1.4814541339874268,1.861430048942566,0.0,3.0136691067812693,141.31304096490138,38.145629690988471,14.600000000000001,63.1
40.489237,134,3,-2.570756673812866,2.0940511226654053,1.5055910348892212,0.0,3.6415167642932018,140.8349088988455,24.421845912784622,11.5,70.8
40.489237,134,4,-1.2294923067092896,2.7103652954101562,-2.0983119010925293,0.0,3.6415167445842753,114.4002819328793,-35.185058987774305,11.5,70.8
40.489237,134,5,1.4800158739089966,4.577951431274414,3.630525827407837,0.0,6.0273380590112433,72.084385823202879,37.037898785653724,12.200000000000001,69.2
40.489237,134,6,3.7000396251678467,4.022513389587402,-2.5412395000457764,0.0,6.027338168197887,47.391133854059184,-24.936835699073463,12.200000000000001,69.2
40.78974,135,0,-0.11562623083591461,0.041057564318180084,-0.026693813502788544,0.0,0.12556953660973413,160.45062607510195,-12.273702561874323,35.4,53.300000000000004
40.78974,135,1,-0.8787593245506287,2.109055280685425,-0.6868847012519836,0.0,2.3858211836358945,112.61954761199966,-16.732443860235026,14.8,55.2
40.78974,135,2,-1.8500198125839233,1.4755736589431763,1.866094946861267,0.0,3.0136690728447877,141.42417802093735,38.258489693728279,15.0,62.7
40.78974,135,3,-2.570756673812866,2.0894482135772705,1.511972188949585,0.0,3.641516663882185,140.89663194512693,24.532162330639228,11.700000000000001,70.60000000000001
40.78974,135,4,-1.2294923067092896,2.7084639072418213,-2.1007654666900635,0.0,3.641516664128627,114.41541230005571,-35.232308092871108,11.700000000000001,70.60000000000001
40.78974,135,5,1.4800158739089966,4.807300090789795,3.3208768367767334,0.0,6.0273380621108705,72.888053790060809,33.433520536831686,11.5,69.7
40.78974,135,6,3.7000396251678467,4.053519248962402,-2.4914844036102295,0.0,6.0273382237065443,47.610269331381538,-24.41632950526887,11.5,69.7
40.78974,135,7,0.5781311392784119,2.8396339416503906,-2.40690279006958,0.34104230999946594,3.7670860857725321,78.492229134479089,-39.712048384017145,30.700000000000003,41.2
41.102873,136,0,-0.11562623083591461,0.041099950671195984,-0.02662850357592106,0.0,0.12556953613511437,160.43197646381179,-12.243207219677062,35.300000000000004,53.400000000000006
41.102873,136,1,-0.8787593245506287,2.0897552967071533,-0.7435369491577148,0.0,2.3858211050627918,112.80715479225692,-18.158589212729414,14.5,55.5
41.102873,136,2,-1.8500198125839233,1.4624093770980835,1.8764292001724243,0.0,3.0136690323320483,141.67422577339252,38.509137636366361,14.9,62.900000000000006
41.102873,136,3,-2.570756673812866,2.096146821975708,1.502671718597412,0.0,3.6415166715401361,140.8068422990257,24.371410375432248,11.600000000000001,70.7
41.102873,136,4,-1.2294923067092896,2.709049701690674,-2.1000101566314697,0.0,3.6415167549309708,114.41074894176852,-35.217759179712388,11.600000000000001,70.7
41.102873,136,5,1.2950139045715332,5.164561748504639,2.8247203826904297,0.0,6.0273380780853554,75.923319113527342,27.946791055045576,12.100000000000001,69.10000000000001
41.102873,136,6,3.7000396251678467,3.9021949768066406,-2.722386121749878,0.0,6.02733814056616,46.5232257545194,-26.851075021371141,12.100000000000001,69.10000000000001
41.102873,136,7,0.6166732311248779,2.930094003677368,-2.679626226425171,0.34104230999946594,4.0182251626455265,78.11487462568482,-41.825801915903241,29.3,40.400000000000006
41.102873,136,8,0.7515705823898315,2.7174739837646484,-4.004143238067627,0.42630288004875183,4.8972120909466641,74.540175950699918,-54.848972359763586,19.3,54.5
41.102873,136,9,2.374191999435425,4.979890823364258,0.30031296610832214,-0.25578173995018005,5.5250600123820828,64.510255692480229,3.1158303066100279,27.0,43.5
41.387845,137,0,-0.11562623083591461,0.04111034795641899,-0.026612447574734688,0.0,0.12556953584502914,160.42740241139728,-12.235710704086204,34.7,54.0
41.387845,137,1,-0.8787593245506287,2.106727361679077,-0.6939915418624878,0.0,2.3858211138114767,112.64202112333069,-16.91074547759283,14.200000000000001,55.7
41.387845,137,2,-1.8500198125839233,1.4775102138519287,1.8645620346069336,0.0,3.0136690793594734,141.38754036809266,38.221384010325124,14.5,63.2
41.387845,137,3,-2.570756673812866,2.0918378829956055,1.5086644887924194,0.0,3.6415167368051762,140.86457399242894,24.47496709473894,11.600000000000001,70.8
41.387845,137,4,-1.2294923067092896,2.7129786014556885,-2.0949318408966064,0.0,3.6415166678481974,114.37951515796549,-35.1200151030264,11.600000000000001,70.8
41.387845,137,5,1.4800158739089966,5.0750203132629395,2.895259380340576,0.0,6.0273381393865879,73.7418594300027,28.708561666275884,12.0,69.3
41.387845,137,6,3.7000396251678467,3.9531824588775635,-2.6478028297424316,0.0,6.0273381028594626,46.8944609023839,-26.059154970356129,12.0,69.3
41.387845,137,7,2.374191999435425,4.981620788574219,0.27009454369544983,-0.34104230999946594,5.5250596733313255,64.517985415271326,2.8020417379102356,17.0,45.800000000000004
41.704055,138,0,-0.11562623083591461,0.04108935594558716,-0.02664485201239586,0.0,0.12556953678383084,160.43663764274535,-12.250840456384498,35.0,53.7
41.704055,138,1,-0.8787593245506287,2.100806474685669,-0.7117140889167786,0.0,2.3858211875428856,112.699371888742,-17.356120274338924,14.3,55.6
41.704055,138,2,-1.8500198125839233,1.46603524684906,1.8735977411270142,0.0,3.0136690507607318,141.60518153216387,38.440376563171029,14.9,62.800000000000004
41.704055,138,3,-2.570756673812866,2.0922303199768066,1.5081199407577515,0.0,3.6415166268321233,140.85931215056505,24.465554385902532,11.700000000000001,70.7
41.704055,138,4,-1.2294923067092896,2.714348554611206,-2.093156576156616,0.0,3.6415166978176772,114.36864200702927,-35.085872975680168,11.700000000000001,70.7
41.704055,138,5,1.4800158739089966,5.064408779144287,2.913780927658081,0.0,6.02733793342304,73.709598203831874,28.909497971006694,12.3,69.0
41.704055,138,6,3.7000396251678467,3.9248733520507812,-2.689587354660034,0.0,6.0273380688159275,46.688975615737334,-26.502148736978345,12.3,69.0
41.704055,138,7,3.1565961837768555,3.726576089859009,-0.36223748326301575,-0.34104230999946594,4.8972119430574157,49.733733516978148,-4.2419343375704983,19.8,46.300000000000004
41.704055,138,8,1.653455138206482,4.259302139282227,1.762702226638794,-0.34104230999946594,4.897212242444974,68.783857355243427,21.096506902578675,19.8,46.300000000000004
41.704055,138,9,2.32023286819458,4.868216514587402,-0.2673555910587311,-0.34104230999946594,5.399489939579694,64.5171390976168,-2.8381594370940113,15.4,49.6
42.001536,139,0,-0.11562623083591461,0.04107840359210968,-0.02666173130273819,0.0,0.12556953617440764,160.44145644437577,-12.258721912124519,34.7,54.0
42.001536,139,1,-0.8787593245506287,2.106027841567993,-0.6961121559143066,0.0,2.3858213163512225,112.64878249360657,-16.963979969721251,14.4,55.7
42.001536,139,2,-1.8500198125839233,1.4678903818130493,1.8721446990966797,0.0,3.0136690684824887,141.56990673949292,38.40511520515718,14.700000000000001,63.0
42.001536,139,3,-2.570756673812866,2.0851707458496094,1.5178660154342651,0.0,3.6415167384086953,140.95408802244148,24.6341388817641,11.700000000000001,70.7
42.001536,139,4,-1.2294923067092896,2.713104009628296,-2.0947697162628174,0.0,3.6415168355357457,114.37851942980843,-35.11689468180807,11.700000000000001,70.7
42.001536,139,5,1.4800158739089966,5.068240642547607,2.9071106910705566,0.0,6.0273379503667064,73.721262208676464,28.837089621051344,11.9,69.3
42.001536,139,6,3.7000396251678467,3.9578442573547363,-2.64082932472229,0.0,6.02733804557213,46.928148964067226,-25.985386827286312,11.9,69.3
42.001536,139,7,0.7400079369544983,1.7673455476760864,-3.5319981575012207,-0.34104230999946594,4.0182251077108857,67.280377788531638,-61.52131903650838,33.800000000000004,40.300000000000004
42.001536,139,8,3.075657606124878,3.6386284828186035,-0.2632153630256653,-0.34104230999946594,4.7716421988059166,49.792852568227644,-3.1621793180728059,12.8,54.800000000000004
42.306081,140,0,-0.11562623083591461,0.04109025001525879,-0.02664346992969513,0.0,0.1255695360886997,160.436244283899,-12.250195204040056,35.300000000000004,53.400000000000006
42.306081,140,1,-0.8787593245506287,2.096395969390869,-0.7246019840240479,0.0,2.3858210423698054,112.7422719622195,-17.680679005833248,14.5,55.400000000000006
42.306081,140,2,-1.8500198125839233,1.461921215057373,1.8768095970153809,0.0,3.0136690610345584,141.68353147498641,38.518379981445456,14.8,62.900000000000006
42.306081,140,3,-2.570756673812866,2.086496353149414,1.5160433053970337,0.0,3.6415167460137212,140.93627210909631,24.602592776028416,11.700000000000001,70.7
42.306081,140,4,-1.2294923067092896,2.7153306007385254,-2.0918827056884766,0.0,3.6415168347713172,114.36085322916078,-35.061381259931757,11.700000000000001,70.7
42.306081,140,5,1.4800158739089966,5.1157708168029785,2.8226306438446045,0.0,6.0273378691298065,73.864602020893173,27.924307010786261,11.9,69.4
42.306081,140,6,3.7000396251678467,3.899235486984253,-2.726623296737671,0.0,6.0273381532051236,46.501520754678992,-26.8962299723152,11.9,69.4
42.306081,140,7,4.154836177825928,4.531430721282959,0.24847888946533203,-0.42630288004875183,6.1529074269704473,47.482513375954142,2.3144609913864893,11.9,51.400000000000006
42.306081,140,8,3.279930830001831,3.2546207904815674,-0.485273540019989,-0.34104230999946594,4.6460728737370118,44.778079464932347,-5.9953708739627904,16.400000000000002,49.6
42.306081,140,9,1.8538739681243896,4.166624069213867,0.8879121541976929,-0.34104230999946594,4.6460728381519791,66.014078130505013,11.017584363043266,16.400000000000002,49.6
42.306081,140,10,0.8633425831794739,1.7123560905456543,-3.5310919284820557,-0.25578173995018005,4.0182252306398816,63.2434884620579,-61.494228117172554,31.3,41.6
42.594509,141,0,-0.11562623083591461,0.04107510298490524,-0.02666681818664074,0.0,0.12556953665097334,160.44290869753016,-12.261097114179593,34.800000000000004,53.900000000000006
42.594509,141,1,-0.8787593245506287,2.1055476665496826,-0.6975630521774292,0.0,2.3858212712524343,112.65342594886616,-17.000412344674825,14.3,55.7
42.594509,141,2,-1.8500198125839233,1.4495197534561157,1.8864041566848755,0.0,3.01366910343032,141.92073971042177,38.751899735077785,14.700000000000001,63.0
42.594509,141,3,-2.570756673812866,2.0927577018737793,1.5073882341384888,0.0,3.641516711910652,140.85224218973542,24.452906014381679,11.600000000000001,70.8
42.594509,141,4,-1.2294923067092896,2.7113780975341797,-2.0970029830932617,0.0,3.6415167212505608,114.39222970654006,-35.159864701440569,11.600000000000001,70.8
42.594509,141,5,1.2950139045715332,5.255061149597168,2.652560234069824,0.0,6.0273380935872245,76.1563370571933,26.10950731427323,12.100000000000001,69.10000000000001
42.594509,141,6,3.7000396251678467,3.857910394668579,-2.784787178039551,0.0,6.0273381743583609,46.196622575986723,-27.517921515455395,12.100000000000001,69.10000000000001
42.594509,141,7,0.8363630771636963,0.7580528259277344,3.7254021167755127,-0.42630288004875183,3.8926556764521596,42.188158875664406,73.143410002737014,29.700000000000003,40.2
42.594509,141,8,1.52626633644104,4.020364761352539,-1.3936033248901367,-0.34104230999946594,4.5205035085953931,69.211545655790445,-17.955905662181564,21.200000000000003,47.800000000000004
42.594509,141,9,3.05253267288208,3.3289313316345215,-0.187647745013237,-0.34104230999946594,4.5205034239517126,47.480086809314109,-2.379052256070894,21.200000000000003,47.800000000000004
42.89619,142,0,-0.11562623083591461,0.04108300432562828,-0.026654643937945366,0.0,0.12556953669261686,160.43943218480086,-12.255412550538615,35.1,53.6
42.89619,142,1,-0.8787593245506287,2.1086058616638184,-0.6882632970809937,0.0,2.3858212415091979,112.6238829678925,-16.76701746685405,14.9,55.2
42.89619,142,2,-1.8500198125839233,1.445743441581726,1.8892998695373535,0.0,3.0136690931261,141.99327822325031,38.822528208376141,14.700000000000001,63.0
42.89619,142,3,-2.570756673812866,2.089494466781616,1.5119082927703857,0.0,3.6415166741911595,140.89601117108316,24.5310571566042,11.600000000000001,70.8
42.89619,142,4,-1.2294923067092896,2.7151832580566406,-2.092073917388916,0.0,3.6415168176060106,114.36202153136347,-35.065057032065965,11.600000000000001,70.8
42.89619,142,5,1.4800158739089966,5.13945198059082,2.7792787551879883,0.0,6.0273380564608132,73.935105506678482,27.45889523371207,12.600000000000001,68.60000000000001
42.89619,142,6,3.7000396251678467,3.9702811241149902,-2.6220946311950684,0.0,6.0273381925405527,47.017815938897776,-25.787431905585262,12.600000000000001,68.60000000000001
42.89619,142,7,0.6706321835517883,6.411473751068115,-3.389075517654419,0.25578173995018005,7.2830334374225858,84.028646844011064,-27.732128385605957,14.9,45.300000000000004
42.89619,142,8,0.6937574148178101,1.5009053945541382,-3.3848073482513428,-0.34104230999946594,3.7670860275274696,65.192395262025045,-63.9643852140045,30.700000000000003,40.5
42.89619,142,9,0.6937574744224548,3.1137118339538574,-3.2028815746307373,-0.25578173995018005,4.5205034232185231,77.4392557157315,-45.11488592818295,22.8,52.1
43.201044,143,0,-0.11562623083591461,0.04108845815062523,-0.026646234095096588,0.0,0.12556953628156226,160.43703264251829,-12.251485828940508,35.300000000000004,53.400000000000006
43.201044,143,1,-0.8787593245506287,2.099885940551758,-0.7144257426261902,0.0,2.3858212538953123,112.70831307134863,-17.424359622269478,14.700000000000001,55.2
43.201044,143,2,-1.8500198125839233,1.4692988395690918,1.8710395097732544,0.0,3.0136690651172491,141.54314836366089,38.378307050238071,14.9,62.800000000000004
43.201044,143,3,-2.570756673812866,2.085627317428589,1.5172384977340698,0.0,3.6415166953021236,140.94795077116748,24.623277704767069,11.700000000000001,70.8
43.201044,143,4,-1.2294923067092896,2.717649459838867,-2.088869094848633,0.0,3.6415167189281945,114.34248049703716,-35.003474986367195,11.700000000000001,70.8
43.201044,143,5,1.4800158739089966,4.99757719039917,3.026975154876709,0.0,6.0273379985912143,73.50351967848384,30.146163678416276,13.200000000000001,68.10000000000001
43.201044,143,6,3.7000396251678467,3.8901615142822266,-2.739553689956665,0.0,6.0273380737411753,46.434863753939034,-27.034139693684402,13.200000000000001,68.10000000000001
43.201044,143,7,0.5241722464561462,2.903017282485962,-3.0862932205200195,-0.5115634799003601,4.2693643238068706,79.764884764611367,-46.293844266005593,27.0,41.6
43.201044,143,8,0.5550059676170349,3.7134077548980713,-2.517443895339966,-0.42630288004875183,4.5205035719941771,81.499495007583889,-33.841307489420828,19.3,47.900000000000006
43.201044,143,9,-3.804103136062622,4.506629943847656,-0.2235061526298523,-0.34104230999946594,5.9017683045718767,130.16813338365742,-2.1703702421178863,14.700000000000001,54.2
43.201044,143,10,0.7400079369544983,2.5036673545837402,-3.054532766342163,-0.25578173995018005,4.018225029764,73.533922941869491,-49.479157278441022,25.1,44.2
43.201044,143,11,2.254711389541626,5.146473407745361,-0.5997477769851685,-0.25578173995018005,5.650629113891438,66.341387506692925,-6.0927488600492685,13.700000000000001,54.400000000000006
43.484075,144,0,-0.11562623083591461,0.04109412059187889,-0.026637500151991844,0.0,0.12556953618966449,160.43454139003464,-12.247407807186681,35.2,53.5
43.484075,144,1,-0.8787593245506287,2.096195936203003,-0.7251811027526855,0.0,2.3858212391602733,112.74422128392797,-17.695275207015388,14.5,55.5
43.484075,144,2,-1.8500198125839233,1.468863844871521,1.8713810443878174,0.0,3.0136690785515654,141.55141042842035,38.386590277156422,15.0,62.7
43.484075,144,3,-2.570756673812866,2.0797410011291504,1.5252974033355713,0.0,3.6415168098408262,141.02715664928959,24.762837677963617,11.9,70.7
43.484075,144,4,-1.2294923067092896,2.71702241897583,-2.0896847248077393,0.0,3.6415167727980324,114.34744608537358,-35.019142949822687,11.9,70.7
43.484075,144,5,1.2950139045715332,5.2335076332092285,2.694835901260376,0.0,6.0273380272401091,76.101529838860941,26.557913527872312,13.200000000000001,68.4
43.484075,144,6,3.7000396251678467,3.9618496894836426,-2.6348166465759277,0.0,6.027338131459647,46.957060048803179,-25.921819165681278,13.200000000000001,68.4
43.484075,144,7,0.655215322971344,3.0729711055755615,-2.8905038833618164,-0.25578173995018005,4.2693642658935147,77.963699637569448,-42.612285758948616,21.5,51.7
43.798965,145,0,-0.11562623083591461,0.041074950248003006,-0.026667052879929543,0.0,0.12556953653054984,160.44297590175171,-12.2612067133868,35.7,53.0
43.798965,145,1,-0.8787593245506287,2.096903085708618,-0.7231338620185852,0.0,2.385821259804874,112.73733153559007,-17.643676049538691,14.8,55.0
43.798965,145,2,-1.8500198125839233,1.4727809429168701,1.8682998418807983,0.0,3.0136690780415782,141.47707925516158,38.31189443688276,15.0,62.7
43.798965,145,3,-2.570756673812866,2.0844194889068604,1.518897533416748,0.0,3.6415167442574816,140.96418876627618,24.651995081303156,11.9,70.60000000000001
43.798965,145,4,-1.2294923067092896,2.7226181030273438,-2.0823888778686523,0.0,3.6415167315090846,114.30320055735787,-34.87909381922497,11.9,70.60000000000001
43.798965,145,5,1.4800158739089966,4.978934288024902,3.0575428009033203,0.0,6.02733785438052,73.4451260975766,30.482764385274763,12.3,68.8
43.798965,145,6,3.7000396251678467,3.843899965286255,-2.8040945529937744,0.0,6.0273382544095906,46.092478446163909,-27.725065064449243,12.3,68.8
43.798965,145,7,0.655215322971344,3.455383062362671,-2.4204323291778564,-0.25578173995018005,4.2693643422936649,79.262958752237424,-34.5364476818966,17.0,54.300000000000004
44.086921,146,0,-0.11562623083591461,0.04110600799322128,-0.02661915123462677,0.0,0.12556953596677387,160.42931164928922,-12.238840603864992,34.7,54.0
44.086921,146,1,-0.8787593245506287,2.0945048332214355,-0.7300506830215454,0.0,2.3858211262902453,112.7607137216178,-17.818069489442216,14.4,55.5
44.086921,146,2,-1.8500198125839233,1.4728175401687622,1.868270993232727,0.0,3.0136690790026397,141.47638550551252,38.311195424753038,14.9,62.800000000000004
44.086921,146,3,-2.570756673812866,2.085853099822998,1.5169280767440796,0.0,3.641516692260121,140.944916190365,24.617905105455225,11.700000000000001,70.7
44.086921,146,4,-1.2294923067092896,2.717639446258545,-2.0888819694519043,0.0,3.6415166310781895,114.34255978046086,-35.003723256997709,11.700000000000001,70.7
44.086921,146,5,1.4800158739089966,4.882488250732422,3.2093091011047363,0.0,6.0273380037954105,73.136507037630849,32.171736394772481,12.200000000000001,69.10000000000001
44.086921,146,6,3.7000396251678467,3.8810389041900635,-2.752462148666382,0.0,6.0273380594994155,46.36768468311665,-27.171984318312585,12.200000000000001,69.10000000000001
44.086921,146,7,0.3931291997432709,3.884978771209717,-1.7262275218963623,-0.596824049949646,4.2693643646090225,84.221788260849976,-23.849081227504854,20.700000000000003,43.300000000000004
44.086921,146,8,0.7130284309387207,3.335207462310791,-3.154991865158081,-0.34104230999946594,4.6460727533255639,77.93249262876833,-42.7707306892335,15.3,59.2
44.086921,146,9,0.6475068926811218,1.8301643133163452,-2.9314019680023193,-0.25578173995018005,3.51594711106611,70.516366458794181,-56.485344257469151,34.6,40.0
44.086921,146,10,0.49333858489990234,3.255037546157837,-2.3037970066070557,-0.25578173995018005,4.01822510990859,81.381752211273024,-34.983252137536489,21.400000000000002,47.900000000000006
44.399667,147,0,-0.11562623083591461,0.04103996232151985,-0.026720864698290825,0.0,0.12556953601449813,160.45837206145063,-12.286334762698143,35.4,53.300000000000004
44.399667,147,1,-0.8787593245506287,2.0964725017547607,-0.7243810296058655,0.0,2.3858211955533037,112.74152623866952,-17.6751086002376,14.600000000000001,55.2
44.399667,147,2,-1.8500198125839233,1.4754737615585327,1.8661739826202393,0.0,3.013669102839498,141.42606899248318,38.260402892621372,15.0,62.7
44.399667,147,3,-2.570756673812866,2.0583064556121826,1.5541003942489624,0.0,3.6415166313739333,141.31708112048051,25.262930093878765,11.3,70.8
44.399667,147,4,-1.2294923067092896,2.712500810623169,-2.095550537109375,0.0,3.6415167215691966,114.38330946850975,-35.131916602876871,11.3,70.8
44.399667,147,5,1.4800158739089966,4.959503650665283,3.088960647583008,0.0,6.0273378311076371,73.383836009909245,30.829944016120891,12.100000000000001,69.10000000000001
44.399667,147,6,3.7000396251678467,3.9084408283233643,-2.713411331176758,0.0,6.0273380516174528,46.568976182572953,-26.755491703495885,12.100000000000001,69.10000000000001
44.399667,147,7,0.7554247379302979,2.1435160636901855,-2.6826398372650146,-0.42630288004875183,3.5159471194055509,70.586361180084467,-49.72868863708522,26.0,40.300000000000004
44.399667,147,8,0.49333858489990234,3.348217010498047,-2.166146993637085,-0.17052115499973297,4.0182250940909841,81.618139467506538,-32.621069811058668,24.6,52.1
44.692781,148,0,-0.11562623083591461,0.04107147455215454,-0.026672406122088432,0.0,0.12556953662234369,160.44450522271123,-12.263706349999847,35.7,53.0
44.692781,148,1,-0.8787593245506287,2.0775396823883057,-0.7770162224769592,0.0,2.3858213035294873,112.92742727443986,-19.006826949504568,14.700000000000001,54.900000000000006
44.692781,148,2,-1.8500198125839233,1.4681912660598755,1.8719086647033691,0.0,3.0136690179379531,141.56418876815584,38.399389725133226,15.100000000000001,62.6
44.692781,148,3,-2.570756673812866,2.0911924839019775,1.509558916091919,0.0,3.6415167172256839,140.87322929093472,24.490430554253614,11.600000000000001,70.7
44.692781,148,4,-1.2294923067092896,2.7033867835998535,-2.107295274734497,0.0,3.6415168280426813,114.45590013994176,-35.358184875350219,11.600000000000001,70.7
44.692781,148,5,1.4800158739089966,5.021281719207764,2.987488031387329,0.0,6.02733787242388,73.5771914427084,29.713037283773804,12.100000000000001,69.2
44.692781,148,6,3.7000396251678467,3.943417549133301,-2.6623239517211914,0.0,6.0273380541108734,46.82375825049207,-26.212914580626276,12.100000000000001,69.2
44.692781,148,7,0.5010470151901245,2.0558571815490723,-2.486236810684204,-0.34104230999946594,3.2648078566983068,76.303076398352857,-49.59893210117167,36.6,40.6
44.692781,148,8,-3.9544169902801514,1.8571873903274536,-1.9188567399978638,-0.25578173995018005,4.7716422670232577,154.84295688704285,-23.711877977136023,15.100000000000001,61.1
44.692781,148,9,0.7322994470596313,2.2654175758361816,-4.135237693786621,-0.25578173995018005,4.7716422809327419,72.086499986757886,-60.069097898071206,15.100000000000001,61.1
44.989826,149,0,-0.11562623083591461,0.041067615151405334,-0.02667834423482418,0.0,0.12556953580648422,160.44620340943825,-12.266479204161651,35.1,53.6
44.989826,149,1,-0.8787593245506287,2.0811009407043457,-0.7674267292022705,0.0,2.3858212130374072,112.89224007754615,-18.763432600147034,14.100000000000001,55.5
44.989826,149,2,-1.8500198125839233,1.4677081108093262,1.872287631034851,0.0,3.0136690891361364,141.57337103822408,38.408582671830509,14.9,62.800000000000004
44.989826,149,3,-2.570756673812866,2.0898144245147705,1.511466145515442,0.0,3.6415167326133075,140.89171725003234,24.523409959126742,11.700000000000001,70.60000000000001
44.989826,149,4,-1.2294923067092896,2.712550163269043,-2.095486640930176,0.0,3.6415167146156384,114.38291748986929,-35.130687404210555,11.700000000000001,70.60000000000001
44.989826,149,5,1.4800158739089966,4.8907999992370605,3.1966280937194824,0.0,6.0273379521241788,73.163543196652583,32.02943574582806,12.4,68.8
44.989826,149,6,3.7000396251678467,3.9163413047790527,-2.701996088027954,0.0,6.0273381606683625,46.626736271694341,-26.634032009212451,12.4,68.8
44.989826,149,7,0.6744863390922546,1.647747278213501,-2.585500717163086,-0.7673451900482178,3.139238263167182,67.738827007373644,-55.447583434078325,26.700000000000003,40.5
44.989826,149,8,0.28906556963920593,2.584806203842163,-1.7578495740890503,-0.596824049949646,3.1392383057195303,83.618977978077538,-34.053068803757164,29.700000000000003,40.400000000000006
44.989826,149,9,0.6243817210197449,2.480109691619873,-2.2257275581359863,-0.5115634799003601,3.390377527511705,75.869119481349344,-41.032247344836641,28.0,40.1
44.989826,149,10,0.34687870740890503,3.341827869415283,-1.7037599086761475,-0.42630288004875183,3.7670858993214527,84.073971991852659,-26.889758869933804,30.700000000000003,44.0
44.989826,149,11,-3.850353717803955,1.8318424224853516,-1.8452973365783691,-0.42630288004875183,4.6460728226543075,154.5567863121295,-23.40160327823892,11.5,58.800000000000004
44.989826,149,12,0.5704227685928345,3.285508871078491,-3.235126256942749,-0.42630288004875183,4.6460728120881809,80.1506143629581,-44.132030974451808,11.5,58.800000000000004
44.989826,149,13,-3.9544169902801514,2.14111065864563,-1.5958698987960815,-0.34104230999946594,4.7716422036302832,151.56676459963703,-19.539021846344568,11.700000000000001,58.6
45.286371,150,0,-0.11562623083591461,0.04108390212059021,-0.026653261855244637,0.0,0.12556953706332871,160.43903717327146,-12.25476718140164,34.9,53.800000000000004
45.286371,150,1,-0.8787593245506287,2.086425542831421,-0.7528302073478699,0.0,2.3858212039797748,112.83982030789797,-18.393623308406877,13.9,55.900000000000006
45.286371,150,2,-1.8500198125839233,1.4639865159988403,1.8751990795135498,0.0,3.0136690949385838,141.64417752291158,38.479255668759365,14.8,62.800000000000004
45.286371,150,3,-2.570756673812866,2.0953726768493652,1.5037509202957153,0.0,3.6415166292535965,140.81720740799187,24.390053393167648,12.100000000000001,70.5
45.286371,150,4,-1.2294923067092896,2.713066816329956,-2.094817638397217,0.0,3.6415166922956961,114.37881473285478,-35.1178180656706,12.100000000000001,70.5
45.286371,150,5,1.4800158739089966,4.815781116485596,3.308566093444824,0.0,6.0273380810781312,72.916433474895982,33.293403158548742,11.9,69.3
45.286371,150,6,3.7000396251678467,3.911210060119629,-2.709418296813965,0.0,6.0273381246868416,46.589235951316738,-26.712990394464246,11.9,69.3
45.286371,150,7,0.33531609177589417,3.303711175918579,-1.4945563077926636,-0.5115634799003601,3.6415165758864836,84.204508651181911,-24.231308833950269,31.0,43.7
45.286371,150,8,0.655215322971344,2.543013095855713,-3.366192102432251,-0.34104230999946594,4.2693643549862736,75.551806228731508,-52.041153556895722,12.5,57.300000000000004
45.286371,150,9,-3.4071197509765625,1.2668616771697998,-2.2392115592956543,-0.34104230999946594,4.2693643454101391,159.60346883612803,-31.633485611285245,12.5,57.300000000000004
45.286371,150,10,0.46250495314598083,1.835246205329895,-2.3452422618865967,-0.25578173995018005,3.0136689819556004,75.855283995170353,-51.096216452262915,35.0,40.0
