timestamp_s,frame_number,point_index,x,y,z,doppler_mps,range,azimuth_deg,elevation_deg,snr_db,noise_db
0.0,1,0,-0.11562623083591461,0.041029103100299835,-0.02673753723502159,0.0,0.12556953633716025,160.46315117305625,-12.294120634896158,34.5,52.5
0.0,1,1,-0.7322994470596313,2.1445059776306152,-0.746306836605072,0.0,2.38582108772237,108.85385537083206,-18.228609030918427,14.600000000000001,54.0
0.0,1,2,-1.7575188875198364,1.9005366563796997,1.543142318725586,0.0,3.0136689330571249,132.76106646270713,30.800324137024479,14.3,61.800000000000004
0.0,1,3,1.4800158739089966,5.070640563964844,2.9029223918914795,0.0,6.0273378144329417,73.72855917922989,28.791650305082928,11.8,67.5
0.0,1,4,3.7000396251678467,3.972198963165283,-2.6191883087158203,0.0,6.0273381543843394,47.031616383744087,-25.756752997469466,11.8,67.5
0.316787,2,0,-0.11562623083591461,0.04101452976465225,-0.026759885251522064,0.0,0.12556953598628284,160.46956530020344,-12.304557326834127,34.5,52.5
0.316787,2,1,-0.7322994470596313,2.14573073387146,-0.7427781224250793,0.0,2.3858210749336846,108.84385343106253,-18.139412053375843,14.4,54.2
0.316787,2,2,-1.7575188875198364,1.9019570350646973,1.5413914918899536,0.0,3.0136690154182153,132.73973022166069,30.761578588263166,14.100000000000001,62.0
0.316787,2,3,1.4800158739089966,5.09794807434082,2.8546946048736572,0.0,6.0273379565769041,73.811141676723608,28.269825619803054,11.600000000000001,67.9
0.316787,2,4,3.7000396251678467,3.9588112831115723,-2.6393797397613525,0.0,6.0273381698529587,46.935131785559925,-25.970057801401691,11.600000000000001,67.9
0.597334,3,0,-0.11562623083591461,0.04100760444998741,-0.02677050046622753,0.0,0.12556953681231417,160.47261350085387,-12.309514758434327,34.9,52.1
0.597334,3,1,-0.7322994470596313,2.1476523876190186,-0.7372033596038818,0.0,2.3858210435027947,108.828180890876,-17.998588768722762,14.9,53.800000000000004
0.597334,3,2,-1.4645988941192627,1.627149224281311,0.948408305644989,0.0,2.3858212072473157,131.99041436994375,23.423145540703565,14.9,53.800000000000004
0.597334,3,3,-1.7575188875198364,1.9048645496368408,1.5377968549728394,0.0,3.0136689864045261,132.6961085153703,30.682080844652273,14.5,61.6
0.597334,3,4,1.4800158739089966,5.053174018859863,2.9332215785980225,0.0,6.0273380095242732,73.675306220418179,29.120823406303707,11.5,68.10000000000001
0.597334,3,5,3.7000396251678467,3.9729995727539062,-2.617973804473877,0.0,6.0273381914263258,47.037375323982367,-25.743934892942406,11.5,68.10000000000001
0.911764,4,0,-0.11562623083591461,0.04099607840180397,-0.026788143441081047,0.0,0.12556953583838321,160.47768698494934,-12.317754678426644,35.2,51.800000000000004
0.911764,4,1,-0.7322994470596313,2.147334575653076,-0.7381289005279541,0.0,2.3858211445440802,108.83077115367755,-18.021960168003769,15.200000000000001,53.300000000000004
0.911764,4,2,-1.4645988941192627,1.6452440023422241,0.9166596531867981,0.0,2.3858211726110086,131.67552837762187,22.594790702783659,15.200000000000001,53.300000000000004
0.911764,4,3,-1.7575188875198364,1.902980089187622,1.540128231048584,0.0,3.0136689977345443,132.72437304393299,30.733633362272734,15.0,61.1
0.911764,4,4,1.4800158739089966,5.017543315887451,2.993762969970703,0.0,6.0273381051835191,73.565615315980779,29.781739080654386,11.9,67.8
0.911764,4,5,3.7000396251678467,3.9760384559631348,-2.613356113433838,0.0,6.02733815267834,47.059223291758791,-25.695212355618775,11.9,67.8
1.20661,5,0,-0.11562623083591461,0.04103613644838333,-0.026726745069026947,0.0,0.12556953712551186,160.46005578478383,-12.289080699002065,35.5,51.5
1.20661,5,1,-0.7322994470596313,2.1344478130340576,-0.774604856967926,0.0,2.385821164959355,108.93638371743529,-18.945590843601885,15.5,53.2
1.20661,5,2,-1.7575188875198364,1.9023277759552002,1.5409338474273682,0.0,3.0136689813758468,132.73416395988292,30.7514541817711,14.9,61.2
1.20661,5,3,1.4800158739089966,5.040091037750244,2.9556455612182617,0.0,6.0273381636823862,73.635195479786958,29.36511887833915,12.0,67.8
1.20661,5,4,3.7000396251678467,3.9713199138641357,-2.620520830154419,0.0,6.0273380946599691,47.025291779639772,-25.770818357306762,12.0,67.8
1.498124,6,0,-0.11562623083591461,0.04103408381342888,-0.026729892939329147,0.0,0.12556953638632148,160.46095914060061,-12.290550793430667,35.0,52.0
1.498124,6,1,-0.7322994470596313,2.1572952270507812,-0.7084894180297852,0.0,2.3858211232781277,108.74991413796114,-17.27500366630186,14.700000000000001,53.800000000000004
1.498124,6,2,-1.7575188875198364,1.8973368406295776,1.5470750331878662,0.0,3.0136690072256487,132.80919557970171,30.887408632264918,14.4,61.7
1.498124,6,3,1.4800158739089966,5.11012077331543,2.8328464031219482,0.0,6.0273377247814359,73.8476916345349,28.034271468313744,12.0,67.8
1.498124,6,4,3.7000396251678467,3.9310734272003174,-2.6805174350738525,0.0,6.02733815523798,46.734113953127412,-26.405846239863408,12.0,67.8
1.801489,7,0,-0.11562623083591461,0.04103565588593483,-0.026727480813860893,0.0,0.12556953667973922,160.46026727734457,-12.289424327353041,35.2,51.800000000000004
1.801489,7,1,-0.7322994470596313,2.1624538898468018,-0.6925845146179199,0.0,2.385821161731521,108.70830053344237,-16.875431363463765,15.4,53.400000000000006
1.801489,7,2,-1.7575188875198364,1.9084118604660034,1.5333924293518066,0.0,3.0136689950208053,132.64298521016534,30.584762713553065,14.700000000000001,61.400000000000006
1.801489,7,3,1.4800158739089966,5.04774808883667,2.942548990249634,0.0,6.0273379128265248,73.658694251942862,29.222369858143907,11.8,67.9
1.801489,7,4,3.7000396251678467,4.0062575340271,-2.5667901039123535,0.0,6.0273380603964393,47.275511560871934,-25.204983813245853,11.8,67.9
2.098955,8,0,-0.11562623083591461,0.041001901030540466,-0.026779234409332275,0.0,0.12556953667585308,160.47512396657422,-12.313593765227687,35.300000000000004,51.7
2.098955,8,1,-0.7322994470596313,2.1426773071289062,-0.751541018486023,0.0,2.385821121776742,108.86880821773447,-18.361000155781937,15.200000000000001,53.400000000000006
2.098955,8,2,-1.4645988941192627,1.650140404701233,0.9078156352043152,0.0,2.3858211381837346,131.59098340483669,22.364934901110956,15.200000000000001,53.400000000000006
2.098955,8,3,-1.7575188875198364,1.9016059637069702,1.541824460029602,0.0,3.0136689510861094,132.74500224642873,30.771159156818538,14.700000000000001,61.400000000000006
2.404556,9,0,-0.11562623083591461,0.041081685572862625,-0.026656674221158028,0.0,0.12556953622340378,160.44001241271417,-12.256360594940634,35.800000000000004,51.2
2.404556,9,1,-0.7322994470596313,2.1482839584350586,-0.7353612780570984,0.0,2.3858211700584384,108.82303543733181,-17.952079897530247,15.4,53.2
2.404556,9,2,-1.4645988941192627,1.6551268100738525,0.8986923694610596,0.0,2.3858211695364235,131.50517232223575,22.128217654211991,15.4,53.2
2.404556,9,3,-1.7575188875198364,1.906166911125183,1.536182165145874,0.0,3.013668956201021,132.67659238184885,30.646392420342615,14.8,61.300000000000004
2.710218,10,0,-0.11562623083591461,0.041041478514671326,-0.026718541979789734,0.0,0.12556953731505197,160.45770481177522,-12.285249965955122,35.800000000000004,51.2
2.710218,10,1,-0.7322994470596313,2.1731581687927246,-0.6582276225090027,0.0,2.3858211395216204,108.62251766224448,-16.015145021414231,16.0,52.800000000000004
2.710218,10,2,-1.7575188875198364,1.9053922891616821,1.5371429920196533,0.0,3.0136690252084568,132.68819850151698,30.667626779668961,15.100000000000001,61.0
2.710218,10,3,1.4800158739089966,5.13981294631958,2.778611183166504,0.0,6.0273380706075326,73.936175531275211,27.451743778982085,11.600000000000001,67.7
2.710218,10,4,3.7000396251678467,3.945155143737793,-2.6597485542297363,0.0,6.0273381112809785,46.836352895462412,-26.185629491576528,11.600000000000001,67.7
3.007112,11,0,-0.11562623083591461,0.04106016457080841,-0.026689812541007996,0.0,0.12556953637477614,160.44948186332911,-12.271834300878059,35.300000000000004,51.7
3.007112,11,1,-0.7322994470596313,2.17811918258667,-0.6416200995445251,0.0,2.3858210339116788,108.58301747892367,-15.600636682852302,15.3,53.5
3.007112,11,2,-1.7575188875198364,1.9110018014907837,1.5301634073257446,0.0,3.0136689563402141,132.60426658203156,30.513478293578238,14.700000000000001,61.400000000000006
3.007112,11,3,1.4800158739089966,5.011939525604248,3.0031349658966064,0.0,6.0273380873091531,73.54823318553548,29.884439217237212,11.9,67.9
3.007112,11,4,3.7000396251678467,4.012129306793213,-2.5576024055480957,0.0,6.0273381245045989,47.317333878241534,-25.108493122328362,11.9,67.9
3.306428,12,0,-0.11562623083591461,0.041043028235435486,-0.026716159656643867,0.0,0.1255695369540489,160.4570228128936,-12.284137504673659,34.800000000000004,52.2
3.306428,12,1,-0.7322994470596313,2.121229887008667,-0.8101008534431458,0.0,2.3858210549938477,109.04590223338917,-19.849340380509542,14.600000000000001,53.900000000000006
3.306428,12,2,-1.4645988941192627,1.6631431579589844,0.8837689161300659,0.0,2.385821154579459,131.36782527899783,21.741859342393024,14.600000000000001,53.900000000000006
3.306428,12,3,-1.7575188875198364,1.9089194536209106,1.5327603816986084,0.0,3.01366894467627,132.63539240589441,30.570805884446237,14.4,61.7
3.306428,12,4,1.4800158739089966,5.028462886810303,2.9753854274749756,0.0,6.0273380884999028,73.599383802725328,29.580659622026687,12.100000000000001,67.9
3.306428,12,5,3.7000396251678467,3.94614839553833,-2.6582748889923096,0.0,6.0273381996424451,46.843549653305637,-26.170019336568842,12.100000000000001,67.9
3.61649,13,0,-0.11562623083591461,0.04105653241276741,-0.02669540047645569,0.0,0.12556953658303904,160.45108015791081,-12.274443619516395,35.1,51.900000000000006
3.61649,13,1,-0.7322994470596313,2.110985040664673,-0.8364338278770447,0.0,2.3858210055431481,109.13162958321405,-20.523120256800077,15.0,53.7
3.61649,13,2,-1.7575188875198364,1.9040439128875732,1.5388127565383911,0.0,3.0136689535976684,132.70841331779258,30.704541991933315,14.8,61.300000000000004
3.61649,13,3,1.4800158739089966,5.127793312072754,2.8007307052612305,0.0,6.0273380294914389,73.900470478017539,27.688948086327066,11.8,67.60000000000001
3.61649,13,4,3.7000396251678467,3.9614267349243164,-2.6354525089263916,0.0,6.0273381297876227,46.954008650244269,-25.9285400179796,11.8,67.60000000000001
3.914649,14,0,-0.11562623083591461,0.04100579768419266,-0.02677326649427414,0.0,0.12556953651188879,160.47340877384434,-12.310806593159111,35.0,52.0
3.914649,14,1,-0.7322994470596313,2.1872920989990234,-0.6096170544624329,0.0,2.3858210661319195,108.51040584986973,-14.804202434185507,14.9,54.0
3.914649,14,2,-1.7575188875198364,1.9071321487426758,1.53498375415802,0.0,3.0136689928201914,132.66213741100051,30.619912581583282,14.5,61.6
3.914649,14,3,1.4800158739089966,5.125075817108154,2.8056998252868652,0.0,6.0273377728267539,73.892376566746861,27.742307721253219,12.0,67.5
3.914649,14,4,3.7000396251678467,3.9295923709869385,-2.6826882362365723,0.0,6.0273381855320727,46.723338298901794,-26.428887780849781,12.0,67.5
4.216375,15,0,-0.11562623083591461,0.04109122231602669,-0.02664197050035,0.0,0.12556953611798866,160.43581650833221,-12.249495090283602,34.800000000000004,52.1
4.216375,15,1,-0.7322994470596313,2.1634938716888428,-0.6893288493156433,0.0,2.3858211323353329,108.69993283065249,-16.793745719189026,14.700000000000001,53.900000000000006
4.216375,15,2,-1.4645988941192627,1.6446073055267334,0.9178013205528259,0.0,2.3858211110759711,131.68654270375035,22.62449116204743,14.700000000000001,53.900000000000006
4.216375,15,3,-1.7575188875198364,1.8958419561386108,1.5489064455032349,0.0,3.0136689498957749,132.83171041886209,30.927990777605853,14.4,61.800000000000004
4.216375,15,4,1.4800158739089966,5.11909294128418,2.816601514816284,0.0,6.0273380211992018,73.874528943858664,27.859460421270583,12.100000000000001,67.5
4.216375,15,5,3.7000396251678467,3.941190242767334,-2.6656203269958496,0.0,6.0273381757779374,46.807605382201757,-26.2478465054866,12.100000000000001,67.5
4.508824,16,0,-0.11562623083591461,0.04104463383555412,-0.026713689789175987,0.0,0.12556953629828874,160.45631622878466,-12.282984196190462,34.9,52.0
4.508824,16,1,-0.7322994470596313,2.148745536804199,-0.734011173248291,0.0,2.3858210881273432,108.81927663865615,-17.918001581599533,14.9,53.800000000000004
4.508824,16,2,-1.7575188875198364,1.9057669639587402,1.5366783142089844,0.0,3.0136689602983342,132.682584132313,30.657357131798967,14.100000000000001,62.0
4.508824,16,3,1.4800158739089966,5.116194248199463,2.8218629360198975,0.0,6.0273378038745031,73.8658679483185,27.916048158742424,11.700000000000001,67.9
4.508824,16,4,3.7000396251678467,3.955906867980957,-2.643730878829956,0.0,6.0273381633711356,46.914153739094431,-26.016074400236942,11.700000000000001,67.9
4.811743,17,0,-0.11562623083591461,0.040981024503707886,-0.02681116946041584,0.0,0.12556953625194628,160.48431382194246,-12.328508900199617,35.5,51.5
4.811743,17,1,-0.7322994470596313,2.153595209121704,-0.7196575403213501,0.0,2.38582098663273,108.77987130175349,-17.556094146565606,15.100000000000001,53.5
4.811743,17,2,-1.4645988941192627,1.6420947313308716,0.9222893118858337,0.0,2.3858211588756646,131.73005460120893,22.741305605426827,15.100000000000001,53.5
4.811743,17,3,-1.7575188875198364,1.9102814197540283,1.5310627222061157,0.0,3.0136689934323631,132.61503030595597,30.53332616408191,14.4,61.7
4.811743,17,4,1.4800158739089966,5.078826904296875,2.888575792312622,0.0,6.0273377057177475,73.753401963142466,28.636150315184175,11.9,67.8
4.811743,17,5,3.7000396251678467,3.9897618293762207,-2.5923566818237305,0.0,6.0273382059376628,47.157664518500766,-25.47389097033324,11.9,67.8
5.105978,18,0,-0.11562623083591461,0.04097124934196472,-0.026826106011867523,0.0,0.12556953648764341,160.48861721122253,-12.335485203399157,36.0,51.0
5.105978,18,1,-0.7322994470596313,2.139397621154785,-0.7608268857002258,0.0,2.385821077023778,108.89568319213102,-18.596124325167722,15.5,53.0
5.105978,18,2,-1.4645988941192627,1.6602507829666138,0.8891907930374146,0.0,2.3858212106985568,131.41729541257016,21.882106444152249,15.5,53.0
5.105978,18,3,-1.7575188875198364,1.9108374118804932,1.5303688049316406,0.0,3.0136690152933188,132.60672245423569,30.51801049384634,14.9,61.2
5.105978,18,4,1.4800158739089966,5.087533473968506,2.873213768005371,0.0,6.02733781967033,73.779742592338238,28.469898191347582,12.100000000000001,67.60000000000001
5.105978,18,5,3.7000396251678467,3.951726198196411,-2.6499757766723633,0.0,6.0273381181309524,46.883928683159567,-26.082150651650192,12.100000000000001,67.60000000000001
5.406937,19,0,-0.11562623083591461,0.04103517532348633,-0.02672821655869484,0.0,0.12556953624011663,160.46047877045942,-12.289767955544081,35.6,51.400000000000006
5.406937,19,1,-0.7322994470596313,2.1334264278411865,-0.7774134874343872,0.0,2.3858211445160644,108.94480323853035,-19.016919072895764,15.3,53.2
5.406937,19,2,-1.4645988941192627,1.67417311668396,0.8626917004585266,0.0,2.3858211406814793,131.18005963662259,21.197943369207724,15.3,53.2
5.406937,19,3,-1.7575188875198364,1.9064865112304688,1.5357855558395386,0.0,3.0136689816597388,132.67180531604933,30.637628071308043,14.9,61.2
5.406937,19,4,1.4800158739089966,5.010903358459473,3.0048630237579346,0.0,6.0273378241468025,73.545015230608442,29.903388572357205,11.9,67.60000000000001
5.406937,19,5,3.7000396251678467,3.9869296550750732,-2.596710205078125,0.0,6.0273381514136188,47.137378424065034,-25.519741096549158,11.9,67.60000000000001
5.709028,20,0,-0.11562623083591461,0.04103310778737068,-0.026731392368674278,0.0,0.125569536632012,160.46138868901807,-12.291250988977492,35.800000000000004,51.2
5.709028,20,1,-0.7322994470596313,2.1347131729125977,-0.7738729119300842,0.0,2.3858210525078278,108.93419747250006,-18.92700828313264,15.5,53.1
5.709028,20,2,-1.4645988941192627,1.6662006378173828,0.8779908418655396,0.0,2.3858211174600203,131.31563651236047,21.592548813115013,15.5,53.1
5.709028,20,3,-1.7575188875198364,1.9039535522460938,1.5389245748519897,0.0,3.01366896260735,132.70976855457533,30.707014423742709,14.9,61.2
5.709028,20,4,1.6650177240371704,4.901915073394775,3.086704969406128,0.0,6.0273379676511682,71.239082105808,30.804975442466684,12.100000000000001,67.5
5.709028,20,5,3.7000396251678467,3.9661753177642822,-2.628300666809082,0.0,6.02733807532014,46.988247251188575,-25.852969830352343,12.100000000000001,67.5
6.005676,21,0,-0.11562623083591461,0.04106197878718376,-0.0266870204359293,0.0,0.12556953619006103,160.44868354753444,-12.270530529017389,35.7,51.300000000000004
6.005676,21,1,-0.7322994470596313,2.122204542160034,-0.8075446486473083,0.0,2.3858212335561579,109.0377849857698,-19.784087191329387,15.4,53.2
6.005676,21,2,-1.4645988941192627,1.674068808555603,0.8628942370414734,0.0,2.3858211921167793,131.18182874082689,21.2031599169621,15.4,53.2
6.005676,21,3,-1.7575188875198364,1.9057942628860474,1.536644458770752,0.0,3.0136689607701097,132.68217511417606,30.656608891089064,14.700000000000001,61.400000000000006
6.005676,21,4,1.4800158739089966,4.987127780914307,3.0441603660583496,0.0,6.0273379550569732,73.470839300808734,30.335258923877788,12.5,67.4
6.005676,21,5,3.7000396251678467,4.056631088256836,-2.4864144325256348,0.0,6.0273381972721456,47.632161583333769,-24.363412011304547,12.5,67.4
6.315911,22,0,-0.11562623083591461,0.041027359664440155,-0.026740213856101036,0.0,0.1255695366537026,160.46391848045474,-12.295370579581792,34.9,52.0
6.315911,22,1,-0.7322994470596313,2.1174869537353516,-0.8198345899581909,0.0,2.3858210817861374,109.07713664811016,-20.098057658883327,15.0,53.6
6.315911,22,2,-1.4645988941192627,1.672849178314209,0.865256130695343,0.0,2.3858211302919941,131.20252338749057,21.264012817357663,15.0,53.6
6.315911,22,3,-1.7575188875198364,1.9122686386108398,1.5285800695419312,0.0,3.0136690288092907,132.58534854917713,30.478542344024426,14.3,61.800000000000004
6.315911,22,4,1.4800158739089966,5.015983581542969,2.9963748455047607,0.0,6.02733776157475,73.560780838404611,29.81035175423731,12.700000000000001,67.10000000000001
6.315911,22,5,3.7000396251678467,4.055934906005859,-2.4875500202178955,0.0,6.0273382427614788,47.6272654297066,-24.375262538455168,12.700000000000001,67.10000000000001
6.614969,23,0,-0.11562623083591461,0.04096558690071106,-0.026834750548005104,0.0,0.12556953613203156,160.49111013296596,-12.339522876096213,34.9,52.0
6.614969,23,1,-0.7322994470596313,2.1353323459625244,-0.772162914276123,0.0,2.385821090119931,108.92909812501901,-18.883600577741134,14.8,53.6
6.614969,23,2,-1.4645988941192627,1.6775481700897217,0.856110155582428,0.0,2.3858211127656053,131.12288482200276,21.028513184927437,14.8,53.6
6.614969,23,3,-1.7575188875198364,1.907558798789978,1.5344535112380981,0.0,3.0136689912764068,132.6557506101623,30.608198956078972,14.5,61.6
6.614969,23,4,1.4800158739089966,5.1274309158325195,2.801393508911133,0.0,6.0273377518957032,73.899391558122417,27.696065140975207,11.9,67.7
6.614969,23,5,3.7000396251678467,3.947347640991211,-2.656493902206421,0.0,6.027338258229,46.852236400915253,-26.151156818021921,11.9,67.7
6.915668,24,0,-0.11562623083591461,0.04095477610826492,-0.026851247996091843,0.0,0.12556953636270998,160.49586985884659,-12.347228553248829,34.800000000000004,52.1
6.915668,24,1,-0.7322994470596313,2.116267681121826,-0.82297682762146,0.0,2.385821082379497,109.0873326682589,-20.178432626495393,14.600000000000001,53.800000000000004
6.915668,24,2,-1.4645988941192627,1.658478856086731,0.892491340637207,0.0,2.3858212065983735,131.4476497226097,21.967549218510513,14.600000000000001,53.800000000000004
6.915668,24,3,-1.7575188875198364,1.9111255407333374,1.5300089120864868,0.0,3.0136689837300197,132.60241815046686,30.510068614791809,14.4,61.7
6.915668,24,4,1.4800158739089966,5.147469997406006,2.764400005340576,0.0,6.02733786598566,73.958840968654656,27.299616798818242,11.8,67.60000000000001
6.915668,24,5,3.7000396251678467,3.9141571521759033,-2.7051591873168945,0.0,6.0273381909817374,46.610780327083106,-26.667674553828881,11.8,67.60000000000001
7.207201,25,0,-0.11562623083591461,0.040914688259363174,-0.02691229246556759,0.0,0.1255695363471305,160.51352199713327,-12.375743446515568,35.0,51.900000000000006
7.207201,25,1,-0.7322994470596313,2.143651008605957,-0.7487595677375793,0.0,2.385821245848009,108.86084351924616,-18.290633628294223,15.100000000000001,53.6
7.207201,25,2,-1.7575188875198364,1.9043797254562378,1.538397192955017,0.0,3.0136689768469287,132.70337738024276,30.695353316834264,14.3,61.800000000000004
7.207201,25,3,1.4800158739089966,5.107880115509033,2.8368847370147705,0.0,6.0273378263162378,73.840975864669929,28.077771074183691,12.100000000000001,67.60000000000001
7.207201,25,4,3.7000396251678467,3.9809672832489014,-2.605841636657715,0.0,6.02733808355308,47.094620928018571,-25.615967629345224,12.100000000000001,67.60000000000001
7.207201,25,5,-0.3006282150745392,4.4981184005737305,1.9129130840301514,-0.17052115499973297,4.8972117512246314,93.823632098684854,22.992628492739662,24.700000000000003,43.2
7.515013,26,0,-0.11562623083591461,0.04096672311425209,-0.02683301642537117,0.0,0.12556953623600051,160.49060990237302,-12.338712897306163,35.0,51.900000000000006
7.515013,26,1,-0.7322994470596313,2.1558077335357666,-0.7130028009414673,0.0,2.3858211287283964,108.76194653507451,-17.388548495285736,15.4,53.400000000000006
7.515013,26,2,-1.7575188875198364,1.9090993404388428,1.5325363874435425,0.0,3.013668978254163,132.63270210327545,30.565859564549051,14.4,61.7
7.515013,26,3,1.4800158739089966,5.113745212554932,2.8262991905212402,0.0,6.0273380691887617,73.858543421647155,27.963781804484451,11.8,67.8
7.515013,26,4,3.7000396251678467,4.034720420837402,-2.521812915802002,0.0,6.02733792684966,47.477626064751668,-24.733349437415797,11.8,67.8
7.814572,27,0,-0.11562623083591461,0.040986236184835434,-0.02680319920182228,0.0,0.12556953572173424,160.48201953996553,-12.324786407499458,35.2,51.7
7.814572,27,1,-0.7322994470596313,2.122926950454712,-0.8056430220603943,0.0,2.3858210318725481,109.03177283060435,-19.735563891389361,15.0,53.5
7.814572,27,2,-1.4645988941192627,1.6672393083572388,0.8760169744491577,0.0,2.3858211524567277,131.29793180116494,21.541577214863992,15.0,53.5
7.814572,27,3,-1.7575188875198364,1.9087412357330322,1.5329824686050415,0.0,3.0136690252957496,132.6380580194095,30.57570905520932,14.5,61.7
7.814572,27,4,1.4800158739089966,5.106574058532715,2.839235305786133,0.0,6.027337946716143,73.837058801538149,28.103098428766458,12.0,67.5
7.814572,27,5,3.7000396251678467,3.971822500228882,-2.6197593212127686,0.0,6.0273382269636908,47.028907983056719,-25.7627796353208,12.0,67.5
7.814572,27,6,-0.292919784784317,4.573670864105225,1.3282709121704102,-0.25578173995018005,4.7716423576794957,93.66449131226058,16.162805623684356,33.800000000000004,41.1
8.120584,28,0,-0.11562623083591461,0.040993582457304,-0.026791967451572418,0.0,0.12556953683091338,160.47878568055015,-12.319540546559935,35.2,51.7
8.120584,28,1,-0.7322994470596313,2.1084723472595215,-0.84274822473526,0.0,2.3858211772084577,109.15276898216555,-20.685122449888155,15.200000000000001,53.400000000000006
8.120584,28,2,-1.4645988941192627,1.6746505498886108,0.8617644906044006,0.0,2.3858211211581342,131.1719637876285,21.174062420270594,15.200000000000001,53.400000000000006
8.120584,28,3,-1.7575188875198364,1.9068914651870728,1.5352827310562134,0.0,3.0136689871768745,132.66574104080436,30.626517994907541,14.600000000000001,61.5
8.120584,28,4,1.4800158739089966,5.079045295715332,2.8881916999816895,0.0,6.0273376708787252,73.754063696673711,28.631990551362556,12.100000000000001,67.5
8.120584,28,5,3.7000396251678467,3.994574546813965,-2.5849344730377197,0.0,6.02733815774136,47.192101213561763,-25.395763181807133,12.100000000000001,67.5
8.120584,28,6,-0.42781707644462585,4.407258033752441,1.4067834615707397,-0.25578173995018005,4.6460725924937956,95.544389341476929,17.625243196608629,31.700000000000003,40.400000000000006
8.120584,28,7,1.3566811084747314,3.3425867557525635,4.184831619262695,-0.25578173995018005,5.5250597762744169,67.908868128458224,49.23792438517286,14.5,55.300000000000004
8.401289,29,0,-0.11562623083591461,0.040990158915519714,-0.026797201484441757,0.0,0.12556953608514104,160.4802927216507,-12.321985144905172,35.300000000000004,51.6
8.401289,29,1,-0.7322994470596313,2.1202797889709473,-0.812584400177002,0.0,2.3858210894980254,109.05382137913909,-19.912762704471277,15.3,53.2
8.401289,29,2,-1.4645988941192627,1.671557903289795,0.8677482008934021,0.0,2.3858211762115951,131.22445232527755,21.328245889137737,15.3,53.2
8.401289,29,3,-1.7575188875198364,1.911073088645935,1.5300744771957397,0.0,3.0136690090156706,132.60320167016988,30.511515195388011,14.700000000000001,61.400000000000006
8.401289,29,4,1.4800158739089966,5.0944929122924805,2.8608558177948,0.0,6.0273378062484007,73.800737796181835,28.336347232295729,12.3,67.2
8.401289,29,5,3.7000396251678467,3.95273494720459,-2.648470878601074,0.0,6.0273381177317935,46.891224771639557,-26.066224214031251,12.3,67.2
8.401289,29,6,-0.42781707644462585,3.8164479732513428,2.6148979663848877,-0.17052115499973297,4.6460729609031892,96.396053897548313,34.250972882423035,27.6,43.6
8.401289,29,7,-2.139085292816162,3.5296075344085693,-2.1335833072662354,-0.17052115499973297,4.6460728541361975,121.21756234343896,-27.336977596829474,27.6,43.6
8.717208,30,0,-0.11562623083591461,0.04100232198834419,-0.026778588071465492,0.0,0.12556953629307269,160.47493867153241,-12.313291943504108,35.0,51.900000000000006
8.717208,30,1,-0.7322994470596313,2.145875930786133,-0.7423591017723083,0.0,2.3858212478044707,108.84266836227725,-18.1288219246629,15.0,53.5
8.717208,30,2,-1.4645988941192627,1.6607027053833008,0.8883463144302368,0.0,2.3858211522837514,131.40955950491929,21.860253844197675,15.0,53.5
8.717208,30,3,-1.7575188875198364,1.9096556901931763,1.5318430662155151,0.0,3.0136689722975034,132.62438333468106,30.550552233205238,14.600000000000001,61.5
8.717208,30,4,1.4800158739089966,4.9478631019592285,3.107572555541992,0.0,6.0273380070069074,73.346906519388043,31.036204537397868,12.8,67.0
8.717208,30,5,3.7000396251678467,3.9728400707244873,-2.618215799331665,0.0,6.0273381709703591,47.036228094057947,-25.746488901445591,12.8,67.0
9.017859,31,0,-0.11562623083591461,0.040990620851516724,-0.0267964955419302,0.0,0.12556953622770808,160.4800893760534,-12.321655423100973,35.0,51.900000000000006
9.017859,31,1,-0.7322994470596313,2.1773791313171387,-0.644127607345581,0.0,2.3858211869718908,108.58889959399487,-15.663166609365346,15.5,53.300000000000004
9.017859,31,2,-1.7575188875198364,1.9122580289840698,1.5285931825637817,0.0,3.0136689478413974,132.58550692928313,30.478832527309567,14.9,61.1
9.017859,31,3,1.4800158739089966,4.955384731292725,3.095564126968384,0.0,6.0273378938238737,73.3707870009816,30.903074065398616,12.700000000000001,67.10000000000001
9.017859,31,4,3.7000396251678467,4.017141819000244,-2.5497217178344727,0.0,6.0273379248362691,47.352983718995766,-25.025790639815117,12.700000000000001,67.10000000000001
9.334766,32,0,-0.11562623083591461,0.04095418006181717,-0.026852158829569817,0.0,0.12556953673429078,160.49613229157819,-12.34765395882356,35.6,51.300000000000004
9.334766,32,1,-0.7322994470596313,2.1856741905212402,-0.6153925657272339,0.0,2.38582106563482,108.52317320804292,-14.947711950539373,16.0,52.900000000000006
9.334766,32,2,-1.7575188875198364,1.9123283624649048,1.5285052061080933,0.0,3.0136689551070823,132.5844570115251,30.476891674709581,15.100000000000001,61.0
9.334766,32,3,1.6650177240371704,4.964022159576416,2.9858005046844482,0.0,6.02733810864278,71.457668503366051,29.694567631287484,12.200000000000001,67.3
9.334766,32,4,3.7000396251678467,4.005420207977295,-2.56809663772583,0.0,6.027338103257839,47.269542226602255,-25.218711215459685,12.200000000000001,67.3
9.334766,32,5,-0.1503141075372696,4.408438205718994,2.1273844242095947,-0.25578173995018005,4.8972120878043679,91.952852305558366,25.747582124192029,23.0,40.5
9.334766,32,6,1.3258473873138428,1.2508610486984253,-5.082515716552734,-0.25578173995018005,5.3994898524400821,43.333071603560128,-70.270276126233554,18.2,45.800000000000004
9.67774,33,0,-0.11562623083591461,0.04098733514547348,-0.026801524683833122,0.0,0.12556953701047754,160.48153576473229,-12.32400419449316,34.5,52.400000000000006
9.67774,33,1,-0.7322994470596313,2.1474874019622803,-0.7376842498779297,0.0,2.3858211739919883,108.82952548771455,-18.010731027262608,14.600000000000001,54.0
9.67774,33,2,-1.4645988941192627,1.6474248170852661,0.9127344489097595,0.0,2.3858211632120274,131.63783811585029,22.492727578283908,14.600000000000001,54.0
9.67774,33,3,-1.7575188875198364,1.9010393619537354,1.5425230264663696,0.0,3.0136689570796253,132.75351309746142,30.78661756096577,14.5,61.6
9.67774,33,4,1.4800158739089966,5.067249774932861,2.908837080001831,0.0,6.0273377561385528,73.718247614201871,28.855826487949177,12.8,66.7
9.67774,33,5,3.7000396251678467,4.023519515991211,-2.5396459102630615,0.0,6.0273380420290232,47.39827346096979,-24.920131292752565,12.8,66.7
9.67774,33,6,1.1331369876861572,2.5635547637939453,4.467485427856445,-0.42630288004875183,5.2739206012171609,66.153715335612048,57.896558905070059,20.8,43.300000000000004
10.205714,34,0,-0.11562623083591461,0.041002534329891205,-0.026778263971209526,0.0,0.12556953651306474,160.47484520428318,-12.313140556843553,34.6,52.300000000000004
10.205714,34,1,-0.7322994470596313,2.169956922531128,-0.6687056422233582,0.0,2.3858211923247641,108.64809245475837,-16.277108786778456,14.600000000000001,54.0
10.205714,34,2,-1.4645988941192627,1.6505872011184692,0.9070029854774475,0.0,2.3858211259053919,131.58328264659548,22.343833331534029,14.600000000000001,54.0
10.205714,34,3,-1.7575188875198364,1.907160997390747,1.5349478721618652,0.0,3.0136689732304163,132.66170550819419,30.619120084979809,14.600000000000001,61.5
10.205714,34,4,1.4800158739089966,5.032857894897461,2.967944622039795,0.0,6.0273377918239532,73.61293718811973,29.499360943700506,12.700000000000001,67.0
10.205714,34,5,3.7000396251678467,3.9175033569335938,-2.7003109455108643,0.0,6.0273381340226777,46.635221608618387,-26.616113023744873,12.700000000000001,67.0
10.205714,34,6,-0.40469181537628174,4.230461597442627,1.1202057600021362,-0.25578173995018005,4.3949336442785274,95.464365781332049,14.766812738476665,31.200000000000003,41.800000000000004
10.205714,34,7,1.0791782140731812,2.268120288848877,4.349636554718018,-0.25578173995018005,5.0227814426428434,64.554759367781514,59.994986415634408,19.200000000000003,51.300000000000004
10.500775,35,0,-0.11562623083591461,0.040987201035022736,-0.026801729574799538,0.0,0.12556953696739614,160.48159480155479,-12.324099893098619,34.800000000000004,52.1
10.500775,35,1,-1.6380383968353271,0.262084037065506,-1.3435066938400269,0.0,2.1346821937666416,170.9097949193357,-39.003718400760789,15.600000000000001,50.400000000000006
10.500775,35,2,-0.7322994470596313,2.1507582664489746,-0.72809237241745,0.0,2.3858210544034755,108.80290315320707,-17.768678311739244,14.700000000000001,53.7
10.500775,35,3,-1.4645988941192627,1.6586415767669678,0.8921887874603271,0.0,2.385821165407271,131.44486068713309,21.959715152792576,14.700000000000001,53.7
10.500775,35,4,-1.7575188875198364,1.913523554801941,1.5270087718963623,0.0,3.013668997122819,132.56662192681475,30.443885606544484,14.8,61.300000000000004
10.500775,35,5,1.6650177240371704,4.798700332641602,3.2448410987854004,0.0,6.0273379414314725,70.864624963907659,32.571654226107725,12.600000000000001,67.2
10.500775,35,6,3.7000396251678467,4.076174259185791,-2.4542438983917236,0.0,6.0273379639650253,47.769232398756046,-24.028146970276403,12.600000000000001,67.2
10.500775,35,7,-0.2697945535182953,3.972337007522583,1.8609657287597656,-0.25578173995018005,4.3949338841511567,93.885467399150912,25.051599535444463,28.200000000000003,41.800000000000004
10.500775,35,8,1.0791782140731812,1.2534459829330444,-4.742634296417236,-0.25578173995018005,5.0227813529372529,49.272566996870282,-70.773595973906339,17.6,49.7
10.822866,36,0,-0.11562623083591461,0.04099629074335098,-0.02678782120347023,0.0,0.12556953642051349,160.47759351452063,-12.317604123029197,35.0,51.900000000000006
10.822866,36,1,-0.7322994470596313,2.14041805267334,-0.7579518556594849,0.0,2.3858212288164911,108.88731349298732,-18.523291095161049,15.4,53.300000000000004
10.822866,36,2,-1.4645988941192627,1.6861259937286377,0.8390899896621704,0.0,2.3858211999506613,130.97815900344884,20.591244677222193,15.4,53.300000000000004
10.822866,36,3,-1.7575188875198364,1.9072558879852295,1.5348299741744995,0.0,3.0136689784825048,132.66028491905428,30.616515429890878,14.8,61.300000000000004
10.822866,36,4,1.4800158739089966,4.998954772949219,3.0246996879577637,0.0,6.0273380535146837,73.507818677064009,30.121152811702679,13.200000000000001,66.7
10.822866,36,5,3.7000396251678467,3.9386696815490723,-2.6693429946899414,0.0,6.0273380618201893,46.789314062812842,-26.28730969173996,13.200000000000001,66.7
10.822866,36,6,0.9018846154212952,2.3960657119750977,4.174704551696777,-0.25578173995018005,4.89721194656655,69.37354767798567,58.480859185416037,21.8,48.5
10.822866,36,7,-0.13104306161403656,4.170878887176514,0.9022569060325623,-0.17052115499973297,4.2693641798253079,91.799559639715341,12.20047218183481,25.700000000000003,43.6
11.112661,37,0,-0.11562623083591461,0.0410219170153141,-0.02674856409430504,0.0,0.12556953696672882,160.46631390367244,-12.299270129528693,35.2,51.7
11.112661,37,1,-0.7322994470596313,2.135946750640869,-0.7704619765281677,0.0,2.3858211707948316,108.92404066350473,-18.840433658626477,15.200000000000001,53.400000000000006
11.112661,37,2,-1.4645988941192627,1.677862524986267,0.85549396276474,0.0,2.38582113615744,131.11756616231597,21.012660037661679,15.200000000000001,53.400000000000006
11.112661,37,3,-1.7575188875198364,1.9088083505630493,1.5328987836837769,0.0,3.0136689665899596,132.63705414804951,30.573861772715379,14.9,61.2
11.112661,37,4,1.4800158739089966,5.041227340698242,2.9537060260772705,0.0,6.027337668997089,73.638686839877607,29.343968325369762,12.9,66.9
11.112661,37,5,3.7000396251678467,4.030654430389404,-2.5283069610595703,0.0,6.02733809026607,47.448848299048912,-24.801334600553062,12.9,66.9
11.112661,37,6,-0.2697945535182953,4.322402477264404,0.7479913234710693,-0.34104230999946594,4.3949338216357248,93.571639004709155,9.7990982404571341,32.0,40.400000000000006
11.412847,38,0,-0.11562623083591461,0.04097789153456688,-0.026815960183739662,0.0,0.12556953680138686,160.48569304638107,-12.330746399967875,34.800000000000004,52.1
11.412847,38,1,-0.7322994470596313,2.1440374851226807,-0.7476514577865601,0.0,2.3858210159409277,108.85768400858707,-18.262610287615228,14.600000000000001,54.0
11.412847,38,2,-1.4645988941192627,1.6768242120742798,0.8575273752212524,0.0,2.3858211496480091,131.13513797612623,21.064980375466941,14.600000000000001,54.0
11.412847,38,3,-1.7575188875198364,1.9006342887878418,1.5430221557617188,0.0,3.0136689786498732,132.75959932567281,30.797663996058382,14.600000000000001,61.5
11.412847,38,4,1.4800158739089966,5.128851413726807,2.7987923622131348,0.0,6.0273379279656,73.903619834786156,27.668141758774123,12.8,67.0
11.412847,38,5,3.7000396251678467,3.960594415664673,-2.6367032527923584,0.0,6.0273381684199716,46.94800288062158,-25.941760887004516,12.8,67.0
11.412847,38,6,1.0406360626220703,1.8413888216018677,-5.239844799041748,-0.34104230999946594,5.6506291441922407,60.527623006089357,-68.018215255104352,11.600000000000001,54.2
11.412847,38,7,-0.25437769293785095,3.9808504581451416,1.1221204996109009,-0.25578173995018005,4.1437944925425274,93.656248665989708,15.711603437416249,29.200000000000003,39.6
11.412847,38,8,0.8787593245506287,1.63079035282135,-4.397371292114258,-0.25578173995018005,4.7716422127031359,61.681776323162644,-67.155735755019748,19.5,49.2
11.718455,39,0,-0.11562623083591461,0.04102254658937454,-0.02674759365618229,0.0,0.12556953592489645,160.46603681138347,-12.29881703328704,34.4,52.5
11.718455,39,1,-0.7322994470596313,2.146182060241699,-0.7414729595184326,0.0,2.3858210464249345,108.84017026423807,-18.106432553830722,14.200000000000001,54.400000000000006
11.718455,39,2,-1.7575188875198364,1.9012792110443115,1.5422273874282837,0.0,3.0136689587398466,132.74991002168036,30.780075086990429,14.3,61.900000000000006
11.718455,39,3,1.4800158739089966,5.019322395324707,2.990779161453247,0.0,6.0273380764491513,73.571126290460782,29.749064237275515,12.600000000000001,67.4
11.718455,39,4,3.7000396251678467,3.970614194869995,-2.6215898990631104,0.0,6.0273380452057816,47.020213171635554,-25.78210407039688,12.600000000000001,67.4
11.718455,39,5,0.9982398152351379,0.9253618717193604,-4.442208290100098,-0.34104230999946594,4.6460727302730289,42.830318773304491,-72.9640511015098,21.700000000000003,43.300000000000004
11.718455,39,6,0.5704227685928345,1.355895757675171,-4.407057762145996,-0.17052115499973297,4.64607291801387,67.183602265893981,-71.541900050345234,19.6,48.900000000000006
11.718455,39,7,-0.9982398152351379,4.0840559005737305,-1.9773716926574707,-0.17052115499973297,4.6460729803410166,103.73514358357936,-25.188688688115,19.6,48.900000000000006
12.017435,40,0,-0.11562623083591461,0.04101543128490448,-0.026758503168821335,0.0,0.12556953592588752,160.46916850148068,-12.303911879951533,34.800000000000004,52.1
12.017435,40,1,-0.7322994470596313,2.1487929821014404,-0.7338725328445435,0.0,2.38582116986079,108.81889035653667,-17.914501797534403,14.700000000000001,53.800000000000004
12.017435,40,2,-1.4645988941192627,1.6500378847122192,0.9080020189285278,0.0,2.38582116010803,131.59275071682708,22.369774873073432,14.700000000000001,53.800000000000004
12.017435,40,3,-1.7575188875198364,1.901519775390625,1.541930913925171,0.0,3.0136690328416438,132.74629669349869,30.773513773114093,14.9,61.300000000000004
12.017435,40,4,1.4800158739089966,5.144904613494873,2.769171953201294,0.0,6.0273380339400333,73.9512541832916,27.350675466382171,12.3,67.5
12.017435,40,5,3.7000396251678467,3.913708209991455,-2.705808639526367,0.0,6.0273381831868589,46.607499493241718,-26.674583384941943,12.3,67.5
12.017435,40,6,1.0521987676620483,2.740499973297119,-3.9198498725891113,-1.278908610343933,4.897212000102499,68.996002381935909,-53.170685701852541,16.8,40.400000000000006
12.017435,40,7,0.9982398152351379,0.9119033813476562,4.444990634918213,-0.42630288004875183,4.646072777103754,42.412053298772257,73.08156010307637,26.5,40.800000000000004
12.017435,40,8,-0.12718884646892548,3.9155690670013428,1.3502507209777832,-0.25578173995018005,4.1437947741924779,91.860476099660616,19.017009636894336,28.700000000000003,41.0
12.017435,40,9,0.8556341528892517,2.2532005310058594,-3.9720234870910645,-0.25578173995018005,4.6460728597944581,69.206143249237186,-58.750966264773162,27.5,46.900000000000006
12.318372,41,0,-0.11562623083591461,0.04099419713020325,-0.026791026815772057,0.0,0.1255695368053637,160.47851510487388,-12.319101233147906,34.4,52.5
12.318372,41,1,-0.7322994470596313,2.12688946723938,-0.7951230406761169,0.0,2.3858210192367091,108.99886019879244,-19.467383789127577,14.0,54.400000000000006
12.318372,41,2,-1.4645988941192627,1.6590195894241333,0.8914856910705566,0.0,2.3858211701910803,131.43838272990979,21.941510441334795,14.0,54.400000000000006
12.318372,41,3,-1.7575188875198364,1.9036825895309448,1.5392597913742065,0.0,3.013668984313568,132.71383289344911,30.714426887046923,13.700000000000001,62.400000000000006
12.318372,41,4,1.4800158739089966,5.195842266082764,2.672372817993164,0.0,6.0273377472465741,74.100599023029275,26.319439142566285,12.3,67.5
12.318372,41,5,3.7000396251678467,3.9436395168304443,-2.6619954109191895,0.0,6.0273381715541481,46.825367472674586,-26.209432978630183,12.3,67.5
12.318372,41,6,0.7322994470596313,3.5547873973846436,-3.097707986831665,-0.5115634799003601,4.7716423474993617,78.3596948104183,-40.480645837082157,23.400000000000002,42.300000000000004
12.318372,41,7,0.6937574744224548,2.5338311195373535,-3.6787703037261963,-0.34104230999946594,4.52050334843706,74.687804659941122,-54.468546683730708,21.400000000000002,41.6
12.318372,41,8,1.0175108909606934,2.4737462997436523,-4.83441162109375,-0.34104230999946594,5.525059718309417,67.641464874034483,-61.044640775190665,15.100000000000001,54.900000000000006
12.613845,42,0,-0.11562623083591461,0.040992312133312225,-0.026793908327817917,0.0,0.1255695362531638,160.47934487315226,-12.320447076220667,34.1,52.800000000000004
12.613845,42,1,-0.7322994470596313,2.13594913482666,-0.7704553008079529,0.0,2.3858211494732107,108.92402104319153,-18.840264439347212,14.0,54.6
12.613845,42,2,-1.4645988941192627,1.6572284698486328,0.8948107957839966,0.0,2.3858211337365165,131.46909162897268,22.027625439247313,14.0,54.6
12.613845,42,3,-1.7575188875198364,1.908892273902893,1.5327943563461304,0.0,3.01366900840183,132.63579891683466,30.571555373703468,13.700000000000001,62.400000000000006
12.613845,42,4,1.4800158739089966,5.032379627227783,2.9687554836273193,0.0,6.0273377888689073,73.611463356324165,29.508217483603314,12.600000000000001,67.3
12.613845,42,5,3.7000396251678467,3.9233758449554443,-2.6917715072631836,0.0,6.027338143484732,46.678062006375974,-26.525351207399847,12.600000000000001,67.3
12.613845,42,6,0.8093836307525635,1.3378671407699585,-4.107365608215332,-0.5115634799003601,4.3949337409831664,58.826876600982871,-69.158507009156025,30.1,41.2
12.613845,42,7,0.9943855404853821,1.2286685705184937,-5.1629509925842285,-0.42630288004875183,5.3994899769453069,51.016075391176351,-72.977985126438071,11.4,54.400000000000006
12.613845,42,8,-0.24666929244995117,3.789998769760132,1.3119440078735352,-0.34104230999946594,4.018225167212055,93.723801786162326,19.056378629189943,33.300000000000004,40.5
12.613845,42,9,0.8556341528892517,3.0885016918182373,-3.363783836364746,-0.34104230999946594,4.6460729871304594,74.515215015800948,-46.386205663349337,13.700000000000001,52.0
12.913968,43,0,-0.11562623083591461,0.04098152369260788,-0.026810403913259506,0.0,0.12556953571420146,160.4840940665955,-12.328151399245547,33.9,53.0
12.913968,43,1,-0.7322994470596313,2.127239227294922,-0.7941874265670776,0.0,2.3858212168608475,108.99596035942051,-19.443552576733858,13.9,54.7
12.913968,43,2,-1.4645988941192627,1.6758551597595215,0.8594196438789368,0.0,2.3858211503448823,131.15154880343144,21.113685683554394,13.9,54.7
12.913968,43,3,-1.7575188875198364,1.9035683870315552,1.5394009351730347,0.0,3.0136689405617356,132.7155460751267,30.717548692114992,13.9,62.2
12.913968,43,4,1.4800158739089966,5.130456924438477,2.7958478927612305,0.0,6.02733777716155,73.908396221449976,27.636543148802549,12.600000000000001,67.2
12.913968,43,5,3.7000396251678467,3.9377267360687256,-2.67073392868042,0.0,6.0273381184041295,46.782468057577859,-26.302057658170089,12.600000000000001,67.2
12.913968,43,6,-0.3584413230419159,3.6108460426330566,1.4092832803726196,-0.25578173995018005,3.8926557374112414,95.669062647037634,21.225314425491479,31.5,40.1
12.913968,43,7,0.7862583994865417,1.295578956604004,-3.9913337230682373,-0.25578173995018005,4.2693643546153348,58.7473564617362,-69.208402884351955,28.200000000000003,43.6
12.913968,43,8,3.2221176624298096,3.4725215435028076,-0.5728195905685425,-0.25578173995018005,4.7716423151753915,47.142072193850566,-6.894793869565321,13.3,58.300000000000004
12.913968,43,9,1.6110588312149048,4.186187744140625,1.6275417804718018,-0.25578173995018005,4.7716423413757694,68.950726319284158,19.943070506175914,13.3,58.300000000000004
13.218496,44,0,-0.11562623083591461,0.041010063141584396,-0.026766736060380936,0.0,0.12556953729118797,160.47153128626874,-12.307756648568038,34.5,52.400000000000006
13.218496,44,1,-0.7322994470596313,2.128848075866699,-0.7898645997047424,0.0,2.3858211785781269,108.98263246669219,-19.333498400555367,14.5,54.2
13.218496,44,2,-1.4645988941192627,1.6803381443023682,0.850621223449707,0.0,2.3858211721828546,131.07571996003747,20.887356839905493,14.5,54.2
13.218496,44,3,-1.7575188875198364,1.9139602184295654,1.5264614820480347,0.0,3.0136690285922567,132.56010889062867,30.43181693153813,13.8,62.300000000000004
13.218496,44,4,1.4800158739089966,5.077822685241699,2.890341281890869,0.0,6.0273379642741443,73.75035846949,28.655272378918415,13.0,66.8
13.218496,44,5,3.7000396251678467,3.940032720565796,-2.6673309803009033,0.0,6.0273381874102849,46.799206968380361,-26.265978800961623,13.0,66.8
13.218496,44,6,0.9481351375579834,2.7596447467803955,-4.241570472717285,-0.42630288004875183,5.148351138231722,71.038741941664512,-55.474062313350068,17.3,48.2
13.218496,44,7,-0.2389608770608902,3.6794095039367676,1.2480435371398926,-0.08526057749986649,3.8926558117848762,93.7158811787731,18.70011679313345,11.4,66.3
13.511073,45,0,-0.11562623083591461,0.0409746915102005,-0.026820844039320946,0.0,0.12556953562332659,160.48710181478054,-12.333027590056291,34.9,52.0
13.511073,45,1,-0.7322994470596313,2.135676145553589,-0.7712116837501526,0.0,2.385821145853817,108.92626782375989,-18.859458501395448,14.600000000000001,54.0
13.511073,45,2,-1.7575188875198364,1.9107054471969604,1.5305335521697998,0.0,3.0136690097378986,132.6086940850916,30.521646468424944,13.9,62.2
13.511073,45,3,1.4800158739089966,5.1760430335998535,2.7105226516723633,0.0,6.0273378466723733,74.0428721744043,26.724744641287106,12.5,67.2
13.511073,45,4,3.7000396251678467,3.8540830612182617,-2.79008150100708,0.0,6.0273380735481954,46.16821185392341,-27.574684511497662,12.5,67.2
13.511073,45,5,0.9481351375579834,2.3466708660125732,-4.4832682609558105,-0.42630288004875183,5.148351065356561,67.999610345927465,-60.553643138572,18.0,52.1
13.511073,45,6,0.7631331086158752,1.6553462743759155,-3.72135591506958,-0.34104230999946594,4.1437945504307168,65.249770961237374,-63.903587561032815,29.1,43.0
13.511073,45,7,-0.23125246167182922,3.625976800918579,0.9948626756668091,-0.25578173995018005,3.7670860363501038,93.6491875683016,15.313091278333019,34.0,41.400000000000006
13.511073,45,8,0.9481351375579834,2.1285815238952637,-4.590827941894531,-0.25578173995018005,5.14835126375619,65.990350422475586,-63.088711824336272,13.8,54.5
13.813827,46,0,-0.11562623083591461,0.04100458696484566,-0.026775117963552475,0.0,0.12556953592109812,160.473941693116,-12.311671338360917,35.6,51.300000000000004
13.813827,46,1,-0.7322994470596313,2.160304307937622,-0.6992608308792114,0.0,2.38582121976052,108.72561899383869,-17.043052989101007,15.8,52.900000000000006
13.813827,46,2,-1.4645988941192627,1.675218105316162,0.8606607913970947,0.0,2.3858211623847065,131.1623431355703,21.145640288199534,15.8,52.900000000000006
13.813827,46,3,-1.7575188875198364,1.9173771142959595,1.5221672058105469,0.0,3.0136689667015442,132.50919996759436,30.337175994288092,14.9,61.2
13.813827,46,4,1.4800158739089966,5.19553804397583,2.672964572906494,0.0,6.0273379000547163,74.099715108022011,26.325714379651586,13.3,66.4
13.813827,46,5,3.7000396251678467,3.913719415664673,-2.7057924270629883,0.0,6.0273381812135165,46.607581388248455,-26.674410923052278,13.3,66.4
13.813827,46,6,0.6359442472457886,2.9518611431121826,-2.8378028869628906,-0.6820846199989319,4.1437947004014921,77.84211322156473,-43.222390161328164,21.3,41.0
13.813827,46,7,0.7708415389060974,2.6007089614868164,-4.2273454666137695,-0.5115634799003601,5.0227814480187112,73.490350636076343,-57.313108905071054,11.8,57.0
13.813827,46,8,-0.11562623083591461,3.6356019973754883,0.9797782301902771,-0.25578173995018005,3.7670859678181956,91.821613785953019,15.075352729297359,30.6,41.400000000000006
13.813827,46,9,1.5686625242233276,4.286838531494141,0.8650462627410889,-0.17052115499973297,4.6460727229228631,69.901150482683533,10.730444366171783,16.3,53.400000000000006
13.813827,46,10,3.1373250484466553,3.390925645828247,-0.49477988481521606,-0.17052115499973297,4.6460727856507242,47.224629872987109,-6.1132616436294365,16.3,53.400000000000006
14.10838,47,0,-0.11562623083591461,0.040974751114845276,-0.026820754632353783,0.0,0.12556953597625761,160.48707557439974,-12.332985795902953,35.300000000000004,51.6
14.10838,47,1,-0.7322994470596313,2.1487903594970703,-0.7338804006576538,0.0,2.385821227942452,108.81891170841557,-17.914699920746191,15.3,53.400000000000006
14.10838,47,2,-1.7575188875198364,1.9134855270385742,1.527056336402893,0.0,3.0136689527423677,132.56718920448958,30.444935021004763,14.700000000000001,61.400000000000006
14.10838,47,3,1.4800158739089966,5.038216590881348,2.958838939666748,0.0,6.02733782648218,73.629432959126916,29.399958279307175,12.4,67.4
14.10838,47,4,3.7000396251678467,3.965988874435425,-2.628582239151001,0.0,6.0273381826423078,46.986903769642936,-25.855943675546996,12.4,67.4
14.10838,47,5,0.7168826460838318,2.0469675064086914,-3.2324559688568115,-0.34104230999946594,3.8926556861797064,70.698882513042179,-56.139709267627858,31.6,42.5
14.10838,47,6,-0.22354406118392944,3.2750234603881836,1.5763546228408813,-0.25578173995018005,3.6415167870456693,93.904795056094528,25.650730464381933,36.300000000000004,40.7
14.407459,48,0,-0.11562623083591461,0.04100193828344345,-0.0267791748046875,0.0,0.12556953612855121,160.47510756876579,-12.313565982504988,34.800000000000004,52.1
14.407459,48,1,-0.7322994470596313,2.155524253845215,-0.7138590216636658,0.0,2.3858210309848094,108.76424130321878,-17.410097437062085,15.100000000000001,53.6
14.407459,48,2,-1.7575188875198364,1.9147717952728271,1.525443196296692,0.0,3.0136689620940711,132.54800813591106,30.409367362035937,14.600000000000001,61.5
14.407459,48,3,1.6650177240371704,4.926905632019043,3.046656847000122,0.0,6.0273378096429608,71.327631312682811,30.362759742375342,12.0,67.8
14.407459,48,4,3.8850414752960205,3.816511631011963,-2.582536458969116,0.0,6.0273379576994532,44.490185009536127,-25.370532808704926,12.0,67.8
14.407459,48,5,0.8363630771636963,1.750821590423584,-3.3745946884155273,-0.34104230999946594,3.8926557450432711,64.466311002930809,-60.101892106976955,30.700000000000003,40.1
14.407459,48,6,-0.3237534463405609,3.1676225662231445,1.4910515546798706,-0.17052115499973297,3.5159470637051333,95.835769790258354,25.092601277596433,38.400000000000006,39.800000000000004
14.407459,48,7,0.8787593245506287,1.6035043001174927,-4.4073944091796875,-0.17052115499973297,4.7716422193044119,61.276187905457995,-67.46776061615742,13.600000000000001,57.2
14.717931,49,0,-0.11562623083591461,0.04102728143334389,-0.026740331202745438,0.0,0.12556953608245727,160.4639529110859,-12.295425437152353,33.7,53.2
14.717931,49,1,-0.7322994470596313,2.1354169845581055,-0.771928608417511,0.0,2.3858210231692714,108.92840126922398,-18.87765427268635,13.600000000000001,54.900000000000006
14.717931,49,2,-1.4645988941192627,1.7003824710845947,0.8098098635673523,0.0,2.3858211340664441,130.73947102679759,19.841910312797289,13.600000000000001,54.900000000000006
14.717931,49,3,-1.7575188875198364,1.9133710861206055,1.5271997451782227,0.0,3.0136689623884934,132.56889644619926,30.44809751041176,13.9,62.2
14.717931,49,4,1.4800158739089966,5.053380966186523,2.9328644275665283,0.0,6.02733771468996,73.675939157676538,29.116938719946081,12.5,67.4
14.717931,49,5,3.7000396251678467,4.006714820861816,-2.5660762786865234,0.0,6.027338081737545,47.278771010362235,-25.197484295687691,12.5,67.4
14.717931,49,6,-0.31219086050987244,3.135911464691162,1.2503018379211426,-0.17052115499973297,3.3903773438477836,95.685260910405475,21.640368770681391,35.0,40.7
15.009206,50,0,-0.11562623083591461,0.04101564362645149,-0.02675817906856537,0.0,0.1255695362198877,160.46907504090817,-12.303760491349362,34.6,52.300000000000004
15.009206,50,1,-0.7322994470596313,2.1244451999664307,-0.8016313910484314,0.0,2.3858211950895423,109.01914929430502,-19.633243381171134,14.4,54.2
15.009206,50,2,-1.4645988941192627,1.7022387981414795,0.8059006929397583,0.0,2.3858211947743064,130.70856040511643,19.742136778448224,14.4,54.2
15.009206,50,3,-1.7575188875198364,1.9142634868621826,1.5260810852050781,0.0,3.0136689957165892,132.55558645296878,30.423430023133321,13.8,62.300000000000004
15.009206,50,4,1.4800158739089966,5.032901763916016,2.9678702354431152,0.0,6.02733779430693,73.61307236217543,29.498548491779335,12.8,67.0
15.009206,50,5,3.7000396251678467,3.992687702178955,-2.5878477096557617,0.0,6.0273380594847881,47.178605495456516,-25.426423036119452,12.8,67.0
15.009206,50,6,3.1026370525360107,3.112476348876953,-0.0396992452442646,-0.42630288004875183,4.3949336436584243,45.090706258491558,-0.51755733312603192,13.4,53.5
15.009206,50,7,-0.2081272155046463,3.125670909881592,1.2967360019683838,-0.34104230999946594,3.3903775355430086,93.809496985025348,22.487099123094783,37.300000000000004,41.0
15.304993,51,0,-0.11562623083591461,0.041040096431970596,-0.02672065794467926,0.0,0.1255695358495133,160.45831304160095,-12.286238228715868,34.300000000000004,52.6
15.304993,51,1,-0.7322994470596313,2.1595921516418457,-0.7014569044113159,0.0,2.3858211438293533,108.7313634176156,-17.098223091071493,14.200000000000001,54.400000000000006
15.304993,51,2,-1.4645988941192627,1.6817452907562256,0.8478358387947083,0.0,2.3858211905297586,131.0519657191881,20.815777281513732,14.200000000000001,54.400000000000006
15.304993,51,3,-1.7575188875198364,1.9108614921569824,1.5303386449813843,0.0,3.0136689683043878,132.60636269649925,30.517345415906107,13.9,62.2
15.304993,51,4,1.4800158739089966,5.09282112121582,2.86383056640625,0.0,6.0273376770185454,73.795699172504513,28.368480308435274,13.0,66.9
15.304993,51,5,3.7000396251678467,3.9624109268188477,-2.633972644805908,0.0,6.0273381748804713,46.961108548906374,-25.912898750862858,13.0,66.9
15.304993,51,6,-0.2081272155046463,2.9750566482543945,1.612569808959961,-0.34104230999946594,3.3903776171579403,94.001743796105131,28.400463700854921,32.0,41.2
15.604821,52,0,-0.11562623083591461,0.040993791073560715,-0.026791643351316452,0.0,0.12556953578542487,160.4786938487039,-12.319389282387542,34.7,52.2
15.604821,52,1,-0.7322994470596313,2.164623975753784,-0.6857718825340271,0.0,2.3858211398690861,108.69084818287989,-16.704540191777607,14.8,53.800000000000004
15.604821,52,2,-1.4645988941192627,1.6716727018356323,0.8675270080566406,0.0,2.3858211694143208,131.22250199515878,21.322543536904334,14.8,53.800000000000004
15.604821,52,3,-1.7575188875198364,1.921474575996399,1.5169916152954102,0.0,3.0136689843222797,132.44828104805606,30.223232284028313,14.3,61.800000000000004
15.604821,52,4,1.4800158739089966,5.097511291503906,2.8554747104644775,0.0,6.0273380671847692,73.80982719281549,28.278245331173949,12.9,67.0
15.604821,52,5,3.7000396251678467,3.944908857345581,-2.660114049911499,0.0,6.0273382084559017,46.83456809142146,-26.189500859797974,12.9,67.0
15.604821,52,6,0.8363630771636963,3.173833131790161,-2.0928564071655273,-0.5115634799003601,3.8926556341789942,75.237127169930176,-32.523285141909348,22.1,40.1
15.604821,52,7,-0.19271038472652435,3.0084993839263916,0.8755632638931274,-0.17052115499973297,3.1392382618313808,93.665092122794164,16.195128955506977,37.0,40.1
15.915394,53,0,-0.11562623083591461,0.04098829627037048,-0.02680005319416523,0.0,0.12556953667063506,160.48111266876657,-12.32331697025398,35.300000000000004,51.6
15.915394,53,1,-0.7322994470596313,2.1516036987304688,-0.7255902886390686,0.0,2.3858210795283461,108.79603377822168,-17.705591397312244,15.4,53.2
15.915394,53,2,-1.4645988941192627,1.6723275184631348,0.8662640452384949,0.0,2.3858211680126811,131.21138011198491,21.289988240446135,15.4,53.2
15.915394,53,3,-1.7575188875198364,1.9165774583816528,1.5231739282608032,0.0,3.0136689615316223,132.52110534283463,30.35935500413655,14.700000000000001,61.400000000000006
15.915394,53,4,1.4800158739089966,5.124558448791504,2.8066446781158447,0.0,6.0273377731216451,73.890834715443034,27.75245649484636,13.4,66.4
15.915394,53,5,3.7000396251678467,3.9095942974090576,-2.711749315261841,0.0,6.0273381477206591,46.577416830916853,-26.737799190366502,13.4,66.4
15.915394,53,6,-0.10020940005779266,2.9636473655700684,1.3659144639968872,-0.17052115499973297,3.2648077974463141,91.936596480526561,24.732046579229223,33.5,40.2
16.205335,54,0,-0.11562623083591461,0.040995582938194275,-0.026788907125592232,0.0,0.12556953700140086,160.47790508303689,-12.318111233024137,34.2,52.7
16.205335,54,1,-0.7322994470596313,2.143678903579712,-0.7486796379089355,0.0,2.3858212259169824,108.86061543897441,-18.288612132970634,14.200000000000001,54.400000000000006
16.205335,54,2,-1.4645988941192627,1.6711729764938354,0.8684893250465393,0.0,2.3858211889700423,131.2309930118119,21.347353782200546,14.200000000000001,54.400000000000006
16.205335,54,3,-1.7575188875198364,1.9135969877243042,1.526916742324829,0.0,3.0136689946655326,132.5655265286733,30.441856179544274,14.100000000000001,62.0
16.205335,54,4,1.4800158739089966,5.126603603363037,2.802907943725586,0.0,6.0273380885791932,73.896927969948962,27.712323738892611,13.100000000000001,66.7
16.205335,54,5,3.7000396251678467,3.872833013534546,-2.7639963626861572,0.0,6.0273381082761235,46.307114847764439,-27.295297741172885,13.100000000000001,66.7
16.205335,54,6,0.6475068926811218,2.411278009414673,-2.4755520820617676,-0.5115634799003601,3.5159472302292452,74.968813838624413,-44.756275212540707,25.3,40.800000000000004
16.205335,54,7,-0.19271038472652435,2.6162514686584473,1.7242122888565063,-0.34104230999946594,3.1392382924338063,94.212740072917583,33.315261770420591,36.4,39.800000000000004
16.205335,54,8,-1.3489726781845093,2.3851468563079834,-1.53171968460083,-0.34104230999946594,3.1392384434505467,119.49129223276231,-29.204430347847378,36.4,39.800000000000004
16.205335,54,9,-2.1968982219696045,2.0703914165496826,-2.2534539699554443,-0.25578173995018005,3.767086036995142,136.69807637374589,-36.740769911096578,22.1,52.300000000000004
16.510955,55,0,-0.11562623083591461,0.041005413979291916,-0.026773853227496147,0.0,0.12556953631188109,160.47357766787908,-12.311080633095488,35.0,51.900000000000006
16.510955,55,1,-0.7322994470596313,2.135298252105713,-0.7722575068473816,0.0,2.3858211924810475,108.92937884427704,-18.886000625554093,14.700000000000001,53.900000000000006
16.510955,55,2,-1.4645988941192627,1.6770336627960205,0.8571178317070007,0.0,2.3858212012295712,131.13159235798759,21.054440712559252,14.700000000000001,53.900000000000006
16.510955,55,3,-1.7575188875198364,1.9059879779815674,1.5364041328430176,0.0,3.0136689386222124,132.67927287478892,30.651297889645843,13.9,62.2
16.510955,55,4,1.4800158739089966,5.130720138549805,2.795365333557129,0.0,6.0273380090381607,73.909179018871711,27.631364152235882,12.8,66.9
16.510955,55,5,3.7000396251678467,3.8624002933502197,-2.7785563468933105,0.0,6.02733810456533,46.2299141880578,-27.451156196718351,12.8,66.9
16.510955,55,6,-0.24666929244995117,8.02432632446289,0.36589041352272034,0.34104230999946594,8.0364503666739413,91.7607285156542,2.609513515366269,16.7,43.0
16.510955,55,7,0.6012564301490784,2.5438590049743652,-1.9560786485671997,-0.596824049949646,3.2648080512283206,76.701842106306771,-36.808363515882107,20.200000000000003,40.6
16.510955,55,8,-0.2659403383731842,2.776319980621338,0.7499608993530273,-0.34104230999946594,2.8880994181173385,95.47159940915391,15.050648901789081,31.1,40.6
16.510955,55,9,0.3854207694530487,0.8926945924758911,-2.984855890274048,-0.34104230999946594,3.1392383615560568,66.6477343343241,-71.956508933517327,32.1,39.900000000000006
16.510955,55,10,-2.123668670654297,2.324902057647705,-1.8290722370147705,-0.25578173995018005,3.6415166412624478,132.40996157882353,-30.151163433474988,19.5,51.5
16.817173,56,0,-0.11562623083591461,0.04100362956523895,-0.026776587590575218,0.0,0.12556953666331375,160.47436311176776,-12.312357622153527,34.800000000000004,52.1
16.817173,56,1,-0.7322994470596313,2.128995180130005,-0.789467990398407,0.0,2.3858211720588645,108.98141473623446,-19.323404931539745,14.5,54.0
16.817173,56,2,-1.4645988941192627,1.6835559606552124,0.8442344665527344,0.0,2.3858211223452277,131.02143278160594,20.723279441475267,14.5,54.0
16.817173,56,3,-1.7575188875198364,1.8831052780151367,1.5643664598464966,0.0,3.0136689514228481,133.0243173437886,31.271253490903305,14.100000000000001,62.0
16.817173,56,4,1.4800158739089966,5.086155414581299,2.875652551651001,0.0,6.02733784403315,73.775578985442181,28.496273661867765,12.5,67.3
16.817173,56,5,3.7000396251678467,3.926948308944702,-2.6865570545196533,0.0,6.0273381401847024,46.704090307756829,-26.469964484262121,12.5,67.3
16.817173,56,6,0.6012564301490784,2.2734615802764893,-2.264693021774292,-0.17052115499973297,3.264808008851678,75.186291093095917,-43.921173218988919,28.0,44.2
17.113886,57,0,-0.11562623083591461,0.041005220264196396,-0.026774147525429726,0.0,0.12556953580366914,160.47366293490458,-12.311218128773627,34.9,52.0
17.113886,57,1,-0.7322994470596313,2.1513965129852295,-0.7262043356895447,0.0,2.3858210690290962,108.7977167730912,-17.721071802686659,14.5,54.1
17.113886,57,2,-1.4645988941192627,1.6549549102783203,0.8990088701248169,0.0,2.3858211635143132,131.50812572278377,22.136423119225903,14.5,54.1
17.113886,57,3,-1.7575188875198364,1.6875109672546387,1.773593783378601,0.0,3.0136689952668774,136.16417172556163,36.051801636214449,14.600000000000001,62.0
17.113886,57,4,1.4800158739089966,5.247200965881348,2.5700652599334717,0.0,6.0273377542398983,74.24846105357,25.239399782840113,12.200000000000001,67.5
17.113886,57,5,3.7000396251678467,3.990530490875244,-2.5911731719970703,0.0,6.0273381549150367,47.163167560851505,-25.461429886823041,12.200000000000001,67.5
17.113886,57,6,0.9712603688240051,2.205951690673828,-2.559748888015747,-0.5115634799003601,3.5159470893818519,66.236544958637012,-46.722301762756928,20.8,40.0
17.413175,58,0,-0.11562623083591461,0.04101153835654259,-0.02676447294652462,0.0,0.12556953670295842,160.47088196447754,-12.306699787721488,34.4,52.5
17.413175,58,1,-0.7322994470596313,2.1867406368255615,-0.6115926504135132,0.0,2.3858211716195181,108.51475568039544,-14.853280499056261,14.200000000000001,54.400000000000006
17.413175,58,2,-1.4645988941192627,1.6470178365707397,0.913468599319458,0.0,2.3858211493278745,131.64486758865479,22.511811372192398,14.200000000000001,54.400000000000006
17.413175,58,3,-1.7575188875198364,1.6581904888153076,1.8010364770889282,0.0,3.013668981323498,136.66568463917631,36.699812890737107,14.200000000000001,62.1
17.413175,58,4,1.4800158739089966,5.165515899658203,2.7305312156677246,0.0,6.02733790461263,74.012012593887164,26.937893353789519,12.200000000000001,67.60000000000001
17.413175,58,5,3.7000396251678467,4.0036396980285645,-2.5708720684051514,0.0,6.0273383223068091,47.2568444156019,-25.247876492993864,12.200000000000001,67.60000000000001
17.413175,58,6,-0.25437772274017334,2.5751278400421143,0.9672540426254272,-0.08526057749986649,2.7625299638848575,95.641521359007783,20.495475417068942,23.900000000000002,54.6
17.700907,59,0,-0.11562623083591461,0.04103098064661026,-0.02673465572297573,0.0,0.12556953630068385,160.46232485016725,-12.292774985368984,34.5,52.400000000000006
17.700907,59,1,-0.7322994470596313,2.157639503479004,-0.7074404358863831,0.0,2.3858211746616886,108.74713139154811,-17.248623681942345,14.5,54.1
17.700907,59,2,-1.4645988941192627,1.6594527959823608,0.8906789422035217,0.0,2.385821133453601,131.43096096128389,21.920625217672729,14.5,54.1
17.700907,59,3,-1.7575188875198364,1.8455870151519775,1.6084578037261963,0.0,3.0136689560823116,133.5998392321068,32.257200690586217,14.3,61.900000000000006
17.700907,59,4,1.4800158739089966,5.149491786956787,2.7606325149536133,0.0,6.02733809683654,73.964815225528838,27.259320382420182,12.3,67.5
17.700907,59,5,3.7000396251678467,3.8492300510406494,-2.7967731952667236,0.0,6.0273381786165823,46.132145171731921,-27.646470297394657,12.3,67.5
17.700907,59,6,0.5550059676170349,1.8009880781173706,-2.3517251014709473,-0.34104230999946594,3.0136689656463531,72.87240331979929,-51.292891405481043,28.900000000000002,40.900000000000006
17.700907,59,7,1.9733543395996094,2.960704803466797,-1.8671458959579468,-0.25578173995018005,4.0182252400382659,56.3159465733684,-27.688821595985441,12.600000000000001,54.800000000000004
17.700907,59,8,-0.16187672317028046,2.525256633758545,0.7419124245643616,-0.17052115499973297,2.6369602169105346,93.667817383854413,16.340876497818726,33.4,39.5
17.700907,59,9,-0.18500198423862457,2.604959726333618,1.5040479898452759,-0.17052115499973297,3.013669070377496,94.062276154981248,29.938845440287579,30.8,40.7
18.017479,60,0,-0.11562623083591461,0.04101228713989258,-0.026763325557112694,0.0,0.12556953670632542,160.47055238647462,-12.306163935222035,34.800000000000004,52.1
18.017479,60,1,-0.7322994470596313,2.1617860794067383,-0.6946657299995422,0.0,2.3858210347208351,108.71367754993379,-16.927669267465738,14.4,54.1
18.017479,60,2,-1.4645988941192627,1.6426730155944824,0.921258807182312,0.0,2.3858211053280196,131.72003350225614,22.714475016737161,14.4,54.1
18.017479,60,3,-1.7575188875198364,1.9362276792526245,1.4981156587600708,0.0,3.0136689919291215,132.23010734097031,29.8087781080746,14.100000000000001,62.1
18.017479,60,4,1.4800158739089966,5.130203723907471,2.7963125705718994,0.0,6.0273378226340624,73.9076431343886,27.641529129981009,12.4,67.4
18.017479,60,5,3.7000396251678467,3.973079204559326,-2.6178529262542725,0.0,6.0273381800768444,47.037948063061478,-25.742659266246715,12.4,67.4
18.017479,60,6,0.620527446269989,1.873304009437561,-2.1087427139282227,-0.42630288004875183,2.8880993848714005,71.672672037547827,-46.898881946479591,36.2,39.7
18.017479,60,7,-0.16187672317028046,2.433293342590332,1.0032140016555786,-0.25578173995018005,2.6369601623302121,93.8060379276405,22.361148502887556,36.9,41.0
18.017479,60,8,-0.1194804385304451,3.871633768081665,0.38593408465385437,-0.25578173995018005,3.8926557421687407,91.767613698825443,5.6898895605987621,15.3,55.300000000000004
18.311289,61,0,-0.11562623083591461,0.041018255054950714,-0.02675417996942997,0.0,0.12556953711354457,160.46792564867667,-12.301892774487472,34.9,52.0
18.311289,61,1,-1.7575188875198364,1.9073851108551025,1.5346693992614746,0.0,3.0136689874852332,132.658350470844,30.612968028978543,14.5,62.2
18.311289,61,2,1.4800158739089966,5.06289529800415,2.916410207748413,0.0,6.0273380762517617,73.704986760031872,28.938053059610088,12.700000000000001,67.2
18.311289,61,3,3.7000396251678467,3.972115993499756,-2.619313955307007,0.0,6.0273380766383768,47.031019495744,-25.758079513053019,12.700000000000001,67.2
18.311289,61,4,-0.15416830778121948,2.474862575531006,0.397958368062973,-0.17052115499973297,2.5113907496842129,93.56455919697963,9.1175987385572075,32.5,40.800000000000004
18.619385,62,0,-0.11562623083591461,0.041029755026102066,-0.026736538857221603,0.0,0.12556953677100938,160.46286425442796,-12.293654353038919,35.4,51.5
18.619385,62,1,-1.7575188875198364,1.8815107345581055,1.566283941268921,0.0,3.013668971357546,133.04852860248357,31.313914448731072,14.4,62.1
18.619385,62,2,1.4800158739089966,5.063227653503418,2.9158332347869873,0.0,6.027338111580657,73.70599963561412,28.931785866567303,13.200000000000001,66.7
18.619385,62,3,3.7000396251678467,3.9706389904022217,-2.6215524673461914,0.0,6.0273380989424759,47.020391625592744,-25.781708662496779,13.200000000000001,66.7
18.619385,62,4,-0.16187672317028046,2.5336410999298096,0.7127537727355957,-0.08526057749986649,2.6369602267206664,93.655712607649861,15.681745273633421,23.900000000000002,53.0
18.898166,63,0,-0.11562623083591461,0.041028354316949844,-0.026738684624433517,0.0,0.12556953599787771,160.4634807208532,-12.294656496242609,34.7,52.2
18.898166,63,1,0.5395891070365906,1.0787787437438965,-2.2027626037597656,0.0,2.511390664733129,63.4264628311751,-61.295530623819914,21.200000000000003,55.2
18.898166,63,2,-1.7575188875198364,1.8936961889266968,1.5515291690826416,0.0,3.0136689696213703,132.86406176540572,30.986136392269167,14.200000000000001,62.300000000000004
18.898166,63,3,1.4800158739089966,5.072254180908203,2.900102376937866,0.0,6.0273379911436873,73.733461810467276,28.761065408433581,13.100000000000001,66.8
18.898166,63,4,3.7000396251678467,3.904780626296997,-2.7186760902404785,0.0,6.0273381065742315,46.542174811968628,-26.811552660136005,13.100000000000001,66.8
18.898166,63,5,-0.24281509220600128,2.3398032188415527,1.1916046142578125,-0.17052115499973297,2.6369603388418281,95.924710969214729,26.86473169423,34.5,41.0
19.201564,64,0,-0.11562623083591461,0.04102317988872528,-0.02674662508070469,0.0,0.12556953650750929,160.46575808045452,-12.298364646093663,34.6,52.300000000000004
19.201564,64,1,0.3854207694530487,1.3942691087722778,-2.052936315536499,0.0,2.51139065715611,74.547491217808727,-54.830338554473315,20.3,55.2
19.201564,64,2,-1.7575188875198364,1.912564992904663,1.5282092094421387,0.0,3.0136690063603773,132.58092496846535,30.4703616630157,13.5,62.7
19.201564,64,3,1.4800158739089966,4.979076862335205,3.0573103427886963,0.0,6.027337714131102,73.445574195728483,30.480201047469993,12.8,67.10000000000001
19.201564,64,4,3.7000396251678467,3.899038076400757,-2.726905584335327,0.0,6.0273381533571122,46.50007232180954,-26.89923891413402,12.8,67.10000000000001
19.201564,64,5,0.0,8.501132011413574,-0.8003984093666077,0.25578173995018005,8.5387284234361971,90,-5.3786552706248791,11.4,42.900000000000006
19.201564,64,6,-0.1464598923921585,2.291015863418579,0.6495676636695862,-0.25578173995018005,2.3858211031425354,93.657822861486125,15.798894467395602,35.800000000000004,39.5
19.201564,64,7,-0.16958513855934143,2.438248634338379,1.287538766860962,-0.25578173995018005,2.762529927121697,93.9786304247466,27.779643668094185,34.2,40.5
19.201564,64,8,-1.1870959997177124,2.1216769218444824,-1.3118160963058472,-0.25578173995018005,2.762529881061992,119.22737830603587,-28.350262301255736,34.2,40.5
19.201564,64,9,-0.5010470151901245,7.932982444763184,1.8534598350524902,-0.25578173995018005,8.16202008944505,93.613999773057387,13.125423940004787,12.0,47.400000000000006
19.513314,65,0,-0.11562623083591461,0.04101176932454109,-0.026764120906591415,0.0,0.12556953710336047,160.47078030345759,-12.30653533856194,34.9,52.0
19.513314,65,1,0.30833661556243896,1.4048339128494263,-2.0587503910064697,0.0,2.5113906433802011,77.620860190902917,-55.0612858371086,19.700000000000003,54.900000000000006
19.513314,65,2,-1.7575188875198364,1.8420689105987549,1.6124857664108276,0.0,3.0136690027707025,133.65443791621252,32.347801192480119,14.9,62.0
19.513314,65,3,-0.7400079369544983,2.0655853748321533,-2.0659008026123047,0.0,3.013668995379271,109.71035748813327,-43.275743841224269,14.9,62.0
19.513314,65,4,1.4800158739089966,5.204605579376221,2.655266284942627,0.0,6.0273381577483871,74.126019725322408,26.138157495666594,12.200000000000001,67.4
19.513314,65,5,3.7000396251678467,3.974937915802002,-2.6150295734405518,0.0,6.0273380801363095,47.051313055483845,-25.712867586710836,12.200000000000001,67.4
19.513314,65,6,-0.25437769293785095,3.617830276489258,2.0044023990631104,-0.42630288004875183,4.1437945047403923,94.021974443439433,28.928109063365834,16.0,40.900000000000006
19.513314,65,7,-1.7806439399719238,3.0747787952423096,-2.132153034210205,-0.42630288004875183,4.1437946428270633,120.07568392493101,-30.966792540049436,16.0,40.900000000000006
19.513314,65,8,-0.292919784784317,1.9981005191802979,1.2704071998596191,-0.25578173995018005,2.3858210617147768,98.340103102782621,32.173319642359843,30.3,40.800000000000004
19.813783,66,0,-0.11562623083591461,0.04102371633052826,-0.02674579992890358,0.0,0.12556953600585136,160.46552197971442,-12.297979346892339,34.5,52.400000000000006
19.813783,66,1,-1.7575188875198364,1.9345401525497437,1.5002942085266113,0.0,3.01366901864731,132.25497078285886,29.856523493608936,14.700000000000001,61.800000000000004
19.813783,66,2,1.4800158739089966,5.11799955368042,2.8185875415802,0.0,6.027337898944003,73.871263078063677,27.880817301417991,12.200000000000001,67.7
19.813783,66,3,3.7000396251678467,4.0400261878967285,-2.5133044719696045,0.0,6.0273380687933873,47.515131219811,-24.64433046972383,12.200000000000001,67.7
19.813783,66,4,-0.21968983113765717,2.195208787918091,0.9082604646682739,-0.17052115499973297,2.38582109893796,95.7149591637442,22.37648731940326,31.900000000000002,41.2
20.118495,67,0,-0.11562623083591461,0.04104706272482872,-0.02670995518565178,0.0,0.12556953580258134,160.45524734764442,-12.281240277548466,35.2,51.7
20.118495,67,1,-0.23125246167182922,2.0347700119018555,1.4537248611450195,0.0,2.5113905857662733,96.483868661614991,35.3698779888586,18.7,55.0
20.118495,67,2,-1.1562622785568237,1.9677293300628662,-1.0479416847229004,0.0,2.5113906402196662,120.43902579209623,-24.662694997825735,18.7,55.0
20.118495,67,3,-1.8500198125839233,1.6913949251174927,1.6729646921157837,0.0,3.0136690197718,137.56464338156596,33.719363245191978,12.5,62.300000000000004
20.118495,67,4,1.4800158739089966,5.128425121307373,2.7995736598968506,0.0,6.027338043371004,73.902351153058646,27.676527421860825,12.4,67.4
20.118495,67,5,3.7000396251678467,3.9603238105773926,-2.6371095180511475,0.0,6.0273380959287834,46.946049983976835,-25.94605598786103,12.4,67.4
20.423581,68,0,-0.11562623083591461,0.0410623624920845,-0.026686429977416992,0.0,0.1255695361769372,160.44851470557563,-12.270254813006634,34.7,52.2
20.423581,68,1,0.46250492334365845,1.7290048599243164,-1.761736273765564,0.0,2.5113907119483425,75.024135372307285,-44.547335443388924,23.3,55.400000000000006
20.423581,68,2,-1.7575188875198364,1.8979277610778809,1.5463500022888184,0.0,3.0136689857775836,132.80030083961083,30.871347973529797,12.100000000000001,63.6
20.423581,68,3,1.4800158739089966,5.170498371124268,2.7210845947265625,0.0,6.0273378671250493,74.026632848333577,26.837209753399772,12.100000000000001,67.60000000000001
20.423581,68,4,3.7000396251678467,3.962204933166504,-2.6342825889587402,0.0,6.0273382117409309,46.95962267950766,-25.916174287065232,12.100000000000001,67.60000000000001
20.423581,68,5,-0.27750298380851746,2.144651412963867,0.6574196219444275,-0.08526057749986649,2.2602517887324183,97.372711649900111,16.90952381038095,25.400000000000002,48.1
20.782966,69,0,-0.11562623083591461,0.04104635491967201,-0.02671104297041893,0.0,0.12556953582011626,160.4555588299506,-12.281748243315354,35.5,51.400000000000006
20.782966,69,1,-1.7575188875198364,1.9615697860717773,1.4647771120071411,0.0,3.0136689687951166,131.85956796867976,29.080925389342482,12.200000000000001,64.10000000000001
20.782966,69,2,1.4800158739089966,5.0821356773376465,2.8827507495880127,0.0,6.0273378795402737,73.763422039892561,28.573078487025789,12.700000000000001,67.2
20.782966,69,3,3.7000396251678467,3.938957691192627,-2.6689181327819824,0.0,6.0273381289181245,46.791404733214542,-26.282804891203423,12.700000000000001,67.2
20.782966,69,4,-0.21968983113765717,1.9660580158233643,1.3336021900177002,0.08526057749986649,2.3858211468399309,96.375854741807217,33.984588843821705,28.900000000000002,49.800000000000004
20.782966,69,5,-1.0984491109848022,1.9050908088684082,-0.9253002405166626,0.08526057749986649,2.3858210273527187,119.96715660404287,-22.8197323342365,28.900000000000002,49.800000000000004
20.782966,69,6,0.5665684938430786,1.8474647998809814,-1.7942780256271362,-0.17052115499973297,2.6369603103314438,72.950611232537369,-42.877583663752752,34.4,40.2
21.309994,70,0,-0.11562623083591461,0.04099144786596298,-0.02679523080587387,0.0,0.12556953631119383,160.479725323117,-12.321064725957584,35.0,51.900000000000006
21.309994,70,1,-0.1464598923921585,1.8570078611373901,1.4907091856002808,0.0,2.3858211526513546,94.509511939679555,38.66898985482257,21.0,53.6
21.309994,70,2,-1.0252193212509155,2.0545284748077393,-0.6480593085289001,0.0,2.38582119569614,116.51941084373418,-15.761251883727487,21.0,53.6
21.309994,70,3,-1.7575188875198364,1.8904942274093628,1.5554291009902954,0.0,3.0136689851515821,132.91241046535495,31.072663391358109,13.100000000000001,62.6
21.309994,70,4,1.4800158739089966,5.090128421783447,2.868614435195923,0.0,6.0273379791649884,73.787577209065816,28.420173206107538,12.5,67.2
21.309994,70,5,3.7000396251678467,3.9977123737335205,-2.5800790786743164,0.0,6.0273381772659169,47.21452943461923,-25.344681373330197,12.5,67.2
21.309994,70,6,0.4162544310092926,1.421959638595581,-1.7068979740142822,-0.42630288004875183,2.2602516804161006,73.683507966926626,-49.04114318267731,33.0,39.7
21.309994,70,7,0.42396286129951477,2.4662492275238037,-1.1702312231063843,-0.34104230999946594,2.7625297963200497,80.245853888192485,-25.062620484425242,17.1,45.7
21.309994,70,8,0.43937966227531433,1.8424930572509766,-1.4506230354309082,-0.25578173995018005,2.3858211048949167,76.587173543759249,-37.446355004054652,27.700000000000003,40.300000000000004
21.613452,71,0,-0.11562623083591461,0.040973000228405,-0.026823431253433228,0.0,0.12556953639018004,160.48784638913642,-12.33423591587759,34.9,52.0
21.613452,71,1,-1.8500198125839233,1.898263692855835,1.4339535236358643,0.0,3.01366903665871,134.26259097000434,28.412527104535375,14.100000000000001,63.1
21.613452,71,2,1.4800158739089966,4.960489749908447,3.087376832962036,0.0,6.02733782483445,73.386957085371264,30.812412341064377,12.5,67.4
21.613452,71,3,3.7000396251678467,4.0410475730896,-2.5116617679595947,0.0,6.027338015443922,47.522344991618468,-24.627151465637859,12.5,67.4
21.613452,71,4,0.5241722464561462,0.434240460395813,2.023251533508301,-0.42630288004875183,2.1346821986523756,39.639398858440529,71.405654044143319,27.6,40.400000000000006
21.613452,71,5,0.48563018441200256,1.3141734600067139,-1.7736543416976929,-0.25578173995018005,2.2602518184532294,69.719075648650957,-51.694361114052555,37.4,40.6
21.921026,72,0,-0.11562623083591461,0.04099327325820923,-0.026792436838150024,0.0,0.12556953604066826,160.47892178865712,-12.319759848596917,34.7,52.2
21.921026,72,1,-0.21968983113765717,1.961158275604248,1.3407973051071167,0.0,2.3858212039586761,96.391652454138978,34.193230928007956,25.0,54.0
21.921026,72,2,-1.171679139137268,1.6437127590179443,-1.2718169689178467,0.0,2.3858210414184908,125.48221187690172,-32.213326523879296,25.0,54.0
21.921026,72,3,1.4800158739089966,4.993949890136719,3.0329556465148926,0.0,6.027337923656324,73.492189594880472,30.211928323824697,12.3,67.4
21.921026,72,4,3.7000396251678467,3.9705588817596436,-2.621673822402954,0.0,6.0273381100122077,47.019815077739956,-25.782989744022348,12.3,67.4
22.227682,73,0,-0.11562623083591461,0.04098641127347946,-0.02680293470621109,0.0,0.12556953641414956,160.48194246371747,-12.324662805497038,34.9,52.0
22.227682,73,1,1.4800158739089966,5.075121879577637,2.895080804824829,0.0,6.0273378821877435,73.74216761160767,28.70662757042961,12.9,67.10000000000001
22.227682,73,2,3.7000396251678467,3.9045932292938232,-2.7189455032348633,0.0,6.027338232057371,46.540801908357643,-26.814421617648541,12.9,67.10000000000001
22.227682,73,3,-0.3661497235298157,1.8635523319244385,1.4440393447875977,0.08526057749986649,2.3858211465146684,101.11584693182442,37.247470262873641,27.400000000000002,49.400000000000006
22.227682,73,4,-1.2449090480804443,1.6350375413894653,-1.2120214700698853,0.08526057749986649,2.3858211047050095,127.28545599553688,-30.531381201530966,27.400000000000002,49.400000000000006
22.512079,74,0,-0.11562623083591461,0.04102122411131859,-0.02674962393939495,0.0,0.1255695363765045,160.46661887024939,-12.299765142559526,34.9,52.0
22.512079,74,1,0.5550059676170349,1.281243920326233,-1.7773914337158203,0.0,2.2602517373314495,66.578827336146233,-51.847452824741339,17.6,52.0
22.512079,74,2,-0.27750298380851746,2.16668438911438,0.5806968212127686,0.0,2.2602517439925132,97.298551163448835,14.887198908812191,17.6,52.0
22.512079,74,3,0.16958513855934143,1.8510648012161255,2.0436172485351562,0.0,2.7625299050022765,84.7654645711852,47.711225739632582,14.9,58.800000000000004
22.512079,74,4,-0.76313316822052,2.2082231044769287,-1.474092721939087,0.0,2.76252979431133,109.064483514927,-32.249183931396665,14.9,58.800000000000004
22.512079,74,5,-1.7575188875198364,1.9629473686218262,1.4629305601119995,0.0,3.0136689990239347,131.83957751492596,29.040762146999697,14.100000000000001,62.300000000000004
22.512079,74,6,1.4800158739089966,5.058550834655762,2.9239389896392822,0.0,6.0273379487923107,73.691735441582253,29.019865203657144,11.9,67.8
22.512079,74,7,3.7000396251678467,4.0196967124938965,-2.5456926822662354,0.0,6.02733822850438,47.3711360458178,-24.983528373070467,11.9,67.8
22.814755,75,0,-0.11562623083591461,0.041012365370988846,-0.026763208210468292,0.0,0.12556953724674058,160.47051795302954,-12.306109078429731,34.800000000000004,52.1
22.814755,75,1,-0.292919784784317,2.2455854415893555,0.7507907748222351,0.0,2.3858211926618313,97.4318428937377,18.342016998812475,19.400000000000002,53.800000000000004
22.814755,75,2,-1.171679139137268,2.047248363494873,-0.35788819193840027,0.0,2.3858209959782863,119.78332617958915,-8.627291941248604,19.400000000000002,53.800000000000004
22.814755,75,3,-1.7575188875198364,1.9035683870315552,1.5394009351730347,0.0,3.0136689405617356,132.7155460751267,30.717548692114992,13.200000000000001,63.0
22.814755,75,4,1.4800158739089966,5.1394453048706055,2.7792911529541016,0.0,6.027338080916655,73.935085716277044,27.459027928723561,12.8,67.3
22.814755,75,5,3.7000396251678467,3.9887332916259766,-2.5939388275146484,0.0,6.0273381471778809,47.1502991727585,-25.490551852275555,12.8,67.3
23.107856,76,0,-0.11562623083591461,0.040998153388500214,-0.026784969493746758,0.0,0.12556953623139711,160.47677360311357,-12.316272287164347,34.9,52.0
23.107856,76,1,-1.7575188875198364,1.8911042213439941,1.5546873807907104,0.0,3.0136689711983826,132.90319295716009,31.056201064936214,12.9,63.300000000000004
23.107856,76,2,1.4800158739089966,5.086980819702148,2.874192476272583,0.0,6.0273379893367585,73.778073077285512,28.480481315557654,12.600000000000001,67.3
23.107856,76,3,3.7000396251678467,4.03160285949707,-2.526794672012329,0.0,6.0273382316763229,47.455563791424872,-24.785498565526368,12.600000000000001,67.3
23.414157,77,0,-0.11562623083591461,0.041046470403671265,-0.026710867881774902,0.0,0.12556953632516649,160.45550800907122,-12.281666431187093,34.9,52.0
23.414157,77,1,-1.7575188875198364,2.026381492614746,1.3737199306488037,0.0,3.0136690331657663,130.93571590739063,27.1183329971092,12.0,64.4
23.414157,77,2,1.4800158739089966,5.112484931945801,2.828577756881714,0.0,6.0273378280233683,73.854771676360073,27.98830905769691,12.9,67.0
23.414157,77,3,3.7000396251678467,3.936119794845581,-2.6731016635894775,0.0,6.0273381165380355,46.770797274525492,-26.327167348037253,12.9,67.0
23.414157,77,4,0.48563018441200256,1.3845009803771973,-1.719319224357605,0.08526057749986649,2.2602518080787131,70.671073722620477,-49.523825725213342,27.900000000000002,48.7
23.714013,78,0,-0.11562623083591461,0.04100608825683594,-0.026772823184728622,0.0,0.12556953688187422,160.47328087374228,-12.310599519159156,34.1,52.800000000000004
23.714013,78,1,0.45865076780319214,0.6627890467643738,-1.9766684770584106,0.0,2.1346822048056011,55.316722015650534,-67.8162741012133,19.8,51.0
23.714013,78,2,-0.15416830778121948,2.189908742904663,1.2196781635284424,0.0,2.5113906490155053,94.026945859257523,29.055623190428648,20.1,55.800000000000004
23.714013,78,3,1.4800158739089966,5.004910945892334,3.014833450317383,0.0,6.0273378283026515,73.526380961026675,30.012783430758809,12.700000000000001,67.10000000000001
23.714013,78,4,3.7000396251678467,3.96097731590271,-2.6361279487609863,0.0,6.0273381427581167,46.950765942904866,-25.935679542720766,12.700000000000001,67.10000000000001
24.010316,79,0,-0.11562623083591461,0.0409805066883564,-0.026811962947249413,0.0,0.1255695366832231,160.4845417777471,-12.328879461720101,35.4,51.5
24.010316,79,1,0.48563018441200256,1.129384994506836,-1.8966789245605469,0.0,2.2602517746263122,66.732524818428331,-57.049941191881388,26.400000000000002,51.5
24.010316,79,2,-1.7575188875198364,2.0044121742248535,1.4055818319320679,0.0,3.0136690412895835,131.2450971259899,27.801006991549524,11.700000000000001,64.9
24.010316,79,3,-0.7400079369544983,2.3571836948394775,-1.7257674932479858,0.0,3.0136688867100481,107.42901966361931,-34.934994031403654,11.700000000000001,64.9
24.010316,79,4,1.4800158739089966,5.062668800354004,2.9168033599853516,0.0,6.0273380699876373,73.70429642311754,28.942323679582159,13.100000000000001,66.9
24.010316,79,5,3.7000396251678467,3.9978671073913574,-2.5798392295837402,0.0,6.0273381427188228,47.215634932623487,-25.342158729058468,13.100000000000001,66.9
24.010316,79,6,0.40469181537628174,2.352116107940674,-1.1213089227676392,-1.0231269598007202,2.6369602482678531,80.237594039677973,-25.165086085651012,21.0,39.2
24.312902,80,0,-0.11562623083591461,0.04100546985864639,-0.026773765683174133,0.0,0.12556953589348843,160.47355307163849,-12.311039789213551,35.2,51.7
24.312902,80,1,-0.07708415389060974,2.067230224609375,1.4239734411239624,0.0,2.5113906763675731,92.135490925607172,34.541703907263134,19.6,55.1
24.312902,80,2,-1.7575188875198364,1.670422077178955,1.7896977663040161,0.0,3.0136689683224005,136.45545278172884,36.431414074951746,12.4,63.7
24.312902,80,3,1.4800158739089966,5.127720832824707,2.8008627891540527,0.0,6.027337744815279,73.900254705300526,27.6903674841991,12.4,67.5
24.312902,80,4,3.7000396251678467,3.979782819747925,-2.6076505184173584,0.0,6.0273381974446467,47.086118692226322,-25.635038134932142,12.4,67.5
24.312902,80,5,0.3854207694530487,1.9656304121017456,-1.514870047569275,-0.25578173995018005,2.5113907198059793,78.906191612191861,-37.099402315586055,22.1,39.7
24.612266,81,0,-0.11562623083591461,0.040988028049468994,-0.02680046483874321,0.0,0.12556953697564144,160.48123074183653,-12.323509197952019,34.6,52.300000000000004
24.612266,81,1,0.07322994619607925,1.8618018627166748,1.4901255369186401,0.0,2.3858212248222261,87.74755562151752,38.651038676067031,20.3,54.1
24.612266,81,2,-1.7575188875198364,1.836057424545288,1.619327425956726,0.0,3.0136689962025485,133.74798528027009,32.501899311289094,11.8,63.900000000000006
24.612266,81,3,1.4800158739089966,5.130095958709717,2.796510934829712,0.0,6.0273381306522475,73.9073225906386,27.643656205716983,12.200000000000001,67.60000000000001
24.612266,81,4,3.7000396251678467,4.011863708496094,-2.558018922805786,0.0,6.0273380901350411,47.315443554702718,-25.112865943976104,12.200000000000001,67.60000000000001
24.914098,82,0,-0.11562623083591461,0.04102620854973793,-0.026741977781057358,0.0,0.12556953619779507,160.46442510408016,-12.296194377251185,34.7,52.2
24.914098,82,1,0.5126096606254578,1.5286550521850586,-1.758575439453125,0.0,2.3858211393533262,71.4619582727927,-47.4844890571125,25.3,53.7
24.914098,82,2,-1.7575188875198364,1.9396748542785645,1.4936497211456299,0.0,3.0136689715010094,132.17939162576448,29.710972804363834,11.4,64.9
24.914098,82,3,1.4800158739089966,5.092028617858887,2.8652398586273193,0.0,6.0273378766735153,73.7933095747817,28.383705465484635,12.4,67.5
24.914098,82,4,3.7000396251678467,4.023849964141846,-2.5391223430633545,0.0,6.0273380554586522,47.4006179430255,-24.914643381920726,12.4,67.5
25.211765,83,0,-0.11562623083591461,0.0410817451775074,-0.026656584814190865,0.0,0.12556953674401294,160.43998618763362,-12.256318796568561,34.4,52.5
25.211765,83,1,-0.15416830778121948,2.3199856281280518,0.9492005705833435,0.0,2.5113906317099657,93.80184490248574,22.207263322681651,19.8,55.5
25.211765,83,2,-1.7575188875198364,2.0349903106689453,1.3609343767166138,0.0,3.0136689569749513,130.8155234179807,26.845563820858704,13.5,63.0
25.211765,83,3,1.4800158739089966,5.100965976715088,2.8492980003356934,0.0,6.0273377188726123,73.820218283639349,28.211595351919485,12.5,67.3
25.211765,83,4,3.7000396251678467,4.009788990020752,-2.561270236968994,0.0,6.0273382349995153,47.300672655402856,-25.147003522250017,12.5,67.3
25.509343,84,0,-0.11562623083591461,0.04104002192616463,-0.026720775291323662,0.0,0.12556953646959798,160.45834583040102,-12.286292965955012,34.7,52.2
25.509343,84,1,-0.1464598923921585,2.205904960632324,0.8970367908477783,0.0,2.3858210745058606,93.798547884514363,22.085304823930084,22.400000000000002,53.900000000000006
25.509343,84,2,-0.9519892930984497,1.7831792831420898,-1.2673320770263672,0.0,2.3858211507699374,118.09650517301374,-32.086113030718863,22.400000000000002,53.900000000000006
25.509343,84,3,-1.7575188875198364,2.0307466983795166,1.3672584295272827,0.0,3.0136689277493112,130.8746980305171,26.980400254736971,12.8,63.800000000000004
25.509343,84,4,1.4800158739089966,5.129244327545166,2.798072099685669,0.0,6.0273378728686051,73.9047890066141,27.660411499790495,12.700000000000001,67.10000000000001
25.509343,84,5,3.7000396251678467,4.009879112243652,-2.5611283779144287,0.0,6.0273379107843912,47.30131444954251,-25.145515274830597,12.700000000000001,67.10000000000001
25.812196,85,0,-0.11562623083591461,0.04100537672638893,-0.026773910969495773,0.0,0.125569536458473,160.47359406537703,-12.311107585563029,34.4,52.5
25.812196,85,1,0.0,2.231743574142456,1.4045923948287964,0.0,2.6369602151600691,90,32.185078988264273,17.0,57.7
25.812196,85,2,-0.9712603688240051,1.9422929286956787,-1.4958980083465576,0.0,2.6369602530725746,116.56773917230812,-34.560853171107219,17.0,57.7
25.812196,85,3,1.4800158739089966,5.151203155517578,2.757437229156494,0.0,6.0273378044684955,73.969868823209453,27.225157997064322,12.700000000000001,67.10000000000001
25.812196,85,4,3.7000396251678467,3.919360399246216,-2.697614908218384,0.0,6.0273381653955465,46.64877626081104,-26.587450161142936,12.700000000000001,67.10000000000001
26.097573,86,0,-0.11562623083591461,0.041044771671295166,-0.026713483035564423,0.0,0.1255695373677882,160.4562555710404,-12.282887540794686,34.800000000000004,52.1
26.097573,86,1,-0.23125246167182922,2.309349536895752,0.9594322443008423,0.0,2.5113906936185888,95.71839252181222,22.459622008265395,23.1,55.1
26.097573,86,2,-1.7575188875198364,1.782344937324524,1.6782654523849487,0.0,3.0136690336306309,134.59817534638412,33.840610040568968,11.4,64.9
26.097573,86,3,1.4800158739089966,5.093337535858154,2.862912654876709,0.0,6.0273379787977239,73.797255924044109,28.358562695466567,12.700000000000001,67.10000000000001
26.097573,86,4,3.7000396251678467,3.9431347846984863,-2.662743091583252,0.0,6.0273382126678214,46.821708124365614,-26.217354983882224,12.700000000000001,67.10000000000001
26.097573,86,5,0.3931291997432709,1.395301103591919,-1.5669883489608765,0.42630288004875183,2.1346822300180288,74.264699263726655,-47.227985681833559,26.700000000000003,40.1
26.097573,86,6,3.646080493927002,3.5077714920043945,1.8857697248458862,-0.34104230999946594,5.3994899077097118,43.892409996467542,20.441424562997142,13.8,42.400000000000006
26.097573,86,7,0.4162544310092926,1.225063443183899,-1.8532915115356445,-0.25578173995018005,2.2602516713610754,71.233166900623445,-55.079707109929686,27.200000000000003,39.6
26.406692,87,0,-0.11562623083591461,0.04101892188191414,-0.026753151789307594,0.0,0.12556953587688582,160.46763215456622,-12.301412727058372,34.7,52.2
26.406692,87,1,-0.08093836158514023,2.5618507862091064,0.6196205615997314,0.0,2.6369603921055527,91.809584109982808,13.590166851613946,17.900000000000002,56.800000000000004
26.406692,87,2,-1.7575188875198364,1.7133234739303589,1.7486711740493774,0.0,3.0136689999502244,135.72952717707608,35.467888648441317,12.8,63.6
26.406692,87,3,1.4800158739089966,5.166018962860107,2.729579210281372,0.0,6.0273378515604312,74.013489934163943,26.927742897509294,12.9,66.8
26.406692,87,4,3.7000396251678467,3.8979651927948,-2.7284390926361084,0.0,6.0273381981001339,46.492199054455575,-26.915585976349512,12.9,66.8
26.406692,87,5,0.4470881223678589,2.7120625972747803,-2.388612985610962,0.34104230999946594,3.6415166230196667,80.6388870159202,-40.990892759410052,18.3,44.800000000000004
26.406692,87,6,-2.9060728549957275,1.4469799995422363,-1.6497374773025513,0.34104230999946594,3.6415167583899506,153.53055467205704,-26.938625537260783,18.3,44.800000000000004
26.406692,87,7,0.30833661556243896,2.229614019393921,-1.113926887512207,0.42630288004875183,2.5113907013240788,82.126421425810662,-26.330593787012209,28.400000000000002,40.400000000000006
26.406692,87,8,0.3854207694530487,2.216459035873413,-1.1161738634109497,1.0231269598007202,2.5113908338990978,80.135456837691493,-26.387804022256883,29.700000000000003,39.900000000000006
26.406692,87,9,0.3931291997432709,0.942020058631897,-1.874810814857483,-0.08526057749986649,2.1346821660524093,67.3479675235476,-61.433447906611654,30.0,46.800000000000004
26.699723,88,0,-0.11562623083591461,0.04102741554379463,-0.026740124449133873,0.0,0.12556953587187689,160.46389388715576,-12.295328904379467,34.9,52.0
26.699723,88,1,-0.08093836158514023,2.5512168407440186,0.6620430946350098,0.0,2.6369602662963807,91.817121746281614,14.540422594662472,18.2,57.5
26.699723,88,2,-1.7575188875198364,1.9560383558273315,1.4721555709838867,0.0,3.0136689789417064,131.93999299243126,29.241565162425275,11.8,64.10000000000001
26.699723,88,3,1.4800158739089966,5.048943996429443,2.9404966831207275,0.0,6.0273379870011876,73.662358454483311,29.200017720698483,12.9,66.9
26.699723,88,4,3.7000396251678467,3.9033961296081543,-2.720663547515869,0.0,6.0273381115741111,46.5320301055424,-26.832723067270827,12.9,66.9
26.699723,88,5,0.45865076780319214,0.80848628282547,-1.9216809272766113,-0.08526057749986649,2.1346822205148239,60.433945595115496,-64.186833831579889,26.5,46.5
27.015025,89,0,-0.11562623083591461,0.041010789573192596,-0.026765620335936546,0.0,0.12556953671454074,160.47121154382526,-12.307235639826107,34.2,52.7
27.015025,89,1,-0.15416830778121948,2.175529718399048,1.2451448440551758,0.0,2.5113906716078152,94.053473269627659,29.722447445014172,22.700000000000003,56.0
27.015025,89,2,-1.0791782140731812,2.004359245300293,-1.060660719871521,0.0,2.5113906037550819,118.29871367445807,-24.982410167345087,22.700000000000003,56.0
27.015025,89,3,-1.7575188875198364,1.9748305082321167,1.4468491077423096,0.0,3.0136689461199948,131.66778315482327,28.691643967308671,12.700000000000001,63.6
27.015025,89,4,1.4800158739089966,5.049018383026123,2.940368413925171,0.0,6.0273377231383973,73.662586318583209,29.198622300349339,12.9,67.10000000000001
27.015025,89,5,3.7000396251678467,3.945918560028076,-2.658615827560425,0.0,6.0273381047308989,46.841884516401755,-26.173630972717469,12.9,67.10000000000001
27.299083,90,0,-0.11562623083591461,0.04101075232028961,-0.026765678077936172,0.0,0.125569536855752,160.47122794084285,-12.307262592439011,34.5,52.400000000000006
27.299083,90,1,0.45865076780319214,1.196334719657898,-1.7074222564697266,0.0,2.1346821894965,69.024176920557039,-53.115633544764627,23.1,50.800000000000004
27.299083,90,2,-0.15416830778121948,2.1094157695770264,1.3541345596313477,0.0,2.5113906827995414,94.180074936793645,32.628998310878814,19.3,55.7
27.299083,90,3,0.16958513855934143,2.5836281776428223,0.9631601572036743,0.0,2.7625298492423149,86.244585594766548,20.404856585987645,13.0,60.7
27.299083,90,4,-0.9327183365821838,2.1304633617401123,1.4908835887908936,0.0,2.7625299105058811,113.64383673498489,32.6618933579848,13.0,60.7
27.299083,90,5,1.4800158739089966,4.986067295074463,3.0458967685699463,0.0,6.027337818873157,73.467515609888309,30.354386221449133,13.4,66.60000000000001
27.299083,90,6,3.7000396251678467,3.959526538848877,-2.6383066177368164,0.0,6.0273381727637174,46.940295423027536,-25.958711483508946,13.4,66.60000000000001
27.598771,91,0,-0.11562623083591461,0.04104065150022507,-0.02671980671584606,0.0,0.12556953612964933,160.45806876545979,-12.285840692041488,34.9,52.0
27.598771,91,1,0.45865076780319214,0.6356428265571594,1.9855643510818481,0.0,2.1346822063359019,54.187508303406069,68.457456179856237,21.200000000000003,50.6
27.598771,91,2,-0.1464598923921585,2.085115432739258,1.1502108573913574,0.0,2.38582100845556,94.017894501817125,28.822825894064934,22.700000000000003,53.7
27.598771,91,3,-1.7575188875198364,2.0850472450256348,1.2829289436340332,0.0,3.0136690807704634,130.12806234644447,25.195189618696247,11.9,64.7
27.598771,91,4,1.4800158739089966,5.07451868057251,2.8961381912231445,0.0,6.0273379902875233,73.740337164437577,28.718087680993417,12.5,67.3
27.598771,91,5,3.7000396251678467,3.964280366897583,-2.6311581134796143,0.0,6.0273381416103957,46.974589385306807,-25.883157132094453,12.5,67.3
27.890118,92,0,-0.11562623083591461,0.04099879041314125,-0.02678399719297886,0.0,0.12556953682440017,160.47649319532172,-12.31581812894491,35.2,51.7
27.890118,92,1,0.48563018441200256,1.1803960800170898,-1.8653596639633179,0.0,2.2602518128901234,67.637101492804064,-55.617744331863406,29.8,51.7
27.890118,92,2,-0.15416830778121948,2.1842098236083984,1.2298545837402344,0.0,2.5113905944353658,94.037418041629948,29.321561638746605,23.6,54.800000000000004
27.890118,92,3,1.4800158739089966,5.058904647827148,2.9233264923095703,0.0,6.0273378039951195,73.692815413389312,29.0132078483584,13.3,66.9
27.890118,92,4,3.7000396251678467,3.9211106300354004,-2.695070266723633,0.0,6.0273381806039907,46.661545074359118,-26.560403510291867,13.3,66.9
28.212726,93,0,-0.11562623083591461,0.04106203839182854,-0.026686931028962135,0.0,0.12556953667970905,160.44865731963418,-12.270488731412122,35.800000000000004,51.1
28.212726,93,1,0.48563018441200256,1.4178060293197632,-1.6919597387313843,0.0,2.2602518377993817,71.092524339418077,-48.466773732113,28.8,51.1
28.212726,93,2,-0.15416830778121948,2.169950485229492,1.254842758178711,0.0,2.5113907149675829,94.063860418002932,29.97754187143876,25.1,54.6
28.212726,93,3,-1.0791782140731812,1.9941390752792358,-1.079753041267395,0.0,2.5113906305893345,118.4211440531131,-25.463897839609675,25.1,54.6
28.212726,93,4,1.4800158739089966,5.0345916748046875,2.9650025367736816,0.0,6.0273377507909451,73.618277851353525,29.4672331427632,13.100000000000001,66.8
28.212726,93,5,3.7000396251678467,3.9544193744659424,-2.6459553241729736,0.0,6.0273381682533076,46.903403488212966,-26.039606528087493,13.100000000000001,66.8
28.512552,94,0,-0.11562623083591461,0.04101470485329628,-0.026759620755910873,0.0,0.1255695368093846,160.46948823583611,-12.304433721463338,35.5,51.400000000000006
28.512552,94,1,0.45865076780319214,0.6369714736938477,-1.9851385354995728,0.0,2.1346822223065329,54.2442581712973,-68.426350879204918,28.200000000000003,50.0
28.512552,94,2,-0.15416830778121948,2.1524689197540283,1.2845981121063232,0.0,2.5113905764054958,94.096753678511973,30.764375394458398,20.400000000000002,55.5
28.512552,94,3,-1.0791782140731812,2.0186033248901367,-1.0332950353622437,0.0,2.5113907762616225,118.12968571700789,-24.295536120899357,20.400000000000002,55.5
28.512552,94,4,1.4800158739089966,5.085299968719482,2.8771653175354004,0.0,6.0273379715517494,73.772993333087214,28.512636972596969,13.4,66.60000000000001
28.512552,94,5,3.7000396251678467,3.908928871154785,-2.7127084732055664,0.0,6.0273381693879529,46.572547815168093,-26.748008925222987,13.4,66.60000000000001
28.79709,95,0,-0.11562623083591461,0.041050564497709274,-0.02670457400381565,0.0,0.12556953601740378,160.4537063476069,-12.278727397119658,35.1,51.800000000000004
28.79709,95,1,0.48563018441200256,1.4367610216140747,-1.6758935451507568,0.0,2.2602517744533523,71.324569255705583,-47.8562085590918,27.0,51.800000000000004
28.79709,95,2,1.4800158739089966,5.105307102203369,2.841512680053711,0.0,6.0273378788430962,73.833257240562077,28.12764375372808,13.100000000000001,66.7
28.79709,95,3,3.7000396251678467,3.9064905643463135,-2.7162187099456787,0.0,6.0273382049954662,46.554698914014885,-26.785381592449891,13.100000000000001,66.7
29.099986,96,0,-0.11562623083591461,0.04104400426149368,-0.026714660227298737,0.0,0.1255695369673622,160.45659328770958,-12.283437302316875,34.9,52.0
29.099986,96,1,0.48563018441200256,1.2190492153167725,-1.8403316736221313,0.0,2.2602518298440351,68.279245627439323,-54.509848532719289,24.5,52.0
29.099986,96,2,-1.8500198125839233,1.639552354812622,1.7238028049468994,0.0,3.0136690829398418,138.45151386407196,34.889441143488149,11.600000000000001,64.7
29.099986,96,3,1.4800158739089966,5.074710369110107,2.8958017826080322,0.0,6.0273377441066058,73.740918899421416,28.714442601282041,13.100000000000001,66.8
29.099986,96,4,3.7000396251678467,3.963672637939453,-2.6320736408233643,0.0,6.0273381902195666,46.970207698383796,-25.892830664376977,13.100000000000001,66.8
29.40002,97,0,-0.11562623083591461,0.041009578853845596,-0.026767471805214882,0.0,0.12556953596287981,160.4717444486009,-12.308100389264748,35.6,51.300000000000004
29.40002,97,1,-0.15416830778121948,2.2723472118377686,1.0581837892532349,0.0,2.5113905809549695,93.881307211488149,24.920083672186244,20.8,54.800000000000004
29.40002,97,2,-1.7575188875198364,2.0434627532958984,1.3481794595718384,0.0,3.0136689465347768,130.6978022812595,26.574100955264946,13.100000000000001,62.800000000000004
29.40002,97,3,1.4800158739089966,5.004306316375732,3.0158369541168213,0.0,6.0273378227006065,73.524498499175138,30.023800517812614,13.0,67.0
29.40002,97,4,3.7000396251678467,3.955996036529541,-2.643597364425659,0.0,6.0273381267395267,46.914798031315947,-26.014662286817035,13.0,67.0
29.701211,98,0,-0.11562623083591461,0.04099198803305626,-0.02679440751671791,0.0,0.12556953696814521,160.47948754167913,-12.320680148005783,35.0,51.900000000000006
29.701211,98,1,-0.15416830778121948,2.1956686973571777,1.2092782258987427,0.0,2.5113905955289195,94.01641648672171,28.784551629187895,23.6,55.0
29.701211,98,2,-1.7575188875198364,2.1036252975463867,1.2522333860397339,0.0,3.0136689409387065,129.87779333808498,24.551935270322026,12.200000000000001,63.800000000000004
29.701211,98,3,1.4800158739089966,5.051050186157227,2.9368770122528076,0.0,6.0273378497642343,73.668807831983145,29.160608367048937,12.700000000000001,67.3
29.701211,98,4,3.7000396251678467,3.9645485877990723,-2.630753755569458,0.0,6.0273380571587856,46.97652301249714,-25.878885198034073,12.700000000000001,67.3
30.002563,99,0,-0.11562623083591461,0.041052017360925674,-0.026702340692281723,0.0,0.12556953605540094,160.45306700516508,-12.27768450733028,34.9,52.0
30.002563,99,1,0.4162544310092926,1.1136127710342407,-1.922325849533081,0.0,2.2602517176032655,69.504889878325784,-58.265214962347123,27.0,52.0
30.002563,99,2,0.0,2.367591619491577,1.1610641479492188,0.0,2.6369603774686858,90,26.12327782979732,16.5,57.5
30.002563,99,3,-0.9712603688240051,1.6797327995300293,-1.7856961488723755,0.0,2.6369603178589482,120.03749455834055,-42.623650508645731,16.5,57.5
30.002563,99,4,1.4800158739089966,5.0173516273498535,2.994084119796753,0.0,6.0273380572116517,73.565021316440209,29.785256814890964,12.8,67.10000000000001
30.002563,99,5,3.7000396251678467,3.9666757583618164,-2.6275455951690674,0.0,6.0273381898214309,46.991853014176,-25.844993606744751,12.8,67.10000000000001
30.305298,100,0,-0.11562623083591461,0.04103289544582367,-0.026731716468930244,0.0,0.12556953623934183,160.46148214069405,-12.29140238015407,35.0,51.900000000000006
30.305298,100,1,-0.15416830778121948,2.195946455001831,1.2087737321853638,0.0,2.5113905781420316,94.015910126463524,28.771420287270896,24.200000000000003,55.1
30.305298,100,2,-1.7575188875198364,1.5705413818359375,1.8779584169387817,0.0,3.0136689744892875,138.21561832797497,38.546302215298283,12.700000000000001,63.800000000000004
30.305298,100,3,1.4800158739089966,5.036708354949951,2.9614057540893555,0.0,6.0273378933156554,73.624793396310039,29.427968783219104,12.700000000000001,67.10000000000001
30.305298,100,4,3.7000396251678467,3.9888787269592285,-2.593715190887451,0.0,6.0273381535832566,47.151340757267292,-25.488196701551328,12.700000000000001,67.10000000000001
30.607858,101,0,-0.11562623083591461,0.040993887931108475,-0.026791496202349663,0.0,0.12556953601008888,160.47865121252505,-12.319320535316148,35.0,51.900000000000006
30.607858,101,1,0.48563018441200256,1.2448183298110962,-1.8229999542236328,0.0,2.2602517964477076,68.68818261564212,-53.759950760296874,24.6,51.900000000000006
30.607858,101,2,1.4800158739089966,5.1066765785217285,2.8390510082244873,0.0,6.0273379938365395,73.83736634139801,28.1011121214138,12.4,67.4
30.607858,101,3,3.7000396251678467,3.930783748626709,-2.6809420585632324,0.0,6.0273380880495928,46.732006690411161,-26.410353305268487,12.4,67.4
