timestamp_s,frame_number,point_index,x,y,z,doppler,range,aoa,snr,noise
0.0,1,0,-0.11562623083591461,0.041116345673799515,-0.026603184640407562,0.0,0.12556953679893543,160.42476396825538,35.0,53.7
0.0,1,1,-0.8787593245506287,2.0979089736938477,-0.7202104926109314,0.0,2.385821277056756,112.72753798967457,14.5,55.6
0.0,1,2,-1.8500198125839233,1.4417486190795898,1.8923500776290894,0.0,3.013669060111574,142.07017061622648,14.8,62.900000000000006
0.0,1,3,-2.570756673812866,2.1216328144073486,1.466468095779419,0.0,3.6415167651766143,140.46731060401925,11.8,70.7
0.0,1,4,-1.117720365524292,2.61269474029541,-2.277097225189209,0.0,3.641516771132525,113.1614161782401,11.8,70.7
0.0,1,5,1.4800158739089966,4.632358074188232,3.5608444213867188,0.0,6.027337829244387,72.28157184545542,11.3,70.0
0.0,1,6,3.7000396251678467,4.117449760437012,-2.3843486309051514,0.0,6.027338065119153,48.056371295603206,11.3,70.0
0.310781,2,0,-0.11562623083591461,0.0411156602203846,-0.026604244485497475,0.0,0.1255695369001672,160.42506550024135,35.300000000000004,53.400000000000006
0.310781,2,1,-0.8787593245506287,2.108252763748169,-0.6893442869186401,0.0,2.3858212867362547,112.62729025936137,14.9,55.1
0.310781,2,2,-1.8500198125839233,1.4237765073776245,1.9059088230133057,0.0,3.0136690746585706,142.41809492590968,15.100000000000001,62.7
0.310781,2,3,-2.570756673812866,2.133781671524048,1.4487338066101074,0.0,3.641516681288219,140.3066191001673,11.9,70.5
0.310781,2,4,-1.2294923067092896,2.6518869400024414,-2.171747922897339,0.0,3.6415168152051347,114.87381761933052,11.9,70.5
0.310781,2,5,1.4800158739089966,4.785200119018555,3.3526432514190674,0.0,6.027338047377434,72.81367013828536,11.3,70.2
0.310781,2,6,3.7000396251678467,4.090579032897949,-2.430159568786621,0.0,6.027338183805661,47.869803468570886,11.3,70.2
0.594497,3,0,-0.11562623083591461,0.0411405973136425,-0.026565663516521454,0.0,0.1255695364438228,160.41409636189337,34.800000000000004,53.900000000000006
0.594497,3,1,-0.8787593245506287,2.114447593688965,-0.6701016426086426,0.0,2.3858211979040953,112.56765275477339,14.0,55.800000000000004
0.594497,3,2,-1.8500198125839233,1.428795337677002,1.9021493196487427,0.0,3.013669102300511,142.32060529903515,14.700000000000001,63.1
0.594497,3,3,-2.570756673812866,2.0766444206237793,1.5295103788375854,0.0,3.641516706625573,141.06889528362856,11.3,70.7
0.594497,3,4,-1.2294923067092896,2.614173412322998,-2.2170002460479736,0.0,3.641516724241504,115.18843711249959,11.3,70.7
0.594497,3,5,1.4800158739089966,4.8668131828308105,3.233030319213867,0.0,6.027337935486486,73.0852896573088,11.4,70.0
0.594497,3,6,3.7000396251678467,4.092983245849609,-2.4261081218719482,0.0,6.027338193401035,47.88655126470273,11.4,70.0
0.594497,3,7,0.5781311392784119,3.6262948513031006,-0.8406466245651245,-0.34104230999946594,3.767085970638773,80.94170873990585,17.900000000000002,41.5
0.910061,4,0,-0.11562623083591461,0.04114731773734093,-0.026555253192782402,0.0,0.12556953645861196,160.41114048876244,35.300000000000004,53.400000000000006
0.910061,4,1,-0.8787593245506287,2.0883519649505615,-0.7474693655967712,0.0,2.385821102367734,112.82091095339392,14.700000000000001,55.300000000000004
0.910061,4,2,-1.8500198125839233,1.443375587463379,1.8911093473434448,0.0,3.0136690191605413,142.03883526772643,14.8,62.900000000000006
0.910061,4,3,-1.2294923067092896,2.6018290519714355,-2.2314746379852295,0.0,3.6415168279044408,115.29304006833324,11.700000000000001,70.7
0.910061,4,4,-2.570756673812866,2.1265058517456055,1.459392786026001,0.0,3.641516760549981,140.40276589855884,11.700000000000001,70.7
0.910061,4,5,1.4800158739089966,4.8793134689331055,3.2141335010528564,0.0,6.02733781015507,73.12615795639226,11.5,69.9
0.910061,4,6,3.7000396251678467,4.057325839996338,-2.485280990600586,0.0,6.027338367965982,47.63704676193062,11.5,69.9
1.193458,5,0,-0.11562623083591461,0.04111701250076294,-0.026602154597640038,0.0,0.12556953692494388,160.42447063115637,35.5,53.2
1.193458,5,1,-0.8787593245506287,2.0810728073120117,-0.767503023147583,0.0,2.3858212150869256,112.8925176505042,14.700000000000001,55.2
1.193458,5,2,-1.8500198125839233,1.4500006437301636,1.8860344886779785,0.0,3.01366907046108,141.9115126869821,14.9,62.800000000000004
1.193458,5,3,-2.374191999435425,2.0618720054626465,1.5728256702423096,0.0,3.515947156324581,139.02724989132616,13.4,68.9
1.193458,5,4,-1.1870959997177124,2.6518008708953857,-1.9800604581832886,0.0,3.5159471255251176,114.11598805005217,13.4,68.9
1.193458,5,5,1.4800158739089966,4.782220840454102,3.356891393661499,0.0,6.027337968185854,72.80359454186264,11.9,69.5
1.193458,5,6,3.7000396251678467,4.134810924530029,-2.354113817214966,0.0,6.027338257790706,48.17619818906892,11.9,69.5
1.488534,6,0,-0.11562623083591461,0.041105590760707855,-0.026619799435138702,0.0,0.12556953679564967,160.42949520072332,35.2,53.5
1.488534,6,1,-0.8787593245506287,2.1038661003112793,-0.7026180028915405,0.0,2.3858211535047977,112.66970149254026,14.600000000000001,55.300000000000004
1.488534,6,2,-1.8500198125839233,1.4509868621826172,1.8852758407592773,0.0,3.0136690556413477,141.892597025298,14.8,62.900000000000006
1.488534,6,3,-2.374191999435425,2.111794948577881,1.5051308870315552,0.0,3.5159471756723866,138.34756495743275,13.5,69.0
1.488534,6,4,-1.0791782140731812,2.7030603885650635,-1.9724915027618408,0.0,3.5159470716191614,111.76401432779026,13.5,69.0
1.792201,7,0,-0.11562623083591461,0.041172854602336884,-0.026515645906329155,0.0,0.12556953727419407,160.39990948838815,34.5,54.2
1.792201,7,1,-0.8787593245506287,2.113690137863159,-0.672487199306488,0.0,2.3858212386127637,112.57492877477418,13.700000000000001,56.1
1.792201,7,2,-1.8500198125839233,1.4449706077575684,1.8898909091949463,0.0,3.013669028425987,142.0081411747732,14.4,63.300000000000004
1.792201,7,3,-2.374191999435425,2.1511993408203125,1.4482532739639282,0.0,3.515947070090243,137.82101840970407,13.4,69.0
1.792201,7,4,-1.0791782140731812,2.61142635345459,-2.0922980308532715,0.0,3.5159471365707127,112.45297849313201,13.4,69.0
1.792201,7,5,1.4800158739089966,4.79578161239624,3.337489128112793,0.0,6.027337881775965,72.84936322323985,11.5,69.9
1.792201,7,6,3.7000396251678467,4.1072998046875,-2.4017908573150635,0.0,6.027338072124412,47.986056837456935,11.5,69.9
2.102072,8,0,-0.11562623083591461,0.04114367067813873,-0.02656090073287487,0.0,0.1255695358832427,160.41274457717776,34.1,54.6
2.102072,8,1,-0.8787593245506287,2.1014254093170166,-0.7098844647407532,0.0,2.3858211698885006,112.69336390182272,13.3,56.5
2.102072,8,2,-1.8500198125839233,1.4447718858718872,1.8900429010391235,0.0,3.013669072231928,142.01196391936023,14.0,63.7
2.102072,8,3,-2.570756673812866,2.092041492462158,1.5083822011947632,0.0,3.641516764621281,140.8618438742385,11.600000000000001,70.5
2.102072,8,4,-1.117720365524292,2.629819393157959,-2.257298231124878,0.0,3.641516738994475,113.02636160715655,11.600000000000001,70.5
2.399956,9,0,-0.11562623083591461,0.04110357165336609,-0.026622915640473366,0.0,0.12556953650142766,160.4303834644633,34.300000000000004,54.400000000000006
2.399956,9,1,-0.8787593245506287,2.0902254581451416,-0.7422143220901489,0.0,2.3858211408817893,112.802549544454,13.3,56.6
2.399956,9,2,-1.8500198125839233,1.4398632049560547,1.893784999847412,0.0,3.0136690232317216,142.10651706183154,13.9,63.7
2.399956,9,3,-2.570756673812866,2.08024001121521,1.5246164798736572,0.0,3.641516688265535,141.0204351188669,11.600000000000001,70.60000000000001
2.399956,9,4,-1.2294923067092896,2.6323964595794678,-2.1953318119049072,0.0,3.6415167467726315,115.03549001098516,11.600000000000001,70.60000000000001
2.399956,9,5,1.4800158739089966,4.763343811035156,3.3836240768432617,0.0,6.027337981442799,72.73948727577444,11.600000000000001,69.9
2.399956,9,6,3.7000396251678467,4.12467622756958,-2.3718254566192627,0.0,6.0273379867697,48.10631634414299,11.600000000000001,69.9
2.692591,10,0,-0.11562623083591461,0.0411040298640728,-0.026622209697961807,0.0,0.1255695368215916,160.43018188345678,34.7,54.0
2.692591,10,1,-0.8787593245506287,2.0815958976745605,-0.7660830616950989,0.0,2.3858211771036766,112.88735771685407,13.600000000000001,56.300000000000004
2.692591,10,2,-1.8500198125839233,1.4469221830368042,1.888397216796875,0.0,3.0136690526869785,141.97062055465412,14.200000000000001,63.5
2.692591,10,3,-2.570756673812866,2.0468404293060303,1.5691710710525513,0.0,3.6415166440953275,141.47314247392663,11.700000000000001,70.60000000000001
2.692591,10,4,-1.2294923067092896,2.6279654502868652,-2.200634241104126,0.0,3.641516827268372,115.07251963666985,11.700000000000001,70.60000000000001
2.692591,10,5,1.4800158739089966,4.8106369972229,3.3160409927368164,0.0,6.027337983851855,72.89923084179134,11.5,70.0
2.692591,10,6,3.7000396251678467,4.09119176864624,-2.4291276931762695,0.0,6.027338107772521,47.87407282637179,11.5,70.0
3.008549,11,0,-0.11562623083591461,0.0410914346575737,-0.026641646400094032,0.0,0.1255695368409293,160.43572308638403,35.2,53.5
3.008549,11,1,-0.8787593245506287,2.099355697631836,-0.7159819006919861,0.0,2.385821111856972,112.71346636938259,14.700000000000001,55.5
3.008549,11,2,-1.8500198125839233,1.4413261413574219,1.892671823501587,0.0,3.0136690236637054,142.07831189260529,14.600000000000001,63.1
3.008549,11,3,-2.570756673812866,2.0654296875,1.5446211099624634,0.0,3.6415167229193677,141.22046994520946,11.600000000000001,70.60000000000001
3.008549,11,4,-1.117720365524292,2.622520685195923,-2.2657735347747803,0.0,3.6415166168334387,113.08374078524241,11.600000000000001,70.60000000000001
3.008549,11,5,1.4800158739089966,4.6691107749938965,3.51251482963562,0.0,6.027337956726574,72.41241348074436,11.700000000000001,69.8
3.008549,11,6,3.7000396251678467,4.0887651443481445,-2.4332096576690674,0.0,6.0273379589684986,47.85716071600813,11.700000000000001,69.8
3.300239,12,0,-0.11562623083591461,0.04112593084573746,-0.02658836357295513,0.0,0.12556953660317552,160.4205475549726,35.0,53.7
3.300239,12,1,-0.8787593245506287,2.0824215412139893,-0.7638360857963562,0.0,2.3858212405294372,112.8792177775168,14.200000000000001,55.900000000000006
3.300239,12,2,-1.8500198125839233,1.4191192388534546,1.9093791246414185,0.0,3.0136690864548306,142.50879028312204,14.200000000000001,63.6
3.300239,12,3,-2.570756673812866,2.0125489234924316,1.6129168272018433,0.0,3.641516680845331,141.9439412127608,11.4,70.60000000000001
3.300239,12,4,-1.117720365524292,2.598402500152588,-2.2933926582336426,0.0,3.6415167517322984,113.2752838472421,11.4,70.60000000000001
3.300239,12,5,1.2950139045715332,5.019833087921143,3.0745768547058105,0.0,6.027338390957836,75.53427425809959,11.4,70.10000000000001
3.300239,12,6,3.7000396251678467,4.1100897789001465,-2.3970136642456055,0.0,6.027338195672433,48.005403680125575,11.4,70.10000000000001
3.591754,13,0,-0.11562623083591461,0.0411127470433712,-0.026608742773532867,0.0,0.12556953618915886,160.42634702377217,35.6,53.1
3.591754,13,1,-0.8787593245506287,2.0786361694335938,-0.7740777134895325,0.0,2.385821154630712,112.91658247854346,15.0,55.0
3.591754,13,2,-1.8500198125839233,1.4504810571670532,1.8856650590896606,0.0,3.013669079249598,141.90229713803092,14.8,62.900000000000006
3.591754,13,3,-2.374191999435425,2.070216655731201,1.5618257522583008,0.0,3.515947145829594,138.91265164182482,13.5,69.0
3.591754,13,4,-1.0791782140731812,2.7010276317596436,-1.9752742052078247,0.0,3.5159471086776453,111.77886137414103,13.5,69.0
3.591754,13,5,1.4800158739089966,4.909456729888916,3.167900323867798,0.0,6.027338121562111,73.22392363711256,11.600000000000001,69.8
3.591754,13,6,3.7000396251678467,4.118666648864746,-2.382246255874634,0.0,6.02733817003092,48.064788497816785,11.600000000000001,69.8
3.908094,14,0,-0.11562623083591461,0.041128817945718765,-0.026583895087242126,0.0,0.12556953611820737,160.41927759422265,35.6,53.1
3.908094,14,1,-0.8787593245506287,2.0917773246765137,-0.737829327583313,0.0,2.38582112555773,112.7873614457037,15.100000000000001,54.900000000000006
3.908094,14,2,-1.8500198125839233,1.4517956972122192,1.884653091430664,0.0,3.013669080777803,141.87709088392245,15.100000000000001,62.6
3.908094,14,3,-2.374191999435425,2.0531234741210938,1.584228754043579,0.0,3.515947154794668,139.1478236910287,13.3,69.0
3.908094,14,4,-0.9712603688240051,2.5325963497161865,-2.237072229385376,0.0,3.515946975443622,110.98200950808169,13.3,69.0
3.908094,14,5,1.4800158739089966,4.866471767425537,3.233543872833252,0.0,6.027337756232838,73.08417074117621,11.8,69.60000000000001
3.908094,14,6,3.7000396251678467,4.098261833190918,-2.4171805381774902,0.0,6.027338138460927,47.9232840520665,11.8,69.60000000000001
4.197619,15,0,-0.11562623083591461,0.0411558523774147,-0.026542020961642265,0.0,0.12556953579176766,160.40738681739973,35.300000000000004,53.400000000000006
4.197619,15,1,-0.8787593245506287,2.0877039432525635,-0.749277651309967,0.0,2.3858211802039064,112.8272684893795,14.600000000000001,55.300000000000004
4.197619,15,2,-1.8500198125839233,1.4514985084533691,1.8848819732666016,0.0,3.013669072765092,141.8827875115762,14.600000000000001,63.0
4.197619,15,3,-2.570756673812866,2.0954504013061523,1.5036429166793823,0.0,3.641516755579684,140.81616660914986,11.700000000000001,70.60000000000001
4.197619,15,4,-1.117720365524292,2.619873523712158,-2.268833875656128,0.0,3.6415166141431405,113.1046184402579,11.700000000000001,70.60000000000001
4.197619,15,5,1.4800158739089966,4.8916449546813965,3.1953344345092773,0.0,6.027337679112005,73.16628692449545,11.700000000000001,69.9
4.197619,15,6,3.7000396251678467,3.995917558670044,-2.582857608795166,0.0,6.027338035220097,47.20170297037012,11.700000000000001,69.9
4.496042,16,0,-0.11562623083591461,0.04115541651844978,-0.026542698964476585,0.0,0.12556953625161688,160.40757851091,34.6,54.1
4.496042,16,1,-0.8787593245506287,2.1081857681274414,-0.689548671245575,0.0,2.385821148669008,112.62793685723516,13.8,56.0
4.496042,16,2,-1.8500198125839233,1.4380290508270264,1.895178198814392,0.0,3.0136690699605517,142.14190980635712,14.100000000000001,63.6
4.496042,16,3,-2.570756673812866,2.0802009105682373,1.5246697664260864,0.0,3.641516662180209,141.02096174789665,11.5,70.7
4.496042,16,4,-1.117720365524292,2.666388511657715,-2.213982343673706,0.0,3.641516762107092,112.74288835002373,11.5,70.7
4.496042,16,5,1.4800158739089966,4.832650184631348,3.283876657485962,0.0,6.0273377784575155,72.97261105308436,11.5,69.8
4.496042,16,6,3.7000396251678467,4.165128707885742,-2.300046920776367,0.0,6.0273382366380455,48.38411664701545,11.5,69.8
4.800204,17,0,-0.11562623083591461,0.0411619208753109,-0.0265326127409935,0.0,0.12556953661748177,160.40471790134214,34.800000000000004,53.900000000000006
4.800204,17,1,-0.8787593245506287,2.1085829734802246,-0.6883326768875122,0.0,2.3858210286202337,112.62410380269122,14.200000000000001,55.800000000000004
4.800204,17,2,-1.8500198125839233,1.4558571577072144,1.8815174102783203,0.0,3.0136690488142226,141.7993282897996,14.100000000000001,63.5
4.800204,17,3,-2.374191999435425,2.0839195251464844,1.5434948205947876,0.0,3.515947169493999,138.7253317986765,13.200000000000001,69.2
4.800204,17,4,-0.9712603688240051,2.7257118225097656,-1.9972561597824097,0.0,3.515947071729953,109.61264804231973,13.200000000000001,69.2
4.800204,17,5,1.4800158739089966,4.800450325012207,3.330770492553711,0.0,6.027337918517503,72.8650658628998,11.3,70.10000000000001
4.800204,17,6,3.7000396251678467,4.076042652130127,-2.454462766647339,0.0,6.027338085975792,47.768311748749525,11.3,70.10000000000001
5.110045,18,0,-0.11562623083591461,0.04112756624817848,-0.026585835963487625,0.0,0.12556953705694704,160.4198281811986,35.0,53.7
5.110045,18,1,-0.8787593245506287,2.1087374687194824,-0.687859833240509,0.0,2.3858212029931725,112.62261324706522,14.100000000000001,55.7
5.110045,18,2,-1.8500198125839233,1.4478732347488403,1.8876681327819824,0.0,3.013669057872105,141.9523497290148,14.4,63.300000000000004
5.110045,18,3,-2.570756673812866,2.0927929878234863,1.507339358329773,0.0,3.641516759127515,140.85176920506964,11.5,70.7
5.110045,18,4,-1.117720365524292,2.6160032749176025,-2.2732954025268555,0.0,3.6415167083287034,113.13520667017411,11.5,70.7
5.110045,18,5,1.4800158739089966,4.828681945800781,3.2897088527679443,0.0,6.027337775229195,72.95942824838126,11.5,69.8
5.110045,18,6,3.7000396251678467,4.107890605926514,-2.400780200958252,0.0,6.027338055176983,47.990154910161095,11.5,69.8
5.400646,19,0,-0.11562623083591461,0.04112400859594345,-0.026591334491968155,0.0,0.12556953615580166,160.4213931141377,35.5,53.2
5.400646,19,1,-0.8787593245506287,2.0840702056884766,-0.7593262791633606,0.0,2.3858212361682005,112.8629801377125,14.8,55.0
5.400646,19,2,-1.8500198125839233,1.4474098682403564,1.8880234956741333,0.0,3.013669084994269,141.96125040758588,14.700000000000001,63.0
5.400646,19,3,-1.117720365524292,2.67941951751709,-2.1981937885284424,0.0,3.6415166755466464,112.64346662496617,11.8,70.60000000000001
5.400646,19,4,-2.570756673812866,2.1071624755859375,1.4871852397918701,0.0,3.6415166499585925,140.65968348337478,11.8,70.60000000000001
5.400646,19,5,1.4800158739089966,4.87595796585083,3.219221830368042,0.0,6.027337908636361,73.11520634976797,11.4,69.9
5.400646,19,6,3.7000396251678467,4.0604729652404785,-2.480135440826416,0.0,6.0273381964267,47.659164480574454,11.4,69.9
5.702579,20,0,-0.11562623083591461,0.04112860932946205,-0.026584219187498093,0.0,0.12556953640316057,160.41936935845723,35.2,53.5
5.702579,20,1,-0.8787593245506287,2.1014721393585205,-0.7097461223602295,0.0,2.3858211712511346,112.69291041647942,14.5,55.300000000000004
5.702579,20,2,-1.8500198125839233,1.4529054164886475,1.8837976455688477,0.0,3.0136690305449667,141.85582721592252,14.600000000000001,63.1
5.702579,20,3,-2.570756673812866,2.106943130493164,1.4874961376190186,0.0,3.6415167156718122,140.66260770123156,11.700000000000001,70.60000000000001
5.702579,20,4,-1.117720365524292,2.6659109592437744,-2.21455717086792,0.0,3.64151665122739,112.74654760351596,11.700000000000001,70.60000000000001
5.702579,20,5,1.4800158739089966,4.920071601867676,3.151388645172119,0.0,6.0273378823031925,73.25809010974778,11.8,69.60000000000001
5.702579,20,6,3.7000396251678467,4.047811985015869,-2.500746250152588,0.0,6.0273382932686435,47.570070196936506,11.8,69.60000000000001
6.006214,21,0,-0.11562623083591461,0.04112693667411804,-0.026586806401610374,0.0,0.12556953632212647,160.420105114761,35.800000000000004,52.900000000000006
6.006214,21,1,-0.8787593245506287,2.103248119354248,-0.7044662237167358,0.0,2.3858212972495605,112.67568837478369,15.100000000000001,54.800000000000004
6.006214,21,2,-1.8500198125839233,1.4558184146881104,1.881547451019287,0.0,3.0136690883265924,141.80006929806848,15.100000000000001,62.6
6.006214,21,3,-1.117720365524292,2.600572347640991,-2.2909317016601562,0.0,3.641516636306119,113.25792842845793,11.700000000000001,70.7
6.006214,21,4,-2.570756673812866,2.0730698108673096,1.5343518257141113,0.0,3.6415166952459574,141.1171384052796,11.700000000000001,70.7
6.006214,21,5,1.4800158739089966,4.943847179412842,3.113957643508911,0.0,6.0273380630240485,73.33412902415571,11.700000000000001,69.7
6.006214,21,6,3.7000396251678467,4.020672798156738,-2.5441505908966064,0.0,6.027338152684758,47.37806776419712,11.700000000000001,69.7
6.302279,22,0,-0.11562623083591461,0.04113098606467247,-0.02658054232597351,0.0,0.1255695365218625,160.41832390783142,35.7,53.0
6.302279,22,1,-0.8787593245506287,2.0996999740600586,-0.7149722576141357,0.0,2.38582129689345,112.71012018089654,14.9,55.1
6.302279,22,2,-1.8500198125839233,1.4337536096572876,1.8984147310256958,0.0,3.0136690613160764,142.22454294961474,14.700000000000001,63.1
6.302279,22,3,-2.570756673812866,2.0913069248199463,1.5094003677368164,0.0,3.641516716957,140.87169439497816,11.8,70.7
6.302279,22,4,-1.2294923067092896,2.6828949451446533,-2.1333231925964355,0.0,3.641516780547621,114.62060194190902,11.8,70.7
6.599797,23,0,-0.11562623083591461,0.04112963750958443,-0.0265826303511858,0.0,0.12556953681278676,160.41891709288458,35.9,52.800000000000004
6.599797,23,1,-0.8787593245506287,2.095637321472168,-0.7267939448356628,0.0,2.3858212782774624,112.74966665575401,15.200000000000001,54.900000000000006
6.599797,23,2,-1.8500198125839233,1.4399387836456299,1.8937275409698486,0.0,3.0136690274526865,142.10505938758305,14.600000000000001,63.1
6.599797,23,3,-1.2294923067092896,2.6943180561065674,-2.118877649307251,0.0,3.6415166637615464,114.52853368410963,11.5,70.8
6.599797,23,4,-2.570756673812866,2.1168384552001953,1.4733800888061523,0.0,3.6415166905368106,140.53093053816556,11.5,70.8
6.599797,23,5,1.4800158739089966,4.94019889831543,3.119741678237915,0.0,6.027337744052039,73.32250473075658,11.5,69.8
6.599797,23,6,3.7000396251678467,4.110540866851807,-2.396240234375,0.0,6.027338277109439,48.00853034949768,11.5,69.8
6.890794,24,0,-0.11562623083591461,0.04115012660622597,-0.0265509020537138,0.0,0.12556953681882618,160.409905083926,35.1,53.6
6.890794,24,1,-0.8787593245506287,2.1127960681915283,-0.6752908825874329,0.0,2.38582123227118,112.58352281278599,14.3,55.7
6.890794,24,2,-1.8500198125839233,1.4567418098449707,1.880832552909851,0.0,3.0136690428095854,141.78241232478427,14.0,63.7
6.890794,24,3,-2.374191999435425,2.0114192962646484,1.6368534564971924,0.0,3.5159471659306485,139.7286751679398,13.100000000000001,69.2
6.890794,24,4,-1.1870959997177124,2.6704294681549072,-1.9548641443252563,0.0,3.5159471383546728,113.96676118744429,13.100000000000001,69.2
7.205653,25,0,-0.11562623083591461,0.04113421589136124,-0.026575542986392975,0.0,0.12556953635073656,160.41690323100613,35.300000000000004,53.400000000000006
7.205653,25,1,-0.8787593245506287,2.105517864227295,-0.6976528763771057,0.0,2.385821234498133,112.65371420687983,14.700000000000001,55.300000000000004
7.205653,25,2,-1.8500198125839233,1.463932752609253,1.8752410411834717,0.0,3.0136690882799377,141.64520143311606,14.200000000000001,63.5
7.205653,25,3,-2.570756673812866,2.0602338314056396,1.5515446662902832,0.0,3.6415167399746466,141.29091466151107,11.3,70.7
7.205653,25,4,-1.117720365524292,2.599083423614502,-2.292620897293091,0.0,3.6415167220706834,113.26983488120288,11.3,70.7
7.205653,25,5,1.4800158739089966,4.942372798919678,3.1162972450256348,0.0,6.027338084915936,73.32943319262654,11.3,70.10000000000001
7.205653,25,6,3.7000396251678467,4.03774881362915,-2.5169615745544434,0.0,6.027338075598498,47.49903958713498,11.3,70.10000000000001
7.490041,26,0,-0.11562623083591461,0.04113074019551277,-0.026580926030874252,0.0,0.12556953720950711,160.41843205726684,35.4,53.300000000000004
7.490041,26,1,-0.8787593245506287,2.1067028045654297,-0.6940661072731018,0.0,2.3858211203930946,112.6422584209056,14.200000000000001,55.800000000000004
7.490041,26,2,-1.8500198125839233,1.440155029296875,1.893563151359558,0.0,3.0136690633758842,142.1008890107312,14.200000000000001,63.5
7.490041,26,3,-2.374191999435425,2.0444321632385254,1.5954290628433228,0.0,3.515947157571123,139.26804500241994,13.200000000000001,69.10000000000001
7.490041,26,4,-1.0791782140731812,2.780506134033203,-1.8617314100265503,0.0,3.515947073294178,111.21237512153935,13.200000000000001,69.10000000000001
7.490041,26,5,-2.570756673812866,2.086146831512451,1.5165241956710815,0.0,3.641516732714358,140.9409687416726,11.600000000000001,70.7
7.490041,26,6,-1.2294923067092896,2.6537787914276123,-2.169435501098633,0.0,3.641516661985141,114.85822886632421,11.600000000000001,70.7
7.490041,26,7,1.2950139045715332,5.100351810455322,2.9390742778778076,0.0,6.027338319219475,75.75327613872888,11.3,70.10000000000001
7.490041,26,8,3.7000396251678467,4.061003684997559,-2.4792659282684326,0.0,6.027338027724071,47.66289248677126,11.3,70.10000000000001
7.79224,27,0,-0.11562623083591461,0.041165050119161606,-0.026527760550379753,0.0,0.1255695372630304,160.40334169928897,35.5,53.2
7.79224,27,1,-0.8787593245506287,2.1078639030456543,-0.6905319094657898,0.0,2.385821137939306,112.63104377653262,14.600000000000001,55.400000000000006
7.79224,27,2,-1.8500198125839233,1.4560832977294922,1.8813424110412598,0.0,3.0136690502545878,141.79500338248306,14.5,63.2
7.79224,27,3,-2.570756673812866,2.1518266201019287,1.4217932224273682,0.0,3.641516668405224,140.0693143599529,11.8,70.7
7.79224,27,4,-1.117720365524292,2.715193748474121,-2.1538496017456055,0.0,3.641516718923642,112.3747113725072,11.8,70.7
8.094568,28,0,-0.11562623083591461,0.04113829880952835,-0.026569223031401634,0.0,0.12556953650768413,160.41510734784197,34.7,54.0
8.094568,28,1,-0.8787593245506287,2.112305164337158,-0.6768243312835693,0.0,2.3858210815540124,112.58824415014509,14.200000000000001,55.900000000000006
8.094568,28,2,-1.8500198125839233,1.444868564605713,1.889968991279602,0.0,3.0136690700767503,142.01010409403654,14.4,63.300000000000004
8.094568,28,3,-2.374191999435425,2.080077648162842,1.5486682653427124,0.0,3.5159471083407166,138.77774265061018,13.200000000000001,69.10000000000001
8.094568,28,4,-1.0791782140731812,2.6196486949920654,-2.081993818283081,0.0,3.5159469794456193,112.38947248794446,13.200000000000001,69.10000000000001
8.405677,29,0,-0.11562623083591461,0.041161976754665375,-0.026532525196671486,0.0,0.1255695364369234,160.4046933260991,35.300000000000004,53.400000000000006
8.405677,29,1,-0.8787593245506287,2.1037111282348633,-0.703082263469696,0.0,2.3858212696573795,112.67120255126983,14.600000000000001,55.5
8.405677,29,2,-1.8500198125839233,1.494866967201233,1.8506757020950317,0.0,3.013669044687456,141.0608339697182,14.600000000000001,63.1
8.405677,29,3,-2.570756673812866,2.111978530883789,1.4803380966186523,0.0,3.641516726745598,140.59553945801306,11.600000000000001,70.7
8.405677,29,4,-1.117720365524292,2.5888028144836426,-2.3042232990264893,0.0,3.641516694944938,113.35236082035254,11.600000000000001,70.7
8.405677,29,5,1.4800158739089966,4.933671951293945,3.130053758621216,0.0,6.02733792331789,73.30166896817053,11.3,70.10000000000001
8.405677,29,6,3.7000396251678467,4.12437629699707,-2.372347116470337,0.0,6.027338044947256,48.10424533062469,11.3,70.10000000000001
8.696984,30,0,-0.11562623083591461,0.041103094816207886,-0.026623651385307312,0.0,0.12556953640862406,160.430593240355,35.300000000000004,53.400000000000006
8.696984,30,1,-0.8787593245506287,2.084752082824707,-0.757452130317688,0.0,2.3858212269676526,112.85627072764044,14.5,55.6
8.696984,30,2,-1.8500198125839233,1.4573276042938232,1.8803787231445312,0.0,3.0136690587462462,141.77121532372618,14.5,63.2
8.696984,30,3,-2.570756673812866,2.1737325191497803,1.388071060180664,0.0,3.641516745653343,139.78343022510217,11.9,70.7
8.696984,30,4,-1.2294923067092896,2.662322759628296,-2.1589419841766357,0.0,3.641516758128775,114.78805439036434,11.9,70.7
8.696984,30,5,1.2950139045715332,5.031238079071045,3.055877685546875,0.0,6.027338222661097,75.56569429241206,11.700000000000001,69.7
8.696984,30,6,3.7000396251678467,4.087210178375244,-2.4358208179473877,0.0,6.027337996758793,47.8463177360396,11.700000000000001,69.7
9.006238,31,0,-0.11562623083591461,0.041109949350357056,-0.026613064110279083,0.0,0.12556953601191237,160.42757776440715,35.300000000000004,53.400000000000006
9.006238,31,1,-0.8787593245506287,2.1080660820007324,-0.6899142861366272,0.0,2.3858210911093076,112.62909207653028,14.600000000000001,55.5
9.006238,31,2,-1.8500198125839233,1.38148033618927,1.9367860555648804,0.0,3.0136691011558057,143.2499002156255,14.5,63.300000000000004
9.006238,31,3,-2.570756673812866,2.0634443759918213,1.5472723245620728,0.0,3.6415167465111824,141.2473701233089,11.5,70.7
9.006238,31,4,-1.2294923067092896,2.6699142456054688,-2.1495466232299805,0.0,3.6415167302353235,114.72601369827608,11.5,70.7
9.006238,31,5,1.4800158739089966,4.928523063659668,3.138154983520508,0.0,6.027337992567074,73.28519661883558,11.4,70.0
9.006238,31,6,3.7000396251678467,4.024715900421143,-2.537749767303467,0.0,6.027338151154603,47.4067606465808,11.4,70.0
9.006238,31,7,0.7014657855033875,1.5011008977890015,-2.8131144046783447,-0.25578173995018005,3.2648079280998488,64.9532739140464,24.400000000000002,40.6
9.295763,32,0,-0.11562623083591461,0.041116345673799515,-0.026603184640407562,0.0,0.12556953679893543,160.42476396825538,35.6,53.1
9.295763,32,1,-0.8787593245506287,2.120527744293213,-0.6506047248840332,0.0,2.3858211108218836,112.5094083128409,15.0,54.900000000000006
9.295763,32,2,-1.8500198125839233,1.4431352615356445,1.8912928104400635,0.0,3.0136690569574625,142.04346225363514,15.100000000000001,62.6
9.295763,32,3,-2.570756673812866,2.0467758178710938,1.5692555904388428,0.0,3.6415167489246616,141.4740238090655,11.700000000000001,70.60000000000001
9.295763,32,4,-1.2294923067092896,2.66255259513855,-2.158658504486084,0.0,3.6415167434911586,114.78617180044837,11.700000000000001,70.60000000000001
9.295763,32,5,1.4800158739089966,4.859780788421631,3.243591785430908,0.0,6.027338050005943,73.062213444741,11.4,70.10000000000001
9.295763,32,6,3.7000396251678467,4.020908832550049,-2.5437772274017334,0.0,6.027338023550601,47.37974369997725,11.4,70.10000000000001
9.295763,32,7,-3.372431755065918,1.2286275625228882,-2.5362613201141357,-0.17052115499973297,4.394933800852411,159.9825577313513,15.100000000000001,56.0
9.295763,32,8,0.8093836307525635,2.9771437644958496,-3.1300089359283447,-0.17052115499973297,4.39493376459737,74.79083187664443,15.100000000000001,56.0
9.596663,33,0,-0.11562623083591461,0.04110747575759888,-0.026616888120770454,0.0,0.12556953672653015,160.42866594488814,35.4,53.300000000000004
9.596663,33,1,-0.8787593245506287,2.1088850498199463,-0.6874070763587952,0.0,2.3858211568487064,112.62118957218023,14.700000000000001,55.300000000000004
9.596663,33,2,-1.8500198125839233,1.4090496301651,1.9168221950531006,0.0,3.013669108357725,142.70564043142642,14.600000000000001,63.2
9.596663,33,3,-2.374191999435425,2.0993030071258545,1.5225056409835815,0.0,3.5159471259872017,138.5163111613103,13.3,69.2
9.596663,33,4,-1.0791782140731812,2.6562016010284424,-2.035153865814209,0.0,3.5159470730622155,112.1112315578368,13.3,69.2
9.596663,33,5,1.4800158739089966,4.862976551055908,3.2387983798980713,0.0,6.027337958732081,73.0727076439149,11.5,69.9
9.596663,33,6,3.7000396251678467,4.1315460205078125,-2.3598387241363525,0.0,6.027338098308378,48.15370644421936,11.5,69.9
9.596663,33,7,-3.434098958969116,1.652037501335144,-1.6275043487548828,-0.25578173995018005,4.143794634272612,154.30924927655985,18.0,51.2
9.596663,33,8,0.5087553858757019,3.188426971435547,-2.597332000732422,-0.25578173995018005,4.143794410544987,80.93413078008628,18.0,51.2
9.90452,34,0,-0.11562623083591461,0.04111263528466225,-0.026608917862176895,0.0,0.12556953670045112,160.42639618748495,35.5,53.2
9.90452,34,1,-0.8787593245506287,2.09915828704834,-0.7165604829788208,0.0,2.3858211144876806,112.71538551926427,14.700000000000001,55.400000000000006
9.90452,34,2,-2.374191999435425,2.0954971313476562,1.5277396440505981,0.0,3.515947140910012,138.5678978780066,13.0,69.10000000000001
9.90452,34,3,-1.0791782140731812,2.7472851276397705,-1.9104140996932983,0.0,3.515946988022972,111.44570607622731,13.0,69.10000000000001
9.90452,34,4,1.4800158739089966,4.8394646644592285,3.2738261222839355,0.0,6.027337945106509,72.99520317550989,11.8,69.8
9.90452,34,5,3.7000396251678467,4.059786796569824,-2.4812583923339844,0.0,6.0273381580049685,47.654343744397806,11.8,69.8
9.90452,34,6,-3.5612878799438477,1.8235254287719727,-1.0784327983856201,-0.25578173995018005,4.143794596000964,152.88569211029568,15.600000000000001,50.0
9.90452,34,7,0.3815665543079376,3.3437466621398926,-2.417602062225342,-0.25578173995018005,4.1437946989702965,83.48993973406459,15.600000000000001,50.0
10.198179,35,0,-0.11562623083591461,0.041139762848615646,-0.02656695805490017,0.0,0.12556953693014627,160.41446339584297,35.5,53.2
10.198179,35,1,-0.8787593245506287,2.122400999069214,-0.6444675922393799,0.0,2.385821122544919,112.4915209714555,15.100000000000001,55.0
10.198179,35,2,-1.8500198125839233,1.3831170797348022,1.935617446899414,0.0,3.013669036896485,143.21737038753534,15.3,62.6
10.198179,35,3,-2.570756673812866,2.0794899463653564,1.5256394147872925,0.0,3.641516708315437,141.03053877130307,11.700000000000001,70.7
10.198179,35,4,-1.2294923067092896,2.678196907043457,-2.1392180919647217,0.0,3.6415167238588446,114.65865563691553,11.700000000000001,70.7
10.198179,35,5,1.4800158739089966,4.713419437408447,3.452829360961914,0.0,6.027337751933521,72.56768738230673,11.4,70.10000000000001
10.198179,35,6,3.7000396251678467,4.065718650817871,-2.4715263843536377,0.0,6.027338056221558,47.69598909039594,11.4,70.10000000000001
10.198179,35,7,0.6744863390922546,3.3032283782958984,-2.8194315433502197,-0.17052115499973297,4.394933875320495,78.45941646832581,15.0,56.400000000000006
10.198179,35,8,-3.507329225540161,1.2916574478149414,-2.3120782375335693,-0.17052115499973297,4.3949337919131715,159.78256975935795,15.0,56.400000000000006
10.500895,36,0,-0.11562623083591461,0.04111786559224129,-0.026600832119584084,0.0,0.1255695361050447,160.42409535787743,35.2,53.5
10.500895,36,1,-0.8787593245506287,2.0997729301452637,-0.71475750207901,0.0,2.385821157470469,112.7094112054512,15.200000000000001,55.0
10.500895,36,2,-1.8500198125839233,1.450358271598816,1.8857594728469849,0.0,3.0136690615228967,141.90465225577677,15.100000000000001,62.5
10.500895,36,3,-2.374191999435425,2.080603837966919,1.5479611158370972,0.0,3.5159470412521125,138.77055940361535,13.0,69.10000000000001
10.500895,36,4,-1.0791782140731812,2.618574857711792,-2.0833444595336914,0.0,3.5159471043006665,112.397747015977,13.0,69.10000000000001
10.500895,36,5,-2.570756673812866,2.0984373092651367,1.4994714260101318,0.0,3.641516658521578,140.77619262854404,11.4,70.7
10.500895,36,6,-1.117720365524292,2.625389814376831,-2.26244854927063,0.0,3.6415167075050126,113.06115275669197,11.4,70.7
10.500895,36,7,1.4800158739089966,4.849347114562988,3.2591700553894043,0.0,6.027338042161727,73.02786339450763,11.8,69.7
10.500895,36,8,3.7000396251678467,3.9919214248657227,-2.5890297889709473,0.0,6.027338147000975,47.17312271222778,11.8,69.7
10.500895,36,9,-3.4071197509765625,1.4833028316497803,-2.1020989418029785,-0.17052115499973297,4.269364384660093,156.47391196424115,18.3,56.300000000000004
10.500895,36,10,0.655215322971344,2.928520441055298,-3.0367634296417236,-0.17052115499973297,4.269364264237068,77.3885696692351,18.3,56.300000000000004
10.79941,37,0,-0.11562623083591461,0.04107680171728134,-0.02666420117020607,0.0,0.12556953659501288,160.44216125923174,34.800000000000004,53.900000000000006
10.79941,37,1,-0.8787593245506287,2.10583233833313,-0.6967024207115173,0.0,2.3858210433055413,112.65067285851603,14.3,55.800000000000004
10.79941,37,2,-1.8500198125839233,1.4782344102859497,1.863987922668457,0.0,3.0136690685210237,141.3738489120734,14.9,62.7
10.79941,37,3,-2.374191999435425,2.0867133140563965,1.5397156476974487,0.0,3.515947152760943,138.68727173059153,13.100000000000001,69.0
10.79941,37,4,-1.0791782140731812,2.60923433303833,-2.0950307846069336,0.0,3.515947014800835,112.4699664799426,13.100000000000001,69.0
10.79941,37,5,1.4800158739089966,4.64750862121582,3.541048049926758,0.0,6.027338107588464,72.3357362559621,11.5,69.8
10.79941,37,6,3.7000396251678467,4.0516815185546875,-2.494471788406372,0.0,6.027338206767986,47.59733201073831,11.5,69.8
10.79941,37,7,0.655215322971344,3.1464362144470215,-2.810356616973877,-0.17052115499973297,4.269364388947024,78.23681109215491,16.5,54.1
10.79941,37,8,-3.4071197509765625,1.5266211032867432,-2.0708537101745605,-0.17052115499973297,4.269364364801717,155.86437884177548,16.5,54.1
11.081692,38,0,-0.11562623083591461,0.04107201099395752,-0.026671580970287323,0.0,0.12556953681471703,160.44426918414325,35.4,53.300000000000004
11.081692,38,1,-0.8787593245506287,2.130232810974121,-0.6180884838104248,0.0,2.385821274373764,112.41702758455106,14.9,55.0
11.081692,38,2,-1.8500198125839233,1.4048792123794556,1.919880747795105,0.0,3.013669025305079,142.78747074718777,15.100000000000001,62.7
11.081692,38,3,-2.570756673812866,2.0747568607330322,1.5320699214935303,0.0,3.6415167377697677,141.09436172084654,11.600000000000001,70.7
11.081692,38,4,-1.117720365524292,2.5589711666107178,-2.337308645248413,0.0,3.641516710136828,113.594986439805,11.600000000000001,70.7
11.397988,39,0,-0.11562623083591461,0.04110855981707573,-0.026615211740136147,0.0,0.12556953628777398,160.42818904470576,35.0,53.7
11.397988,39,1,-0.8787593245506287,2.127467155456543,-0.6275410056114197,0.0,2.38582106658375,112.44327999854336,14.5,55.6
11.397988,39,2,-1.8500198125839233,1.3703614473342896,1.9446690082550049,0.0,3.013669085178512,143.4716165618721,14.600000000000001,63.300000000000004
11.397988,39,3,-2.570756673812866,2.1173927783966064,1.4725831747055054,0.0,3.6415166154207284,140.52356885386394,11.9,70.7
11.397988,39,4,-1.2294923067092896,2.683410882949829,-2.132674217224121,0.0,3.6415168015269996,114.61642960145812,11.9,70.7
11.397988,39,5,1.4800158739089966,4.654229640960693,3.5322093963623047,0.0,6.027338032462579,72.35966190950685,11.600000000000001,69.9
11.397988,39,6,3.7000396251678467,4.102717876434326,-2.40960955619812,0.0,6.027338169934329,47.9542523419016,11.600000000000001,69.9
11.697916,40,0,-0.11562623083591461,0.04107479751110077,-0.026667289435863495,0.0,0.12556953680632202,160.44304310602925,34.800000000000004,53.900000000000006
11.697916,40,1,-0.8787593245506287,2.10679030418396,-0.6938008666038513,0.0,2.385821237810678,112.64141292582084,14.4,55.7
11.697916,40,2,-1.8500198125839233,1.4407432079315186,1.8931156396865845,0.0,3.013669046756761,142.08954816013292,14.200000000000001,63.400000000000006
11.697916,40,3,-2.570756673812866,2.1231937408447266,1.4642070531845093,0.0,3.6415166938668397,140.4466226279345,11.600000000000001,70.7
11.697916,40,4,-1.2294923067092896,2.5988845825195312,-2.23490309715271,0.0,3.64151675256037,115.31811073906736,11.600000000000001,70.7
11.697916,40,5,1.4800158739089966,4.48100471496582,3.7495269775390625,0.0,6.027337952849645,71.72230226406336,12.0,69.60000000000001
11.697916,40,6,3.7000396251678467,4.075780868530273,-2.454897403717041,0.0,6.027338067411374,47.76648035890085,12.0,69.60000000000001
12.007359,41,0,-0.11562623083591461,0.04112648218870163,-0.026587512344121933,0.0,0.12556953693944498,160.42030503188894,34.800000000000004,53.900000000000006
12.007359,41,1,-0.8787593245506287,2.081157684326172,-0.76727294921875,0.0,2.3858212498251814,112.89168024638143,14.100000000000001,55.900000000000006
12.007359,41,2,-1.8500198125839233,1.4315059185028076,1.900110125541687,0.0,3.0136690247682587,142.26805919675735,14.3,63.400000000000006
12.007359,41,3,-2.374191999435425,2.153191566467285,1.4452896118164062,0.0,3.5159470465457012,137.79462714825777,13.100000000000001,69.10000000000001
12.007359,41,4,-0.9712603688240051,2.9470503330230713,-1.6533091068267822,0.0,3.5159470092900875,108.24068679156876,13.100000000000001,69.10000000000001
12.007359,41,5,1.4800158739089966,4.800786018371582,3.3302865028381348,0.0,6.027337851174474,72.86619385138683,11.5,69.9
12.007359,41,6,3.7000396251678467,4.177696704864502,-2.2771389484405518,0.0,6.027338116959499,48.46981272194048,11.5,69.9
12.298305,42,0,-0.11562623083591461,0.04113508760929108,-0.026574190706014633,0.0,0.12556953572273769,160.41651980003346,35.300000000000004,53.400000000000006
12.298305,42,1,-0.8787593245506287,2.1320955753326416,-0.6116313934326172,0.0,2.385821127886588,112.39937848437653,14.4,55.5
12.298305,42,2,-1.8500198125839233,1.4012385606765747,1.9225395917892456,0.0,3.0136690748781914,142.85905161634864,14.5,63.2
12.298305,42,3,-2.374191999435425,2.073047399520874,1.558066487312317,0.0,3.5159471483128386,138.873867182969,13.3,69.0
12.298305,42,4,-1.0791782140731812,2.635735034942627,-2.061591386795044,0.0,3.5159470755774618,112.2662088043946,13.3,69.0
12.298305,42,5,1.4800158739089966,4.861055850982666,3.24168062210083,0.0,6.027338071578485,73.06640199079736,11.4,70.0
12.298305,42,6,3.7000396251678467,4.078296661376953,-2.4507157802581787,0.0,6.027338112435462,47.78407504768976,11.4,70.0
12.600662,43,0,-0.11562623083591461,0.04112910479307175,-0.02658345364034176,0.0,0.12556953661556566,160.41915141857078,35.6,53.1
12.600662,43,1,-0.8787593245506287,2.1300418376922607,-0.6187461018562317,0.0,2.385821225357504,112.4188384866157,14.9,55.0
12.600662,43,2,-1.8500198125839233,1.384703516960144,1.9344829320907593,0.0,3.013669084585318,143.18586671692105,15.0,62.900000000000006
12.600662,43,3,-2.374191999435425,2.069648265838623,1.562578797340393,0.0,3.515947111713962,138.92044476436962,13.3,69.0
12.600662,43,4,-1.0791782140731812,2.640803337097168,-2.0550951957702637,0.0,3.5159471194305154,112.22763873663435,13.3,69.0
12.600662,43,5,-1.2294923067092896,2.659419536590576,-2.1625170707702637,0.0,3.641516673754188,114.8118578670939,11.600000000000001,70.7
12.600662,43,6,-2.570756673812866,2.1088790893554688,1.4847502708435059,0.0,3.641516752157541,140.6368067480309,11.600000000000001,70.7
12.600662,43,7,1.4800158739089966,4.811408996582031,3.3149211406707764,0.0,6.027338192625262,72.90181465566059,11.600000000000001,70.10000000000001
12.600662,43,8,3.7000396251678467,4.124610900878906,-2.371939182281494,0.0,6.027338035642561,48.10586527910348,11.600000000000001,70.10000000000001
12.897745,44,0,-0.11562623083591461,0.0411013625562191,-0.026626326143741608,0.0,0.12556953653339203,160.43135532143174,34.7,54.0
12.897745,44,1,-0.8787593245506287,2.135327100753784,-0.6002523303031921,0.0,2.3858211663351154,112.36882326237422,14.200000000000001,55.900000000000006
12.897745,44,2,-1.8500198125839233,1.512385368347168,1.836387276649475,0.0,3.0136690327877296,140.7341096613562,14.3,63.300000000000004
12.897745,44,3,-2.374191999435425,2.063408136367798,1.5708098411560059,0.0,3.515947147567006,139.0061240229078,13.5,69.0
12.897745,44,4,-1.0791782140731812,2.5573527812957764,-2.1580557823181152,0.0,3.515947045296342,112.87927583349804,13.5,69.0
12.897745,44,5,1.4800158739089966,4.885626792907715,3.20452880859375,0.0,6.027337806337688,73.14672587701035,11.8,69.8
12.897745,44,6,3.7000396251678467,4.127005100250244,-2.3677711486816406,0.0,6.027338097189581,48.12239147735607,11.8,69.8
12.897745,44,7,-0.09635519236326218,3.0947210788726807,0.5179135799407959,-0.17052115499973297,3.1392383400120067,91.78334744830296,33.9,40.800000000000004
13.18825,45,0,-0.11562623083591461,0.04110054299235344,-0.026627590879797935,0.0,0.12556953646346075,160.4317158784309,34.800000000000004,53.900000000000006
13.18825,45,1,-0.8787593245506287,2.134714126586914,-0.6024291515350342,0.0,2.385821291579407,112.37461307202675,14.100000000000001,55.900000000000006
13.18825,45,2,-1.8500198125839233,1.3709715604782104,1.9442389011383057,0.0,3.0136690646606508,143.45941748368259,14.700000000000001,63.300000000000004
13.18825,45,3,-2.570756673812866,2.124654769897461,1.4620862007141113,0.0,3.641516693016805,140.42726983002822,11.700000000000001,70.7
13.18825,45,4,-1.2294923067092896,2.759828567504883,-2.03281569480896,0.0,3.6415168135455613,114.01277607130535,11.700000000000001,70.7
13.49532,46,0,-0.11562623083591461,0.04112903028726578,-0.02658357098698616,0.0,0.12556953705461835,160.41918419144835,35.1,53.5
13.49532,46,1,-0.8787593245506287,2.127652406692505,-0.6269133687019348,0.0,2.3858212602888536,112.44151971746695,14.4,55.300000000000004
13.49532,46,2,-1.8500198125839233,1.443875789642334,1.8907275199890137,0.0,3.0136690524528627,142.029206763644,15.200000000000001,62.5
13.49532,46,3,-2.570756673812866,2.124363899230957,1.4625087976455688,0.0,3.641516694387084,140.43112184318989,11.9,70.60000000000001
13.49532,46,4,-1.2294923067092896,2.5815296173095703,-2.254927396774292,0.0,3.641516725490508,115.46682747315865,11.9,70.60000000000001
13.49532,46,5,1.4800158739089966,4.7482008934021,3.4048409461975098,0.0,6.0273377688686285,72.6877252946116,11.700000000000001,70.0
13.49532,46,6,3.7000396251678467,4.081079006195068,-2.446079969406128,0.0,6.0273382433167155,47.80352005884286,11.700000000000001,70.0
13.795741,47,0,-0.11562623083591461,0.04108355939388275,-0.026653790846467018,0.0,0.12556953721455738,160.4391879658261,35.2,53.5
13.795741,47,1,-0.8787593245506287,2.121520757675171,-0.6473591923713684,0.0,2.385821074531579,112.49992286532196,14.8,55.300000000000004
13.795741,47,2,-1.8500198125839233,1.3846467733383179,1.9345234632492065,0.0,3.013669030223952,143.18699309206184,15.100000000000001,62.800000000000004
13.795741,47,3,-1.2294923067092896,2.610471487045288,-2.221358060836792,0.0,3.641516765220004,115.21972129294159,11.600000000000001,70.60000000000001
13.795741,47,4,-2.570756673812866,2.1171388626098633,1.4729485511779785,0.0,3.6415167545878027,140.5269407868517,11.600000000000001,70.60000000000001
13.795741,47,5,1.4800158739089966,4.630383014678955,3.563412666320801,0.0,6.027338026039812,72.27448715306909,11.700000000000001,70.10000000000001
13.795741,47,6,3.7000396251678467,4.06641960144043,-2.4703731536865234,0.0,6.027338145586844,47.70090581434787,11.700000000000001,70.10000000000001
13.795741,47,7,-0.10020940005779266,3.260622024536133,0.13142766058444977,0.08526057749986649,3.264807979149272,91.76032946276632,17.3,61.300000000000004
14.097692,48,0,-0.11562623083591461,0.04109698161482811,-0.026633089408278465,0.0,0.12556953693710543,160.43328268121604,34.6,54.1
14.097692,48,1,-0.8787593245506287,2.132765293121338,-0.6092920899391174,0.0,2.3858211577756623,112.3930395618505,14.0,56.1
14.097692,48,2,-1.8500198125839233,1.4731022119522095,1.868046522140503,0.0,3.013669066552062,141.4709896293521,14.3,63.300000000000004
14.097692,48,3,-2.374191999435425,2.0574514865875244,1.578603982925415,0.0,3.5159472130213185,139.08811929423715,13.100000000000001,69.0
14.097692,48,4,-1.0791782140731812,2.6150193214416504,-2.0878055095672607,0.0,3.5159470296099085,112.42518589842305,13.100000000000001,69.0
14.097692,48,5,1.4800158739089966,4.627933502197266,3.5665934085845947,0.0,6.027338055057268,72.26569293947898,12.4,69.3
14.097692,48,6,3.7000396251678467,4.17587423324585,-2.2804791927337646,0.0,6.027338068184866,48.45740393471964,12.4,69.3
14.410146,49,0,-0.11562623083591461,0.041088517755270004,-0.026646144688129425,0.0,0.12556953681281968,160.43700641840698,35.7,53.0
14.410146,49,1,-0.8787593245506287,2.1170294284820557,-0.6618995666503906,0.0,2.3858211558865245,112.54288535807402,14.700000000000001,55.1
14.410146,49,2,-1.8500198125839233,1.4157991409301758,1.9118422269821167,0.0,3.0136690620045887,142.5735804440621,14.600000000000001,63.0
14.410146,49,3,-2.374191999435425,1.9894074201583862,1.6635369062423706,0.0,3.5159471799210613,140.03933845035857,13.100000000000001,69.0
14.410146,49,4,-1.0791782140731812,2.5508198738098145,-2.165773868560791,0.0,3.5159471122435946,112.9318182932164,13.100000000000001,69.0
14.410146,49,5,1.4800158739089966,4.616640090942383,3.5811991691589355,0.0,6.0273377377996455,72.22503798805309,11.8,69.8
14.410146,49,6,3.7000396251678467,4.1510515213012695,-2.3253562450408936,0.0,6.027338021602944,48.287786182738095,11.8,69.8
14.706275,50,0,-0.11562623083591461,0.041107915341854095,-0.026616210117936134,0.0,0.12556953691925196,160.4284725623434,35.5,53.2
14.706275,50,1,-0.8787593245506287,2.1167943477630615,-0.6626507639884949,0.0,2.385821094763993,112.54513834178411,14.9,55.1
14.706275,50,2,-1.8500198125839233,1.4178330898284912,1.9103343486785889,0.0,3.013669076276775,142.53387555976718,15.200000000000001,62.6
14.706275,50,3,-2.374191999435425,2.061274766921997,1.5736082792282104,0.0,3.515947145704566,139.03546715766404,13.100000000000001,69.0
14.706275,50,4,-1.0791782140731812,2.6611056327819824,-2.0287373065948486,0.0,3.515947079482838,112.07440104163094,13.100000000000001,69.0
15.000827,51,0,-0.11562623083591461,0.04112815484404564,-0.02658492513000965,0.0,0.12556953699987997,160.41956927375892,35.6,53.1
15.000827,51,1,-0.8787593245506287,2.106020927429199,-0.696133017539978,0.0,2.3858212999643826,112.64884934287645,15.0,55.0
15.000827,51,2,-1.8500198125839233,1.4873296022415161,1.8567386865615845,0.0,3.0136690599386324,141.2023422775925,15.4,62.400000000000006
15.000827,51,3,-2.570756673812866,2.055056571960449,1.5583957433700562,0.0,3.6415168107349354,141.36124559734765,11.600000000000001,70.60000000000001
15.000827,51,4,-1.117720365524292,2.533703327178955,-2.364675998687744,0.0,3.64151670934452,113.80424127604886,11.600000000000001,70.60000000000001
15.293882,52,0,-0.11562623083591461,0.041086990386247635,-0.026648497208952904,0.0,0.12556953627299652,160.43767841395038,34.9,53.7
15.293882,52,1,-0.8787593245506287,2.12178111076355,-0.6465058326721191,0.0,2.3858212054042838,112.49743717839367,14.0,55.900000000000006
15.293882,52,2,-1.8500198125839233,1.478890061378479,1.863467812538147,0.0,3.0136690941380415,141.36145786306642,13.600000000000001,63.6
15.293882,52,3,-2.374191999435425,2.049039602279663,1.5895072221755981,0.0,3.5159471200861323,139.20425904170483,13.3,69.10000000000001
15.293882,52,4,-1.0791782140731812,2.4789295196533203,-2.2477023601531982,0.0,3.515946967884624,113.52543922699728,13.3,69.10000000000001
15.293882,52,5,1.4800158739089966,4.622920036315918,3.573089122772217,0.0,6.027337930501899,72.24766728981682,11.5,69.9
15.293882,52,6,3.7000396251678467,4.105899810791016,-2.404183864593506,0.0,6.0273382631836485,47.97634322867752,11.5,69.9
15.597031,53,0,-0.11562623083591461,0.041107915341854095,-0.026616210117936134,0.0,0.12556953691925196,160.4284725623434,33.9,54.7
15.597031,53,1,-0.8055294156074524,2.1295926570892334,-0.7128115296363831,0.0,2.3858212006183166,110.71938300170817,13.700000000000001,56.400000000000006
15.597031,53,2,-1.8500198125839233,1.507043719291687,1.8407734632492065,0.0,3.013669029905582,140.8334124925697,14.0,63.7
15.597031,53,3,-2.374191999435425,2.0965769290924072,1.5262576341629028,0.0,3.51594721741187,138.5532534276443,13.100000000000001,69.2
15.597031,53,4,-1.0791782140731812,2.734764337539673,-1.9282950162887573,0.0,3.51594699468764,111.53492097738811,13.100000000000001,69.2
15.907162,54,0,-0.11562623083591461,0.04112667217850685,-0.026587218046188354,0.0,0.1255695368520333,160.42022145991442,35.7,53.0
15.907162,54,1,-0.8787593245506287,2.11197566986084,-0.677851676940918,0.0,2.3858210487168634,112.59141415929423,14.9,54.900000000000006
15.907162,54,2,-1.9425207376480103,1.1665008068084717,1.9869800806045532,0.0,3.013668991312195,149.0148127076442,14.9,62.7
15.907162,54,3,-2.374191999435425,2.140049457550049,1.4646790027618408,0.0,3.515947086074371,137.9691297563324,13.200000000000001,69.0
15.907162,54,4,-0.9712603688240051,2.8670034408569336,-1.7885265350341797,0.0,3.5159468995499643,108.71493897021355,13.200000000000001,69.0
15.907162,54,5,1.4800158739089966,4.6095757484436035,3.590287685394287,0.0,6.0273378229161745,72.19951535686009,11.5,69.8
15.907162,54,6,3.7000396251678467,4.2201924324035645,-2.1973824501037598,0.0,6.027338303625617,48.75744347881366,11.5,69.8
16.197177,55,0,-0.11562623083591461,0.04109562560915947,-0.026635177433490753,0.0,0.12556953602861623,160.4338792542995,34.800000000000004,53.900000000000006
16.197177,55,1,-0.8787593245506287,2.1012604236602783,-0.710372805595398,0.0,2.3858212090295297,112.69496512003508,14.3,55.800000000000004
16.197177,55,2,-1.8500198125839233,1.4807612895965576,1.8619811534881592,0.0,3.0136690461405697,141.32611735979856,14.5,63.300000000000004
16.197177,55,3,-2.570756673812866,1.9502309560775757,1.6877361536026,0.0,3.6415167145262353,142.81526871648717,11.700000000000001,70.60000000000001
16.197177,55,4,-1.2294923067092896,2.489773988723755,-2.3558478355407715,0.0,3.641516836622462,116.28093532039941,11.700000000000001,70.60000000000001
16.197177,55,5,1.4800158739089966,4.736121654510498,3.421623706817627,0.0,6.027338061234185,72.64621941043261,11.5,69.9
16.197177,55,6,3.7000396251678467,4.158386707305908,-2.312213659286499,0.0,6.027338155562682,48.33802642463647,11.5,69.9
16.503062,56,0,-0.11562623083591461,0.04107563570141792,-0.02666599489748478,0.0,0.12556953607252236,160.44267430275676,35.0,53.6
16.503062,56,1,-0.8787593245506287,2.0980892181396484,-0.7196852564811707,0.0,2.385821281268756,112.72578393425988,14.5,55.5
16.503062,56,2,-1.8500198125839233,1.4859973192214966,1.8578051328659058,0.0,3.0136690679949307,141.22741351020255,14.200000000000001,63.0
16.503062,56,3,-2.374191999435425,2.040536880493164,1.6004079580307007,0.0,3.515947104688003,139.3220673610219,13.3,68.9
16.503062,56,4,-1.0791782140731812,2.5047836303710938,-2.2188549041748047,0.0,3.5159470613884047,113.30864309669965,13.3,68.9
16.503062,56,5,1.4800158739089966,4.686742305755615,3.4889543056488037,0.0,6.027337934319545,72.47452069307968,11.4,69.9
16.503062,56,6,3.7000396251678467,4.179201126098633,-2.27437686920166,0.0,6.027338170648454,48.48005140733981,11.4,69.9
16.802485,57,0,-0.11562623083591461,0.04113541170954704,-0.02657369151711464,0.0,0.1255695362525518,160.41637724282972,35.6,53.1
16.802485,57,1,-0.8787593245506287,2.094681739807129,-0.7295430898666382,0.0,2.3858211713240913,112.75898738420898,14.700000000000001,55.1
16.802485,57,2,-1.8500198125839233,1.4791290760040283,1.8632780313491821,0.0,3.0136690515950932,141.35694182775782,15.0,62.6
16.802485,57,3,-2.374191999435425,2.00232195854187,1.647969365119934,0.0,3.5159470849567587,139.85672582475857,13.4,68.9
16.802485,57,4,-1.0791782140731812,2.339721918106079,-2.392270803451538,0.0,3.51594707992638,114.7611398812508,13.4,68.9
17.088012,58,0,-0.11562623083591461,0.04114143177866936,-0.026564370840787888,0.0,0.12556953637043508,160.41372932961693,33.300000000000004,55.400000000000006
17.088012,58,1,-0.8787593245506287,2.091090440750122,-0.7397738099098206,0.0,2.3858211315414466,112.7940816068932,12.9,57.1
17.088012,58,2,-1.8500198125839233,1.4326531887054443,1.8992453813552856,0.0,3.01366910669707,142.24584116687845,14.4,63.300000000000004
17.088012,58,3,-2.374191999435425,2.067333459854126,1.5656399726867676,0.0,3.515947071343685,138.95220187612776,13.3,69.0
17.088012,58,4,-1.0791782140731812,2.513892889022827,-2.208528995513916,0.0,3.5159470131438875,113.23315486900076,13.3,69.0
17.088012,58,5,1.4800158739089966,4.622898101806641,3.573117733001709,0.0,6.027338067555306,72.24758834753838,11.3,70.0
17.088012,58,6,3.7000396251678467,4.165783882141113,-2.2988598346710205,0.0,6.027338145482015,48.388591158836775,11.3,70.0
17.088012,58,7,0.37000396847724915,2.468055486679077,-1.6893787384033203,-0.34104230999946594,3.0136690833243125,81.47387413308863,15.4,41.300000000000004
17.088012,58,8,0.5087553858757019,3.430734634399414,-2.267655372619629,-0.25578173995018005,4.1437945247437025,81.5648862190883,14.3,46.5
17.088012,58,9,-3.434098958969116,0.8890125155448914,-2.141881227493286,-0.25578173995018005,4.14379465049565,165.48601796750833,14.3,46.5
17.390617,59,0,-0.11562623083591461,0.04111425206065178,-0.026606420055031776,0.0,0.12556953678329716,160.4256849553619,35.9,52.800000000000004
17.390617,59,1,-0.8787593245506287,2.1124064922332764,-0.6765084862709045,0.0,2.3858212152025398,112.58726946153705,15.200000000000001,54.5
17.390617,59,2,-1.8500198125839233,1.4525797367095947,1.8840488195419312,0.0,3.0136690516494533,141.8620663805399,15.600000000000001,62.1
17.390617,59,3,-2.374191999435425,2.0282247066497803,1.6159831285476685,0.0,3.515947181428993,139.49339796060465,13.4,68.9
17.390617,59,4,-1.0791782140731812,2.567464828491211,-2.1460156440734863,0.0,3.515947156582096,112.79839514691231,13.4,68.9
17.390617,59,5,1.4800158739089966,4.7022247314453125,3.468059539794922,0.0,6.027337835529141,72.52870833241293,11.9,69.4
17.390617,59,6,3.7000396251678467,4.149930477142334,-2.3273563385009766,0.0,6.027338029286867,48.28009919431388,11.9,69.4
17.698221,60,0,-0.11562623083591461,0.04117463156580925,-0.026512881740927696,0.0,0.1255695362741647,160.39912804603512,35.9,52.800000000000004
17.698221,60,1,-0.8787593245506287,2.119800567626953,-0.6529703140258789,0.0,2.3858211642944416,112.51635924922329,15.0,54.800000000000004
17.698221,60,2,-1.8500198125839233,1.4507691860198975,1.8854433298110962,0.0,3.013669040884723,141.8967712101539,15.0,62.6
17.698221,60,3,-2.374191999435425,2.0391347408294678,1.6021941900253296,0.0,3.5159471503411086,139.3415346207707,13.700000000000001,68.7
17.698221,60,4,-1.0791782140731812,2.5671491622924805,-2.146393060684204,0.0,3.515947043136809,112.80091180024246,13.700000000000001,68.7
17.698221,60,5,1.4800158739089966,4.568797588348389,3.642038345336914,0.0,6.027337861711844,72.05079162722475,12.0,69.3
17.698221,60,6,3.7000396251678467,4.1414361000061035,-2.3424384593963623,0.0,6.027338063714793,48.22177808320222,12.0,69.3
17.993166,61,0,-0.11562623083591461,0.04113991558551788,-0.026566723361611366,0.0,0.12556953731648507,160.41439621539675,35.300000000000004,53.400000000000006
17.993166,61,1,-0.8787593245506287,2.0972390174865723,-0.722158670425415,0.0,2.3858211567976597,112.73405994138031,15.0,55.1
17.993166,61,2,-1.8500198125839233,1.4151538610458374,1.9123198986053467,0.0,3.0136690515031606,142.58618581361304,15.200000000000001,62.6
17.993166,61,3,-2.570756673812866,2.1406257152557373,1.4386018514633179,0.0,3.641516664221271,140.2164218300666,11.5,70.60000000000001
17.993166,61,4,-1.117720365524292,2.8020877838134766,-2.0395216941833496,0.0,3.6415166489731994,111.74648421794947,11.5,70.60000000000001
17.993166,61,5,1.4800158739089966,4.609340667724609,3.590589761734009,0.0,6.027337987472715,72.1986648187682,11.600000000000001,70.0
17.993166,61,6,3.7000396251678467,4.131911754608154,-2.3591980934143066,0.0,6.027338021021466,48.156226947581274,11.600000000000001,70.0
18.292696,62,0,-0.11562623083591461,0.04112963750958443,-0.0265826303511858,0.0,0.12556953681278676,160.41891709288458,35.4,53.300000000000004
18.292696,62,1,-0.8787593245506287,2.091733455657959,-0.7379538416862488,0.0,2.385821173613596,112.78779052816603,15.200000000000001,55.0
18.292696,62,2,-1.8500198125839233,1.4391342401504517,1.8943390846252441,0.0,3.013669065386125,142.12057945471582,15.100000000000001,62.6
18.292696,62,3,-2.570756673812866,2.0867390632629395,1.5157090425491333,0.0,3.641516675200883,140.93301110428794,11.4,70.60000000000001
18.292696,62,4,-1.117720365524292,2.728134870529175,-2.137434244155884,0.0,3.641516694372721,112.27897559292748,11.4,70.60000000000001
18.59979,63,0,-0.11562623083591461,0.04114724323153496,-0.026555370539426804,0.0,0.12556953686050437,160.41117325837962,35.4,53.300000000000004
18.59979,63,1,-0.8787593245506287,2.117258310317993,-0.6611670255661011,0.0,2.3858211455998135,112.54069219371367,14.9,55.2
18.59979,63,2,-1.8500198125839233,1.3902177810668945,1.9305238723754883,0.0,3.013669060723036,143.0765652231678,15.0,62.800000000000004
18.59979,63,3,-1.117720365524292,2.824695110321045,-2.008094310760498,0.0,3.641516722835151,111.58850404245494,11.700000000000001,70.60000000000001
18.59979,63,4,-2.570756673812866,2.1672916412353516,1.3981059789657593,0.0,3.641516615716839,139.8672382657431,11.700000000000001,70.60000000000001
18.59979,63,5,1.4800158739089966,4.60467529296875,3.5965709686279297,0.0,6.027338075226633,72.18176889145421,11.600000000000001,69.9
18.59979,63,6,3.7000396251678467,4.078969478607178,-2.4495959281921387,0.0,6.02733817257972,47.78877850878853,11.600000000000001,69.9
18.899833,64,0,-0.11562623083591461,0.04114243760704994,-0.02656281180679798,0.0,0.12556953611705976,160.41328692686463,35.5,53.2
18.899833,64,1,-0.8787593245506287,2.1196019649505615,-0.6536142230033875,0.0,2.385821031179682,112.51825836007328,15.100000000000001,55.0
18.899833,64,2,-1.8500198125839233,1.437910795211792,1.8952678442001343,0.0,3.0136690201809966,142.14419289235852,15.100000000000001,62.6
18.899833,64,3,-2.570756673812866,2.1096274852752686,1.4836864471435547,0.0,3.6415166450285117,140.62683781520408,11.700000000000001,70.60000000000001
18.899833,64,4,-1.117720365524292,2.6424918174743652,-2.242449998855591,0.0,3.641516692024653,112.92737494173068,11.700000000000001,70.60000000000001
18.899833,64,5,1.4800158739089966,4.466232776641846,3.7671103477478027,0.0,6.027337934302432,71.66588632271099,11.5,69.9
18.899833,64,6,3.7000396251678467,4.078012466430664,-2.451188564300537,0.0,6.027338075961382,47.78208807132263,11.5,69.9
19.187413,65,0,-0.11562623083591461,0.04114484786987305,-0.026559077203273773,0.0,0.12556953589722575,160.41222680868015,34.5,54.2
19.187413,65,1,-0.8787593245506287,2.1223976612091064,-0.6444785594940186,0.0,2.3858211157666553,112.49155282005457,14.100000000000001,56.0
19.187413,65,2,-1.8500198125839233,1.419854760169983,1.9088321924209595,0.0,3.013669057105146,142.49445211469396,14.600000000000001,63.2
19.187413,65,3,-2.570756673812866,2.1410467624664307,1.4379750490188599,0.0,3.6415166286345815,140.2108805784056,11.700000000000001,70.60000000000001
19.187413,65,4,-1.117720365524292,2.7802300453186035,-2.069218635559082,0.0,3.641516673330637,111.9013315285557,11.700000000000001,70.60000000000001
19.187413,65,5,1.4800158739089966,4.646841526031494,3.5419228076934814,0.0,6.0273377481880495,72.33335808580192,11.3,70.10000000000001
19.187413,65,6,3.7000396251678467,4.119872093200684,-2.3801610469818115,0.0,6.027338210330955,48.073123828068546,11.3,70.10000000000001
19.502938,66,0,-0.11562623083591461,0.04114089906215668,-0.026565194129943848,0.0,0.12556953600346057,160.41396364020744,35.1,53.6
19.502938,66,1,-0.8787593245506287,2.1066391468048096,-0.6942598223686218,0.0,2.385821272914315,112.64287357345309,14.200000000000001,55.800000000000004
19.502938,66,2,-1.8500198125839233,1.445817232131958,1.8892433643341064,0.0,3.013669070313332,141.99185941644592,14.600000000000001,63.2
19.502938,66,3,-2.570756673812866,2.1358840465545654,1.4456326961517334,0.0,3.6415167758040914,140.2788868911713,11.600000000000001,70.60000000000001
19.502938,66,4,-1.117720365524292,2.6899492740631104,-2.185295820236206,0.0,3.6415166805168204,112.56372818870943,11.600000000000001,70.60000000000001
19.502938,66,5,1.4800158739089966,4.580475807189941,3.627340078353882,0.0,6.027337857736805,72.09362878533916,11.5,69.9
19.502938,66,6,3.7000396251678467,4.1248250007629395,-2.3715672492980957,0.0,6.027338196308096,48.10734355760741,11.5,69.9
19.800904,67,0,-0.11562623083591461,0.04111223295331001,-0.02660953626036644,0.0,0.12556953601777462,160.42657317709947,34.1,54.6
19.800904,67,1,-0.8787593245506287,2.118530750274658,-0.6570780277252197,0.0,2.385821037895183,112.52850694216606,13.3,56.400000000000006
19.800904,67,2,-1.8500198125839233,1.3915060758590698,1.9295954704284668,0.0,3.013669050443963,143.05107421983985,14.200000000000001,63.7
19.800904,67,3,-2.374191999435425,2.025456190109253,1.6194515228271484,0.0,3.5159470506567985,139.53204440720907,13.4,68.9
19.800904,67,4,-1.0791782140731812,2.4778621196746826,-2.2488791942596436,0.0,3.5159470889395927,113.53447155396545,13.4,68.9
19.800904,67,5,1.4800158739089966,4.58046293258667,3.62735652923584,0.0,6.027337974098762,72.09358166858816,11.3,69.9
19.800904,67,6,3.7000396251678467,4.057266712188721,-2.485377073287964,0.0,6.027338185142122,47.63663103760949,11.3,69.9
20.107446,68,0,-0.11562623083591461,0.04113854840397835,-0.026568839326500893,0.0,0.12556953709106403,160.41499756431256,34.300000000000004,54.400000000000006
20.107446,68,1,-0.8787593245506287,2.126837968826294,-0.6296708583831787,0.0,2.385821260283939,112.44926056648013,13.8,56.2
20.107446,68,2,-1.8500198125839233,1.488770604133606,1.8555834293365479,0.0,3.013669039877103,141.17524498956837,13.9,63.6
20.107446,68,3,-2.482109785079956,1.9505788087844849,1.5479849576950073,0.0,3.515947113327898,141.83778279440895,13.100000000000001,69.0
20.107446,68,4,-0.9712603688240051,2.7286314964294434,-1.9932656288146973,0.0,3.5159471575052117,109.59326121918669,13.100000000000001,69.0
20.107446,68,5,1.4800158739089966,4.487822532653809,3.741364002227783,0.0,6.027337942141933,71.74822743861624,11.9,69.7
20.107446,68,6,3.7000396251678467,4.144192695617676,-2.3375582695007324,0.0,6.027338134660638,48.24071903518364,11.9,69.7
20.393665,69,0,-0.11562623083591461,0.041102539747953415,-0.02662450447678566,0.0,0.12556953559556824,160.43083743329174,34.4,54.300000000000004
20.393665,69,1,-0.8787593245506287,2.1137821674346924,-0.6721976399421692,0.0,2.385821172886477,112.57404451365306,13.700000000000001,56.400000000000006
20.393665,69,2,-1.8500198125839233,1.4753652811050415,1.8662596940994263,0.0,3.0136690703299354,141.42812254688897,14.100000000000001,63.400000000000006
20.393665,69,3,-1.117720365524292,2.5648534297943115,-2.3308520317077637,0.0,3.6415165969073393,113.5467694778274,11.600000000000001,70.5
20.393665,69,4,-2.570756673812866,2.094865322113037,1.5044578313827515,0.0,3.6415167115027827,140.82400209144896,11.600000000000001,70.5
20.393665,69,5,1.4800158739089966,4.565891265869141,3.645681381225586,0.0,6.027337950719008,72.04010005623262,11.9,69.9
20.393665,69,6,3.7000396251678467,4.091166019439697,-2.429170846939087,0.0,6.027338021884042,47.87389342782989,11.9,69.9
20.694647,70,0,-0.11562623083591461,0.04111046344041824,-0.02661227062344551,0.0,0.12556953615165453,160.4273516082601,33.6,55.1
20.694647,70,1,-0.8787593245506287,2.1058714389801025,-0.6965847015380859,0.0,2.385821182405276,112.65029476161904,12.9,57.2
20.694647,70,2,-1.8500198125839233,1.4531446695327759,1.883613109588623,0.0,3.013669040249559,141.851244439159,13.4,64.10000000000001
20.694647,70,3,-2.570756673812866,2.163451910018921,1.4040406942367554,0.0,3.6415167600864806,139.91729901120547,11.9,70.60000000000001
20.694647,70,4,-1.117720365524292,2.7382328510284424,-2.1244823932647705,0.0,3.6415166347623784,112.20481125132467,11.9,70.60000000000001
20.694647,70,5,1.4800158739089966,4.615848541259766,3.5822196006774902,0.0,6.027337887521365,72.22218173688712,12.3,69.5
20.694647,70,6,3.7000396251678467,4.114945888519287,-2.388666868209839,0.0,6.027337911593924,48.039043383377674,12.3,69.5
21.001408,71,0,-0.11562623083591461,0.041110314428806305,-0.026612505316734314,0.0,0.125569537105895,160.42741716070114,34.300000000000004,54.400000000000006
21.001408,71,1,-0.8787593245506287,2.117506980895996,-0.6603702306747437,0.0,2.385821159724544,112.53830987043747,13.5,56.7
21.001408,71,2,-1.8500198125839233,1.5083253383636475,1.8397235870361328,0.0,3.013669110901189,140.809561198611,13.5,64.2
21.001408,71,3,-1.117720365524292,2.689664363861084,-2.1856465339660645,0.0,3.6415167138391493,112.56587871488904,11.9,70.60000000000001
21.001408,71,4,-2.570756673812866,2.127108335494995,1.4585144519805908,0.0,3.641516738053242,140.39479418086987,11.9,70.60000000000001
21.001408,71,5,1.4800158739089966,4.604401111602783,3.596921682357788,0.0,6.027337900978104,72.18077496209341,12.3,69.60000000000001
21.001408,71,6,3.7000396251678467,4.0232391357421875,-2.5400898456573486,0.0,6.02733795262812,47.396284039836274,12.3,69.60000000000001
21.285015,72,0,-0.11562623083591461,0.0411747470498085,-0.02651270478963852,0.0,0.1255695367802177,160.39907726073608,34.0,54.7
21.285015,72,1,-0.8787593245506287,2.1112074851989746,-0.680241048336029,0.0,2.385821217083576,112.59880800584487,13.700000000000001,56.400000000000006
21.285015,72,2,-1.8500198125839233,1.4672510623931885,1.8726457357406616,0.0,3.013669032696636,141.58205930267735,14.600000000000001,63.400000000000006
21.285015,72,3,-1.2294923067092896,2.6375629901885986,-2.189121961593628,0.0,3.6415168298665717,114.99244270824472,12.0,70.60000000000001
21.285015,72,4,-2.570756673812866,2.109280586242676,1.4841797351837158,0.0,3.6415167106280926,140.63145829510657,12.0,70.60000000000001
21.285015,72,5,1.4800158739089966,4.2318315505981445,4.028642177581787,0.0,6.027337974151726,70.72352633516401,12.3,69.7
21.285015,72,6,3.7000396251678467,4.1190409660339355,-2.381599187850952,0.0,6.027338251604128,48.06737709154435,12.3,69.7
21.60347,73,0,-0.11562623083591461,0.0411515086889267,-0.026548756286501884,0.0,0.12556953605494883,160.4092972192751,34.2,54.5
21.60347,73,1,-0.8787593245506287,2.118425130844116,-0.6574187874794006,0.0,2.385821126490306,112.52951790895771,13.600000000000001,56.400000000000006
21.60347,73,2,-1.8500198125839233,1.3830095529556274,1.9356943368911743,0.0,3.013669075461362,143.21950660576496,14.200000000000001,63.6
21.60347,73,3,-2.374191999435425,2.042970657348633,1.5973001718521118,0.0,3.515947183330471,139.28830386137415,13.200000000000001,69.0
21.60347,73,4,-1.0791782140731812,2.6858396530151367,-1.995876669883728,0.0,3.515947090162878,111.89040553625567,13.200000000000001,69.0
21.60347,73,5,1.4800158739089966,4.59644889831543,3.6070783138275146,0.0,6.027338004785569,72.15190080172206,11.9,69.9
21.60347,73,6,3.7000396251678467,4.120380878448486,-2.3792803287506104,0.0,6.027338276061478,48.07664113390841,11.9,69.9
21.896782,74,0,-0.11562623083591461,0.04114209860563278,-0.026563340798020363,0.0,0.1255695369480496,160.41343603270587,34.6,54.1
21.896782,74,1,-0.8787593245506287,2.1150834560394287,-0.6680917143821716,0.0,2.3858211406814385,112.56154817673453,14.4,55.7
21.896782,74,2,-1.8500198125839233,1.374079704284668,1.942043423652649,0.0,3.013669026292137,143.39733055648622,14.700000000000001,63.2
21.896782,74,3,-2.374191999435425,2.091022491455078,1.533858299255371,0.0,3.515947097461616,138.62865439354118,13.5,69.0
21.896782,74,4,-1.0791782140731812,2.7195329666137695,-1.949717402458191,0.0,3.5159469739570284,111.64440720827228,13.5,69.0
21.896782,74,5,1.4800158739089966,4.518369197845459,3.704415798187256,0.0,6.027338019467678,71.86351598021726,11.8,69.9
21.896782,74,6,3.7000396251678467,3.9804954528808594,-2.606562376022339,0.0,6.0273381105022334,47.09123439246821,11.8,69.9
22.199761,75,0,-0.11562623083591461,0.041153840720653534,-0.026545139029622078,0.0,0.12556953559475761,160.40827156048712,33.9,54.800000000000004
22.199761,75,1,-0.8787593245506287,2.1033217906951904,-0.7042457461357117,0.0,2.385821153533547,112.67497450356043,13.5,56.6
22.199761,75,2,-1.9425207376480103,1.2314586639404297,1.9473888874053955,0.0,3.013668982482406,147.62739572209026,14.0,63.5
22.199761,75,3,-2.374191999435425,2.0509819984436035,1.5870001316070557,0.0,3.515947130695186,139.17740493691514,13.200000000000001,69.0
22.199761,75,4,-1.0791782140731812,2.7066521644592285,-1.9675599336624146,0.0,3.515947048755947,111.73782739680944,13.200000000000001,69.0
22.199761,75,5,-2.570756673812866,2.0962984561920166,1.502460241317749,0.0,3.641516699141583,140.80481241090897,11.600000000000001,70.60000000000001
22.199761,75,6,-1.2294923067092896,2.6866111755371094,-2.128641128540039,0.0,3.6415167162722772,114.5905787320228,11.600000000000001,70.60000000000001
22.199761,75,7,1.4800158739089966,4.573480606079102,3.636155843734741,0.0,6.0273378170740175,72.06799330184747,11.9,69.8
22.199761,75,8,3.7000396251678467,4.159933567047119,-2.30942964553833,0.0,6.027338201706362,48.34860856941746,11.9,69.8
22.502738,76,0,-0.11562623083591461,0.041153840720653534,-0.026545139029622078,0.0,0.12556953559475761,160.40827156048712,35.5,53.2
22.502738,76,1,-0.8787593245506287,2.1271088123321533,-0.6287550330162048,0.0,2.385821188087865,112.44668576433745,14.8,55.1
22.502738,76,2,-1.8500198125839233,1.5188225507736206,1.8310668468475342,0.0,3.0136690338050913,140.6148133120895,14.700000000000001,62.900000000000006
22.502738,76,3,-1.2294923067092896,2.7408409118652344,-2.058344841003418,0.0,3.641516678651488,114.16015283686905,12.0,70.60000000000001
22.502738,76,4,-2.570756673812866,2.087334394454956,1.514889121055603,0.0,3.6415166894194853,140.92501362860406,12.0,70.60000000000001
22.502738,76,5,1.4800158739089966,4.69558572769165,3.477043390274048,0.0,6.027337973846546,72.50551199049876,12.0,69.8
22.502738,76,6,3.7000396251678467,4.095072269439697,-2.4225800037384033,0.0,6.0273380520972415,47.90109465683761,12.0,69.8
22.802487,77,0,-0.11562623083591461,0.041084546595811844,-0.02665226347744465,0.0,0.12556953601401408,160.4387536184705,34.800000000000004,53.900000000000006
22.802487,77,1,-0.8787593245506287,2.114103078842163,-0.6711876392364502,0.0,2.385821163775355,112.57096156743198,14.4,55.5
22.802487,77,2,-1.8500198125839233,1.4025810956954956,1.921560287475586,0.0,3.013669022198471,142.83263950369897,15.0,62.900000000000006
22.802487,77,3,-2.374191999435425,2.0782852172851562,1.5510729551315308,0.0,3.5159471564159848,138.80222375552844,13.700000000000001,69.10000000000001
22.802487,77,4,-1.0791782140731812,2.6217379570007324,-2.079362392425537,0.0,3.5159470263276447,112.37339014129867,13.700000000000001,69.10000000000001
22.802487,77,5,1.4800158739089966,4.609018325805664,3.59100341796875,0.0,6.027337925029449,72.19749843583183,11.4,70.10000000000001
22.802487,77,6,3.7000396251678467,4.045377254486084,-2.504682779312134,0.0,6.027338233740358,47.55290236261882,11.4,70.10000000000001
23.085609,78,0,-0.11562623083591461,0.041112806648015976,-0.026608653366565704,0.0,0.12556953675863985,160.4263208031376,35.4,53.300000000000004
23.085609,78,1,-0.8787593245506287,2.0910298824310303,-0.7399455308914185,0.0,2.3858213068858256,112.79467426205132,14.9,55.1
23.085609,78,2,-1.8500198125839233,1.3772283792495728,1.9398118257522583,0.0,3.0136690652577913,143.33453573656934,15.200000000000001,62.7
23.085609,78,3,-1.2294923067092896,2.7111237049102783,-2.097332000732422,0.0,3.641516798928714,114.39425177152505,12.0,70.60000000000001
23.085609,78,4,-2.570756673812866,2.1402831077575684,1.4391118288040161,0.0,3.641516787426556,140.2209314234179,12.0,70.60000000000001
23.085609,78,5,1.4800158739089966,4.4974684715271,3.7297627925872803,0.0,6.0273377314011025,71.78478559121564,11.8,69.9
23.085609,78,6,3.7000396251678467,4.098541259765625,-2.4167068004608154,0.0,6.027338172461121,47.92522708132012,11.8,69.9
23.085609,78,7,-0.7554247379302979,1.2315694093704224,1.0015194416046143,-0.25578173995018005,1.7579735312814264,121.52427878979904,13.0,41.0
23.399275,79,0,-0.11562623083591461,0.04111037030816078,-0.0266124177724123,0.0,0.12556953684667202,160.4273925785295,35.1,53.6
23.399275,79,1,-0.8787593245506287,2.1137702465057373,-0.6722350120544434,0.0,2.3858211410182113,112.57415905154781,14.700000000000001,55.5
23.399275,79,2,-1.8500198125839233,1.4114160537719727,1.9150803089141846,0.0,3.013669055053848,142.6592864010384,14.8,63.1
23.399275,79,3,-1.2294923067092896,2.461008071899414,-2.3858819007873535,0.0,3.6415167865487144,116.54620447830108,11.600000000000001,70.60000000000001
23.399275,79,4,-2.570756673812866,2.066011667251587,1.5438426733016968,0.0,3.6415167561169346,141.21258819605944,11.600000000000001,70.60000000000001
23.399275,79,5,1.4800158739089966,4.598456859588623,3.604518175125122,0.0,6.02733803194475,72.15920016693967,11.600000000000001,70.0
23.399275,79,6,3.7000396251678467,4.056656360626221,-2.4863734245300293,0.0,6.027338290010822,47.632339303162986,11.600000000000001,70.0
23.700344,80,0,-0.11562623083591461,0.041131917387247086,-0.026579100638628006,0.0,0.1255695364171973,160.41791425219614,34.300000000000004,54.400000000000006
23.700344,80,1,-0.8787593245506287,2.1220903396606445,-0.6454895734786987,0.0,2.385821064043869,112.49448553251291,13.700000000000001,56.400000000000006
23.700344,80,2,-1.8500198125839233,1.3656883239746094,1.9479535818099976,0.0,3.0136690365864713,143.5651823365367,14.600000000000001,63.400000000000006
23.700344,80,3,-2.374191999435425,2.098201274871826,1.5240237712860107,0.0,3.5159471974848784,138.5312361448065,13.5,68.9
23.700344,80,4,-1.0791782140731812,2.718228816986084,-1.9515353441238403,0.0,3.5159470585588033,111.65383098111809,13.5,68.9
23.700344,80,5,1.4800158739089966,4.693821430206299,3.479424476623535,0.0,6.027337828113957,72.49933758603107,11.4,70.10000000000001
23.700344,80,6,3.7000396251678467,4.086482524871826,-2.437041759490967,0.0,6.027338151406296,47.8412421559135,11.4,70.10000000000001
23.991148,81,0,-0.11562623083591461,0.041135698556900024,-0.02657325007021427,0.0,0.12556953680084393,160.416251071722,34.4,54.300000000000004
23.991148,81,1,-0.8787593245506287,2.1296496391296387,-0.6200945377349854,0.0,2.3858211944021375,112.42255837545962,14.100000000000001,56.0
23.991148,81,2,-1.9425207376480103,1.263883113861084,1.9265029430389404,0.0,3.0136690148776224,146.95033246666821,13.8,63.300000000000004
23.991148,81,3,-2.570756673812866,2.1296730041503906,1.454767107963562,0.0,3.641516760770573,140.36088049103287,11.8,70.60000000000001
23.991148,81,4,-1.2294923067092896,2.7653846740722656,-2.0252506732940674,0.0,3.6415167193806997,113.96997054265819,11.8,70.60000000000001
23.991148,81,5,1.4800158739089966,4.7071027755737305,3.4614360332489014,0.0,6.027337964566979,72.54571402522548,11.8,69.9
23.991148,81,6,3.7000396251678467,4.060075283050537,-2.4807863235473633,0.0,6.027338161655588,47.656370639081686,11.8,69.9
24.298656,82,0,-0.11562623083591461,0.0411134697496891,-0.02660762518644333,0.0,0.1255695359959615,160.4260290991536,33.2,55.5
24.298656,82,1,-0.8787593245506287,2.1123056411743164,-0.6768234372138977,0.0,2.3858212500905327,112.5882395631885,12.200000000000001,57.7
24.298656,82,2,-1.8500198125839233,1.385833501815796,1.9336735010147095,0.0,3.013669027984754,143.16344313544872,13.200000000000001,64.7
24.298656,82,3,-2.374191999435425,2.1070330142974854,1.5117897987365723,0.0,3.515947122623816,138.4117871452598,13.4,69.0
24.298656,82,4,-1.0791782140731812,2.696161985397339,-1.981910228729248,0.0,3.515946988220033,111.81447794168692,13.4,69.0
24.298656,82,5,1.4800158739089966,4.523658275604248,3.6979546546936035,0.0,6.02733770496025,71.8833350965438,11.700000000000001,70.0
24.298656,82,6,3.7000396251678467,4.027388095855713,-2.5335068702697754,0.0,6.027338149146494,47.42570740586363,11.700000000000001,70.0
24.591251,83,0,-0.11562623083591461,0.041115984320640564,-0.02660374343395233,0.0,0.12556953686573402,160.42492292791167,33.4,55.2
24.591251,83,1,-0.8787593245506287,2.102689266204834,-0.7061322927474976,0.0,2.3858212245594888,112.68110501774949,13.100000000000001,57.0
24.591251,83,2,-1.8500198125839233,1.3907066583633423,1.9301717281341553,0.0,3.0136690622325437,143.06688998467678,14.100000000000001,63.900000000000006
24.591251,83,3,-1.2294923067092896,2.633915662765503,-2.1935088634490967,0.0,3.641516742354553,115.02281768491311,11.9,70.60000000000001
24.591251,83,4,-2.570756673812866,2.110121250152588,1.4829843044281006,0.0,3.6415167188245903,140.6202622279183,11.9,70.60000000000001
24.591251,83,5,1.4800158739089966,4.469141483306885,3.7636592388153076,0.0,6.027338007010798,71.6770216246441,12.3,69.4
24.591251,83,6,3.7000396251678467,4.118062973022461,-2.383289337158203,0.0,6.02733804777887,48.06061322351981,12.3,69.4
24.591251,83,7,0.40083760023117065,2.509302854537964,-2.049804449081421,0.25578173995018005,3.26480778561701,80.92421394540328,18.5,41.300000000000004
24.898775,84,0,-0.11562623083591461,0.04112984612584114,-0.026582306250929832,0.0,0.1255695365336426,160.4188253291653,34.300000000000004,54.400000000000006
24.898775,84,1,-0.8787593245506287,2.119213104248047,-0.6548740267753601,0.0,2.385821058387719,112.52197766676451,13.600000000000001,56.5
24.898775,84,2,-1.8500198125839233,1.477634310722351,1.8644636869430542,0.0,3.0136690765753062,141.38519385610792,13.8,63.800000000000004
24.898775,84,3,-2.570756673812866,2.1302971839904785,1.453852891921997,0.0,3.641516744355449,140.35263172734236,11.9,70.5
24.898775,84,4,-1.2294923067092896,2.7145442962646484,-2.092902898788452,0.0,3.6415168010593293,114.36708917293689,11.9,70.5
24.898775,84,5,1.2950139045715332,4.704525470733643,3.538245916366577,0.0,6.027338142372632,74.60937684121532,12.0,69.7
24.898775,84,6,3.7000396251678467,4.0768656730651855,-2.4530954360961914,0.0,6.027338066064109,47.77406861159597,12.0,69.7
25.195747,85,0,-0.11562623083591461,0.041122011840343475,-0.02659442089498043,0.0,0.12556953586701247,160.42227145631304,34.6,54.1
25.195747,85,1,-0.8787593245506287,2.0874178409576416,-0.7500744462013245,0.0,2.385821214608748,112.83007641554703,14.3,55.800000000000004
25.195747,85,2,-1.9425207376480103,1.2197765111923218,1.9547274112701416,0.0,3.013668994070177,147.87385524177776,14.3,63.1
25.195747,85,3,-2.570756673812866,2.1276352405548096,1.4577456712722778,0.0,3.6415167217681668,140.38782398101094,11.8,70.5
25.195747,85,4,-1.2294923067092896,2.6798837184906006,-2.1371045112609863,0.0,3.6415166852481122,114.64497992953679,11.8,70.5
25.195747,85,5,1.4800158739089966,4.593721866607666,3.61055064201355,0.0,6.027338012200452,72.14197820516772,12.4,69.5
25.195747,85,6,3.7000396251678467,4.1001129150390625,-2.414039373397827,0.0,6.027338155454472,47.93615307287365,12.4,69.5
25.195747,85,7,-0.10791782289743423,3.5028903484344482,0.2828381061553955,-0.25578173995018005,3.5159471617115785,91.76462293110008,29.700000000000003,41.6
25.195747,85,8,-4.19337797164917,0.7049745321273804,0.38218313455581665,-0.25578173995018005,4.26936433821238,170.4568925034352,15.9,49.300000000000004
25.493043,86,0,-0.11562623083591461,0.04117003083229065,-0.026520026847720146,0.0,0.12556953659250228,160.40115129289902,35.300000000000004,53.400000000000006
25.493043,86,1,-0.8787593245506287,2.1031577587127686,-0.7047358155250549,0.0,2.3858212586449468,112.67656402254732,14.600000000000001,55.6
25.493043,86,2,-1.8500198125839233,1.4901180267333984,1.8545016050338745,0.0,3.0136690667062482,141.14992605739724,14.600000000000001,63.1
25.493043,86,3,-2.374191999435425,2.211818218231201,1.353867530822754,0.0,3.5159472083207857,137.0277860862131,13.200000000000001,69.10000000000001
25.493043,86,4,-0.8633425831794739,3.1998560428619385,-1.173646092414856,0.0,3.5159471357248435,105.09925160355688,13.200000000000001,69.10000000000001
25.493043,86,5,1.4800158739089966,4.6071672439575195,3.5933780670166016,0.0,6.02733796408777,72.19079749673463,12.0,69.8
25.493043,86,6,3.7000396251678467,4.128554821014404,-2.365068197250366,0.0,6.0273381948898965,48.133082912487446,12.0,69.8
25.787062,87,0,-0.11562623083591461,0.04112773388624191,-0.026585571467876434,0.0,0.12556953596398812,160.41975444165317,34.9,53.800000000000004
25.787062,87,1,-0.8787593245506287,2.0819127559661865,-0.765221357345581,0.0,2.385821116445492,112.88423319379905,14.4,55.800000000000004
25.787062,87,2,-1.8500198125839233,1.389685034751892,1.9309073686599731,0.0,3.013669037753118,143.08711145815738,14.600000000000001,63.400000000000006
25.787062,87,3,0.40083760023117065,2.8591318130493164,-1.5243573188781738,0.0,3.2648079180508014,82.01940024324188,14.4,66.2
25.787062,87,4,-2.570756673812866,2.171609401702881,1.391390085220337,0.0,3.6415166673746246,139.8110331420406,11.600000000000001,70.7
25.787062,87,5,-1.2294923067092896,2.7666549682617188,-2.023514986038208,0.0,3.6415167093377163,113.96020406453,11.600000000000001,70.7
25.787062,87,6,1.4800158739089966,4.722536087036133,3.440349578857422,0.0,6.027337663108447,72.59930651653413,11.700000000000001,70.0
25.787062,87,7,3.7000396251678467,4.165409088134766,-2.2995386123657227,0.0,6.027338046690993,48.38603159990874,11.700000000000001,70.0
26.091795,88,0,-0.11562623083591461,0.04113326594233513,-0.026577014476060867,0.0,0.12556953660368356,160.41732107452958,34.7,54.0
26.091795,88,1,-0.8787593245506287,2.107341766357422,-0.6921236515045166,0.0,2.385821120639819,112.6360856096931,14.3,55.900000000000006
26.091795,88,2,-1.8500198125839233,1.4841068983078003,1.8593156337738037,0.0,3.013669062547103,141.2630181888715,14.4,63.300000000000004
26.091795,88,3,-2.570756673812866,2.0886313915252686,1.513100504875183,0.0,3.6415167311810754,140.90759648829672,11.700000000000001,70.7
26.091795,88,4,-1.2294923067092896,2.6902735233306885,-2.1240105628967285,0.0,3.641516694165815,114.56105795017885,11.700000000000001,70.7
26.091795,88,5,1.4800158739089966,4.54273796081543,3.6744914054870605,0.0,6.027337907953594,71.9544834611161,12.100000000000001,69.60000000000001
26.091795,88,6,3.7000396251678467,4.127969741821289,-2.366089344024658,0.0,6.027338235167442,48.129047007544564,12.100000000000001,69.60000000000001
26.401899,89,0,-0.11562623083591461,0.04109141603112221,-0.02664167620241642,0.0,0.1255695370686592,160.43573128128742,35.4,53.300000000000004
26.401899,89,1,-0.8787593245506287,2.0969738960266113,-0.7229282259941101,0.0,2.3858211775069593,112.7366418493035,14.700000000000001,55.300000000000004
26.401899,89,2,-1.8500198125839233,1.4493004083633423,1.8865725994110107,0.0,3.0136690517513074,141.92494914105376,14.200000000000001,63.300000000000004
26.401899,89,3,-1.117720365524292,2.8263447284698486,-2.0057716369628906,0.0,3.641516607033648,111.57706201668007,11.600000000000001,70.60000000000001
26.401899,89,4,-2.570756673812866,2.1458334922790527,1.4308222532272339,0.0,3.641516658326605,140.14794686373722,11.600000000000001,70.60000000000001
26.401899,89,5,1.4800158739089966,4.656094074249268,3.5297513008117676,0.0,6.027337991258174,72.36628785122281,12.100000000000001,69.60000000000001
26.401899,89,6,3.7000396251678467,4.100703239440918,-2.413036346435547,0.0,6.027338110226808,47.9402557570112,12.100000000000001,69.60000000000001
26.689653,90,0,-0.11562623083591461,0.04117317125201225,-0.02651514671742916,0.0,0.12556953569124374,160.39977023709858,35.5,53.2
26.689653,90,1,-0.8787593245506287,2.083061933517456,-0.7620877027511597,0.0,2.385821165980112,112.87290798401348,15.0,55.1
26.689653,90,2,-1.8500198125839233,1.3633537292480469,1.9495882987976074,0.0,3.0136690649134255,143.6120105263182,14.5,63.2
26.689653,90,3,-1.2294923067092896,2.6860761642456055,-2.1293163299560547,0.0,3.641516789114563,114.59489682512086,11.700000000000001,70.7
26.689653,90,4,-2.570756673812866,2.1003975868225098,1.4967246055603027,0.0,3.6415167778788082,140.74998282831947,11.700000000000001,70.7
26.689653,90,5,1.4800158739089966,4.583968162536621,3.6229255199432373,0.0,6.027337756026947,72.10640079019741,11.9,69.8
26.689653,90,6,3.7000396251678467,4.133227825164795,-2.356891632080078,0.0,6.027338023364694,48.16529476775758,11.9,69.8
26.998533,91,0,-0.11562623083591461,0.04113321006298065,-0.02657710202038288,0.0,0.12556953682803543,160.41734565362785,34.4,54.300000000000004
26.998533,91,1,-0.8787593245506287,2.104877471923828,-0.6995823383331299,0.0,2.3858211522251143,112.6599099746064,13.700000000000001,56.400000000000006
26.998533,91,2,-1.8500198125839233,1.4534761905670166,1.883357286453247,0.0,3.01366902826684,141.84489526513934,13.600000000000001,63.800000000000004
26.998533,91,3,-2.570756673812866,2.145453691482544,1.4313918352127075,0.0,3.641516717545461,140.152936099934,11.9,70.60000000000001
26.998533,91,4,-1.2294923067092896,2.7601969242095947,-2.032315254211426,0.0,3.641516673746516,114.00993371500282,11.9,70.60000000000001
26.998533,91,5,1.4800158739089966,4.465181827545166,3.7683558464050293,0.0,6.027337847275293,71.6618597955813,11.9,69.8
26.998533,91,6,3.7000396251678467,4.11143159866333,-2.394711494445801,0.0,6.027338231751257,48.01470325148555,11.9,69.8
27.29097,92,0,-0.11562623083591461,0.04111630469560623,-0.026603244245052338,0.0,0.12556953600895424,160.42478199459237,34.6,54.1
27.29097,92,1,-0.8787593245506287,2.112255811691284,-0.6769784688949585,0.0,2.3858211189977436,112.58871890970087,14.200000000000001,55.900000000000006
27.29097,92,2,-1.8500198125839233,1.5065640211105347,1.8411661386489868,0.0,3.013669060591328,140.84234397441554,14.4,63.300000000000004
27.29097,92,3,-2.570756673812866,2.1168510913848877,1.4733620882034302,0.0,3.6415167529486876,140.53076270607406,11.700000000000001,70.60000000000001
27.29097,92,4,-1.2294923067092896,2.6515860557556152,-2.1721150875091553,0.0,3.641516702792925,114.87629857671617,11.700000000000001,70.60000000000001
27.29097,92,5,1.4800158739089966,4.612708568572998,3.5862619876861572,0.0,6.0273379173505806,72.21084261088035,11.9,69.9
27.29097,92,6,3.7000396251678467,4.085384368896484,-2.438882350921631,0.0,6.027338201152559,47.833580339880925,11.9,69.9
27.593514,93,0,-0.11562623083591461,0.04113634303212166,-0.026572249829769135,0.0,0.12556953625936612,160.4159675970971,34.6,54.1
27.593514,93,1,-0.8787593245506287,2.1076674461364746,-0.6911313533782959,0.0,2.3858211503821156,112.63294054531752,14.0,56.0
27.593514,93,2,-1.9425207376480103,1.285155177116394,1.912378191947937,0.0,3.01366902537417,146.51171807431703,13.8,63.400000000000006
27.593514,93,3,-2.374191999435425,2.0687642097473145,1.5637491941452026,0.0,3.5159471764951733,138.9325696201437,13.4,69.10000000000001
27.593514,93,4,-1.0791782140731812,2.5934197902679443,-2.1145758628845215,0.0,3.5159469430265053,112.5932537761103,13.4,69.10000000000001
27.593514,93,5,1.4800158739089966,4.540964126586914,3.6766836643218994,0.0,6.027338131668355,71.94789159851985,12.200000000000001,69.7
27.593514,93,6,3.7000396251678467,4.043749809265137,-2.5073094367980957,0.0,6.027338248314992,47.54142060327851,12.200000000000001,69.7
27.892073,94,0,-0.11562623083591461,0.04111034795641899,-0.026612447574734688,0.0,0.12556953584502914,160.42740241139728,34.5,54.2
27.892073,94,1,-0.8787593245506287,2.107698440551758,-0.6910371780395508,0.0,2.3858212523619313,112.63264127780178,13.9,56.2
27.892073,94,2,0.3854207694530487,2.692654609680176,-1.567124605178833,0.0,3.139238370164743,81.85413706001805,14.9,64.8
27.892073,94,3,-2.570756673812866,2.1198525428771973,1.4690403938293457,0.0,3.6415167661564585,140.49092076330479,11.5,70.8
27.892073,94,4,-1.2294923067092896,2.663410186767578,-2.157600164413452,0.0,3.641516665444714,114.77914960446618,11.5,70.8
27.892073,94,5,1.4800158739089966,4.633741855621338,3.5590436458587646,0.0,6.027337906960861,72.28653231244377,11.9,69.9
27.892073,94,6,3.7000396251678467,4.093462944030762,-2.4252984523773193,0.0,6.027338109403606,47.88989155646968,11.9,69.9
28.197377,95,0,-0.11562623083591461,0.041112806648015976,-0.026608653366565704,0.0,0.12556953675863985,160.4263208031376,34.6,54.1
28.197377,95,1,-0.8787593245506287,2.109945297241211,-0.6841455698013306,0.0,2.3858210889573774,112.61096664180427,14.0,56.1
28.197377,95,2,-1.8500198125839233,1.3411580324172974,1.9649231433868408,0.0,3.0136690485665003,144.06004673322772,14.4,63.7
28.197377,95,3,-2.570756673812866,2.0301778316497803,1.5906703472137451,0.0,3.6415167248799905,141.70114552034508,11.600000000000001,70.7
28.197377,95,4,-1.2294923067092896,2.5351431369781494,-2.306955099105835,0.0,3.641516701391764,115.87243168822874,11.600000000000001,70.7
28.197377,95,5,1.4800158739089966,4.675670623779297,3.5037779808044434,0.0,6.027337961975034,72.43557033672019,12.200000000000001,69.8
28.197377,95,6,3.7000396251678467,4.053282737731934,-2.4918689727783203,0.0,6.027338148577959,47.6086046898716,12.200000000000001,69.8
28.501061,96,0,-0.11562623083591461,0.04110408574342728,-0.026622122153639793,0.0,0.12556953655280628,160.43015730044172,34.1,54.6
28.501061,96,1,-0.8787593245506287,2.099241018295288,-0.7163184881210327,0.0,2.3858212380231083,112.71458120046665,13.700000000000001,56.400000000000006
28.501061,96,2,-1.8500198125839233,1.3176928758621216,1.9807355403900146,0.0,3.013669043378016,144.53929557729586,14.200000000000001,63.800000000000004
28.501061,96,3,-2.570756673812866,2.1355345249176025,1.4461487531661987,0.0,3.6415166894238715,140.28349584954012,11.8,70.7
28.501061,96,4,-1.2294923067092896,2.671132802963257,-2.1480321884155273,0.0,3.6415167260075676,114.71608225243688,11.8,70.7
28.501061,96,5,1.4800158739089966,4.581757068634033,3.6257216930389404,0.0,6.027337937960149,72.09831657533205,12.100000000000001,70.0
28.501061,96,6,3.7000396251678467,4.036214351654053,-2.5194218158721924,0.0,6.027338202440867,47.48819171181941,12.100000000000001,70.0
28.80215,97,0,-0.11562623083591461,0.041076093912124634,-0.02666528895497322,0.0,0.125569536048558,160.4424726910142,35.300000000000004,53.400000000000006
28.80215,97,1,-0.8787593245506287,2.1161296367645264,-0.6647708415985107,0.0,2.385821213317845,112.5515111578951,14.600000000000001,55.5
28.80215,97,2,-1.8500198125839233,1.3413360118865967,1.9648016691207886,0.0,3.0136690599196077,144.05643369769274,14.9,63.1
28.80215,97,3,-2.570756673812866,2.150066375732422,1.424453854560852,0.0,3.6415167279283245,140.092390839457,11.8,70.7
28.80215,97,4,-1.117720365524292,2.6830239295959473,-2.1937928199768066,0.0,3.64151660153761,112.61611154154537,11.8,70.7
28.80215,97,5,1.4800158739089966,4.546593189239502,3.66972017288208,0.0,6.027337949934392,71.96879409315557,11.9,69.9
28.80215,97,6,3.7000396251678467,3.997589349746704,-2.5802695751190186,0.0,6.027338128668855,47.213650454160586,11.9,69.9
29.101392,98,0,-0.11562623083591461,0.04109394922852516,-0.026637766510248184,0.0,0.12556953661287165,160.43461678207217,35.0,53.7
29.101392,98,1,-0.8787593245506287,2.11057710647583,-0.6821944117546082,0.0,2.385821218845574,112.60487888454199,14.700000000000001,55.400000000000006
29.101392,98,2,-1.8500198125839233,1.399071455001831,1.9241172075271606,0.0,3.013669071324208,142.90172471135335,15.100000000000001,62.800000000000004
29.101392,98,3,-2.374191999435425,2.0079312324523926,1.6411303281784058,0.0,3.5159471324961538,139.77771464262878,13.700000000000001,69.0
29.101392,98,4,-1.1870959997177124,2.4549782276153564,-2.219407320022583,0.0,3.515947079064339,115.80592386066394,13.700000000000001,69.0
29.101392,98,5,1.4800158739089966,4.430127143859863,3.8095052242279053,0.0,6.027338015343611,71.52656870329525,12.0,69.9
29.101392,98,6,3.7000396251678467,4.0033135414123535,-2.5713796615600586,0.0,6.02733821040038,47.25451775040435,12.0,69.9
29.385587,99,0,-0.11562623083591461,0.04113239049911499,-0.02657836675643921,0.0,0.12556953605445745,160.4177061479316,34.6,54.1
29.385587,99,1,-0.8787593245506287,2.124350070953369,-0.6380138397216797,0.0,2.3858212074924356,112.47293825790005,14.0,56.1
29.385587,99,2,-1.8500198125839233,1.4842586517333984,1.8591945171356201,0.0,3.0136690768472993,141.26015871401376,13.9,63.6
29.385587,99,3,-2.570756673812866,2.1479790210723877,1.427599549293518,0.0,3.6415167477389887,140.1197758375914,11.8,70.60000000000001
29.385587,99,4,-1.117720365524292,2.821046829223633,-2.013216257095337,0.0,3.641516679354006,111.61385020742773,11.8,70.60000000000001
29.385587,99,5,1.4800158739089966,4.557164669036865,3.656583786010742,0.0,6.027337869396169,72.00792313724841,12.200000000000001,69.7
29.385587,99,6,3.7000396251678467,4.08990478515625,-2.4312942028045654,0.0,6.027338208533457,47.86510470074142,12.200000000000001,69.7
29.694704,100,0,-0.11562623083591461,0.041121840476989746,-0.02659468725323677,0.0,0.12556953616077698,160.42234683687136,34.7,54.0
29.694704,100,1,-0.8787593245506287,2.1274142265319824,-0.6277210116386414,0.0,2.385821223433975,112.44378298409472,13.9,56.2
29.694704,100,2,-1.8500198125839233,1.3871290683746338,1.9327443838119507,0.0,3.013669061532731,143.13774989598136,14.0,63.900000000000006
29.694704,100,3,-2.570756673812866,2.1256351470947266,1.460660457611084,0.0,3.64151666575157,140.41428980353194,11.600000000000001,70.7
29.694704,100,4,-1.117720365524292,2.6366078853607178,-2.2493650913238525,0.0,3.6415166168398074,112.97323512435585,11.600000000000001,70.7
29.694704,100,5,1.4800158739089966,4.533842086791992,3.685462236404419,0.0,6.027337965549306,71.92137798094896,11.700000000000001,70.10000000000001
29.694704,100,6,3.7000396251678467,4.045334339141846,-2.504751443862915,0.0,6.027337964540048,47.552599655919444,11.700000000000001,70.10000000000001
30.007075,101,0,-0.11562623083591461,0.04114530235528946,-0.026558371260762215,0.0,0.12556953550624006,160.41202691160683,34.800000000000004,53.900000000000006
30.007075,101,1,-0.8787593245506287,2.0992448329925537,-0.7163070440292358,0.0,2.3858211585650158,112.71454411502194,14.100000000000001,56.0
30.007075,101,2,-1.8500198125839233,1.3798041343688965,1.9379805326461792,0.0,3.0136690762408076,143.2832428787722,14.0,63.800000000000004
30.007075,101,3,-2.570756673812866,2.165222406387329,1.4013088941574097,0.0,3.6415167941284836,139.89420689476205,11.5,70.7
30.007075,101,4,-1.117720365524292,2.7576441764831543,-2.09922456741333,0.0,3.641516717527313,112.06355452348309,11.5,70.7
30.007075,101,5,1.4800158739089966,4.615936279296875,3.582106351852417,0.0,6.027337773638799,72.22249837717487,11.8,70.10000000000001
30.007075,101,6,3.7000396251678467,4.0511651039123535,-2.495310068130493,0.0,6.027338074397587,47.59369538443967,11.8,70.10000000000001
30.007075,101,7,0.5203180313110352,2.55838942527771,-2.1630005836486816,0.34104230999946594,3.390377387540322,78.5041329118633,19.5,41.0
30.295587,102,0,-0.11562623083591461,0.041118379682302475,-0.02660003863275051,0.0,0.12556953635449172,160.4238692115055,34.2,54.400000000000006
30.295587,102,1,-0.8787593245506287,2.1200404167175293,-0.6521913409233093,0.0,2.385821213791146,112.51406612997322,13.8,56.300000000000004
30.295587,102,2,-1.8500198125839233,1.4849097728729248,1.8586745262145996,0.0,3.013669081854483,141.24789230117022,14.200000000000001,63.400000000000006
30.295587,102,3,-2.570756673812866,2.1512694358825684,1.4226361513137817,0.0,3.6415166731378266,140.07661726012313,11.5,70.60000000000001
30.295587,102,4,-1.117720365524292,2.7249629497528076,-2.1414763927459717,0.0,3.6415165842985773,112.30236881449783,11.5,70.60000000000001
30.295587,102,5,1.4800158739089966,4.577734470367432,3.630798816680908,0.0,6.027337713735998,72.08359099359602,12.100000000000001,69.8
30.295587,102,6,3.7000396251678467,4.137351036071777,-2.349646806716919,0.0,6.02733829644657,48.19368324063508,12.100000000000001,69.8
30.599303,103,0,-0.11562623083591461,0.0411057211458683,-0.026619594544172287,0.0,0.1255695360425379,160.42943784085523,33.9,54.800000000000004
30.599303,103,1,-0.8787593245506287,2.1243629455566406,-0.6379708647727966,0.0,2.3858211792248207,112.47281560649593,13.5,56.6
30.599303,103,2,-1.8500198125839233,1.4886876344680786,1.8556500673294067,0.0,3.0136690847455117,141.17680463151066,13.8,63.400000000000006
30.599303,103,3,-2.570756673812866,2.0774855613708496,1.5283677577972412,0.0,3.6415167357478824,141.05755273141608,12.0,70.5
30.599303,103,4,-1.2294923067092896,2.7413556575775146,-2.057659387588501,0.0,3.64151676213644,114.15613510518178,12.0,70.5
30.599303,103,5,1.4800158739089966,4.613375186920166,3.585404634475708,0.0,6.027338052178024,72.21325108528082,12.0,70.0
30.599303,103,6,3.7000396251678467,4.139535427093506,-2.3457956314086914,0.0,6.027338046294611,48.20871012553196,12.0,70.0
30.900014,104,0,-0.11562623083591461,0.041139040142297745,-0.026568075641989708,0.0,0.12556953661007228,160.41478127481204,34.300000000000004,54.300000000000004
30.900014,104,1,-0.8787593245506287,2.1099677085876465,-0.6840770840644836,0.0,2.3858212713255464,112.61075064556641,14.0,56.1
30.900014,104,2,-1.8500198125839233,1.340376853942871,1.9654561281204224,0.0,3.0136690609794843,144.0759087932689,14.700000000000001,63.300000000000004
30.900014,104,3,-2.570756673812866,2.117978811264038,1.4717402458190918,0.0,3.6415166444876315,140.51578774356446,11.9,70.60000000000001
30.900014,104,4,-1.2294923067092896,2.671769857406616,-2.147239923477173,0.0,3.6415168257442057,114.71089312810176,11.9,70.60000000000001
30.900014,104,5,1.4800158739089966,4.540702819824219,3.677006244659424,0.0,6.027338053257559,71.94692014575432,11.600000000000001,70.10000000000001
30.900014,104,6,3.7000396251678467,4.089691162109375,-2.4316534996032715,0.0,6.0273381995189705,47.86361580448732,11.600000000000001,70.10000000000001
31.202318,105,0,-0.11562623083591461,0.04110025614500046,-0.026628032326698303,0.0,0.1255695361865152,160.43184207376171,34.800000000000004,53.800000000000004
31.202318,105,1,-0.8787593245506287,2.1118133068084717,-0.6783580183982849,0.0,2.3858212410872817,112.59297653615535,14.200000000000001,55.800000000000004
31.202318,105,2,-1.8500198125839233,1.5088549852371216,1.8392891883850098,0.0,3.013669091313437,140.79970904545564,14.200000000000001,63.400000000000006
31.202318,105,3,-2.570756673812866,2.144744634628296,1.432453989982605,0.0,3.6415166973580306,140.1622525346066,11.5,70.5
31.202318,105,4,-1.117720365524292,2.707016706466675,-2.1641178131103516,0.0,3.6415167408126754,112.43560685022433,11.5,70.5
31.202318,105,5,1.4800158739089966,4.608554840087891,3.5915980339050293,0.0,6.02733781517766,72.19582106976826,12.0,69.7
31.202318,105,6,3.7000396251678467,4.088583469390869,-2.4335153102874756,0.0,6.027338117228205,47.85589410682292,12.0,69.7
31.499817,106,0,-0.11562623083591461,0.04111432656645775,-0.026606302708387375,0.0,0.12556953631412313,160.42565217983937,34.800000000000004,53.900000000000006
31.499817,106,1,-0.8787593245506287,2.092318058013916,-0.7362947463989258,0.0,2.385821191948479,112.78207379409068,14.100000000000001,56.1
31.499817,106,2,-1.8500198125839233,1.3627835512161255,1.9499869346618652,0.0,3.0136690859764723,143.6234559540199,14.200000000000001,63.5
31.499817,106,3,-2.570756673812866,2.123751401901245,1.4633982181549072,0.0,3.6415167496429084,140.43923457229843,11.3,70.7
31.499817,106,4,-1.117720365524292,2.6881330013275146,-2.1875295639038086,0.0,3.6415166402595247,112.57744422724697,11.3,70.7
31.499817,106,5,1.4800158739089966,4.6772589683532715,3.501657247543335,0.0,6.027337880303085,72.44116845755804,11.8,70.0
31.499817,106,6,3.7000396251678467,4.081410884857178,-2.445526123046875,0.0,6.027338223241462,47.805838492483204,11.8,70.0
31.79857,107,0,-0.11562623083591461,0.04108576849102974,-0.026650380343198776,0.0,0.12556953612343982,160.43821601441806,34.9,53.800000000000004
31.79857,107,1,-0.8787593245506287,2.0922605991363525,-0.7364575862884521,0.0,2.3858210623567095,112.78263555504003,14.0,56.1
31.79857,107,2,-1.8500198125839233,1.4664983749389648,1.8732353448867798,0.0,3.0136691006122045,141.5963720749823,13.8,64.0
31.79857,107,3,-2.570756673812866,2.107976198196411,1.4860318899154663,0.0,3.6415167589840527,140.64883740791188,12.0,70.60000000000001
31.79857,107,4,-1.2294923067092896,2.5876667499542236,-2.247882127761841,0.0,3.6415167995475572,115.41405164690684,12.0,70.60000000000001
31.79857,107,5,1.4800158739089966,4.588859558105469,3.6167283058166504,0.0,6.0273379421709805,72.12425967008556,11.600000000000001,70.3
31.79857,107,6,3.7000396251678467,4.144869804382324,-2.3363571166992188,0.0,6.027338011082809,48.24536939905972,11.600000000000001,70.3
32.104151,108,0,-0.11562623083591461,0.04112648218870163,-0.026587512344121933,0.0,0.12556953693944498,160.42030503188894,34.9,53.800000000000004
32.104151,108,1,-0.8787593245506287,2.086178779602051,-0.7535132765769958,0.0,2.385821055511997,112.84224462696338,14.4,55.7
32.104151,108,2,-1.8500198125839233,1.368970274925232,1.9456485509872437,0.0,3.0136690602222203,143.49944714399925,14.4,63.2
32.104151,108,3,-2.570756673812866,2.1388049125671387,1.4413076639175415,0.0,3.6415167323578452,140.2403950407028,11.8,70.5
32.104151,108,4,-1.117720365524292,2.7200422286987305,-2.147723436355591,0.0,3.6415167856929043,112.33875200209711,11.8,70.5
32.104151,108,5,1.4800158739089966,4.751003742218018,3.4009289741516113,0.0,6.027337839611793,72.69732876241946,12.200000000000001,69.7
32.104151,108,6,3.7000396251678467,4.147053241729736,-2.332479953765869,0.0,6.027338264298177,48.260359426929774,12.200000000000001,69.7
32.385085,109,0,-0.11562623083591461,0.041069526225328445,-0.026675404980778694,0.0,0.12556953640346732,160.44536250748763,35.0,53.7
32.385085,109,1,-0.8055294156074524,2.1246578693389893,-0.7273884415626526,0.0,2.3858211680827885,110.76340656268843,14.3,55.800000000000004
32.385085,109,2,-2.570756673812866,2.124621868133545,1.4621340036392212,0.0,3.641516689938785,140.42770552807977,12.0,70.5
32.385085,109,3,-1.2294923067092896,2.6702663898468018,-2.149109363555908,0.0,3.6415168517427574,114.72314289558832,12.0,70.5
32.385085,109,4,1.4800158739089966,4.710536479949951,3.456761598587036,0.0,6.027337858908184,72.55766528088067,12.100000000000001,69.8
32.385085,109,5,3.7000396251678467,4.103862285614014,-2.4076595306396484,0.0,6.0273379947185,47.96219968922466,12.100000000000001,69.8
32.686351,110,0,-0.11562623083591461,0.041118036955595016,-0.026600567623972893,0.0,0.12556953618740274,160.4240199756829,34.800000000000004,53.900000000000006
32.686351,110,1,-0.8787593245506287,2.1026861667633057,-0.7061410546302795,0.0,2.385821086212628,112.68113506569303,14.4,55.7
32.686351,110,2,-1.8500198125839233,1.5004312992095947,1.8461673259735107,0.0,3.0136690571615574,140.95672889319403,14.3,63.2
32.686351,110,3,-2.570756673812866,2.0952131748199463,1.5039734840393066,0.0,3.641516767033457,140.81934337698752,11.700000000000001,70.5
32.686351,110,4,-1.2294923067092896,2.5989022254943848,-2.2348825931549072,0.0,3.6415167602420557,115.31796037979763,11.700000000000001,70.5
32.686351,110,5,1.4800158739089966,4.684337139129639,3.492183208465576,0.0,6.027338133997526,72.46607351103306,12.200000000000001,69.7
32.686351,110,6,3.7000396251678467,4.097498416900635,-2.4184741973876953,0.0,6.027338048238666,47.91797479272484,12.200000000000001,69.7
32.983471,111,0,-0.11562623083591461,0.0410962738096714,-0.026634179055690765,0.0,0.12556953640246624,160.43359407870324,34.6,54.1
32.983471,111,1,-0.8787593245506287,2.1065783500671387,-0.6944441199302673,0.0,2.3858212278295263,112.64346110825974,13.8,56.1
32.983471,111,2,-1.8500198125839233,1.4206234216690063,1.9082602262496948,0.0,3.013669076762435,142.47947379847662,14.3,63.6
32.983471,111,3,-2.570756673812866,2.091708183288574,1.5088443756103516,0.0,3.6415167650033924,140.8663131944996,11.9,70.5
32.983471,111,4,-1.2294923067092896,2.6433236598968506,-2.1821625232696533,0.0,3.6415167967744417,114.94460812895038,11.9,70.5
32.983471,111,5,1.4800158739089966,4.759466648101807,3.38907527923584,0.0,6.027337804515651,72.72626284256265,11.9,69.8
32.983471,111,6,3.7000396251678467,4.00690221786499,-2.565783977508545,0.0,6.027338221021213,47.280106622886606,11.9,69.8
33.303222,112,0,-0.11562623083591461,0.04109374061226845,-0.026638088747859,0.0,0.12556953669966064,160.43470856377823,34.5,54.2
33.303222,112,1,-0.8787593245506287,2.110882043838501,-0.6812496781349182,0.0,2.3858210489144853,112.60194179145002,14.4,55.800000000000004
33.303222,112,2,-1.8500198125839233,1.4774826765060425,1.8645838499069214,0.0,3.013669076003905,141.38806108464692,14.8,62.900000000000006
33.303222,112,3,0.5010470151901245,2.4689419269561768,-2.0765953063964844,0.0,3.264807868261304,78.52819004484967,13.3,65.7
33.303222,112,4,-1.2294923067092896,2.6424753665924072,-2.183189630508423,0.0,3.6415167661380483,114.95164129541834,11.8,70.60000000000001
33.303222,112,5,-2.570756673812866,2.099379777908325,1.4981516599655151,0.0,3.641516679091451,140.76358895100185,11.8,70.60000000000001
33.303222,112,6,1.4800158739089966,4.722731590270996,3.440081834793091,0.0,6.027338026926947,72.59998336001716,12.200000000000001,69.5
33.303222,112,7,3.7000396251678467,4.0449981689453125,-2.5052945613861084,0.0,6.027338073635323,47.55022833244857,12.200000000000001,69.5
33.603911,113,0,-0.11562623083591461,0.0411098375916481,-0.02661324106156826,0.0,0.12556953692648962,160.42762692887092,35.0,53.7
33.603911,113,1,-0.8787593245506287,2.1154732704162598,-0.6668562889099121,0.0,2.3858211203669573,112.55780732253776,14.4,55.7
33.603911,113,2,-1.8500198125839233,1.4709651470184326,1.86972975730896,0.0,3.0136690488609785,141.51151688246821,14.5,63.2
33.603911,113,3,-2.374191999435425,1.9853748083114624,1.6683475971221924,0.0,3.515947167476262,140.09656062413853,13.5,69.0
33.603911,113,4,-1.1870959997177124,2.55513334274292,-2.1033260822296143,0.0,3.515947087191413,114.91923144742739,13.5,69.0
33.603911,113,5,1.4800158739089966,4.624447345733643,3.5711119174957275,0.0,6.027337767851206,72.2531624046272,12.3,69.60000000000001
33.603911,113,6,3.7000396251678467,4.036105632781982,-2.5195953845977783,0.0,6.027337953763095,47.48742295397707,12.3,69.60000000000001
33.886061,114,0,-0.11562623083591461,0.041091129183769226,-0.02664211578667164,0.0,0.12556953646688293,160.43585748290508,35.1,53.6
33.886061,114,1,-0.8787593245506287,2.124598741531372,-0.6371853351593018,0.0,2.3858212243048387,112.47056949325113,14.5,55.6
33.886061,114,2,-1.8500198125839233,1.4094226360321045,1.9165478944778442,0.0,3.013669077012305,142.6983301137106,14.700000000000001,63.2
33.886061,114,3,-2.570756673812866,2.0732316970825195,1.5341331958770752,0.0,3.641516745592839,141.11495216265465,11.700000000000001,70.60000000000001
33.886061,114,4,-1.2294923067092896,2.7036521434783936,-2.10695481300354,0.0,3.6415168308318204,114.45378088994153,11.700000000000001,70.60000000000001
33.886061,114,5,1.4800158739089966,4.614748477935791,3.58363676071167,0.0,6.027337964172686,72.21821076062089,12.0,69.9
33.886061,114,6,3.7000396251678467,4.074842929840088,-2.456454038619995,0.0,6.0273381002340045,47.75991765363207,12.0,69.9
34.194466,115,0,-0.11562623083591461,0.04109456017613411,-0.026636824011802673,0.0,0.12556953661945985,160.43434799339124,34.7,54.0
34.194466,115,1,-0.8787593245506287,2.106157064437866,-0.6957202553749084,0.0,2.385821075501081,112.64753317258719,14.200000000000001,55.800000000000004
34.194466,115,2,-1.8500198125839233,1.3408679962158203,1.9651210308074951,0.0,3.0136690189784936,144.06593526121142,14.700000000000001,63.2
34.194466,115,3,-2.570756673812866,2.106966018676758,1.4874637126922607,0.0,3.641516713731824,140.66230255402277,11.8,70.5
34.194466,115,4,-1.2294923067092896,2.7418463230133057,-2.0570056438446045,0.0,3.6415168282032515,114.15230649586978,11.8,70.5
34.194466,115,5,1.4800158739089966,4.657463550567627,3.5279440879821777,0.0,6.02733798619399,72.37115171403391,12.100000000000001,69.7
34.194466,115,6,3.7000396251678467,4.04166841506958,-2.5106630325317383,0.0,6.027338190951685,47.526728864085285,12.100000000000001,69.7
34.49113,116,0,-0.11562623083591461,0.04110366478562355,-0.026622768491506577,0.0,0.1255695357890658,160.43034249267316,34.6,54.1
34.49113,116,1,-0.8787593245506287,2.124006748199463,-0.6391558647155762,0.0,2.3858212079453587,112.47620943035214,14.3,55.800000000000004
34.49113,116,2,-1.8500198125839233,1.3904662132263184,1.9303449392318726,0.0,3.0136690563987103,143.07164826251363,14.3,63.300000000000004
34.49113,116,3,-2.570756673812866,2.0675454139709473,1.54178786277771,0.0,3.64151667970838,141.19182501676295,11.600000000000001,70.7
34.49113,116,4,-1.2294923067092896,2.6371607780456543,-2.189606189727783,0.0,3.641516657604893,114.99578894904946,11.600000000000001,70.7
34.49113,116,5,1.4800158739089966,4.734133720397949,3.4243733882904053,0.0,6.0273379009362875,72.63937011029911,12.200000000000001,69.8
34.49113,116,6,3.7000396251678467,4.045756816864014,-2.5040695667266846,0.0,6.027338205544851,47.55557948296869,12.200000000000001,69.8
34.801007,117,0,-0.11562623083591461,0.04108754172921181,-0.026647645980119705,0.0,0.12556953603064608,160.4374358393033,34.800000000000004,53.900000000000006
34.801007,117,1,-0.8787593245506287,2.1244633197784424,-0.6376367211341858,0.0,2.38582122878213,112.47185942333434,14.200000000000001,55.900000000000006
34.801007,117,2,-1.8500198125839233,1.5013518333435059,1.8454188108444214,0.0,3.013669063094918,140.9395358004264,14.200000000000001,63.300000000000004
34.801007,117,3,-2.570756673812866,2.116816759109497,1.473411202430725,0.0,3.641516667413261,140.53121870458855,11.600000000000001,70.60000000000001
34.801007,117,4,-1.2294923067092896,2.7604081630706787,-2.0320284366607666,0.0,3.641516734329607,114.00830401503016,11.600000000000001,70.60000000000001
34.801007,117,5,1.4800158739089966,4.693833827972412,3.479407787322998,0.0,6.0273378486795215,72.49938098846769,12.3,69.60000000000001
34.801007,117,6,3.7000396251678467,3.992466688156128,-2.588188648223877,0.0,6.027338049474538,47.17702423639009,12.3,69.60000000000001
35.093688,118,0,-0.11562623083591461,0.04112330451607704,-0.026592422276735306,0.0,0.12556953593203418,160.4217028269832,34.800000000000004,53.900000000000006
35.093688,118,1,-0.8787593245506287,2.1139230728149414,-0.6717546582221985,0.0,2.3858212483560592,112.57269075919089,14.200000000000001,55.900000000000006
35.093688,118,2,-1.8500198125839233,1.4072977304458618,1.9181087017059326,0.0,3.0136690595735867,142.7399938744483,14.4,63.2
35.093688,118,3,-2.570756673812866,2.1018574237823486,1.494673728942871,0.0,3.641516725466787,140.73047686486336,11.9,70.60000000000001
35.093688,118,4,-1.2294923067092896,2.709777593612671,-2.0990707874298096,0.0,3.6415167320422692,114.40495671169369,11.9,70.60000000000001
35.093688,118,5,1.4800158739089966,4.654401779174805,3.531982183456421,0.0,6.027337808125722,72.36027386725634,11.8,70.10000000000001
35.093688,118,6,3.7000396251678467,4.093179225921631,-2.425776958465576,0.0,6.027337990817433,47.887915988643535,11.8,70.10000000000001
35.40076,119,0,-0.11562623083591461,0.04112092778086662,-0.02659609727561474,0.0,0.12556953591207312,160.42274832146816,33.9,54.800000000000004
35.40076,119,1,-0.8787593245506287,2.1124730110168457,-0.6763008832931519,0.0,2.3858212543068587,112.58662965047287,13.200000000000001,56.800000000000004
35.40076,119,2,-1.8500198125839233,1.3992810249328613,1.9239647388458252,0.0,3.013669027947876,142.89759590877628,13.8,63.900000000000006
35.40076,119,3,-2.374191999435425,2.1013166904449463,1.5197252035140991,0.0,3.515947123880229,138.4890498855951,13.3,69.0
35.40076,119,4,-1.0791782140731812,2.6252870559692383,-2.0748796463012695,0.0,3.5159469976956554,112.34612070795983,13.3,69.0
35.40076,119,5,1.4800158739089966,4.6808342933654785,3.4968767166137695,0.0,6.027338006132094,72.45375705451198,11.8,70.0
35.40076,119,6,3.7000396251678467,4.10308837890625,-2.4089787006378174,0.0,6.027338206294251,47.95682556325113,11.8,70.0
35.695046,120,0,-0.11562623083591461,0.041119176894426346,-0.02659880369901657,0.0,0.1255695358118925,160.42351852201034,34.4,54.300000000000004
35.695046,120,1,-0.8787593245506287,2.109890937805176,-0.6843134760856628,0.0,2.385821169633115,112.61149056381765,13.600000000000001,56.400000000000006
35.695046,120,2,-1.8500198125839233,1.410683274269104,1.91562020778656,0.0,3.013669090616267,142.6736341377437,14.100000000000001,63.6
35.695046,120,3,-2.570756673812866,2.070100784301758,1.5383552312850952,0.0,3.6415167102105084,141.15725841466707,11.5,70.60000000000001
35.695046,120,4,-1.2294923067092896,2.608962297439575,-2.223130464553833,0.0,3.641516808164677,115.23249598050066,11.5,70.60000000000001
35.695046,120,5,1.4800158739089966,4.476448059082031,3.7549657821655273,0.0,6.027337906399132,71.70493560416884,12.3,69.7
35.695046,120,6,3.7000396251678467,4.079919338226318,-2.4480137825012207,0.0,6.027338261086832,47.795417240179646,12.3,69.7
35.997816,121,0,-0.11562623083591461,0.04108227789402008,-0.026655761525034904,0.0,0.1255695362608353,160.43975180135524,34.6,54.1
35.997816,121,1,-0.8787593245506287,2.1097002029418945,-0.6849014163017273,0.0,2.38582121015592,112.61332906866507,14.0,56.1
35.997816,121,2,-1.8500198125839233,1.4072377681732178,1.9181526899337769,0.0,3.0136690569845883,142.74117024480523,14.200000000000001,63.6
35.997816,121,3,-2.374191999435425,2.053502082824707,1.5837379693984985,0.0,3.5159471568928717,139.14259653065096,13.100000000000001,69.10000000000001
35.997816,121,4,-1.0791782140731812,2.690640449523926,-1.989400029182434,0.0,3.515947115992441,111.85503007142523,13.100000000000001,69.10000000000001
35.997816,121,5,1.4800158739089966,4.583165645599365,3.62394118309021,0.0,6.027338054275878,72.10346743954788,12.100000000000001,69.8
35.997816,121,6,3.7000396251678467,4.092896938323975,-2.426253318786621,0.0,6.027338031210551,47.885950232078855,12.100000000000001,69.8
36.298952,122,0,-0.11562623083591461,0.04111512750387192,-0.026605067774653435,0.0,0.12556953690395517,160.42529984381417,35.0,53.7
36.298952,122,1,-0.8787593245506287,2.1072795391082764,-0.6923133730888367,0.0,2.3858212030633625,112.63668662764556,14.4,55.7
36.298952,122,2,-1.8500198125839233,1.4722237586975098,1.8687388896942139,0.0,3.0136690495942053,141.48764307608502,14.0,63.400000000000006
36.298952,122,3,-2.570756673812866,2.0641825199127197,1.5462874174118042,0.0,3.6415167346467987,141.23736619905782,11.5,70.60000000000001
36.298952,122,4,-1.2294923067092896,2.7060706615448,-2.1038477420806885,0.0,3.6415168651797907,114.43448169784776,11.5,70.60000000000001
36.298952,122,5,1.4800158739089966,4.59086275100708,3.6141855716705322,0.0,6.027338146485425,72.13156353975744,12.3,69.7
36.298952,122,6,3.7000396251678467,4.065469264984131,-2.4719364643096924,0.0,6.027338007439663,47.69423958331179,12.3,69.7
36.595011,123,0,-0.11562623083591461,0.041104789823293686,-0.026621034368872643,0.0,0.12556953641152802,160.42984755509428,35.0,53.7
36.595011,123,1,-0.8787593245506287,2.1092476844787598,-0.6862936019897461,0.0,2.3858211695547817,112.6176920549275,14.4,55.7
36.595011,123,2,-1.8500198125839233,1.4807746410369873,1.8619705438613892,0.0,3.013669051289267,141.3258653263023,14.100000000000001,63.5
36.595011,123,3,-1.117720365524292,2.664903163909912,-2.2157700061798096,0.0,3.641516773105802,112.75427351285067,11.600000000000001,70.60000000000001
36.595011,123,4,-2.570756673812866,2.087099075317383,1.5152132511138916,0.0,3.641516665140391,140.92817460881614,11.600000000000001,70.60000000000001
36.595011,123,5,1.4800158739089966,4.492228031158447,3.7360727787017822,0.0,6.027337677507771,71.76494186891067,12.0,69.8
36.595011,123,6,3.7000396251678467,4.093236923217773,-2.425680160522461,0.0,6.02733821670543,47.88831775498143,12.0,69.8
36.8957,124,0,-0.11562623083591461,0.04112577810883522,-0.026588600128889084,0.0,0.12556953666869733,160.4206147405506,35.300000000000004,53.400000000000006
36.8957,124,1,-0.8787593245506287,2.1118555068969727,-0.6782263517379761,0.0,2.3858211619246634,112.59257043613029,14.700000000000001,55.400000000000006
36.8957,124,2,-1.8500198125839233,1.493704915046692,1.8516137599945068,0.0,3.0136690588697186,141.08261389631372,14.100000000000001,63.1
36.8957,124,3,-1.2294923067092896,2.6155974864959717,-2.215319871902466,0.0,3.641516672825669,115.17642187953861,11.600000000000001,70.5
36.8957,124,4,-2.570756673812866,2.051723003387451,1.562781810760498,0.0,3.6415167371064596,141.40660393290906,11.600000000000001,70.5
36.8957,124,5,1.4800158739089966,4.523226737976074,3.6984827518463135,0.0,6.027337868069863,71.88171961677097,12.5,69.3
36.8957,124,6,3.7000396251678467,4.163518905639648,-2.30295991897583,0.0,6.0273383258151485,48.37311916224612,12.5,69.3
37.19379,125,0,-0.11562623083591461,0.04110846668481827,-0.026615358889102936,0.0,0.1255695369876499,160.42823001540097,34.300000000000004,54.400000000000006
37.19379,125,1,-0.8787593245506287,2.096761465072632,-0.7235440611839294,0.0,2.385821158505545,112.73871102703447,14.0,56.2
37.19379,125,2,-1.9425207376480103,1.154296636581421,1.9940946102142334,0.0,3.013669002379194,149.28011078975476,14.4,63.5
37.19379,125,3,-1.2294923067092896,2.644451141357422,-2.180795907974243,0.0,3.6415167119650986,114.93526596685726,11.600000000000001,70.7
37.19379,125,4,-2.570756673812866,2.128797769546509,1.4560474157333374,0.0,3.641516702754954,140.37245034950075,11.600000000000001,70.7
37.19379,125,5,1.4800158739089966,4.598727226257324,3.604172945022583,0.0,6.027337862288437,72.16018256592213,11.9,70.0
37.19379,125,6,3.7000396251678467,4.179195880889893,-2.274385929107666,0.0,6.027337952461452,48.48001571704123,11.9,70.0
37.49965,126,0,-0.11562623083591461,0.0410887636244297,-0.026645762845873833,0.0,0.12556953623846437,160.43689824403808,35.1,53.6
37.49965,126,1,-0.8787593245506287,2.1130285263061523,-0.6745626330375671,0.0,2.3858210849430437,112.58128776642839,14.700000000000001,55.5
37.49965,126,2,-1.8500198125839233,1.461771845817566,1.8769259452819824,0.0,3.0136690661468806,141.68637933796813,14.4,63.2
37.49965,126,3,-1.2294923067092896,2.60284161567688,-2.2302932739257812,0.0,3.6415167027318907,115.28442931433051,11.600000000000001,70.60000000000001
37.49965,126,4,-2.570756673812866,2.08707332611084,1.5152488946914673,0.0,3.641516738583041,140.92852050833784,11.600000000000001,70.60000000000001
37.49965,126,5,1.4800158739089966,4.613187313079834,3.585646152496338,0.0,6.027337928430357,72.21257236594909,12.200000000000001,69.7
37.49965,126,6,3.7000396251678467,4.139704704284668,-2.345496892929077,0.0,6.02733804769807,48.20987425088132,12.200000000000001,69.7
37.796907,127,0,-0.11562623083591461,0.041101932525634766,-0.02662544511258602,0.0,0.12556953628211492,160.43110457137874,35.6,53.1
37.796907,127,1,-0.8787593245506287,2.1198089122772217,-0.6529433727264404,0.0,2.3858212051706627,112.51627946129733,15.0,55.1
37.796907,127,2,-1.8500198125839233,1.4213790893554688,1.9076974391937256,0.0,3.0136690830474957,142.46475454235312,14.700000000000001,62.900000000000006
37.796907,127,3,-1.2294923067092896,2.6231350898742676,-2.2063896656036377,0.0,3.6415167703128244,115.11300349920774,12.100000000000001,70.5
37.796907,127,4,-2.570756673812866,2.1070940494537354,1.4872825145721436,0.0,3.6415167838894784,140.66059568595074,12.100000000000001,70.5
37.796907,127,5,1.4800158739089966,4.569846153259277,3.6407225131988525,0.0,6.027337826071656,72.05464599143646,11.8,70.0
37.796907,127,6,3.7000396251678467,4.1531758308410645,-2.3215603828430176,0.0,6.0273381621476,48.30234620712946,11.8,70.0
38.098665,128,0,-0.11562623083591461,0.04111994057893753,-0.026597626507282257,0.0,0.12556953653795352,160.4231825825705,35.1,53.6
38.098665,128,1,-0.8787593245506287,2.111239433288574,-0.6801419258117676,0.0,2.3858212285090175,112.59850041120508,14.9,55.2
38.098665,128,2,-1.8500198125839233,1.4325834512710571,1.8992979526519775,0.0,3.013669086803782,142.24719132100554,15.100000000000001,62.7
38.098665,128,3,-1.2294923067092896,2.5915708541870117,-2.243380069732666,0.0,3.641516849034571,115.38058473359035,11.9,70.60000000000001
38.098665,128,4,-2.570756673812866,2.107010841369629,1.4874001741409302,0.0,3.6415166949551407,140.6617049817888,11.9,70.60000000000001
38.098665,128,5,1.4800158739089966,4.690317153930664,3.4841465950012207,0.0,6.027337678190716,72.48706135481896,12.3,69.60000000000001
38.098665,128,6,3.7000396251678467,4.125513076782227,-2.3703696727752686,0.0,6.027338032674632,48.11209388581816,12.3,69.60000000000001
38.399783,129,0,-0.11562623083591461,0.041098982095718384,-0.02663000114262104,0.0,0.1255695367017032,160.43240258008638,35.800000000000004,52.800000000000004
38.399783,129,1,-0.8787593245506287,2.1109678745269775,-0.6809839606285095,0.0,2.3858211316867224,112.60111521858563,15.0,55.0
38.399783,129,2,-1.8500198125839233,1.4740368127822876,1.8673090934753418,0.0,3.013669040051698,141.45328021351088,14.700000000000001,62.900000000000006
38.399783,129,3,-2.374191999435425,2.1165270805358887,1.4984692335128784,0.0,3.515947180577323,138.28387130914615,13.5,68.9
38.399783,129,4,-1.0791782140731812,2.6519217491149902,-2.040727376937866,0.0,3.515946929085107,112.14346984779473,13.5,68.9
38.399783,129,5,-1.117720365524292,2.714590549468994,-2.1546096801757812,0.0,3.6415166539069013,112.37919275759617,11.9,70.5
38.399783,129,6,-2.570756673812866,2.1334283351898193,1.449254035949707,0.0,3.6415166617854036,140.31128211131323,11.9,70.5
38.399783,129,7,1.4800158739089966,4.5630974769592285,3.6491775512695312,0.0,6.027337917517466,72.02981084851803,12.0,69.9
38.399783,129,8,3.7000396251678467,4.12853479385376,-2.365102767944336,0.0,6.027338042188383,48.13294477463744,12.0,69.9
38.689114,130,0,-0.11562623083591461,0.041109438985586166,-0.026613857597112656,0.0,0.1255695370988889,160.42780228236938,34.1,54.6
38.689114,130,1,-0.8787593245506287,2.115328073501587,-0.6673169732093811,0.0,2.385821190232399,112.5592005675106,13.700000000000001,56.400000000000006
38.689114,130,2,-1.8500198125839233,1.4138725996017456,1.9132673740386963,0.0,3.0136690394631227,142.61122749336928,14.100000000000001,63.5
38.689114,130,3,-2.570756673812866,2.161620855331421,1.4068580865859985,0.0,3.6415167545886087,139.9411974626166,11.700000000000001,70.60000000000001
38.689114,130,4,-1.117720365524292,2.748345375061035,-2.111384153366089,0.0,3.641516738834599,112.1310085036232,11.700000000000001,70.60000000000001
38.689114,130,5,1.4800158739089966,4.701864242553711,3.46854829788208,0.0,6.027337856563913,72.52745033273796,11.9,70.0
38.689114,130,6,3.7000396251678467,4.132077693939209,-2.35890793800354,0.0,6.027338214878795,48.15737045805631,11.9,70.0
38.995007,131,0,-0.11562623083591461,0.041086189448833466,-0.026649732142686844,0.0,0.12556953628974904,160.43803080409606,34.4,54.300000000000004
38.995007,131,1,-0.8787593245506287,2.11112380027771,-0.6805003881454468,0.0,2.3858211225592294,112.59961375777698,14.0,56.1
38.995007,131,2,-1.8500198125839233,1.4302831888198853,1.9010307788848877,0.0,3.0136690809446076,142.29175326106918,14.4,63.400000000000006
38.995007,131,3,-2.570756673812866,2.142580986022949,1.4356883764266968,0.0,3.6415167542971965,140.19069676170108,11.600000000000001,70.60000000000001
38.995007,131,4,-1.2294923067092896,2.571582555770874,-2.2662646770477295,0.0,3.6415166839981166,115.55280224747563,11.600000000000001,70.60000000000001
38.995007,131,5,1.4800158739089966,4.623605728149414,3.5722014904022217,0.0,6.02733775430169,72.25013475150351,11.9,70.10000000000001
38.995007,131,6,3.7000396251678467,4.083585739135742,-2.4418928623199463,0.0,6.027338257285228,47.82102644046298,11.9,70.10000000000001
38.995007,131,7,-0.10406360775232315,3.3749217987060547,0.30615755915641785,-0.5115634799003601,3.390377387971486,91.76612003322207,23.400000000000002,41.0
38.995007,131,8,-0.21583564579486847,3.488562822341919,0.38108816742897034,-0.34104230999946594,3.5159470676869233,93.54034867746759,23.6,40.800000000000004
38.995007,131,9,-3.942854166030884,1.2742289304733276,-0.03571946546435356,-0.34104230999946594,4.1437946645623445,162.09050336135587,11.4,48.1
39.303914,132,0,-0.11562623083591461,0.04111000522971153,-0.02661297656595707,0.0,0.12556953575213736,160.4275531821865,34.0,54.7
39.303914,132,1,-0.8787593245506287,2.105426073074341,-0.6979293823242188,0.0,2.385821100245654,112.65460208522966,13.700000000000001,56.400000000000006
39.303914,132,2,-1.8500198125839233,1.448413610458374,1.8872535228729248,0.0,3.013669051755747,141.94197253507124,13.8,63.800000000000004
39.303914,132,3,-2.374191999435425,2.0758047103881836,1.5543909072875977,0.0,3.5159470898338774,138.83613286725304,13.5,69.0
39.303914,132,4,-1.0791782140731812,2.6561203002929688,-2.035259962081909,0.0,3.5159470673791784,112.11184313061732,13.5,69.0
39.303914,132,5,1.4800158739089966,4.515599250793457,3.707791328430176,0.0,6.027337730372428,71.85311976658318,12.3,69.60000000000001
39.303914,132,6,3.7000396251678467,4.1044464111328125,-2.406663656234741,0.0,6.027338013079606,47.96625520538728,12.3,69.60000000000001
39.596558,133,0,-0.11562623083591461,0.0411214642226696,-0.02659527398645878,0.0,0.1255695372116634,160.42251234660554,33.800000000000004,54.900000000000006
39.596558,133,1,-0.8787593245506287,2.1126761436462402,-0.675665557384491,0.0,2.385821113129046,112.58467603142957,13.3,56.800000000000004
39.596558,133,2,-1.8500198125839233,1.411221981048584,1.9152233600616455,0.0,3.0136690770012495,142.66308578864985,13.9,63.7
39.596558,133,3,-2.570756673812866,2.1149938106536865,1.476027011871338,0.0,3.641516776678452,140.55543954432332,11.600000000000001,70.60000000000001
39.596558,133,4,-1.117720365524292,2.680065870285034,-2.1974055767059326,0.0,3.6415166006916357,112.63855662636732,11.600000000000001,70.60000000000001
39.596558,133,5,1.4800158739089966,4.545187950134277,3.6714601516723633,0.0,6.027337731900088,71.9635803789516,11.700000000000001,70.2
39.596558,133,6,3.7000396251678467,4.035200119018555,-2.521045684814453,0.0,6.027338100128543,47.481019136026525,11.700000000000001,70.2
39.898257,134,0,-0.11562623083591461,0.041176073253154755,-0.02651064470410347,0.0,0.12556953670574955,160.39849405121285,34.5,54.2
39.898257,134,1,-0.8787593245506287,2.108078718185425,-0.6898757815361023,0.0,2.385821122066998,112.62897010586991,14.0,56.1
39.898257,134,2,-1.8500198125839233,1.426282286643982,1.9040343761444092,0.0,3.013669088285419,142.36938876714422,14.100000000000001,63.7
39.898257,134,3,-2.374191999435425,2.0692317485809326,1.5631303787231445,0.0,3.5159471356102108,138.92615675383928,13.3,69.0
39.898257,134,4,-1.0791782140731812,2.6360721588134766,-2.061160087585449,0.0,3.5159469493803486,112.26363932861705,13.3,69.0
39.898257,134,5,1.4800158739089966,4.639528274536133,3.551497220993042,0.0,6.027337895618938,72.30724590214527,11.9,70.0
39.898257,134,6,3.7000396251678467,4.06693696975708,-2.4695212841033936,0.0,6.027338128596138,47.70453423011708,11.9,70.0
40.189542,135,0,-0.11562623083591461,0.04112066328525543,-0.02659650892019272,0.0,0.12556953648509442,160.42286467043957,34.6,54.1
40.189542,135,1,-0.8787593245506287,2.113562822341919,-0.6728867292404175,0.0,2.3858210965741926,112.5761521872631,13.9,56.1
40.189542,135,2,-1.8500198125839233,1.4241746664047241,1.905611276626587,0.0,3.0136690470236562,142.4103514351856,14.100000000000001,63.5
40.189542,135,3,-2.570756673812866,2.1304163932800293,1.453678011894226,0.0,3.641516668501523,140.35105655700693,11.5,70.5
40.189542,135,4,-1.117720365524292,2.729442834854126,-2.1357638835906982,0.0,3.641516767872243,112.26934278752479,11.5,70.5
40.189542,135,5,1.4800158739089966,4.679184436798096,3.499083995819092,0.0,6.027337952230107,72.4479501390447,11.9,70.0
40.189542,135,6,3.7000396251678467,4.068350791931152,-2.467191696166992,0.0,6.027338240023901,47.714447094750234,11.9,70.0
40.503324,136,0,-0.11562623083591461,0.041135698556900024,-0.02657325007021427,0.0,0.12556953680084393,160.416251071722,35.2,53.5
40.503324,136,1,-0.8787593245506287,2.121138334274292,-0.6486114263534546,0.0,2.385821151303856,112.5035749468918,14.3,55.800000000000004
40.503324,136,2,-1.8500198125839233,1.4649341106414795,1.8744587898254395,0.0,3.0136690279836387,141.62613557446934,14.0,63.6
40.503324,136,3,-2.570756673812866,2.116664409637451,1.4736299514770508,0.0,3.641516625373212,140.53324227010322,11.700000000000001,70.60000000000001
40.503324,136,4,-1.2294923067092896,2.5794897079467773,-2.25726056098938,0.0,3.6415166793327707,115.48441485051146,11.700000000000001,70.60000000000001
40.503324,136,5,1.4800158739089966,4.577024936676025,3.6316936016082764,0.0,6.027337942569612,72.08099116238391,12.100000000000001,69.8
40.503324,136,6,3.7000396251678467,4.090603828430176,-2.4301178455352783,0.0,6.0273381896297185,47.869976250015334,12.100000000000001,69.8
40.798544,137,0,-0.11562623083591461,0.04110937938094139,-0.02661394700407982,0.0,0.12556953653471192,160.4278285034861,34.2,54.5
40.798544,137,1,-0.8787593245506287,2.1174347400665283,-0.6606022119522095,0.0,2.3858212655941844,112.53900190557088,13.5,56.6
40.798544,137,2,-1.8500198125839233,1.4508410692214966,1.8853880167007446,0.0,3.0136690409883427,141.8953927162936,13.600000000000001,63.800000000000004
40.798544,137,3,-1.2294923067092896,2.647024154663086,-2.1776721477508545,0.0,3.641516743160324,114.91397083133117,11.8,70.60000000000001
40.798544,137,4,-2.570756673812866,2.1338610649108887,1.4486169815063477,0.0,3.6415167278765295,140.30557142522514,11.8,70.60000000000001
40.798544,137,5,1.4800158739089966,4.526843070983887,3.6940555572509766,0.0,6.027337856499688,71.89524891155513,11.700000000000001,70.10000000000001
40.798544,137,6,3.7000396251678467,4.114128112792969,-2.39007568359375,0.0,6.02733814627915,48.033381483571944,11.700000000000001,70.10000000000001
41.093652,138,0,-0.11562623083591461,0.041123684495687485,-0.026591835543513298,0.0,0.1255695361200093,160.42153568022025,34.0,54.7
41.093652,138,1,-0.8787593245506287,2.1144275665283203,-0.6701645851135254,0.0,2.3858211281904467,112.56784507580599,13.200000000000001,56.900000000000006
41.093652,138,2,-1.8500198125839233,1.3962688446044922,1.9261518716812134,0.0,3.0136690306248397,142.9569830786849,13.5,64.3
41.093652,138,3,-2.374191999435425,2.1162033081054688,1.4989265203475952,0.0,3.515947213031086,138.28822521025793,13.5,69.0
41.093652,138,4,-1.0791782140731812,2.647731065750122,-2.046161651611328,0.0,3.515946944820592,112.17512308923159,13.5,69.0
41.093652,138,5,1.4800158739089966,4.501603126525879,3.724771738052368,0.0,6.027337902952168,71.80041266667004,11.9,70.10000000000001
41.093652,138,6,3.7000396251678467,4.106091499328613,-2.403855800628662,0.0,6.027337997730589,47.97767344152144,11.9,70.10000000000001
41.389155,139,0,-0.11562623083591461,0.041171036660671234,-0.02651846781373024,0.0,0.12556953711877095,160.40070895927923,33.7,55.0
41.389155,139,1,-0.8787593245506287,2.123568058013916,-0.6406115293502808,0.0,2.385821112120139,112.48039057605196,13.3,56.900000000000006
41.389155,139,2,0.40083760023117065,2.761807918548584,-1.6943188905715942,0.0,3.2648078448301523,81.74198427603642,15.100000000000001,65.8
41.389155,139,3,-2.570756673812866,2.1158056259155273,1.474863052368164,0.0,3.6415167644609197,140.54465117448947,11.5,70.60000000000001
41.389155,139,4,-1.2294923067092896,2.6090333461761475,-2.2230470180511475,0.0,3.6415167689003622,115.23189431003743,11.5,70.60000000000001
41.389155,139,5,1.4800158739089966,4.5803632736206055,3.6274821758270264,0.0,6.027337856906469,72.09321694192055,12.0,69.9
41.389155,139,6,3.7000396251678467,4.089541435241699,-2.4319047927856445,0.0,6.027337994466939,47.862572196752936,12.0,69.9
41.68641,140,0,-0.11562623083591461,0.04116309806704521,-0.026530787348747253,0.0,0.12556953681981087,160.40420018447486,34.4,54.300000000000004
41.68641,140,1,-0.8787593245506287,2.1319661140441895,-0.6120821833610535,0.0,2.3858210454905024,112.40060423654647,14.3,55.900000000000006
41.68641,140,2,0.3006282150745392,2.7325570583343506,-1.761171817779541,0.0,3.264808045275047,83.72172907709877,14.4,65.60000000000001
41.68641,140,3,-2.374191999435425,2.201068162918091,1.3712751865386963,0.0,3.5159471476703876,137.16698826826482,13.200000000000001,69.10000000000001
41.68641,140,4,-1.0791782140731812,2.8021657466888428,-1.8289684057235718,0.0,3.515947087028109,111.06283825332397,13.200000000000001,69.10000000000001
41.68641,140,5,-2.570756673812866,2.1889963150024414,1.3638728857040405,0.0,3.641516715793891,139.58564428230432,11.700000000000001,70.60000000000001
41.68641,140,6,-1.117720365524292,2.7107253074645996,-2.159470558166504,0.0,3.641516662000156,112.40794951232328,11.700000000000001,70.60000000000001
41.68641,140,7,1.4800158739089966,4.612829208374023,3.586106777191162,0.0,6.027337895793425,72.21127852605521,12.200000000000001,69.7
41.68641,140,8,3.7000396251678467,4.068424224853516,-2.4670703411102295,0.0,6.027338132971543,47.71496185891155,12.200000000000001,69.7
41.98947,141,0,-0.11562623083591461,0.04114591330289841,-0.026557428762316704,0.0,0.12556953635860638,160.41175819829039,33.6,55.1
41.98947,141,1,-0.8787593245506287,2.1152713298797607,-0.6674969792366028,0.0,2.385821235295293,112.55974509838215,13.200000000000001,57.0
41.98947,141,2,0.40083760023117065,2.837054967880249,-1.5650618076324463,0.0,3.264807825009433,81.95810769197624,15.700000000000001,65.8
41.98947,141,3,-2.570756673812866,2.1178789138793945,1.4718843698501587,0.0,3.6415167949657397,140.51711401804044,11.4,70.7
41.98947,141,4,-1.117720365524292,2.705185651779175,-2.1664061546325684,0.0,3.641516696780278,112.449286049492,11.4,70.7
41.98947,141,5,1.4800158739089966,4.640339374542236,3.5504372119903564,0.0,6.027337794933639,72.31014564249682,12.0,69.9
41.98947,141,6,3.7000396251678467,4.0994133949279785,-2.415227174758911,0.0,6.027338194926601,47.93129064857967,12.0,69.9
42.284544,142,0,-0.11562623083591461,0.041128627955913544,-0.026584189385175705,0.0,0.12556953619458444,160.41936116521774,33.5,55.2
42.284544,142,1,-0.8055294156074524,2.1206464767456055,-0.7390015721321106,0.0,2.3858211253897816,110.79932442033436,13.3,57.0
42.284544,142,2,0.40083760023117065,2.8294034004211426,-1.5788527727127075,0.0,3.264807875201298,81.93664560599629,14.5,65.8
42.284544,142,3,-2.374191999435425,2.0273821353912354,1.6170399188995361,0.0,3.515947108874268,139.50515492202769,13.3,69.10000000000001
42.284544,142,4,-1.0791782140731812,2.579681396484375,-2.131314754486084,0.0,3.5159471423483932,112.70140087564275,13.3,69.10000000000001
42.284544,142,5,1.4800158739089966,4.6329827308654785,3.5600316524505615,0.0,6.027337831743815,72.28381139676728,11.8,70.0
42.284544,142,6,3.7000396251678467,4.101158618927002,-2.412262201309204,0.0,6.027338066947679,47.94342014525066,11.8,70.0
42.587803,143,0,-0.11562623083591461,0.04111147299408913,-0.026610713452100754,0.0,0.12556953666990153,160.4269074918766,33.2,55.5
42.587803,143,1,-0.8787593245506287,2.124640703201294,-0.637045681476593,0.0,2.3858212985201432,112.47016982510095,12.600000000000001,57.400000000000006
42.587803,143,2,-1.8500198125839233,1.5107935667037964,1.837697148323059,0.0,3.0136690788972396,140.7636723462558,13.3,64.2
42.587803,143,3,-2.374191999435425,2.1134626865386963,1.5027880668640137,0.0,3.5159471201204693,138.32510311241862,13.5,69.0
42.587803,143,4,-1.0791782140731812,2.6880247592926025,-1.9929325580596924,0.0,3.5159469428981125,111.87429072519748,13.5,69.0
42.587803,143,5,-1.117720365524292,2.724937677383423,-2.1415088176727295,0.0,3.6415167413183167,112.30255538786284,11.9,70.60000000000001
42.587803,143,6,-2.570756673812866,2.1730101108551025,1.3892018795013428,0.0,3.641516810319837,139.79281982336477,11.9,70.60000000000001
42.587803,143,7,1.4800158739089966,4.534919261932373,3.684136390686035,0.0,6.027337774212176,71.92539287224032,12.200000000000001,69.7
42.587803,143,8,3.7000396251678467,4.112519264221191,-2.3928427696228027,0.0,6.027338089616241,48.0222389294368,12.200000000000001,69.7
42.889851,144,0,-0.11562623083591461,0.0411229245364666,-0.026593010872602463,0.0,0.12556953614241986,160.421869974093,33.9,54.800000000000004
42.889851,144,1,-0.8787593245506287,2.1184866428375244,-0.6572208404541016,0.0,2.385821208618298,112.52892911874201,13.4,56.7
42.889851,144,2,-1.8500198125839233,1.5370333194732666,1.8158073425292969,0.0,3.0136690324764217,140.27952221916954,13.4,64.0
42.889851,144,3,-2.374191999435425,2.0596184730529785,1.575775384902954,0.0,3.5159470940829465,139.05826643097524,13.5,69.10000000000001
42.889851,144,4,-1.0791782140731812,2.593290090560913,-2.1147351264953613,0.0,3.5159470654099674,112.59427019198259,13.5,69.10000000000001
42.889851,144,5,1.4800158739089966,4.510890960693359,3.7135183811187744,0.0,6.027337970712665,71.8354220791188,11.700000000000001,70.0
42.889851,144,6,3.7000396251678467,4.079453945159912,-2.448789358139038,0.0,6.027338304677114,47.79216474035066,11.700000000000001,70.0
