timestamp_s,frame_number,point_index,x,y,z,doppler,range,azimuth_deg,elevation_deg,snr,noise
0.0,1,0,-0.11562623083591461,0.048967067152261734,0.0007137688808143139,0.0,0.125569536069978,157.04761192482187,0.3256854005450644,29.200000000000003,57.0
0.0,1,1,-0.16573092341423035,5.257311820983887,-1.219712495803833,0.0,5.3994900587419,91.80558794703866,-13.055455101288555,11.5,70.9
0.0,1,2,1.449182152748108,3.6998631954193115,4.363685607910156,0.0,5.90176826564245,68.61044985283988,47.67914963231534,13.9,67.7
0.0,1,3,3.622955322265625,3.8864171504974365,-2.569206953048706,0.0,5.90176820134502,47.009363870013814,-25.80618848840582,13.9,67.7
0.0,1,4,0.9018846154212952,1.651784062385559,2.6678051948547363,0.7673451900482178,3.26480795851433,61.36517869761726,54.79951371971635,27.900000000000002,41.5
0.0,1,5,2.987010955810547,2.335761547088623,-0.8801997303962708,0.7673451900482178,3.89265565140043,38.024443106703615,-13.068632608641524,12.700000000000001,51.0
0.0,1,6,1.5532456636428833,1.1956758499145508,-3.363116979598999,0.7673451900482178,3.89265573203711,37.588783277640644,-59.764692218634345,12.700000000000001,51.0
0.0,1,7,0.7746958136558533,7.060805797576904,-4.508449554443359,-0.9378663301467896,8.41315930550183,83.73867968687784,-32.4036568921196,16.400000000000002,41.2
0.0,1,8,-6.043397903442383,2.286482572555542,-2.7743241786956787,-0.34104230999946594,7.0318941560882,159.27617053586937,-23.236939276288034,14.3,42.7
0.304144,2,0,-0.11562623083591461,0.04896698147058487,0.000719752861186862,0.0,0.125569536814635,157.04764792565302,0.32841585708639986,29.200000000000003,57.0
0.304144,2,1,-0.16573092341423035,5.2558369636535645,-1.2260526418685913,0.0,5.3994901618686,91.80609428336089,-13.124527045978825,11.4,71.10000000000001
0.304144,2,2,1.449182152748108,3.824954032897949,4.254464149475098,0.0,5.90176816427033,69.24951922939404,46.127147930711,14.3,67.60000000000001
0.304144,2,3,3.622955322265625,3.7670934200286865,-2.741180419921875,0.0,5.90176822629619,46.117375265474365,-27.675774723825576,14.3,67.60000000000001
0.304144,2,4,0.9712603688240051,0.9438586235046387,3.2446367740631104,0.6820846199989319,3.51594704181034,44.18026125828535,67.34402948962463,27.5,40.5
0.304144,2,5,1.1100119352340698,2.229705572128296,-3.7724313735961914,0.6820846199989319,4.5205035010754,63.5345498187418,-56.56544848936596,20.3,49.900000000000006
0.304144,2,6,0.728445291519165,1.1392475366592407,3.109041929244995,0.9378663301467896,3.39037744363722,57.40477982363395,66.49415793074408,19.8,41.400000000000006
0.61211,3,0,-0.11562623083591461,0.048966776579618454,0.0007333086687140167,0.0,0.125569535348038,157.04773401467475,0.33460130676438393,29.200000000000003,57.0
0.61211,3,1,-0.16573092341423035,5.2547502517700195,-1.2307002544403076,0.0,5.3994897966134,91.80646754635436,-13.175173314385498,11.4,71.10000000000001
0.61211,3,2,1.449182152748108,3.806828022003174,4.27069091796875,0.0,5.90176832972737,69.15918661738193,46.354918830699475,13.700000000000001,68.0
0.61211,3,3,3.622955322265625,3.8568427562713623,-2.613393545150757,0.0,5.9017681363784,46.79101062289935,-26.283650226213805,13.700000000000001,68.0
0.61211,3,4,3.1026370525360107,2.9793856143951416,-0.9013031721115112,0.7673451900482178,4.39493375684917,43.83906700576774,-11.834051107190293,12.5,51.6
0.61211,3,5,1.618767261505127,3.757080554962158,1.6060454845428467,0.7673451900482178,4.39493388366833,66.690831812903,21.43411519140123,12.5,51.6
0.61211,3,6,0.8941762447357178,0.9998369216918945,3.385471820831299,0.9378663301467896,3.64151678236841,48.19303077094917,68.38611953253192,31.900000000000002,41.2
0.61211,3,7,4.008376121520996,4.777665615081787,1.9346100091934204,-0.25578173995018005,6.52961589596095,50.00395058376805,17.234449242004164,16.5,43.800000000000004
0.61211,3,8,2.004188060760498,5.697627544403076,-2.4811599254608154,-0.25578173995018005,6.52961591468811,70.62025158486378,-22.332789784328856,16.5,43.800000000000004
0.916506,4,0,-0.11562623083591461,0.048967812210321426,0.0006606629467569292,0.0,0.125569535977142,157.0472988749239,0.3014534765700215,29.0,57.2
0.916506,4,1,1.449182152748108,3.760971784591675,4.311128616333008,0.0,5.90176817766538,68.92726854912958,46.926720299133656,14.3,67.5
0.916506,4,2,3.622955322265625,3.808971881866455,-2.6826846599578857,0.0,5.90176829846407,46.43377870859719,-27.036375242534216,14.3,67.5
0.916506,4,3,1.0483444929122925,1.4810574054718018,-3.8645718097686768,0.25578173995018005,4.26936441253041,54.70779817414288,-64.84843782411839,19.700000000000003,42.2
0.916506,4,4,1.6650177240371704,3.5394859313964844,-2.265989303588867,0.5115634799003601,4.52050353433008,64.8071295822903,-30.08400684118911,21.3,48.6
0.916506,4,5,3.1912841796875,3.162388563156128,-0.49995556473731995,0.5115634799003601,4.52050347932796,44.739428590900125,-6.34974951906213,21.3,48.6
0.916506,4,6,2.212315320968628,4.634511947631836,-0.36397528648376465,0.5115634799003601,5.14835100603151,64.48221113030402,-4.054047396025793,11.8,55.400000000000006
0.916506,4,7,0.8363630771636963,1.4496990442276,3.5144896507263184,0.6820846199989319,3.89265565144665,60.018412702932416,64.53544130885177,25.8,42.0
1.200132,5,0,-0.11562623083591461,0.04896699637174606,0.0007188412710092962,0.0,0.125569537403638,157.04764166463752,0.3279999017418048,29.200000000000003,57.0
1.200132,5,1,1.449182152748108,3.7831125259399414,4.291712760925293,0.0,5.90176818572674,69.0398575628674,46.65142041984515,14.200000000000001,67.60000000000001
1.200132,5,2,3.622955322265625,3.9039855003356934,-2.5424318313598633,0.0,5.90176818174655,47.13823486259298,-25.51780404673319,14.200000000000001,67.60000000000001
1.200132,5,3,1.0791782140731812,1.9463779926300049,4.502812385559082,0.42630288004875183,5.02278132984792,60.993621541530196,63.69889503034831,13.5,52.900000000000006
1.200132,5,4,4.077751636505127,4.089608669281006,-0.10730445384979248,0.5115634799003601,5.776198726039,45.08317956266156,-1.0644450265630088,15.200000000000001,51.300000000000004
1.200132,5,5,-3.5458712577819824,4.487484931945801,0.8085454702377319,0.5115634799003601,5.77619855689249,128.31469538444242,8.04662077608799,15.200000000000001,51.300000000000004
1.200132,5,6,0.7400079369544983,1.291275978088379,-3.732442617416382,0.596824049949646,4.01822514185676,60.183723721213035,-68.26065061484954,29.1,41.7
1.200132,5,7,1.6110588312149048,4.469607353210449,0.4423482120037079,0.7673451900482178,4.7716425253964,70.17842831136852,5.319159685652945,24.200000000000003,48.5
1.200132,5,8,3.2221176624298096,3.5024044513702393,-0.3459649980068207,0.7673451900482178,4.77164237463015,47.386780710389246,-4.157843608563052,24.200000000000003,48.5
1.200132,5,9,2.4281508922576904,4.679568290710449,-0.14127318561077118,0.8526057600975037,5.27392019810379,62.57594503485688,-1.5349730979253728,18.3,50.0
1.200132,5,10,0.9404267072677612,6.197509288787842,-4.402059078216553,-0.6820846199989319,7.65974202597338,81.37160803486472,-35.07867449111255,17.5,42.6
1.200132,5,11,1.2487634420394897,2.6001999378204346,6.136626720428467,-0.34104230999946594,6.78075492527877,64.34704166754936,64.82414735398639,18.8,42.2
1.507291,6,0,-0.11562623083591461,0.04896760731935501,0.0006758360541425645,0.0,0.125569536824322,157.04738496350143,0.3083768681281156,29.200000000000003,57.0
1.507291,6,1,1.449182152748108,3.7914187908172607,4.284376621246338,0.0,5.90176824281402,69.08180034500342,46.54776422370591,13.9,67.8
1.507291,6,2,3.622955322265625,3.9157607555389404,-2.5242583751678467,0.0,5.90176820167962,47.224262972025514,-25.322459208319074,13.9,67.8
1.507291,6,3,0.9250098466873169,2.5697450637817383,4.215341091156006,0.25578173995018005,5.02278144299425,70.20306544136184,57.06041368142614,16.5,46.0
1.507291,6,4,4.077751636505127,3.9914088249206543,-0.8972564935684204,0.34104230999946594,5.77619875280668,44.38693871283557,-8.936332706761478,18.6,50.2
1.507291,6,5,-3.5458712577819824,4.554170608520508,-0.2253827154636383,0.34104230999946594,5.77619860087118,127.90427820198329,-2.2362038260037056,18.6,50.2
1.507291,6,6,0.6359442472457886,2.6354167461395264,-3.1338775157928467,0.42630288004875183,4.14379473374703,76.43348602762336,-49.137517634215136,28.6,40.6
1.507291,6,7,3.391702890396118,3.598902702331543,0.8789671063423157,0.5115634799003601,5.02278133424126,46.697735615721456,10.07843070826984,18.3,50.7
1.507291,6,8,1.695851445198059,4.376501560211182,-1.7884780168533325,0.5115634799003601,5.0227812661392,68.81913891857984,-20.859235334931274,18.3,50.7
1.507291,6,9,1.1793875694274902,5.050161361694336,-3.757222890853882,0.5115634799003601,6.40404627322655,76.85504019437404,-35.92283509537299,14.8,48.800000000000004
1.507291,6,10,3.306910276412964,3.5726065635681152,0.5324583649635315,0.6820846199989319,4.8972119766981,47.21174160146181,6.241928469973279,24.400000000000002,43.5
1.507291,6,11,1.653455138206482,4.4158735275268555,-1.3224334716796875,0.6820846199989319,4.89721177734767,69.47236914640901,-15.666530487370835,24.400000000000002,43.5
1.507291,6,12,0.9982398152351379,2.359130859375,-3.876081943511963,1.193648099899292,4.64607279034623,67.06489228992018,-56.53996450386154,20.200000000000003,41.400000000000006
1.507291,6,13,0.6706321835517883,5.967527389526367,-4.12085485458374,-0.6820846199989319,7.28303339295579,83.58798912287318,-34.45895623601582,18.900000000000002,42.1
1.867297,7,0,-0.11562623083591461,0.04896756261587143,0.0006790412589907646,0.0,0.125569536683429,157.04740374647835,0.30983938388752824,,
1.867297,7,1,1.449182152748108,3.4224460124969482,4.584496021270752,0.0,5.90176832731913,67.050518365876,50.96854976542255,,
1.867297,7,2,3.622955322265625,3.862480401992798,-2.6050543785095215,0.0,5.90176824671241,46.832771731831286,-26.19339091833987,,
1.867297,7,3,0.8556341528892517,3.4144327640533447,-3.0324137210845947,0.34104230999946594,4.64607295246788,75.93176421293643,-40.74420980729715,,
1.867297,7,4,0.5395891070365906,3.1308445930480957,-3.0367908477783203,0.596824049949646,4.39493377918271,80.22135509955706,-43.70736488818007,,
1.867297,7,5,3.3184728622436523,3.779158353805542,1.1005539894104004,0.6820846199989319,5.14835110343039,48.71368417204388,12.34327308937448,,
1.867297,7,6,2.6594033241271973,5.08544921875,-0.6559363007545471,0.6820846199989319,5.77619876973701,62.3929685135788,-6.520486850219535,,
1.867297,7,7,0.6744863390922546,2.744008779525757,-3.3661444187164307,0.7673451900482178,4.39493393026474,76.19028939536271,-49.98843485148553,,
2.408419,9,0,-0.11562623083591461,0.048966798931360245,0.0007320736767724156,0.0,0.12556953685816,157.04772462313977,0.3340377820620791,28.900000000000002,57.300000000000004
2.408419,9,1,-0.16573092341423035,5.257786750793457,-1.2176637649536133,0.0,5.39949009632168,91.80542495830768,-13.033139411540398,11.3,71.2
2.408419,9,2,1.449182152748108,3.7597947120666504,4.312155246734619,0.0,5.90176821475301,68.92125062825589,46.94131597146416,13.4,68.4
2.408419,9,3,3.622955322265625,3.8960111141204834,-2.5546350479125977,0.0,5.90176821778919,47.07981673772346,-25.649153561141265,13.4,68.4
2.408419,9,4,0.6166732311248779,4.754491329193115,-1.4976181983947754,0.25578173995018005,5.02278149450299,82.60980545475854,-17.34742867949331,16.6,44.2
2.408419,9,5,3.3146185874938965,3.4927470684051514,2.44305419921875,0.34104230999946594,5.39949000228107,46.49891782572814,26.901636212876888,15.5,47.6
2.408419,9,6,2.8328428268432617,5.425716400146484,-0.6283900141716003,0.5115634799003601,6.15290751972809,62.43030548579164,-5.861778395458756,16.1,46.400000000000006
2.699894,10,0,-0.11562623083591461,0.04896793141961098,0.0006518414011225104,0.0,0.125569536361524,157.04724878707466,0.2974282618008931,28.900000000000002,57.300000000000004
2.699894,10,1,1.6303298473358154,4.068210601806641,3.952537775039673,0.0,5.901768190541,68.16162277682177,42.045530927016436,13.5,68.3
2.699894,10,2,3.622955322265625,3.930546760559082,-2.5011725425720215,0.0,5.90176814114131,47.33189309822789,-25.07476528303558,13.5,68.3
2.699894,10,3,-0.3314618468284607,3.2250187397003174,4.3178558349609375,0.25578173995018005,5.39948996098959,95.86815647365289,53.09940882756133,26.0,40.7
2.699894,10,4,3.1488876342773438,2.6885414123535156,3.4656519889831543,0.25578173995018005,5.39948997294999,40.49092234997925,39.92976069476649,26.0,40.7
2.699894,10,5,-6.3478803634643555,2.8393664360046387,-3.2115509510040283,0.25578173995018005,7.65974192630933,155.90133630560373,-24.788927938207365,14.5,44.400000000000006
2.699894,10,6,0.9404267072677612,1.4667994976043701,-7.458937168121338,0.25578173995018005,7.6597419562213,57.33436386480274,-76.85165895487282,14.5,44.400000000000006
2.699894,10,7,0.4162544310092926,4.174922943115234,-1.682766079902649,-0.25578173995018005,4.52050340249355,84.30622733609584,-21.85456634539595,28.5,40.900000000000006
3.00723,11,0,-0.11562623083591461,0.04896669089794159,0.0007392338593490422,0.0,0.125569536677944,157.04777001557088,0.337304938681727,29.3,56.900000000000006
3.00723,11,1,0.0,5.251745223999023,-1.2544574737548828,0.0,5.39948992509997,90.0,-13.43422181642321,11.700000000000001,71.2
3.00723,11,2,1.449182152748108,3.8156983852386475,4.262767314910889,0.0,5.90176823164287,69.20348658645962,46.24357932762317,13.3,68.4
3.00723,11,3,3.622955322265625,3.883359432220459,-2.573826313018799,0.0,5.90176817882034,46.986870508330114,-25.85601276047804,13.3,68.4
3.00723,11,4,0.14260569214820862,4.633396148681641,-0.311922550201416,-0.34104230999946594,4.64607274279849,88.23711905108655,-3.849552028476046,14.600000000000001,42.5
3.00723,11,5,-2.254711627960205,1.4032057523727417,4.114604949951172,-0.25578173995018005,4.89721194180052,148.10418769668837,57.16054346330195,15.4,42.0
3.00723,11,6,-0.9943855404853821,5.266880035400391,-0.6524301767349243,-0.25578173995018005,5.39949007276983,100.69157833682205,-6.9401113099448155,12.9,47.2
3.00723,11,7,-2.8174257278442383,1.6165870428085327,4.313148498535156,-0.25578173995018005,5.39948991751176,150.15358922087802,53.016297257511226,12.9,47.2
3.311995,12,0,-0.11562623083591461,0.04896744340658188,0.0006875687395222485,0.0,0.125569536599721,157.0474538344423,0.3137304224123185,29.3,56.900000000000006
3.311995,12,1,0.0,5.25803279876709,-1.227837085723877,0.0,5.39949005203171,90.0,-13.143971291663373,11.5,71.2
3.311995,12,2,1.2680343389511108,4.0520172119140625,4.099282264709473,0.0,5.90176834992434,72.62306157353493,43.99418996794857,13.3,68.5
3.311995,12,3,3.622955322265625,3.9998743534088135,-2.388737678527832,0.0,5.90176819326284,47.83074611066689,-23.87542997943266,13.3,68.5
3.311995,12,4,3.0640954971313477,5.812015533447266,-1.0598556995391846,0.5115634799003601,6.65518593883136,62.201794808715626,-9.163517434612467,15.5,45.300000000000004
3.311995,12,5,3.1835756301879883,6.648401737213135,-0.7422914505004883,0.5115634799003601,7.40860284061655,64.41265091845794,-5.7502945316817655,13.5,47.900000000000006
3.607754,13,0,-0.11562623083591461,0.048966944217681885,0.0007223552092909813,0.0,0.125569537230915,157.0476635781943,0.32960329384910103,29.6,56.6
3.607754,13,1,1.449182152748108,3.969539165496826,4.1198906898498535,0.0,5.90176832776147,69.94409230232482,44.27295091736208,13.200000000000001,68.5
3.607754,13,2,3.622955322265625,4.0119805335998535,-2.3683483600616455,0.0,5.90176812690262,47.91688673219392,-23.65914236394756,13.200000000000001,68.5
3.607754,13,3,-0.15802252292633057,3.5364227294921875,3.7382166385650635,-0.34104230999946594,5.14835123862637,92.558519023476,46.56041258738908,17.400000000000002,41.1
3.906496,14,0,-0.11562623083591461,0.04896683618426323,0.0007296183030121028,0.0,0.125569537094332,157.0477089705844,0.33291740670166525,29.400000000000002,56.800000000000004
3.906496,14,1,1.449182152748108,3.8075075149536133,4.270084857940674,0.0,5.90176813186405,69.16258648753313,46.34639663408947,13.4,68.5
3.906496,14,2,3.622955322265625,3.879333257675171,-2.579890727996826,0.0,5.90176820619393,46.95722403276285,-25.921454983759823,13.4,68.5
3.906496,14,3,-0.1503141075372696,4.320981979370117,2.2998266220092773,-0.42630288004875183,4.89721166463822,91.99234629477337,28.00960729888765,27.3,41.6
3.906496,14,4,-2.1043975353240967,3.728994846343994,-2.376718759536743,-0.42630288004875183,4.89721182027815,119.4375025704671,-29.033492503299144,27.3,41.6
3.906496,14,5,-2.4050257205963135,2.6801435947418213,-3.3189406394958496,-0.25578173995018005,4.89721200007336,131.90320235842793,-42.66576546804156,23.900000000000002,41.900000000000006
3.906496,14,6,-0.7515705823898315,4.456450462341309,-1.8862333297729492,-0.25578173995018005,4.89721198621851,99.57272952793193,-22.653967248148014,23.900000000000002,41.900000000000006
3.906496,14,7,-0.13875149190425873,4.419216156005859,0.9413971900939941,-0.17052115499973297,4.52050352057442,91.79834247653496,12.019847679291145,26.400000000000002,45.300000000000004
4.197738,15,0,-0.11562623083591461,0.04896758869290352,0.0006771152256987989,0.0,0.125569536451906,157.0473927897412,0.30896054719498023,29.3,56.900000000000006
4.197738,15,1,-0.16573092341423035,5.192986965179443,-1.4696636199951172,0.0,5.39948993104316,91.8279384501646,-15.794366623846113,11.3,71.2
4.197738,15,2,1.449182152748108,3.7283318042755127,4.3393874168396,0.0,5.9017683882072,68.75916851488651,47.329952227478984,13.200000000000001,68.5
4.197738,15,3,3.622955322265625,3.912471055984497,-2.5293540954589844,0.0,5.90176813940233,47.200257016391845,-25.37720100050913,13.200000000000001,68.5
4.197738,15,4,-0.28521138429641724,3.9623796939849854,2.4091897010803223,-0.6820846199989319,4.64607289964636,94.11703953935434,31.234585644944122,32.1,40.300000000000004
4.197738,15,5,-1.7112683057785034,3.203598737716675,-2.8973281383514404,-0.34104230999946594,4.64607301147377,118.10982291263221,-38.58008860549242,18.8,41.6
4.197738,15,6,0.0,4.002744197845459,2.3588199615478516,-0.34104230999946594,4.64607282814014,90.0,30.51087475077509,18.8,41.6
4.500302,16,0,-0.11562623083591461,0.04896678775548935,0.0007327793864533305,0.0,0.125569536616333,157.0477293189071,0.3343597945182113,29.200000000000003,57.0
4.500302,16,1,-0.16573092341423035,5.299983501434326,-1.0184314250946045,0.0,5.3994902002015,91.79106014985723,-10.872039319725735,11.9,71.2
4.500302,16,2,1.449182152748108,3.6496403217315674,4.405776500701904,0.0,5.90176837600305,68.34319377363792,48.289652411946506,13.200000000000001,68.5
4.500302,16,3,3.622955322265625,3.87687349319458,-2.583585739135742,0.0,5.90176826221033,46.93909553496536,-25.96134615773159,13.200000000000001,68.5
4.500302,16,4,-0.27750298380851746,3.683281183242798,2.6060285568237305,-0.7673451900482178,4.52050362457922,94.30859527105281,35.20409780542968,31.8,41.300000000000004
4.500302,16,5,-1.9425207376480103,3.6468093395233154,-1.8336706161499023,-0.7673451900482178,4.52050363383978,118.0425808519045,-23.93087188963688,31.8,41.300000000000004
4.500302,16,6,-0.2620861232280731,3.9677813053131104,1.5541859865188599,-0.596824049949646,4.26936432077101,93.7791010406123,21.348033336063548,30.900000000000002,41.900000000000006
4.812612,17,0,-0.11562623083591461,0.0489656999707222,0.0008020875975489616,0.0,0.125569536016731,157.0481863751529,0.3659848408776705,29.1,57.1
4.812612,17,1,1.449182152748108,3.6396772861480713,4.414010524749756,0.0,5.90176825805177,68.2894190729786,48.409936802910316,13.200000000000001,68.60000000000001
4.812612,17,2,3.622955322265625,3.9033188819885254,-2.543455123901367,0.0,5.90176816970313,47.13335631308513,-25.52881281076872,13.200000000000001,68.60000000000001
4.812612,17,3,-0.3931291997432709,3.253126859664917,2.736802339553833,-0.9378663301467896,4.26936435298645,96.89058454661226,39.86887167477888,23.8,42.6
4.812612,17,4,-1.9656460285186768,3.5442099571228027,-1.3424917459487915,-0.9378663301467896,4.26936442782065,119.01308650993053,-18.327474060427146,23.8,42.6
4.812612,17,5,-0.12718884646892548,3.590970277786255,2.0639257431030273,-0.6820846199989319,4.1437946391748,92.02851554439546,29.87280790285204,31.3,41.0
4.812612,17,6,-2.4975268840789795,2.908867120742798,-2.394953727722168,-0.6820846199989319,4.52050349195375,130.64908883433407,-31.99180779774901,23.3,44.0
5.121533,18,0,-0.11562623083591461,0.04896846413612366,0.000610497547313571,0.0,0.125569536291357,157.0470249574516,0.27856334984115294,29.3,56.900000000000006
5.121533,18,1,-0.16573092341423035,5.271132469177246,-1.158528447151184,0.0,5.39949001382991,91.80085690629089,-12.389865446545011,11.600000000000001,71.10000000000001
5.121533,18,2,1.449182152748108,3.7027223110198975,4.361259937286377,0.0,5.90176835066807,68.62547534179592,47.64418400552423,13.100000000000001,68.5
5.121533,18,3,3.622955322265625,3.907482385635376,-2.5370540618896484,0.0,5.90176813964547,47.16381165102837,-25.459966108866364,13.100000000000001,68.5
5.121533,18,4,-0.3584413230419159,2.5218257904052734,2.9435834884643555,-1.278908610343933,3.89265580969821,98.08958598897227,49.12937034176627,28.400000000000002,41.300000000000004
5.121533,18,5,-1.7922066450119019,3.3437445163726807,-0.8718573451042175,-1.278908610343933,3.892655556225,118.1907703963054,-12.942609040335686,28.400000000000002,41.300000000000004
5.121533,18,6,-0.585839569568634,3.515650510787964,3.1726272106170654,-1.1083874702453613,4.77164226790147,99.46070190913719,41.67404753260575,12.600000000000001,46.6
5.121533,18,7,-0.3584413230419159,3.128035068511963,2.2890357971191406,-1.0231269598007202,3.89265570689183,96.5370067749483,36.018017018367885,27.1,41.2
5.121533,18,8,-1.7922066450119019,3.088545083999634,-1.5497266054153442,-1.0231269598007202,3.89265564182799,120.12553779074864,-23.46042296286447,27.1,41.2
5.121533,18,9,-1.8500196933746338,3.3711366653442383,-1.1657609939575195,-0.7673451900482178,4.0182252273031,118.75719495600643,-16.86504340006342,26.8,40.800000000000004
5.401482,19,0,-0.11562623083591461,0.04896710440516472,0.0007113576866686344,0.0,0.125569536914432,157.04759627229257,0.32458518347837834,29.200000000000003,57.0
5.401482,19,1,1.449182152748108,3.7124123573303223,4.3530144691467285,0.0,5.90176832748485,68.67625003229267,47.52550483629762,13.600000000000001,68.10000000000001
5.401482,19,2,3.622955322265625,3.892808675765991,-2.5595123767852783,0.0,5.90176823165471,47.056320454549066,-25.701691191438798,13.600000000000001,68.10000000000001
5.401482,19,3,-0.33531609177589417,2.8773019313812256,2.206658363342285,-0.596824049949646,3.64151677440081,96.64717307991319,37.29884169719742,33.800000000000004,41.1
5.401482,19,4,-0.22354406118392944,2.6056454181671143,2.534025192260742,-0.42630288004875183,3.64151667132226,94.90352420747,44.09665099132757,23.900000000000002,41.400000000000006
5.401482,19,5,2.686383008956909,4.130870819091797,-1.4915672540664673,-0.42630288004875183,5.14835121842322,56.963293080120614,-16.841041708631014,12.700000000000001,52.400000000000006
5.707412,20,0,-0.11562623083591461,0.04896670952439308,0.0007379694143310189,0.0,0.125569536503975,157.04776218928748,0.3367279790178058,28.400000000000002,57.800000000000004
5.707412,20,1,1.449182152748108,3.733327865600586,4.335089683532715,0.0,5.90176824588913,68.7850644822507,47.268430179036436,13.5,68.2
5.707412,20,2,3.622955322265625,3.894416570663452,-2.557065010070801,0.0,5.9017681383395,47.068120165205634,-25.675326145241428,13.5,68.2
5.707412,20,3,-0.4162544310092926,2.681067705154419,2.03304386138916,-0.8526057600975037,3.39037743227638,98.82510993451567,36.84492004330935,31.200000000000003,41.5
5.707412,20,4,-1.6650177240371704,2.6513516902923584,-1.301041841506958,-0.8526057600975037,3.39037751295131,122.12833839425141,-22.565876441339253,31.200000000000003,41.5
5.707412,20,5,-0.3006282150745392,4.514108657836914,1.8748676776885986,-0.8526057600975037,4.89721176868006,93.81012767138431,22.509952317052967,15.0,48.2
5.707412,20,6,-0.11177203059196472,3.344984531402588,1.4350013732910156,-0.7673451900482178,3.64151664056233,91.91381564551378,23.207795119633623,28.900000000000002,41.300000000000004
5.707412,20,7,-1.4530364274978638,2.8139209747314453,-1.7975479364395142,-0.7673451900482178,3.64151681246528,117.31066711310187,-29.579198070836437,28.900000000000002,41.300000000000004
5.707412,20,8,-0.9866771697998047,3.582838773727417,-1.5283550024032593,-0.596824049949646,4.01822529598575,105.39701158149734,-22.35571892353275,22.3,41.5
5.707412,20,9,-0.3237534463405609,2.078218460083008,2.8174591064453125,-0.42630288004875183,3.51594710971863,98.85460082825374,53.25798306186805,27.700000000000003,40.800000000000004
5.707412,20,10,-1.6187673807144165,3.036597728729248,-0.7214919924736023,-0.42630288004875183,3.51594714041497,118.06144766357517,-11.841534105504286,27.700000000000003,40.800000000000004
5.707412,20,11,-1.4299111366271973,2.262831687927246,-6.093147277832031,-0.25578173995018005,6.65518571160039,122.2892949875984,-66.28378421362613,13.100000000000001,46.800000000000004
5.707412,20,12,3.2683682441711426,2.8596913814544678,-5.0429582595825195,-0.25578173995018005,6.65518548085347,41.18462614395329,-49.26612970792377,13.100000000000001,46.800000000000004
6.021299,21,0,-0.11562623083591461,0.048967014998197556,0.000717488641384989,0.0,0.125569536931154,157.04763383836897,0.32738270522124646,28.1,58.1
6.021299,21,1,1.449182152748108,3.727191925048828,4.340366363525391,0.0,5.90176827125697,68.75325175562894,47.34397744296123,13.5,68.10000000000001
6.021299,21,2,3.622955322265625,3.891200065612793,-2.561957359313965,0.0,5.90176827134892,47.04451026695198,-25.728036634778935,13.5,68.10000000000001
6.021299,21,3,-1.5031410455703735,3.3735880851745605,-0.7418950796127319,-1.9609932899475098,3.76708612596842,114.015913359769,-11.358155034675367,16.6,40.7
6.021299,21,4,-0.11562623083591461,2.22176194190979,3.0399575233459473,-1.9609932899475098,3.76708604833016,92.97913272402081,53.80176639928381,16.6,40.7
6.021299,21,5,0.0,2.9998152256011963,1.2884403467178345,-1.1083874702453613,3.26480779140199,90.0,23.24384073192877,25.6,41.6
6.021299,21,6,-0.2081272155046463,2.4453978538513184,2.3390963077545166,-0.7673451900482178,3.3903774330309,94.86470632740507,43.623942476262535,28.3,41.5
6.021299,21,7,-1.45689058303833,2.9659523963928223,-0.7584561705589294,-0.7673451900482178,3.39037749391908,116.16050057275275,-12.92694332834571,28.3,41.5
6.021299,21,8,-2.1043975353240967,3.814862012863159,-2.2362964153289795,-0.596824049949646,4.89721173945723,118.88250650642463,-27.170946939837386,12.4,50.300000000000004
6.021299,21,9,-0.4162544310092926,2.1224865913391113,2.6108317375183105,-0.5115634799003601,3.39037747800773,101.09581793989452,50.360274625372824,30.700000000000003,40.6
6.021299,21,10,-1.0753239393234253,3.7402210235595703,0.08480985462665558,-0.5115634799003601,3.892655596248,106.0400903885629,1.2484102752442623,14.5,48.400000000000006
6.021299,21,11,-2.389608860015869,2.5975699424743652,-1.6416966915130615,-0.5115634799003601,3.89265566635909,132.6121984355024,-24.944621130640908,14.5,48.400000000000006
6.021299,21,12,2.4242966175079346,3.1053123474121094,-2.4628872871398926,-0.42630288004875183,4.64607282054488,52.021079268433965,-32.01227108381244,11.700000000000001,51.2
6.021299,21,13,-0.42781707644462585,2.5934181213378906,-3.8310766220092773,-0.42630288004875183,4.64607286713063,99.36730074125494,-55.54632210342741,11.700000000000001,51.2
6.302613,22,0,-0.11562623083591461,0.0489673912525177,0.0006912738317623734,0.0,0.125569536603859,157.04747574793822,0.3154210342610624,28.5,57.7
6.302613,22,1,1.449182152748108,3.7742443084716797,4.299513816833496,0.0,5.90176821579911,68.99489954001827,46.76186312872463,13.5,68.2
6.302613,22,2,3.622955322265625,3.887331962585449,-2.5678226947784424,0.0,5.90176824742301,47.01608978328892,-25.791261818598493,13.5,68.2
6.302613,22,3,-0.3854207694530487,1.7105116844177246,2.6039235591888428,-0.9378663301467896,3.13923833025688,102.6980973226424,56.04497117366592,29.400000000000002,41.900000000000006
6.302613,22,4,-1.5416830778121948,2.6846539974212646,-0.5202539563179016,-0.9378663301467896,3.13923843907195,119.86692622823725,-9.539421620478617,29.400000000000002,41.900000000000006
6.302613,22,5,-0.19271038472652435,2.006927967071533,2.4062254428863525,-0.7673451900482178,3.13923844895365,95.48487189814463,50.04060033409879,29.3,41.2
6.302613,22,6,-1.3489726781845093,2.76578688621521,-0.6208972334861755,-0.7673451900482178,3.13923840461331,116.00013857772103,-11.407516881376104,29.3,41.2
6.302613,22,7,-0.9712603688240051,3.3581416606903076,-0.3760621249675751,-0.6820846199989319,3.51594721791257,106.13122007765223,-6.140043500260605,20.6,45.300000000000004
6.302613,22,8,-2.1583564281463623,1.8514330387115479,-2.067746877670288,-0.6820846199989319,3.5159470868983,139.37708548865095,-36.02266470210119,20.6,45.300000000000004
6.302613,22,9,-0.09635519236326218,2.7796037197113037,1.455794334411621,-0.34104230999946594,3.13923849139138,91.98536792950097,27.6287873084357,33.7,41.1
6.302613,22,10,-0.8093836307525635,3.5689055919647217,-0.8937273025512695,-0.34104230999946594,3.76708607247204,102.77783424396091,-13.724072650118616,12.600000000000001,52.800000000000004
6.605151,23,0,-0.11562623083591461,0.048966385424137115,0.0007593323825858533,0.0,0.125569537486178,157.04789836674777,0.34647579977877135,28.3,57.900000000000006
6.605151,23,1,1.449182152748108,3.7748124599456787,4.299015045166016,0.0,5.9017682416517,68.99778534213205,46.75479475987175,13.200000000000001,68.5
6.605151,23,2,3.622955322265625,3.8707263469696045,-2.5927860736846924,0.0,5.90176815404932,46.89373725497735,-26.060732574280248,13.200000000000001,68.5
6.605151,23,3,-0.25437772274017334,1.585399866104126,2.2479703426361084,-0.7673451900482178,2.76252989533887,99.11542575423151,54.46258275156279,33.6,42.0
6.605151,23,4,-1.3566811084747314,2.3756041526794434,-0.3840481638908386,-0.7673451900482178,2.76252994780291,119.73020701242787,-7.991168040590499,33.6,42.0
6.605151,23,5,-2.004188060760498,2.5530762672424316,0.3521403968334198,-0.596824049949646,3.26480796806389,128.13223568913105,6.191936982372471,29.6,45.2
6.901996,24,0,-0.11562623083591461,0.04896720498800278,0.0007042415672913194,0.0,0.125569536026229,157.04755401048152,0.3213381395786224,28.5,57.7
6.901996,24,1,1.449182152748108,3.72400164604187,4.343103885650635,0.0,5.90176825477923,68.73667528328863,47.38321401543206,13.3,68.5
6.901996,24,2,3.622955322265625,3.872486114501953,-2.5901570320129395,0.0,5.9017681608675,46.90672999248546,-26.0323239332256,13.3,68.5
6.901996,24,3,-0.3854207694530487,1.5866923332214355,1.9081251621246338,-0.6820846199989319,2.51139072311789,103.65318804130413,49.44553401561542,34.800000000000004,40.800000000000004
6.901996,24,4,-1.310430645942688,2.027975082397461,-0.6907762289047241,-0.6820846199989319,2.51139069263836,122.86961063615564,-15.965426185411769,34.800000000000004,40.800000000000004
6.901996,24,5,-2.023458957672119,2.190084934234619,-0.9818145632743835,-0.5115634799003601,3.13923844414576,132.73539958199234,-18.22537753877888,19.6,47.6
6.901996,24,6,-1.6033504009246826,2.2853715419769287,-2.8900654315948486,-0.42630288004875183,4.0182252042317,125.05238618727674,-45.99171024345293,11.9,53.400000000000006
6.901996,24,7,-1.2950137853622437,2.2884509563446045,-0.19872240722179413,-0.34104230999946594,2.63696019670468,119.50513059902939,-4.321931005695862,29.0,39.900000000000006
6.901996,24,8,-0.3237534463405609,1.1176986694335938,2.3663246631622314,-0.34104230999946594,2.63696018573676,106.15422822694615,63.8142787251544,29.0,39.900000000000006
7.213995,25,0,-0.11562623083591461,0.04896600916981697,0.0007831358816474676,0.0,0.125569536963182,157.04805645816617,0.35733723938241363,28.5,57.7
7.213995,25,1,-0.16573092341423035,5.256504535675049,-1.2231860160827637,0.0,5.39948985576309,91.80586506266569,-13.093295184930446,11.4,71.4
7.213995,25,2,1.449182152748108,3.8470170497894287,4.234524726867676,0.0,5.90176827363359,69.35846703228111,45.84854316140887,13.3,68.10000000000001
7.213995,25,3,3.622955322265625,3.7805886268615723,-2.7225379943847656,0.0,5.90176827430191,46.21973459017343,-27.471598140491505,13.3,68.10000000000001
7.213995,25,4,-0.2081272155046463,1.5427906513214111,1.6386635303497314,-0.9378663301467896,2.26025177742142,97.68299416356724,46.46814824041841,38.7,40.400000000000006
7.213995,25,5,-1.0406361818313599,1.921317219734192,-0.5782336592674255,-0.9378663301467896,2.26025168653703,118.44114606061719,-14.822600885361815,38.7,40.400000000000006
7.213995,25,6,-0.3854207694530487,0.5186305642127991,-2.4268407821655273,-0.596824049949646,2.51139065333198,126.6179190947112,-75.09050297270005,27.200000000000003,41.6
7.213995,25,7,-1.310430645942688,2.140723943710327,0.08459073305130005,-0.596824049949646,2.51139066517311,121.47262121910529,1.930248837941867,27.200000000000003,41.6
7.213995,25,8,-2.023458957672119,2.394930124282837,-0.1572910100221634,-0.596824049949646,3.13923826993345,130.19422263843254,-2.871998022969989,15.600000000000001,49.6
7.213995,25,9,-3.9120209217071533,1.523976445198059,-1.299627423286438,-0.5115634799003601,4.39493382620844,158.7159797883695,-17.200137992228093,11.9,50.300000000000004
7.213995,25,10,3.237534523010254,2.764226198196411,1.0921849012374878,-0.5115634799003601,4.39493391542692,40.49089652356448,14.389357472083173,11.9,50.300000000000004
7.213995,25,11,-1.8500198125839233,2.3779404163360596,0.07089976221323013,-0.42630288004875183,3.01366897765489,127.88264841611876,1.3480684154331715,25.3,41.900000000000006
7.507905,26,0,-0.11562623083591461,0.04896697402000427,0.0007201351108960807,0.0,0.125569536100815,157.047651056161,0.3285902774924283,29.0,57.2
7.507905,26,1,-0.16573092341423035,5.2880706787109375,-1.0785788297653198,0.0,5.39948984016416,91.79509236487502,-11.522672936972327,11.4,71.4
7.507905,26,2,1.449182152748108,3.8205947875976562,4.2583794593811035,0.0,5.90176829966587,69.2278629643842,46.18201871549744,13.4,68.10000000000001
7.507905,26,3,3.622955322265625,3.8066012859344482,-2.686047077178955,0.0,5.90176816878063,46.415965581102235,-27.073029999431245,13.4,68.10000000000001
7.507905,26,4,-0.13104306161403656,1.6101880073547363,1.3953460454940796,-0.596824049949646,2.13468224560522,94.65268868733709,40.81775487023542,38.900000000000006,41.300000000000004
7.507905,26,5,-0.9173015356063843,1.805117130279541,-0.6760016083717346,-0.596824049949646,2.13468220955149,116.93818927300028,-18.461993350105814,38.900000000000006,41.300000000000004
7.507905,26,6,-1.8615823984146118,2.0655815601348877,-0.7803854942321777,-0.42630288004875183,2.88809932780443,132.0264050448143,-15.676602215621799,22.3,51.7
7.803228,27,0,-0.11562623083591461,0.04896814376115799,0.0006355949444696307,0.0,0.125569535882184,157.0471595681851,0.2900151143254456,29.0,57.2
7.803228,27,1,-0.16573092341423035,5.269461631774902,-1.1661041975021362,0.0,5.39948994138851,91.80142754463067,-12.47218431442636,11.3,71.3
7.803228,27,2,1.449182152748108,3.768279790878296,4.304742336273193,0.0,5.90176821604239,68.96455830750993,46.836012472785875,13.5,68.3
7.803228,27,3,3.622955322265625,3.863771438598633,-2.6031389236450195,0.0,5.90176814629812,46.84232601955135,-26.17266939992758,13.5,68.3
7.803228,27,4,-0.17343935370445251,1.1747747659683228,1.4620387554168701,-0.7673451900482178,1.88354301318294,98.39826779245473,50.91553192814186,35.6,41.1
7.803228,27,5,-0.8671967387199402,1.6076480150222778,-0.45953449606895447,-0.7673451900482178,1.88354301170133,118.34329027044193,-14.121176230138373,35.6,41.1
7.803228,27,6,-0.06166732311248779,1.4736016988754272,1.3642685413360596,-0.596824049949646,2.00911260972292,92.39631710261949,42.76869849807454,34.800000000000004,40.5
7.803228,27,7,-0.8016752004623413,1.7330219745635986,-0.624888002872467,-0.596824049949646,2.00911256715262,114.82469560527396,-18.121125625394896,34.800000000000004,40.5
7.803228,27,8,-0.8479257225990295,2.340322494506836,1.1981171369552612,-0.596824049949646,2.76253001489679,109.91603354590987,25.7027828094591,18.1,50.5
7.803228,27,9,-0.8864678144454956,2.446153163909912,1.253645658493042,-0.42630288004875183,2.88809936193558,109.92014179943315,25.726315573646012,17.900000000000002,50.300000000000004
7.803228,27,10,0.0,1.8761425018310547,1.0183110237121582,-0.34104230999946594,2.13468218435218,90.0,28.491714988660544,26.3,42.1
7.803228,27,11,-0.7862583994865417,1.6906753778457642,-1.039366364479065,-0.34104230999946594,2.13468216454522,114.94105656436963,-29.136711396570192,26.3,42.1
8.105929,28,0,-0.11562623083591461,0.048967473208904266,0.0006854222156107426,0.0,0.125569536486357,157.04744131244786,0.3127509765480779,29.200000000000003,57.0
8.105929,28,1,-0.16573092341423035,5.240890979766846,-1.288442850112915,0.0,5.39948978874711,91.81124148094761,-13.80528730900803,11.4,70.9
8.105929,28,2,1.449182152748108,3.739260673522949,4.329973220825195,0.0,5.90176815788813,68.81573774040777,47.19528026917777,13.5,68.3
8.105929,28,3,3.622955322265625,3.9055423736572266,-2.540039539337158,0.0,5.9017681554735,47.14962512782235,-25.492071531751616,13.5,68.3
8.105929,28,4,-0.9712603688240051,8.395533561706543,6.310992240905762,-0.8526057600975037,10.5478411798131,96.59908407223315,36.749724623490394,14.4,42.6
8.105929,28,5,-0.20041880011558533,0.8907455801963806,1.3531988859176636,-0.596824049949646,1.63240393558946,102.68044744457322,55.99213541451968,39.400000000000006,40.5
8.105929,28,6,-0.7515705227851868,1.4299650192260742,-0.23470096290111542,-0.596824049949646,1.6324039784675,117.72581628796895,-8.266422392500505,39.400000000000006,40.5
8.105929,28,7,-0.9712603688240051,2.0624563694000244,1.3253250122070312,-0.34104230999946594,2.63696025144643,115.21687538073911,30.17188246820073,15.200000000000001,52.300000000000004
8.410278,29,0,-0.11562623083591461,0.048966724425554276,0.0007370137609541416,0.0,0.125569536702069,157.04775592826144,0.3362919185074143,28.900000000000002,57.300000000000004
8.410278,29,1,1.449182152748108,3.7580177783966064,4.313704013824463,0.0,5.90176828191974,68.91215963014707,46.96334231128353,13.600000000000001,68.4
8.410278,29,2,3.622955322265625,3.8961708545684814,-2.554391384124756,0.0,5.9017682043954,47.08098821072217,-25.646529528835906,13.600000000000001,68.4
8.410278,29,3,-0.3545871376991272,1.5505527257919312,2.410637140274048,0.25578173995018005,2.88809923924908,102.88114993328074,56.58247708521506,20.700000000000003,41.400000000000006
8.410278,29,4,-1.4183485507965088,2.4867117404937744,-0.38166752457618713,0.25578173995018005,2.88809937349327,119.69918666577703,-7.593954229844882,20.700000000000003,41.400000000000006
8.410278,29,5,-6.212982654571533,1.9918904304504395,0.2590397000312805,0.34104230999946594,6.52961580180022,162.22408110333674,2.2736065711212388,15.100000000000001,43.1
8.410278,29,6,-0.09250099211931229,0.9079446196556091,1.199012279510498,-0.25578173995018005,1.506834533823,95.81719739565965,52.72293174796948,31.5,43.0
8.410278,29,7,-0.6475069522857666,1.3299959897994995,-0.28704634308815,-0.25578173995018005,1.50683449297573,115.95907936851783,-10.981747073821731,31.5,43.0
8.703407,30,0,-0.11562623083591461,0.048966653645038605,0.0007415715954266489,0.0,0.125569535935053,157.0477856681404,0.3383716384102916,24.5,61.7
8.703407,30,1,1.449182152748108,3.7162492275238037,4.349739074707031,0.0,5.90176814615316,68.69629126838453,47.47843753108611,13.4,68.3
8.703407,30,2,3.622955322265625,3.9103176593780518,-2.532682180404663,0.0,5.90176825123759,47.184531241490156,-25.412966308115493,13.4,68.3
8.703407,30,3,0.08093836158514023,2.5323681831359863,-0.7308349609375,0.42630288004875183,2.63696025253777,88.16936241225221,-16.090213460724964,22.6,40.800000000000004
8.703407,30,4,0.0,1.3653216361999512,0.6375318765640259,-0.08526057749986649,1.50683445139503,90.0,25.030048327235573,13.100000000000001,60.7
8.998209,31,0,-0.11562623083591461,0.04896740987896919,0.0006900093867443502,0.0,0.125569536912935,157.04746792168888,0.3148440746094547,21.6,64.60000000000001
8.998209,31,1,-0.16573092341423035,5.24179220199585,-1.2847723960876465,0.0,5.39949000717929,91.81093028126028,-13.765183179206772,11.4,71.2
8.998209,31,2,1.449182152748108,3.9043326377868652,4.181737422943115,0.0,5.90176839030255,69.63644287481871,45.11760394318865,13.3,68.5
8.998209,31,3,3.622955322265625,3.9273321628570557,-2.5062172412872314,0.0,5.90176821343144,47.30853066857541,-25.128847945092417,13.3,68.5
8.998209,31,4,-2.2662739753723145,1.28919517993927,0.3943824768066406,0.25578173995018005,2.63696027301145,150.36613469318505,8.601400180607571,13.100000000000001,49.2
8.998209,31,5,0.16958513855934143,2.742011547088623,0.29014599323272705,-0.25578173995018005,2.76252984435943,86.4609367309401,6.028842511062078,12.3,49.800000000000004
9.283626,32,0,-0.11562623083591461,0.048967860639095306,0.0006572225247509778,0.0,0.125569536808643,157.04727852673068,0.2998836322387352,23.200000000000003,63.0
9.283626,32,1,1.449182152748108,3.775801658630371,4.2981462478637695,0.0,5.90176823038527,69.0028079559596,46.742485347712396,13.600000000000001,68.3
9.283626,32,2,3.622955322265625,3.8716659545898438,-2.5913829803466797,0.0,5.90176823349522,46.900675361132436,-26.045569949397382,13.600000000000001,68.3
9.283626,32,3,-2.2893993854522705,1.2568514347076416,-0.9003032445907593,0.25578173995018005,2.76252982015698,151.2337682905891,-19.019995526861376,24.900000000000002,43.6
9.283626,32,4,0.28521138429641724,9.012771606445312,-2.243340492248535,0.25578173995018005,9.29214583009979,88.18746577660528,-13.970559793216466,12.0,45.300000000000004
9.283626,32,5,0.25437772274017334,2.708433151245117,0.4808878004550934,-0.34104230999946594,2.76252986177825,84.63448443576104,10.024842063375303,12.700000000000001,50.6
9.283626,32,6,2.204606771469116,1.5395652055740356,0.6332608461380005,-0.34104230999946594,2.76252988006883,34.92813949355278,13.251873318007553,12.700000000000001,50.6
9.597621,33,0,-0.11562623083591461,0.0489664226770401,0.0007567740976810455,0.0,0.125569536568953,157.04788271415217,0.3453084682339639,25.8,60.400000000000006
9.597621,33,1,-0.16573092341423035,5.253186225891113,-1.2373601198196411,0.0,5.39949000637911,91.80700502761057,-13.247764100050183,11.3,71.2
9.597621,33,2,1.449182152748108,3.628620147705078,4.423104763031006,0.0,5.90176828017861,68.22944075551297,48.5431172664429,12.700000000000001,68.2
9.597621,33,3,3.622955322265625,3.8744616508483887,-2.5872011184692383,0.0,5.90176820778622,46.92130829654968,-26.00039123988189,12.700000000000001,68.2
9.597621,33,4,-3.669206142425537,1.2867900133132935,-1.7631137371063232,0.5115634799003601,4.2693643910949,160.67423955138017,-24.391458982768356,19.3,44.300000000000004
9.597621,33,5,-3.8002490997314453,0.6510223150253296,-1.8335071802139282,0.596824049949646,4.26936433846616,170.27899722446082,-25.433086799440627,19.400000000000002,44.2
9.597621,33,6,1.3875148296356201,0.7705223560333252,-1.9463249444961548,-0.34104230999946594,2.51139062934739,29.044530348358347,-50.804931735380706,21.3,43.900000000000006
9.597621,33,7,2.004188060760498,1.3251863718032837,-0.730885922908783,-0.34104230999946594,2.51139063771734,33.47302023956008,-16.919533042891953,21.3,43.900000000000006
9.902069,34,0,-0.11562623083591461,0.04896634817123413,0.0007615818176418543,0.0,0.125569536581974,157.04791401934696,0.3475022096494622,29.400000000000002,56.800000000000004
9.902069,34,1,-0.16573092341423035,5.254331111907959,-1.2324899435043335,0.0,5.39949012716747,91.8066115534225,-13.194677653776917,12.5,70.0
9.902069,34,2,1.449182152748108,3.622173309326172,4.4283857345581055,0.0,5.9017682611804,68.1943248214596,48.62061577397866,12.700000000000001,68.2
9.902069,34,3,3.622955322265625,3.895969867706299,-2.5546979904174805,0.0,5.90176823498275,47.0795142445361,-25.649831338713557,12.700000000000001,68.2
9.902069,34,4,0.5550059676170349,1.1063960790634155,0.859305739402771,0.42630288004875183,1.50683451700177,63.36009756187154,34.769204841112845,25.8,41.2
10.204034,35,0,-0.11562623083591461,0.0489669069647789,0.0007246782188303769,0.0,0.125569536088728,157.04767923073916,0.33066327409941126,29.0,57.2
10.204034,35,1,-0.16573092341423035,5.253729820251465,-1.2350496053695679,0.0,5.39948991025067,91.80681818385327,-13.222577710826172,12.9,69.60000000000001
10.204034,35,2,1.449182152748108,3.880499839782715,4.20386266708374,0.0,5.9017683148441,69.52173096036502,45.422816893963784,13.700000000000001,68.10000000000001
10.204034,35,3,3.622955322265625,3.839812755584717,-2.6383519172668457,0.0,5.90176821846043,46.66446553002166,-26.554207669584383,13.700000000000001,68.10000000000001
10.204034,35,4,5.492246150970459,4.416954517364502,-1.2470086812973022,0.25578173995018005,7.15746363194025,38.806812198477736,-10.033557647716918,12.4,47.900000000000006
10.204034,35,5,1.2333464622497559,1.4915423393249512,-1.6003878116607666,0.34104230999946594,2.5113906891711,50.412880233349824,-39.587184463916344,16.2,43.900000000000006
10.204034,35,6,0.6012564301490784,1.1029775142669678,1.0424365997314453,0.596824049949646,1.63240398070876,61.404262069755916,39.68674774293139,31.700000000000003,40.800000000000004
10.497059,36,0,-0.11562623083591461,0.04896637052297592,0.0007599792443215847,0.0,0.125569535588714,157.047904627787,0.346770965185587,29.6,56.6
10.497059,36,1,-0.16573092341423035,5.253868103027344,-1.2344613075256348,0.0,5.39948992986947,91.80677065958639,-13.21616511633244,12.700000000000001,69.7
10.497059,36,2,1.449182152748108,3.7710771560668945,4.3022918701171875,0.0,5.90176813883176,68.97879879170002,46.80124874705813,14.0,67.9
10.497059,36,3,3.622955322265625,3.929751396179199,-2.5024220943450928,0.0,5.90176817921304,47.326114626715366,-25.088159023816186,14.0,67.9
10.497059,36,4,1.8037692308425903,2.403512477874756,1.2761327028274536,0.34104230999946594,3.26480785723445,53.11279204430946,23.008973178766237,11.5,50.2
10.497059,36,5,0.7014657855033875,1.8439927101135254,-2.6012704372406006,0.34104230999946594,3.26480799601533,69.17288770412279,-52.82186816197423,11.5,50.2
10.497059,36,6,0.7014658451080322,1.2583563327789307,1.0074503421783447,0.42630288004875183,1.75797360163719,60.86268882061424,34.9649193334222,33.6,41.5
10.80518,37,0,-0.11562623083591461,0.048967424780130386,0.0006889214273542166,0.0,0.125569536750165,157.04746166069006,0.3143476455282961,29.5,56.7
10.80518,37,1,-0.16573092341423035,5.254910469055176,-1.2300173044204712,0.0,5.39949010054979,91.8064125053469,-13.167729749057187,12.5,69.9
10.80518,37,2,1.449182152748108,3.8323421478271484,4.247810363769531,0.0,5.9017682211693,69.28612418334413,46.034021242534436,13.700000000000001,68.10000000000001
10.80518,37,3,3.622955322265625,3.86576771736145,-2.6001734733581543,0.0,5.90176815905896,46.857092749305124,-26.14059542015252,13.700000000000001,68.10000000000001
10.80518,37,4,0.6166732311248779,1.0040786266326904,1.6272902488708496,0.25578173995018005,2.00911256939892,58.44307401882658,54.09150963286838,22.700000000000003,40.5
10.80518,37,5,1.375952124595642,1.7901012897491455,-1.3622968196868896,0.25578173995018005,2.63696027684716,52.45250508574172,-31.10555606153459,21.200000000000003,47.900000000000006
10.80518,37,6,0.6783405542373657,1.6904622316360474,0.8477764129638672,0.5115634799003601,2.00911256789879,68.13563284292378,24.958747082485026,32.1,40.2
10.80518,37,7,0.7515705227851868,1.5110715627670288,0.8363844156265259,0.6820846199989319,1.88354304682046,63.5553566063843,26.362476465870035,27.5,41.5
11.114809,38,0,-0.11562623083591461,0.0489673875272274,0.0006914943805895746,0.0,0.125569536365475,157.0474773131882,0.3155216700050574,29.400000000000002,56.800000000000004
11.114809,38,1,-0.16573092341423035,5.25302267074585,-1.2380536794662476,0.0,5.39948986771764,91.80706125219609,-13.255325362027225,12.100000000000001,70.3
11.114809,38,2,1.449182152748108,3.84761118888855,4.23398494720459,0.0,5.90176832024598,69.3613857816732,45.84102004837504,13.0,68.60000000000001
11.114809,38,3,3.622955322265625,3.8405845165252686,-2.637228488922119,0.0,5.90176827726139,46.67021311987498,-26.54201533566518,13.0,68.60000000000001
11.114809,38,4,0.7862583994865417,1.7534687519073486,0.9295231699943542,0.596824049949646,2.13468223823477,65.84845393947444,25.81320967786364,35.300000000000004,40.5
11.114809,38,5,2.050438642501831,1.3625568151474,2.5101840496063232,0.596824049949646,3.51594705080543,33.60481978033134,45.55660062526971,14.600000000000001,46.900000000000006
11.398529,39,0,-0.11562623083591461,0.048967394977808,0.0006908768555149436,0.0,0.125569535871812,157.04747418268826,0.31523989815229325,29.400000000000002,56.800000000000004
11.398529,39,1,-0.16573092341423035,5.2527618408203125,-1.2391595840454102,0.0,5.39948980646184,91.80715092371378,-13.267382140052831,12.3,70.2
11.398529,39,2,1.449182152748108,3.814650297164917,4.263705253601074,0.0,5.90176823427432,69.1982616511535,46.25674718040423,13.3,68.8
11.398529,39,3,3.622955322265625,3.9638683795928955,-2.44802188873291,0.0,5.90176829141781,47.57284859535166,-24.5063850261576,13.3,68.8
11.398529,39,4,0.8787593245506287,1.4184273481369019,1.7052825689315796,0.25578173995018005,2.38582118615986,58.220512977051186,45.623293992104315,18.7,41.6
11.398529,39,5,1.2950139045715332,2.5215885639190674,-1.0230984687805176,0.25578173995018005,3.01366892268246,62.816297934282545,-19.84556274608844,12.100000000000001,46.300000000000004
11.398529,39,6,2.0812721252441406,2.4788057804107666,1.9273725748062134,0.34104230999946594,3.76708598235177,49.982274962902906,30.772789589357348,12.200000000000001,53.400000000000006
11.398529,39,7,4.74838399887085,0.9187102317810059,-2.6711621284484863,0.34104230999946594,5.52505983742885,10.95020315596592,-28.911822815334663,13.4,48.900000000000006
11.398529,39,8,0.8325088620185852,2.060004234313965,0.414789080619812,0.5115634799003601,2.26025185148301,67.99490426168954,10.574539201511143,27.700000000000003,40.900000000000006
11.711647,40,0,-0.11562623083591461,0.048968177288770676,0.0006331984186545014,0.0,0.125569536849278,157.04714548100276,0.28892159394594163,29.6,56.6
11.711647,40,1,-0.16573092341423035,5.254136085510254,-1.2333214282989502,0.0,5.39949020644895,91.80667856794904,-13.20374003178942,12.5,69.9
11.711647,40,2,1.449182152748108,3.6666483879089355,4.391631603240967,0.0,5.90176816310025,68.43440976117441,48.08368366032432,12.3,68.3
11.711647,40,3,3.622955322265625,3.814406156539917,-2.6749520301818848,0.0,5.90176820605119,46.47456902328198,-26.95212671940141,12.3,68.3
11.711647,40,4,2.505234956741333,0.6475189328193665,-1.7774516344070435,0.42630288004875183,3.13923832632926,14.49187777755876,-34.48599280373198,12.5,53.1
11.711647,40,5,2.3125245571136475,2.7031121253967285,1.2394967079162598,0.42630288004875183,3.76708601954558,49.45286339250584,19.210110658656273,13.5,49.0
11.711647,40,6,0.8093836307525635,3.32316517829895,-1.5787360668182373,0.42630288004875183,3.76708590725797,76.31166458891849,-24.776948260340905,13.5,49.0
11.711647,40,7,0.8055294156074524,1.855477213859558,1.2650965452194214,0.5115634799003601,2.38582115827801,66.53260070500794,32.0227692410097,36.4,40.300000000000004
11.711647,40,8,-6.259233474731445,2.675917625427246,-2.5892152786254883,-0.25578173995018005,7.28303333703331,156.85255448323144,-20.824907154566038,12.4,44.6
11.711647,40,9,-3.576704978942871,5.194520950317383,3.6423490047454834,-0.25578173995018005,7.28303320616152,124.549486237074,30.00756186985491,12.4,44.6
12.004681,41,0,-0.11562623083591461,0.04896748065948486,0.0006848487537354231,0.0,0.125569536262872,157.04743818194962,0.3124893098624933,29.200000000000003,57.0
12.004681,41,1,-0.16573092341423035,5.2561211585998535,-1.2248324155807495,0.0,5.39948986656278,91.80599669372586,-13.111232615627445,11.8,70.60000000000001
12.004681,41,2,1.449182152748108,3.808927059173584,4.2688188552856445,0.0,5.90176826664607,69.16968581469422,46.32859327245592,13.600000000000001,68.10000000000001
12.004681,41,3,3.622955322265625,3.904167652130127,-2.5421524047851562,0.0,5.90176830892463,47.13956775832308,-25.51479752716737,13.600000000000001,68.10000000000001
12.004681,41,4,3.2259719371795654,2.037721872329712,-0.7704301476478577,0.42630288004875183,3.8926556463224,32.279020292939784,-11.415288646741237,12.9,50.5
12.004681,41,5,2.805863380432129,1.1466584205627441,-1.7816253900527954,0.5115634799003601,3.5159470805998,22.228120785646986,-30.44606311450213,14.600000000000001,49.900000000000006
12.004681,41,6,1.6187673807144165,3.1187527179718018,-0.12189602106809616,0.5115634799003601,3.51594723917663,62.56873765432705,-1.9868123580189347,14.600000000000001,49.900000000000006
12.004681,41,7,0.7708415389060974,1.5263727903366089,1.83931303024292,0.596824049949646,2.51139064989987,63.20552808792669,47.0869858228203,31.900000000000002,41.5
12.004681,41,8,1.2025128602981567,0.8146448731422424,2.640552520751953,1.0231269598007202,3.01366903680031,34.11575928615728,61.186356761758894,19.1,41.2
12.30092,42,0,-0.11562623083591461,0.04896654188632965,0.000748996390029788,0.0,0.125569536421929,157.04783262587065,0.34175953594566166,29.5,56.7
12.30092,42,1,-0.16573092341423035,5.2561564445495605,-1.2246811389923096,0.0,5.39948990190361,91.80598457762773,-13.10958432130931,11.600000000000001,70.8
12.30092,42,2,1.449182152748108,3.53088641166687,4.501508712768555,0.0,5.9017682481667,67.68527619989992,49.706259234865904,12.9,68.10000000000001
12.30092,42,3,3.622955322265625,3.9101805686950684,-2.532893657684326,0.0,5.90176817810313,47.183529783243,-25.415239679799836,12.9,68.10000000000001
12.30092,42,4,0.8633425831794739,2.7334351539611816,-2.815866708755493,0.42630288004875183,4.01822516520905,72.4715243128994,-44.48911490966413,14.3,50.5
12.30092,42,5,1.6765804290771484,1.692819356918335,-2.7539217472076416,0.5115634799003601,3.64151675817442,45.276136666587895,-49.135306152981116,13.600000000000001,51.0
12.30092,42,6,2.9060728549957275,1.8781908750534058,-1.134805679321289,0.5115634799003601,3.64151676249015,32.874530278431685,-18.15748620969657,13.600000000000001,51.0
12.30092,42,7,0.76313316822052,1.4002864360809326,2.2557475566864014,0.6820846199989319,2.76252988671746,61.41033961371372,54.74104765518899,29.900000000000002,41.900000000000006
12.61029,43,0,-0.11562623083591461,0.04896785318851471,0.0006577959284186363,0.0,0.125569536905635,157.04728165722153,0.3001452723804125,29.6,56.6
12.61029,43,1,1.449182152748108,3.607806921005249,4.440097808837891,0.0,5.90176823021237,68.11568219522663,48.79291712399064,13.9,67.8
12.61029,43,2,3.622955322265625,3.9932515621185303,-2.3997926712036133,0.0,5.90176822403739,47.78350078811436,-23.992851161719926,13.9,67.8
12.61029,43,3,0.8903219699859619,2.8345162868499756,-2.8885772228240967,0.6820846199989319,4.14379465742158,72.56248874633104,-44.193600888274574,14.4,51.5
12.61029,43,4,0.8325088620185852,1.5174614191055298,2.467071294784546,0.9378663301467896,3.0136690158946,61.249970411191796,54.94760196698322,33.300000000000004,41.7
12.908695,44,0,-0.11562623083591461,0.04896755889058113,0.0006791441701352596,0.0,0.125569535787254,157.04740531172666,0.30988634382975755,29.6,56.6
12.908695,44,1,-0.16573092341423035,5.2569661140441895,-1.22120201587677,0.0,5.39949014507537,91.80570660693628,-13.071680603364365,11.5,70.9
12.908695,44,2,1.449182152748108,3.66776704788208,4.390697479248047,0.0,5.90176824211595,68.44038360771636,48.07010960350981,14.3,67.60000000000001
12.908695,44,3,3.622955322265625,3.978145122528076,-2.4247524738311768,0.0,5.90176824709147,47.675413047498914,-24.25835868423372,14.3,67.60000000000001
12.908695,44,4,1.0483444929122925,1.7329821586608887,-3.7583532333374023,0.42630288004875183,4.26936439819725,58.82871726493274,-61.679471690115,13.700000000000001,48.0
12.908695,44,5,0.7708415389060974,1.6320832967758179,2.568448066711426,0.6820846199989319,3.1392384485909,64.71838729440856,54.902571679844044,30.1,40.400000000000006
13.209383,45,0,-0.11562623083591461,0.04896781966090202,0.0006602512439712882,0.0,0.125569536717183,157.04729574443226,0.30126561746000535,29.6,56.6
13.209383,45,1,-0.16573092341423035,5.252747535705566,-1.2392220497131348,0.0,5.39949022606133,91.80715584197026,-13.268062111701829,11.600000000000001,70.8
13.209383,45,2,1.449182152748108,3.9005799293518066,4.185237884521484,0.0,5.9017682813831,69.61846204883676,45.16578397264094,13.9,67.7
13.209383,45,3,3.622955322265625,3.8251137733459473,-2.6596181392669678,0.0,5.90176831914737,46.55476308748167,-26.785245352058375,13.9,67.7
13.209383,45,4,1.0059483051300049,1.4877499341964722,-3.167855978012085,0.42630288004875183,3.64151662864835,55.93524474718909,-60.45023224946648,24.1,41.0
13.209383,45,5,1.6534550189971924,3.29498028755188,-1.8921481370925903,0.6820846199989319,4.14379453736614,63.352031266962456,-27.16935124630839,13.100000000000001,50.300000000000004
13.209383,45,6,3.052532434463501,2.6334850788116455,-0.9580375552177429,0.6820846199989319,4.14379462340773,40.78504331321158,-13.367620743664649,13.100000000000001,50.300000000000004
13.209383,45,7,0.8325088620185852,1.2243760824203491,3.0499985218048096,0.7673451900482178,3.39037738010889,55.78643784958221,64.10612037967434,27.5,42.1
13.209383,45,8,0.7631331086158752,6.878207683563232,-4.5598273277282715,-0.8526057600975037,8.28758941661516,83.66896002270143,-33.38069871139278,17.8,42.1
13.209383,45,9,0.8479257225990295,4.35647439956665,-5.291452407836914,-0.25578173995018005,6.9063243342264,78.98589708226278,-50.01163053201428,16.900000000000002,43.1
13.508002,46,0,-0.11562623083591461,0.048968277871608734,0.0006252736784517765,0.0,0.125569536362146,157.04710321947337,0.28530559168334546,29.8,56.400000000000006
13.508002,46,1,-0.16573092341423035,5.252874374389648,-1.2386829853057861,0.0,5.39948992685246,91.80711223436272,-13.262185863256729,11.3,71.10000000000001
13.508002,46,2,1.449182152748108,3.8392982482910156,4.2415242195129395,0.0,5.9017681804599,69.32047600946609,45.94618496852134,13.3,68.4
13.508002,46,3,3.622955322265625,3.8745429515838623,-2.5870792865753174,0.0,5.90176817452431,46.92190807857321,-25.999075444589998,13.3,68.4
13.508002,46,4,0.7400079369544983,7.021807670593262,-3.8381154537200928,-1.0231269598007202,8.03644977248306,83.98397067912255,-28.528016869160346,16.2,42.6
13.508002,46,5,-5.935479640960693,1.7227060794830322,-3.0821549892425537,-0.25578173995018005,6.90632421641639,163.8152246102756,-26.505267644989406,14.600000000000001,44.0
13.809956,47,0,-0.11562623083591461,0.04896777123212814,0.0006636476027779281,0.0,0.125569535735794,157.04731609263067,0.3028153566048936,29.0,57.2
13.809956,47,1,-0.16573092341423035,5.253789901733398,-1.2347936630249023,0.0,5.39948983338037,91.80679753507165,-13.219788067052088,11.3,71.10000000000001
13.809956,47,2,1.6303298473358154,4.146731376647949,3.870079278945923,0.0,5.90176839146685,68.53722159511929,40.976474702583225,14.3,67.3
13.809956,47,3,3.622955322265625,3.909334897994995,-2.534198760986328,0.0,5.90176820724086,47.177351256587684,-25.429268216418382,14.3,67.3
13.809956,47,4,0.9866771697998047,2.247788429260254,-3.1812024116516113,0.34104230999946594,4.01822516094089,66.30070453507602,-52.34404682334388,23.700000000000003,41.7
13.809956,47,5,2.370337724685669,4.514222621917725,-0.7133130431175232,0.42630288004875183,5.14835141640344,62.29683743206594,-7.964050304944504,14.4,52.6
13.809956,47,6,1.0252193212509155,1.0163308382034302,-4.548028945922852,0.6820846199989319,4.77164230871317,44.75054771751044,-72.38983777946247,18.8,50.5
13.809956,47,7,0.8363630771636963,1.3411833047866821,-3.5573153495788574,0.7673451900482178,3.89265569376879,58.05229919719511,-66.04336906688113,37.9,41.1
14.106126,48,0,-0.11562623083591461,0.04896794259548187,0.0006511944811791182,0.0,0.125569537363195,157.04724409134073,0.2971330741298098,29.400000000000002,56.800000000000004
14.106126,48,1,1.449182152748108,3.859701633453369,4.222966194152832,0.0,5.90176830179599,69.42060989224922,45.68767873200208,14.100000000000001,67.7
14.106126,48,2,3.622955322265625,3.836177110671997,-2.6436355113983154,0.0,5.90176827812672,46.63737308665016,-26.611565191628706,14.100000000000001,67.7
14.106126,48,3,-3.5458712577819824,4.5594587326049805,-0.05105279013514519,0.5115634799003601,5.7761988624417,127.87205187387806,-0.5064139172445726,25.5,52.7
14.106126,48,4,4.255045413970947,3.902590036392212,-0.16985471546649933,0.5115634799003601,5.77619867139879,42.5260412012056,-1.685080791293053,25.5,52.7
14.106126,48,5,1.6110588312149048,4.372260093688965,1.0278135538101196,0.596824049949646,4.77164223154842,69.7725310626727,12.439017820064763,23.200000000000003,46.300000000000004
14.106126,48,6,3.2221176624298096,3.505836009979248,-0.3092601001262665,0.596824049949646,4.77164229264301,47.41473692080949,-3.716063826786073,23.200000000000003,46.300000000000004
14.106126,48,7,0.8903219699859619,1.5418164730072021,-3.7418127059936523,0.8526057600975037,4.14379458629546,59.99571324130437,-64.55416153458918,31.0,41.0
14.407048,49,0,-0.11562623083591461,0.048967473208904266,0.0006852898513898253,0.0,0.125569535763916,157.04744131244786,0.312690581340055,29.5,56.7
14.407048,49,1,-0.16573092341423035,5.254672050476074,-1.231035828590393,0.0,5.39949018966637,91.80649441282576,-13.178829518311979,11.200000000000001,71.2
14.407048,49,2,1.449182152748108,3.8727903366088867,4.210966110229492,0.0,5.90176833539543,69.48435840184808,45.52115702282521,13.5,68.2
14.407048,49,3,3.622955322265625,3.915261745452881,-2.5250322818756104,0.0,5.90176819496102,47.22062293913413,-25.330771447697433,13.5,68.2
14.407048,49,4,1.140845537185669,2.2783701419830322,-3.8850345611572266,0.25578173995018005,4.64607281313825,63.40155303138445,-56.74073876914373,23.5,41.800000000000004
14.407048,49,5,1.3528269529342651,3.252232551574707,-3.40228271484375,0.5115634799003601,4.89721196251828,67.41421818149199,-44.006399323032355,17.2,47.5
14.407048,49,6,0.9442808628082275,1.3045493364334106,-4.089245319366455,0.596824049949646,4.3949337425057,54.10159565160797,-68.50433135859787,32.2,41.6
14.681513,50,0,-0.11562623083591461,0.04896781966090202,0.0006602659705094993,0.0,0.125569536794617,157.04729574443226,0.3012723368988431,28.6,57.6
14.681513,50,1,1.449182152748108,3.992410659790039,4.09773063659668,0.0,5.90176822302874,70.04990060258362,43.97325606271755,12.8,68.9
14.681513,50,2,3.622955322265625,3.8996047973632812,-2.5491461753845215,0.0,5.90176829994444,47.10615893061561,-25.59005569653062,12.8,68.9
14.681513,50,3,1.171679139137268,2.153470277786255,-4.093690872192383,0.596824049949646,4.77164240062785,61.44988176003221,-59.08391670096759,19.400000000000002,42.300000000000004
14.681513,50,4,1.3875148296356201,3.3676199913024902,-3.458651542663574,0.7673451900482178,5.02278133127932,67.6075332610245,-43.5188273467377,16.2,46.300000000000004
14.681513,50,5,0.8325088620185852,2.1330907344818115,-3.8976664543151855,0.8526057600975037,4.52050338745206,68.68014809509386,-59.566716214785814,33.9,41.1
15.017171,51,0,-0.11562623083591461,0.048967793583869934,0.0006621038191951811,0.0,0.12556953630264,157.0473067011537,0.30211093664348954,28.900000000000002,57.300000000000004
15.017171,51,1,-0.16573092341423035,5.255240440368652,-1.228606939315796,0.0,5.39949014596719,91.80629915764462,-13.152360149795914,11.200000000000001,71.2
15.017171,51,2,1.449182152748108,3.516244411468506,4.512955188751221,0.0,5.90176822729457,67.60152113882344,49.87839712268949,13.100000000000001,68.7
15.017171,51,3,3.622955322265625,3.9595978260040283,-2.454923152923584,0.0,5.90176820093681,47.5420905493275,-24.58003931482917,13.100000000000001,68.7
15.017171,51,4,5.141513347625732,4.861545085906982,1.7241795063018799,0.42630288004875183,7.28303337189054,43.39680900266634,13.694164962968639,12.0,47.2
15.017171,51,5,-5.588601589202881,2.3244428634643555,-4.050564765930176,0.42630288004875183,7.28303352122907,157.41632005032946,-33.790960812456696,12.0,47.2
15.017171,51,6,0.8787593245506287,2.721853017807007,-3.819406747817993,0.5115634799003601,4.77164224416578,72.1071531187545,-53.17200821120666,31.8,41.400000000000006
15.017171,51,7,1.106157660484314,3.2947490215301514,-3.798231601715088,0.596824049949646,5.14835111321957,71.44137232268712,-47.54068752510223,21.700000000000003,42.300000000000004
15.304584,52,0,-0.11562623083591461,0.04896712303161621,0.0007099902722984552,0.0,0.12556953643898,157.04758844602927,0.3239612409605067,29.3,56.900000000000006
15.304584,52,1,-0.16573092341423035,5.256337642669678,-1.2239031791687012,0.0,5.39948989671258,91.80592236238645,-13.101108386586423,11.3,71.10000000000001
15.304584,52,2,1.449182152748108,3.8517820835113525,4.230190753936768,0.0,5.90176820498694,69.38185338719887,45.788172037914116,13.0,68.7
15.304584,52,3,3.622955322265625,3.885576009750366,-2.570478916168213,0.0,5.90176821411564,47.00317811056673,-25.819905661592667,13.0,68.7
15.304584,52,4,0.9481351375579834,3.4679017066955566,-3.6851346492767334,0.25578173995018005,5.14835117971511,74.70884526135802,-45.707921952126355,20.700000000000003,42.2
15.304584,52,5,3.5612881183624268,4.22391939163208,0.04491796717047691,0.25578173995018005,5.52505979268728,49.86495591499906,0.46581184473833714,17.2,43.0
15.304584,52,6,1.695851445198059,4.692821502685547,2.372298240661621,0.25578173995018005,5.52505970310678,70.13159400143948,25.427623939631065,17.2,43.0
15.304584,52,7,0.9481351375579834,2.822450876235962,-4.200039386749268,0.42630288004875183,5.14835119607068,71.43145215060798,-54.6668197014386,23.400000000000002,41.6
15.617286,53,0,-0.11562623083591461,0.04896678030490875,0.0007332498207688332,0.0,0.125569536457092,157.04773244941882,0.33457445178367545,29.8,56.400000000000006
15.617286,53,1,-0.16573092341423035,5.251537799835205,-1.2443374395370483,0.0,5.39948994493992,91.80757185937455,-13.323838989325704,11.3,71.10000000000001
15.617286,53,2,1.449182152748108,3.8163225650787354,4.262208461761475,0.0,5.90176819301503,69.20659706012202,46.235735387984356,13.4,68.3
15.617286,53,3,3.622955322265625,3.899885416030884,-2.5487165451049805,0.0,5.9017681717088,47.10821480739852,-25.585431790690496,13.4,68.3
15.617286,53,4,0.9828230142593384,4.25131368637085,-4.687451362609863,-0.25578173995018005,6.40404633135293,76.98298464643118,-47.050246217900494,17.2,41.6
15.899294,54,0,-0.11562623083591461,0.048967961221933365,0.0006495183915831149,0.0,0.125569535946001,157.04723626511816,0.29636828889615113,29.8,56.400000000000006
15.899294,54,1,-0.16573092341423035,5.255295753479004,-1.2283692359924316,0.0,5.39948989955929,91.80628015855436,-13.149770478059542,11.3,71.10000000000001
15.899294,54,2,1.449182152748108,3.8660178184509277,4.217184543609619,0.0,5.90176822310768,69.45142011361258,45.607387663972716,13.4,68.3
15.899294,54,3,3.622955322265625,3.87545108795166,-2.585718870162964,0.0,5.90176825008873,46.92860678384432,-25.98438171109715,13.4,68.3
15.899294,54,4,1.241054892539978,3.2582006454467773,-4.605256080627441,1.7052115201950073,5.77619877258766,69.14806662488355,-52.87127767265425,14.4,41.1
16.213332,55,0,-0.11562623083591461,0.0489683635532856,0.0006184516823850572,0.0,0.125569535990583,157.04706721893209,0.282192764462082,30.1,56.1
16.213332,55,1,1.449182152748108,3.7908239364624023,4.284903049468994,0.0,5.9017683089434,69.07880193737783,46.55519508912559,13.8,67.9
16.213332,55,2,3.622955322265625,3.8928909301757812,-2.55938720703125,0.0,5.90176820426666,47.05692421420995,-25.700342723999185,13.8,67.9
16.213332,55,3,1.4838699102401733,3.200716733932495,-5.937243461608887,0.25578173995018005,6.90632445254414,65.12730117049672,-59.28090705214201,13.4,48.400000000000006
16.213332,55,4,2.1275227069854736,5.296660423278809,0.8851601481437683,0.42630288004875183,5.77619883627016,68.11602972055685,8.814891237071324,19.8,42.800000000000004
16.213332,55,5,1.1331369876861572,1.7372132539749146,4.84895133972168,0.5115634799003601,5.27392059265564,56.884682344560034,66.84152693692927,26.6,40.800000000000004
16.500195,56,0,-0.11562623083591461,0.048967599868774414,0.000676188908983022,0.0,0.125569535818483,157.04738809399723,0.3085378761000614,30.1,56.1
16.500195,56,1,-0.16573092341423035,5.254774570465088,-1.2305972576141357,0.0,5.39948998849241,91.80645919169989,-13.174050360658097,11.3,71.10000000000001
16.500195,56,2,1.449182152748108,3.784930467605591,4.290109634399414,0.0,5.901768229236,69.049051049607,46.628751734371896,13.9,67.9
16.500195,56,3,3.622955322265625,3.9276182651519775,-2.5057687759399414,0.0,5.90176818100845,47.310610785052305,-25.124039235595156,13.9,67.9
16.500195,56,4,1.1870959997177124,2.3915584087371826,4.837100028991699,0.34104230999946594,5.52505974858361,63.60161275641224,61.102279102774936,28.0,41.300000000000004
16.500195,56,5,1.16011643409729,1.2463394403457642,5.123988628387451,0.5115634799003601,5.39948993934315,47.05202263846852,71.61823444519642,22.900000000000002,40.7
16.79991,57,0,-0.11562623083591461,0.04896709322929382,0.0007120633963495493,0.0,0.125569536556153,157.04760096805097,0.3249071959119887,30.400000000000002,55.800000000000004
16.79991,57,1,-0.16573092341423035,5.2633795738220215,-1.193256139755249,0.0,5.3994899288883,91.80350779649885,-12.767435830359437,11.3,71.10000000000001
16.79991,57,2,1.449182152748108,3.9179940223693848,4.16894006729126,0.0,5.90176815503899,69.70164455162887,44.94181338588992,13.700000000000001,68.0
16.79991,57,3,3.622955322265625,3.8784544467926025,-2.581211805343628,0.0,5.90176825595714,46.95074859440321,-25.935715583469943,13.700000000000001,68.0
16.79991,57,4,1.5108494758605957,4.153558254241943,4.28060245513916,-0.25578173995018005,6.15290741755741,70.01123260783811,44.08334547358059,14.100000000000001,44.900000000000006
17.100222,58,0,-0.11562623083591461,0.04896724224090576,0.0007017126772552729,0.0,0.1255695363959,157.0475383579656,0.32018422024833604,29.3,56.900000000000006
17.100222,58,1,-0.16573092341423035,5.256103038787842,-1.2249102592468262,0.0,5.39948988669658,91.80600291556912,-13.112080701892223,11.600000000000001,70.9
17.100222,58,2,1.449182152748108,3.7595407962799072,4.312376499176025,0.0,5.90176812331544,68.9199520239068,46.944463086348186,14.100000000000001,67.7
17.100222,58,3,3.622955322265625,3.9160141944885254,-2.523865222930908,0.0,5.90176821826209,47.22611149299067,-25.31823666686286,14.100000000000001,67.7
17.396813,59,0,-0.11562623083591461,0.04896659404039383,0.0007456882740370929,0.0,0.125569537071055,157.04781071225912,0.3402500562754538,29.5,56.7
17.396813,59,1,-0.16573092341423035,5.26161527633667,-1.201012134552002,0.0,5.39948999466582,91.80411213977999,-12.851837704544694,11.700000000000001,70.7
17.396813,59,2,1.449182152748108,3.6784257888793945,4.381771564483643,0.0,5.90176814517938,68.49714549845056,47.940593441275006,14.100000000000001,67.5
17.396813,59,3,3.622955322265625,3.9061460494995117,-2.539111375808716,0.0,5.90176827789051,47.15404037703863,-25.482088678561297,14.100000000000001,67.5
17.396813,59,4,1.402931571006775,2.4305202960968018,5.895781517028809,0.25578173995018005,6.52961603765524,60.00583435447036,64.54582023795517,15.700000000000001,46.7
17.697578,60,0,-0.11562623083591461,0.04896657541394234,0.0007469674455933273,0.0,0.12556953741037,157.04781853854814,0.34083373534338895,29.400000000000002,56.800000000000004
17.697578,60,1,-0.16573092341423035,5.257450580596924,-1.2191147804260254,0.0,5.39949017910468,91.80554032379524,-13.048944041773023,11.5,70.9
17.697578,60,2,1.449182152748108,3.7586324214935303,4.313168525695801,0.0,5.90176832168112,68.91530506186258,46.95572499711664,14.4,67.8
17.697578,60,3,3.622955322265625,3.957803249359131,-2.457815170288086,0.0,5.90176814514674,47.52915458995137,-24.610917552836245,14.4,67.8
17.697578,60,4,1.7343934774398804,4.256679058074951,3.286665678024292,-0.34104230999946594,5.65062904614546,67.83145046300251,35.56639568018692,27.8,41.800000000000004
17.996969,61,0,-0.11562623083591461,0.04896595701575279,0.0007863410864956677,0.0,0.125569536656361,157.0480783718573,0.3587997629456741,29.200000000000003,57.0
17.996969,61,1,-0.16573092341423035,5.254502296447754,-1.2317596673965454,0.0,5.399490068569,91.80655273547637,-13.186718601850549,12.100000000000001,70.3
17.996969,61,2,1.449182152748108,3.550577163696289,4.4859938621521,0.0,5.90176821287244,67.79697816689068,49.473908543907946,13.5,67.5
17.996969,61,3,3.622955322265625,3.909642219543457,-2.533724546432495,0.0,5.90176817819576,47.17959673469942,-25.424170787356246,13.5,67.5
17.996969,61,4,1.6573092937469482,4.353405475616455,2.730508804321289,-0.5115634799003601,5.39948994449878,69.15854059188247,30.377667847984398,23.700000000000003,41.0
17.996969,61,5,3.646080493927002,2.9885284900665283,-2.6323535442352295,-0.5115634799003601,5.39948985423457,39.339934657943125,-29.177638420276214,23.700000000000003,41.0
17.996969,61,6,1.4915783405303955,3.945765972137451,3.370551347732544,-0.34104230999946594,5.39948992410569,69.29240664329782,38.626070744872266,26.400000000000002,41.2
18.297106,62,0,-0.11562623083591461,0.048967402428388596,0.0006905533955432475,0.0,0.125569536998016,157.0474710521885,0.31509230242904684,28.700000000000003,57.5
18.297106,62,1,-0.16573092341423035,5.254533767700195,-1.2316259145736694,0.0,5.39949018411246,91.80654192256587,-13.185260585611129,11.600000000000001,70.8
18.297106,62,2,1.449182152748108,3.459254741668701,4.556785583496094,0.0,5.9017681362079,67.2697762255127,50.54330785244169,12.600000000000001,68.10000000000001
18.297106,62,3,3.622955322265625,3.9027154445648193,-2.5443811416625977,0.0,5.90176825217882,47.12893937200253,-25.53877551303167,12.600000000000001,68.10000000000001
18.297106,62,4,1.618767261505127,4.022047519683838,3.002825975418091,-0.42630288004875183,5.27392050908632,68.0765248875814,34.70648871326448,28.900000000000002,41.6
18.615774,63,0,-0.11562623083591461,0.048967283219099045,0.0006987280794419348,0.0,0.125569535732632,157.04752114020232,0.31882236680428366,29.5,56.7
18.615774,63,1,-0.16573092341423035,5.2567572593688965,-1.2220990657806396,0.0,5.39948976751371,91.80577830143645,-13.081453837853948,12.3,70.10000000000001
18.615774,63,2,1.449182152748108,3.7025306224823,4.361422538757324,0.0,5.90176825060449,68.62446859176855,47.6465281507226,14.3,67.60000000000001
18.615774,63,3,3.622955322265625,3.9212052822113037,-2.5157926082611084,0.0,5.90176825876414,47.263945652886456,-25.231568877863264,14.3,67.60000000000001
18.615774,63,4,1.422202706336975,3.0936691761016846,3.861614942550659,-0.596824049949646,5.14835114124944,65.31110096886854,48.59629382308307,24.700000000000003,40.800000000000004
18.615774,63,5,-4.324421405792236,4.32837438583374,1.8911281824111938,-0.34104230999946594,6.40404646462887,134.97382475415168,17.17565173684691,11.3,52.7
18.916326,64,0,-0.11562623083591461,0.04896725341677666,0.0007009187247604132,0.0,0.125569536319769,157.04753366221155,0.3198219443846816,29.200000000000003,57.0
18.916326,64,1,-0.16573092341423035,5.254056930541992,-1.2336583137512207,0.0,5.39949014291531,91.8067057684169,-13.207412090412545,11.9,70.5
18.916326,64,2,1.449182152748108,3.735877752304077,4.332892417907715,0.0,5.90176822631712,68.79825804850381,47.23700337804016,14.5,67.2
18.916326,64,3,3.622955322265625,3.9107632637023926,-2.531993865966797,0.0,5.90176816802816,47.187786155211896,-25.40556873579458,14.5,67.2
18.916326,64,4,1.6573092937469482,2.050764560699463,4.71191930770874,-1.790472149848938,5.39949006304478,51.05686135438403,60.769242315264115,15.4,40.6
18.916326,64,5,1.3875148296356201,2.8660888671875,3.884413719177246,-0.596824049949646,5.02278137477706,64.16770853146703,50.65649951726632,26.1,40.2
18.916326,64,6,1.2333464622497559,2.4562020301818848,4.204076766967773,-0.34104230999946594,5.02278143776651,63.33714410701733,56.82485126225927,24.3,42.1
18.916326,64,7,-4.532547950744629,1.9856961965560913,3.65667724609375,-0.34104230999946594,6.15290734473683,156.34191261187462,36.4627978342059,13.200000000000001,52.6
19.197555,65,0,-0.11562623083591461,0.048967260867357254,0.0007003747741691768,0.0,0.125569536190098,157.04753053170904,0.3195737431267747,29.3,56.900000000000006
19.197555,65,1,-0.16573092341423035,5.254370212554932,-1.2323236465454102,0.0,5.39949022032592,91.80659811834533,-13.192864947305113,11.200000000000001,71.2
19.197555,65,2,1.449182152748108,3.7182626724243164,4.348018169403076,0.0,5.90176822778114,68.70679379008811,47.45372319891416,14.100000000000001,67.9
19.197555,65,3,3.622955322265625,3.909396171569824,-2.534104347229004,0.0,5.90176825502853,47.177798973743876,-25.428253079214347,14.100000000000001,67.9
19.197555,65,4,1.9656460285186768,4.879855155944824,3.6517202854156494,0.25578173995018005,6.40404650946171,68.0600161836164,34.765621646946606,15.600000000000001,45.0
19.197555,65,5,4.324421405792236,3.9419853687286377,-2.602295160293579,0.25578173995018005,6.40404631802676,42.351163760676,-23.97585989875815,15.600000000000001,45.0
19.197555,65,6,1.2025128602981567,1.316112756729126,4.56119441986084,-0.42630288004875183,4.89721191121818,47.582514130758675,68.65190186593597,30.3,40.800000000000004
19.197555,65,7,-3.965980052947998,4.704157829284668,-0.012973488308489323,-0.25578173995018005,6.15290719697612,130.1335586280389,-0.12080901801813322,13.5,49.800000000000004
19.516936,66,0,-0.11562623083591461,0.048967164009809494,0.0007069468847475946,0.0,0.125569535247932,157.04757122825322,0.32257256295563896,29.400000000000002,56.800000000000004
19.516936,66,1,-0.16573092341423035,5.256248950958252,-1.2242852449417114,0.0,5.39949017356337,91.80595281457441,-13.105270309751733,11.4,71.0
19.516936,66,2,1.449182152748108,3.7369956970214844,4.331928253173828,0.0,5.90176822164734,68.80403755790353,47.22321907402567,13.600000000000001,68.10000000000001
19.516936,66,3,3.622955322265625,3.9100399017333984,-2.533111095428467,0.0,5.90176830467471,47.18250216072134,-25.417576240125307,13.600000000000001,68.10000000000001
19.516936,66,4,1.3566811084747314,2.660902500152588,4.6481499671936035,-0.8526057600975037,5.52505962528301,62.98489794296547,57.27606569605251,20.0,48.0
19.516936,66,5,1.0252193212509155,1.5346330404281616,-4.400272369384766,-0.42630288004875183,4.77164229068054,56.25489652401723,-67.24562887725858,22.900000000000002,42.1
19.516936,66,6,-3.8850414752960205,4.597931385040283,-0.3070531487464905,-0.42630288004875183,6.0273378802307,130.19627918252957,-2.920106412606912,15.3,49.1
19.516936,66,7,3.5458710193634033,3.5059726238250732,-0.6027339696884155,-0.25578173995018005,5.02278145684127,44.67583154179419,-6.892104818414651,21.400000000000002,41.6
19.796769,67,0,-0.11562623083591461,0.04896731674671173,0.000696581497322768,0.0,0.125569536880867,157.04750705294467,0.3178428907048974,29.8,56.400000000000006
19.796769,67,1,-0.16573092341423035,5.253240585327148,-1.2371282577514648,0.0,5.39948976408246,91.8069863414965,-13.245237088263432,11.3,71.10000000000001
19.796769,67,2,1.449182152748108,3.817917585372925,4.260779857635498,0.0,5.90176826008747,69.21454148219699,46.21568722952055,12.9,68.9
19.796769,67,3,3.622955322265625,3.9135360717773438,-2.5277059078216553,0.0,5.90176812562742,47.208031145351846,-25.35949246016331,12.9,68.9
19.796769,67,4,0.9943855404853821,2.1633942127227783,4.846175193786621,-0.596824049949646,5.39948989550324,65.3145301345261,63.834575305637436,17.6,46.900000000000006
19.796769,67,5,0.8093836307525635,2.063558578491211,-3.7950055599212646,-0.25578173995018005,4.39493379568204,68.58354189034095,-59.71135261692917,27.5,42.1
20.097733,68,0,-0.11562623083591461,0.04896775260567665,0.0006651913863606751,0.0,0.125569536640666,157.04732391886242,0.3035197730610423,30.200000000000003,56.0
20.097733,68,1,-0.16573092341423035,5.254509449005127,-1.2317296266555786,0.0,5.39949017610376,91.80655027798535,-13.186390929365958,11.3,71.2
20.097733,68,2,1.449182152748108,3.818697929382324,4.260080337524414,0.0,5.90176814775662,69.21842607948517,46.20587473035143,13.5,68.3
20.097733,68,3,3.622955322265625,3.904646635055542,-2.541416645050049,0.0,5.90176830920368,47.143072396920125,-25.506882953646905,13.5,68.3
20.097733,68,4,3.237534523010254,3.67136287689209,1.1259654760360718,0.34104230999946594,5.02278144206273,48.59303955533382,12.954176185872395,18.2,45.5
20.399801,69,0,-0.11562623083591461,0.04896670579910278,0.0007383222691714764,0.0,0.125569537125488,157.0477637545441,0.33688898329983374,30.1,56.1
20.399801,69,1,-0.16573092341423035,5.251261234283447,-1.2455042600631714,0.0,5.39948998994343,91.80766699469994,-13.336563221920013,11.3,71.10000000000001
20.399801,69,2,1.449182152748108,3.6444432735443115,4.410076141357422,0.0,5.90176814679262,68.315174789759,48.352428892542065,13.600000000000001,68.3
20.399801,69,3,3.622955322265625,3.8935179710388184,-2.5584330558776855,0.0,5.90176813839232,47.06152633850505,-25.690063383447203,13.600000000000001,68.3
20.399801,69,4,3.480349540710449,3.0263402462005615,2.80765438079834,0.34104230999946594,5.39948991417827,41.00861200672506,31.331253007253864,23.200000000000003,41.300000000000004
20.399801,69,5,-2.004188060760498,4.200355529785156,1.8890670537948608,-0.25578173995018005,5.02278117114661,115.50801431788823,22.092304247451196,15.100000000000001,44.5
20.696723,70,0,-0.11562623083591461,0.04896734282374382,0.0006945672212168574,0.0,0.125569535892123,157.0474960961908,0.3169237905805256,29.6,56.6
20.696723,70,1,-0.16573092341423035,5.249567985534668,-1.2526217699050903,0.0,5.3994899825971,91.80824967086862,-13.414195243463302,11.3,71.4
20.696723,70,2,1.449182152748108,4.162144660949707,3.9252121448516846,0.0,5.90176816493218,70.80282339200113,41.689297348362814,13.600000000000001,68.3
20.696723,70,3,3.622955322265625,3.970557928085327,-2.437156915664673,0.0,5.90176832474693,47.6209565794118,-24.390515564507844,13.600000000000001,68.3
20.696723,70,4,0.40469181537628174,3.8527731895446777,-2.0755255222320557,-0.25578173995018005,4.39493377753789,84.00369141509067,-28.180715194881422,26.5,42.2
21.001498,71,0,-0.11562623083591461,0.04896725341677666,0.0007008893298916519,0.0,0.125569536155693,157.04753366221155,0.3198085320895286,28.6,57.6
21.001498,71,1,0.0,5.248263835906982,-1.2689436674118042,0.0,5.39948991316343,90.0,-13.592316421146183,12.3,71.3
21.001498,71,2,1.6303298473358154,4.011988639831543,4.009593486785889,0.0,5.90176822541577,67.8849197542706,42.79587706568439,13.0,68.8
21.001498,71,3,3.622955322265625,3.9197845458984375,-2.51800537109375,0.0,5.90176814202778,47.253596283514504,-25.255319481924435,13.0,68.8
21.001498,71,4,-4.582653045654297,2.1016368865966797,-1.0430400371551514,-0.42630288004875183,5.14835110098923,155.36347741560863,-11.6888606365542,16.400000000000002,49.900000000000006
21.001498,71,5,-2.528360366821289,2.0256354808807373,4.001214027404785,-0.42630288004875183,5.14835108933107,141.299491164011,51.00342677530345,16.400000000000002,49.900000000000006
21.001498,71,6,0.2620861232280731,4.1077985763549805,-1.1334788799285889,-0.34104230999946594,4.26936443175526,86.34935787394484,-15.396144713483315,29.1,41.400000000000006
21.001498,71,7,0.42781707644462585,4.567686080932617,-0.7343071699142456,-0.34104230999946594,4.64607260001721,84.64919221335809,-9.093671826730553,22.5,43.7
21.310213,72,0,-0.11562623083591461,0.048967037349939346,0.0007157978252507746,0.0,0.125569535997698,157.04762444684792,0.32661119722928494,28.6,57.6
21.310213,72,1,1.449182152748108,3.762470006942749,4.309821128845215,0.0,5.90176817806563,68.93492364337379,46.90813692414843,13.3,68.60000000000001
21.310213,72,2,3.622955322265625,3.884549617767334,-2.5720295906066895,0.0,5.9017681431064,46.995628070317856,-25.836631085059732,13.3,68.60000000000001
21.609806,73,0,-0.11562623083591461,0.04896732419729233,0.0006961110047996044,0.0,0.125569537177191,157.04750392244338,0.31762820691157184,29.5,56.7
21.609806,73,1,1.449182152748108,3.9943087100982666,4.095880508422852,0.0,5.90176822000735,70.05863327388701,43.948303173872965,13.5,68.2
21.609806,73,2,3.622955322265625,3.978257894515991,-2.424567222595215,0.0,5.90176815533232,47.67622160309879,-24.256386457318808,13.5,68.2
21.609806,73,3,0.0,4.377330780029297,0.392960786819458,0.17052115499973297,4.39493378081737,90.0,5.129793459386364,28.6,45.1
21.920474,74,0,-0.11562623083591461,0.04896733537316322,0.0006951700197532773,0.0,0.125569536322407,157.0474992266917,0.317198842997702,29.6,56.6
21.920474,74,1,1.449182152748108,3.872363567352295,4.211358547210693,0.0,5.90176832167831,69.48228578366695,45.52659507879684,13.0,68.7
21.920474,74,2,3.622955322265625,3.9773988723754883,-2.425976276397705,0.0,5.90176820544073,47.67006193169709,-24.271391168712004,13.0,68.7
21.920474,74,3,-0.9250098466873169,4.706085681915283,-1.4917935132980347,-0.25578173995018005,5.02278145536063,101.12007574595133,-17.2778325305482,14.0,49.5
21.920474,74,4,-2.620861291885376,2.6316709518432617,-3.3813793659210205,-0.25578173995018005,5.02278133371891,134.88208601290918,-42.315188287470036,14.0,49.5
21.920474,74,5,0.0,4.271207332611084,1.0354855060577393,-0.17052115499973297,4.39493370955767,90.0,13.627518175800404,30.3,45.0
22.227218,75,0,-0.11562623083591461,0.04896635562181473,0.0007610672619193792,0.0,0.125569536367621,157.04791088882683,0.34726742070723704,29.200000000000003,57.0
22.227218,75,1,1.449182152748108,3.706085443496704,4.358402252197266,0.0,5.90176824505165,68.64312385152488,47.60302315737928,13.100000000000001,68.60000000000001
22.227218,75,2,3.622955322265625,3.910349130630493,-2.5326335430145264,0.0,5.90176823111157,47.18476113613779,-25.41244363473783,13.100000000000001,68.60000000000001
22.227218,75,3,-0.28521138429641724,3.915814161300659,2.484159469604492,-0.9378663301467896,4.64607300308559,94.16582662396375,32.322170906596,24.6,41.300000000000004
22.227218,75,4,-0.13104306161403656,4.0466766357421875,1.3545135259628296,-0.42630288004875183,4.26936423490373,91.85475445440898,18.497514649396518,32.4,41.400000000000006
22.494716,76,0,-0.11562623083591461,0.048967041075229645,0.0007156655192375183,0.0,0.125569536696282,157.04762288159452,0.3265508248836079,29.200000000000003,57.0
22.494716,76,1,1.449182152748108,3.691948175430298,4.370384216308594,0.0,5.90176824689567,68.56874890151565,47.77582859473356,13.3,68.4
22.494716,76,2,3.622955322265625,3.8954858779907227,-2.5554358959198,0.0,5.90176821900974,47.0759645013747,-25.657778555199307,13.3,68.4
22.494716,76,3,-0.12333464622497559,3.9025113582611084,0.9493826627731323,-0.7673451900482178,4.0182252023363,91.81016856771681,13.666446771417245,33.2,41.7
22.494716,76,4,-0.40469181537628174,4.067078590393066,1.6157160997390747,-0.6820846199989319,4.3949337015275,95.68247154516679,21.569620145041952,23.200000000000003,43.0
22.494716,76,5,-2.023458957672119,2.9649038314819336,-2.5358238220214844,-0.6820846199989319,4.3949338265384,124.3123775535154,-35.238968159766266,23.200000000000003,43.0
22.494716,76,6,-1.140845537185669,4.149692058563232,-1.7505766153335571,-0.596824049949646,4.64607266481831,105.37214633295196,-22.13476133816356,20.400000000000002,46.800000000000004
22.494716,76,7,-2.5669023990631104,1.644879698753357,-3.505905866622925,-0.596824049949646,4.64607286805835,147.34811453332512,-48.99004152526004,20.400000000000002,46.800000000000004
22.494716,76,8,-1.6650177240371704,3.417959213256836,-2.4454493522644043,-0.25578173995018005,4.52050348294696,115.97247161255332,-32.74958361462636,16.1,42.1
22.494716,76,9,0.0,4.264347553253174,1.5000970363616943,-0.25578173995018005,4.52050342035458,90.0,19.380671212787878,16.1,42.1
22.803424,77,0,-0.11562623083591461,0.04896741732954979,0.0006895977421663702,0.0,0.125569537557054,157.04746479118938,0.3146562419860439,29.0,57.2
22.803424,77,1,1.449182152748108,3.6857433319091797,4.3756184577941895,0.0,5.9017683543787,68.53594966502291,47.8514967654654,13.200000000000001,68.5
22.803424,77,2,3.622955322265625,3.9159748554229736,-2.523926019668579,0.0,5.90176811542082,47.2258245720365,-25.318890088136378,13.200000000000001,68.5
22.803424,77,3,-0.13489727675914764,3.6037938594818115,2.5119543075561523,-1.9609932899475098,4.39493366277191,92.14369580875253,34.858859035271045,15.8,40.900000000000006
22.803424,77,4,-1.7536646127700806,3.56388521194458,-1.8811765909194946,-1.9609932899475098,4.39493375879805,116.2002029836055,-25.342792695797524,15.8,40.900000000000006
22.803424,77,5,-0.12333464622497559,3.3663136959075928,2.190629005432129,-0.7673451900482178,4.01822532639162,92.09825820863298,33.03650449009907,26.6,40.6
22.803424,77,6,-0.1194804385304451,3.6558709144592285,1.3315783739089966,-0.5115634799003601,3.89265573667163,91.8718628958335,20.00331602785468,31.8,40.800000000000004
22.803424,77,7,-2.3587751388549805,3.079866409301758,-2.3206799030303955,-0.5115634799003601,4.52050356344897,127.44739518651446,-30.888402995803833,18.5,50.800000000000004
23.108306,78,0,-0.11562623083591461,0.04896683618426323,0.0007294565439224243,0.0,0.125569536154539,157.0477089705844,0.33284359933591506,28.900000000000002,57.300000000000004
23.108306,78,1,-0.16573092341423035,5.26067590713501,-1.2051204442977905,0.0,5.39949007075214,91.80443407695043,-12.89655631577273,11.5,71.3
23.108306,78,2,1.449182152748108,3.6379189491271973,4.415459632873535,0.0,5.90176812165626,68.27990219228286,48.43113639149175,13.4,68.3
23.108306,78,3,3.622955322265625,3.909543991088867,-2.5338761806488037,0.0,5.90176820827888,47.17887903852958,-25.425800615089877,13.4,68.3
23.108306,78,4,-0.2389608770608902,2.8822903633117676,2.6053919792175293,-0.8526057600975037,3.89265557230236,94.73935909740929,42.01380640036487,31.900000000000002,40.800000000000004
23.108306,78,5,-0.23125246167182922,3.2906172275543213,1.8191478252410889,-0.6820846199989319,3.76708617493494,94.01992727664332,28.875358083403736,30.5,42.800000000000004
23.108306,78,6,0.13104306161403656,3.3890066146850586,2.593247890472412,-0.6820846199989319,4.26936444214076,87.78564145314786,37.402349499553345,15.9,48.1
23.108306,78,7,-1.4414737224578857,3.8612091541290283,-1.11386239528656,-0.6820846199989319,4.26936436253688,110.47170176719561,-15.123266368389741,15.9,48.1
23.108306,78,8,-0.11562623083591461,3.513101816177368,1.3548738956451416,-0.42630288004875183,3.76708601828876,91.88508753081896,21.079377868894404,25.700000000000003,42.0
23.424485,79,0,-0.11562623083591461,0.0489669032394886,0.0007251487113535404,0.0,0.125569537352175,157.04768079599384,0.33087795409170084,28.900000000000002,57.300000000000004
23.424485,79,1,1.449182152748108,3.7456657886505127,4.32443380355835,0.0,5.90176828022489,68.84875802183534,47.11619462538613,13.4,68.2
23.424485,79,2,3.622955322265625,3.9209794998168945,-2.5161445140838623,0.0,5.90176827068561,47.26230120892048,-25.2353455954457,13.4,68.2
23.424485,79,3,-0.34687870740890503,2.3747122287750244,2.903679370880127,-1.1083874702453613,3.76708599530488,98.31052826205106,50.42600906394832,22.400000000000002,41.0
23.424485,79,4,-1.7343934774398804,3.261915922164917,-0.736696720123291,-1.1083874702453613,3.7670861783744,118.00002761105218,-11.277522011360647,22.400000000000002,41.0
23.424485,79,5,-0.23125246167182922,2.948441505432129,2.333270788192749,-0.7673451900482178,3.76708608648884,94.48464748622565,38.27112491565063,26.5,42.1
23.424485,79,6,-1.618767261505127,3.164926767349243,-1.246502161026001,-0.7673451900482178,3.76708594633133,117.08841269636793,-19.32298254164182,26.5,42.1
23.424485,79,7,-2.416588068008423,3.175522565841675,-1.1167776584625244,-0.596824049949646,4.14379461303905,127.27131071422326,-15.634875213742724,22.400000000000002,44.400000000000006
23.424485,79,8,-0.3237534463405609,2.9570674896240234,1.8742517232894897,-0.42630288004875183,3.51594709210226,96.24812147716958,32.21322984767157,20.900000000000002,41.1
23.424485,79,9,-1.6187673807144165,2.736567974090576,-1.5008903741836548,-0.42630288004875183,3.51594710213342,120.60567066615887,-25.2697712403413,20.900000000000002,41.1
23.702996,80,0,-0.11562623083591461,0.048967111855745316,0.000710593129042536,0.0,0.125569535490932,157.04759314178713,0.32423632366030636,28.8,57.400000000000006
23.702996,80,1,-0.16573092341423035,5.280537128448486,-1.1148778200149536,0.0,5.39948994419473,91.79765167871716,-11.916054447826678,11.3,71.3
23.702996,80,2,1.449182152748108,3.768526554107666,4.304526329040527,0.0,5.9017682281043,68.96581524024505,46.832946970781855,13.5,68.2
23.702996,80,3,3.622955322265625,3.904510259628296,-2.5416259765625,0.0,5.90176822989625,47.142074607593415,-25.509135048370588,13.5,68.2
23.702996,80,4,-0.31219086050987244,2.7727928161621094,1.925828456878662,-0.596824049949646,3.39037732119446,96.42392205573267,34.61281009798192,34.800000000000004,41.6
24.006449,81,0,-0.11562623083591461,0.04896680265665054,0.0007317354902625084,0.0,0.125569536339684,157.0477230578841,0.33388347062450147,28.8,57.400000000000006
24.006449,81,1,1.449182152748108,3.7761805057525635,4.297813415527344,0.0,5.9017682332125,69.00473092853997,46.737770338160786,13.4,68.3
24.006449,81,2,3.622955322265625,3.910076379776001,-2.5330543518066406,0.0,5.90176811743918,47.18276864970442,-25.416967186906554,13.4,68.3
24.006449,81,3,-0.28906556963920593,2.3656303882598877,2.0432941913604736,-0.9378663301467896,3.13923831364503,96.96665707782451,40.60862629215755,33.7,41.400000000000006
24.006449,81,4,-1.4453279972076416,2.5636239051818848,-1.0925551652908325,-0.9378663301467896,3.13923833691167,119.41357186185996,-20.366986087800328,33.7,41.400000000000006
24.006449,81,5,-0.28521138429641724,4.459020614624023,1.273492693901062,-0.8526057600975037,4.64607296722659,93.65981210102855,15.908439720158666,16.3,47.900000000000006
24.006449,81,6,-0.4162544310092926,1.7443621158599854,2.8772544860839844,-0.596824049949646,3.39037760732825,103.4214061740681,58.065474556812426,25.8,41.900000000000006
24.006449,81,7,-1.6650177240371704,2.914881706237793,-0.47522708773612976,-0.596824049949646,3.39037758481793,119.73556053464033,-8.057647033508246,25.8,41.900000000000006
24.006449,81,8,-1.1100119352340698,3.21460223197937,-2.1401727199554443,-0.34104230999946594,4.01822514021431,109.04994920652557,-32.1824073563888,13.3,46.300000000000004
24.303765,82,0,-0.11562623083591461,0.048967111855745316,0.000710798951331526,0.0,0.125569536655841,157.04759314178713,0.32433023624433627,28.6,57.6
24.303765,82,1,1.449182152748108,3.743178606033325,4.326586723327637,0.0,5.90176818106101,68.83594752382105,47.146918180925724,13.5,68.2
24.303765,82,2,3.622955322265625,3.9209468364715576,-2.51619553565979,0.0,5.90176832273543,47.26206330307682,-25.23589294779804,13.5,68.2
24.303765,82,3,-0.2659403383731842,2.460707187652588,1.4883930683135986,-0.7673451900482178,2.88809938415269,96.16828644724045,31.021108159523127,34.5,40.400000000000006
24.303765,82,4,-0.19271038472652435,2.1626603603363037,2.267284870147705,-0.7673451900482178,3.13923841225099,95.09206453710385,46.2397648156461,35.7,40.6
24.303765,82,5,-1.3489726781845093,2.7035813331604004,-0.8519028425216675,-0.7673451900482178,3.13923840518654,116.51725497522465,-15.74595243160804,35.7,40.6
24.303765,82,6,-2.050438642501831,2.274904251098633,-1.726961374282837,-0.596824049949646,3.51594703694414,132.02927478004187,-29.418141194862475,24.8,47.400000000000006
24.303765,82,7,-2.2701284885406494,3.1284401416778564,-0.4605938494205475,-0.25578173995018005,3.89265561906897,125.96622634327429,-6.795374835516248,16.7,42.1
24.604377,83,0,-0.11562623083591461,0.04896791651844978,0.0006528411176986992,0.0,0.125569535744157,157.04725504805378,0.2978844273570855,29.200000000000003,57.0
24.604377,83,1,1.449182152748108,3.7540578842163086,4.317150592803955,0.0,5.90176827322437,68.89187340634163,47.012393281618984,13.3,68.4
24.604377,83,2,3.622955322265625,3.890481472015381,-2.5630483627319336,0.0,5.90176823171926,47.03923276430569,-25.739794685884192,13.3,68.4
24.604377,83,3,-0.3545871376991272,1.2146658897399902,2.5961456298828125,-1.4494298696517944,2.88809927001811,106.27366208941658,64.01535482416695,29.0,41.6
24.604377,83,4,-1.3297016620635986,2.5479180812835693,-0.284824937582016,-1.4494298696517944,2.88809942766779,117.55905249146316,-5.659720886771041,29.0,41.6
24.604377,83,5,-1.9772087335586548,2.7521047592163086,0.10594485700130463,-1.0231269598007202,3.39037745604921,125.6947940384135,1.7907096141183976,21.400000000000002,43.5
24.604377,83,6,-0.16958513855934143,1.95815908908844,1.941243290901184,-0.7673451900482178,2.7625299368276,94.94971485715845,44.64442243849433,36.4,41.2
24.604377,83,7,-1.1870959997177124,2.3771896362304688,-0.7558724880218506,-0.7673451900482178,2.76252976405607,116.53614389152547,-15.879556877794549,36.4,41.2
24.604377,83,8,-2.004188060760498,2.119155168533325,-1.4667589664459229,-0.6820846199989319,3.26480784685193,133.40289213673358,-26.696440027634754,21.8,49.0
24.900881,84,0,-0.11562623083591461,0.04896733537316322,0.000695243536029011,0.0,0.125569536729425,157.0474992266917,0.3172323870234686,28.8,57.400000000000006
24.900881,84,1,-0.16573092341423035,5.2635498046875,-1.1925045251846313,0.0,5.39948982108378,91.80344950694898,-12.759258394125625,11.4,71.10000000000001
24.900881,84,2,1.449182152748108,3.7500834465026855,4.320603370666504,0.0,5.90176823114834,68.87147519062131,47.061578035709175,13.5,68.2
24.900881,84,3,3.622955322265625,3.8783087730407715,-2.581430435180664,0.0,5.90176815012712,46.94967505914292,-25.93807632641457,13.5,68.2
24.900881,84,4,-1.102303385734558,3.0239133834838867,-0.5475814342498779,-1.790472149848938,3.26480785531859,110.02825249583242,-9.655421347944488,13.4,40.7
24.900881,84,5,0.10020940005779266,2.2762742042541504,2.3382694721221924,-1.790472149848938,3.26480785055896,87.47927081461047,45.741984324870614,13.4,40.7
24.900881,84,6,-0.23125246167182922,1.6230454444885254,1.9024534225463867,-0.596824049949646,2.51139069856976,98.10895747314733,49.24691630462209,38.400000000000006,40.1
24.900881,84,7,-1.1562622785568237,2.144968271255493,-0.6076605319976807,-0.596824049949646,2.5113905836516,118.3272418468983,-14.00235508673035,38.400000000000006,40.1
24.900881,84,8,-1.6033504009246826,2.882906436920166,-2.294395685195923,-0.596824049949646,4.01822517940779,119.0809576002277,-34.81979908523436,16.5,49.6
24.900881,84,9,-2.023458957672119,1.7321743965148926,-1.6613256931304932,-0.5115634799003601,3.1392383394672,139.434946106749,-31.952294823913768,21.6,51.2
24.900881,84,10,-0.963551938533783,2.9848015308380127,-0.13170316815376282,-0.5115634799003601,3.13923848110444,107.89108778482459,-2.40448476499726,21.6,51.2
24.900881,84,11,-1.6727261543273926,2.0216548442840576,-2.8753550052642822,-0.42630288004875183,3.89265558495566,129.60450594684096,-47.617524579581804,13.0,53.6
25.204584,85,0,-0.11562623083591461,0.04896750673651695,0.0006830403581261635,0.0,0.125569536582094,157.04742722520683,0.3116641489543711,29.3,56.900000000000006
25.204584,85,1,-0.16573092341423035,5.232662200927734,-1.3214653730392456,0.0,5.39948989999383,91.81408790100294,-14.166405749854519,11.5,71.0
25.204584,85,2,1.449182152748108,3.868800401687622,4.214632034301758,0.0,5.90176826421578,69.46496550693497,45.571976202660466,13.4,68.3
25.204584,85,3,3.622955322265625,3.822305679321289,-2.663651943206787,0.0,5.90176817977917,46.53375492346646,-26.829122619454413,13.4,68.3
25.204584,85,4,-0.292919784784317,1.287265658378601,1.9872814416885376,-0.6820846199989319,2.38582111735953,102.81947656244162,56.40348733095457,34.4,41.900000000000006
25.204584,85,5,-1.171679139137268,2.036909341812134,-0.4126873314380646,-0.6820846199989319,2.38582113859787,119.9085461858663,-9.960835158803839,34.4,41.900000000000006
25.204584,85,6,-1.9425207376480103,2.235319137573242,0.5587148666381836,-0.34104230999946594,3.01366898733027,130.99105585904175,10.6840795211216,26.3,43.300000000000004
25.204584,85,7,-1.310430645942688,2.132949113845825,0.200953871011734,-0.25578173995018005,2.51139062241541,121.56552652479157,4.589541239059367,28.5,41.5
25.204584,85,8,-0.3854207694530487,1.006118655204773,-2.2685368061065674,-0.25578173995018005,2.5113906821793,110.96067987331355,-64.59515862509032,28.5,41.5
25.511536,86,0,-0.11562623083591461,0.04896729066967964,0.0006982428603805602,0.0,0.125569535939021,157.04751800970038,0.3186009635788307,29.1,57.1
25.511536,86,1,-0.16573092341423035,5.270376682281494,-1.161960482597351,0.0,5.39948972359704,91.80111498417038,-12.427155662034602,11.5,71.0
25.511536,86,2,1.449182152748108,3.886058807373047,4.198724269866943,0.0,5.90176816391283,69.54859783064559,45.35178886889675,13.4,68.2
25.511536,86,3,3.622955322265625,3.816528797149658,-2.6719226837158203,0.0,5.9017682226906,46.490485229682434,-26.91913830957106,13.4,68.2
25.511536,86,4,-0.13104306161403656,1.378920555114746,1.6242763996124268,-0.9378663301467896,2.13468217860483,95.4286906452121,49.54346899951081,37.1,40.6
25.511536,86,5,-0.9173015356063843,1.8696476221084595,-0.4688751995563507,-0.9378663301467896,2.13468224587189,116.13386354157085,-12.688263270812543,37.1,40.6
25.511536,86,6,-1.7729356288909912,2.2797353267669678,0.024975191801786423,-0.5115634799003601,2.88809931693942,127.87197927922362,0.4954784310914877,27.6,42.1
25.806395,87,0,-0.11562623083591461,0.04896792024374008,0.0006524882628582418,0.0,0.125569535362884,157.04725348280897,0.2977234229176203,29.1,57.1
25.806395,87,1,1.449182152748108,3.788311243057251,4.2871246337890625,0.0,5.90176826144153,69.06612745563056,46.5865687138483,13.4,68.5
25.806395,87,2,3.622955322265625,3.8720149993896484,-2.5908613204956055,0.0,5.90176819306481,46.90325226675776,-26.03993342836172,13.4,68.5
25.806395,87,3,-0.17343935370445251,1.1492918729782104,1.4821542501449585,-0.5115634799003601,1.88354300187969,98.58173684625667,51.89646524458294,39.7,41.1
25.806395,87,4,-0.8671967387199402,1.6330875158309937,-0.3587883412837982,-0.5115634799003601,1.883542962571,117.96904833398546,-10.981141029389898,39.7,41.1
25.806395,87,5,-0.9327183365821838,2.4280776977539062,0.9306161403656006,-0.34104230999946594,2.76252985548311,111.01370917063655,19.68635151636469,23.700000000000003,48.5
26.103495,88,0,-0.11562623083591461,0.04896833375096321,0.0006207452970556915,0.0,0.125569535685969,157.04707974085733,0.28323932504326743,28.900000000000002,57.300000000000004
26.103495,88,1,-0.16573092341423035,5.236604690551758,-1.3057548999786377,0.0,5.39948990951021,91.81272303775542,-13.994532692975369,11.600000000000001,70.7
26.103495,88,2,1.449182152748108,3.734018325805664,4.3344950675964355,0.0,5.90176831638739,68.788638592029,47.25992293668762,13.5,68.3
26.103495,88,3,3.622955322265625,3.8946876525878906,-2.556652307510376,0.0,5.90176822654461,47.07010901475265,-25.670880263706355,13.5,68.3
26.103495,88,4,-0.9250098466873169,1.6384975910186768,0.086119145154953,-0.596824049949646,1.88354295926711,119.44679515326126,2.6205849567352586,34.2,40.6
26.103495,88,5,-0.23125246167182922,0.8162280917167664,-1.6816742420196533,-0.596824049949646,1.8835430058826,105.81840351462816,-63.230407396168495,34.2,40.6
26.103495,88,6,-0.8903220295906067,2.165170669555664,1.2136398553848267,-0.5115634799003601,2.63696018992645,112.35255199661681,27.40272500060736,18.400000000000002,48.6
26.103495,88,7,-1.7806440591812134,1.8832547664642334,-0.48602229356765747,-0.5115634799003601,2.63696026719258,133.39580064926864,-10.620998231796658,18.400000000000002,48.6
26.103495,88,8,-0.8093836903572083,1.5485659837722778,-0.19316384196281433,-0.42630288004875183,1.75797350211961,117.59456474494361,-6.308323170107361,35.9,41.1
26.103495,88,9,-0.16187672317028046,0.8731016516685486,1.5172213315963745,-0.42630288004875183,1.75797358816956,100.50360972209793,59.66092477921613,35.9,41.1
26.103495,88,10,-0.11562623083591461,1.1778863668441772,1.4652469158172607,-0.17052115499973297,1.88354300263272,95.60643012314038,51.070580444569266,20.900000000000002,41.400000000000006
26.103495,88,11,-0.8093836307525635,1.668208122253418,-0.3312315046787262,-0.17052115499973297,1.88354307372415,115.88180102913674,-10.128449712369534,20.900000000000002,41.400000000000006
26.404061,89,0,-0.11562623083591461,0.048967644572257996,0.0006730572786182165,0.0,0.125569536426537,157.04736931102465,0.30710893094997754,28.700000000000003,57.5
26.404061,89,1,1.449182152748108,3.729179620742798,4.338658809661865,0.0,5.90176836399596,68.76356722918264,47.31951717559244,13.700000000000001,68.2
26.404061,89,2,3.622955322265625,3.888810396194458,-2.5655829906463623,0.0,5.90176817967097,47.02695599368952,-25.76711539049202,13.700000000000001,68.2
26.404061,89,3,-0.8517799377441406,1.3505418300628662,0.33948561549186707,-0.42630288004875183,1.6324039880553,122.2394239045244,12.003220253639508,41.800000000000004,42.300000000000004
26.404061,89,4,-1.102303385734558,1.6075137853622437,-2.619121551513672,-0.34104230999946594,3.26480796157062,124.4391885543598,-53.34342547947172,12.3,47.6
26.703196,90,0,-0.11562623083591461,0.048967935144901276,0.0006514296983368695,0.0,0.125569535677756,157.04724722183,0.29724040615451025,28.5,57.7
26.703196,90,1,-0.16573092341423035,5.266525745391846,-1.1792932748794556,0.0,5.39949004944233,91.80243110926263,-12.61556016006526,11.4,71.0
26.703196,90,2,1.449182152748108,3.709627151489258,4.355388164520264,0.0,5.90176825862835,68.66167945151433,47.559643290338016,13.700000000000001,68.2
26.703196,90,3,3.622955322265625,3.907749891281128,-2.53664231300354,0.0,5.90176826926138,47.16576721745939,-25.455538279953366,13.700000000000001,68.2
26.703196,90,4,-1.2025128602981567,0.8658139705657959,2.6242198944091797,-0.42630288004875183,3.01366903707462,144.2459649120369,60.548524651169686,12.100000000000001,50.300000000000004
26.703196,90,5,-0.21198143064975739,0.5403242111206055,1.2533979415893555,-0.25578173995018005,1.38126492029728,111.42120221529176,65.15225375544749,24.8,52.400000000000006
26.703196,90,6,-0.7207368612289429,1.1704849004745483,-0.1356329768896103,-0.25578173995018005,1.38126493830583,121.62306713024502,-5.635226096182185,24.8,52.400000000000006
27.007066,91,0,-0.11562623083591461,0.04896659404039383,0.0007456294842995703,0.0,0.125569536721949,157.04781071225912,0.34022323174035984,29.200000000000003,57.0
27.007066,91,1,-0.16573092341423035,5.258782386779785,-1.2133551836013794,0.0,5.39948976589949,91.80508336654309,-12.9862159850762,11.4,71.10000000000001
27.007066,91,2,1.449182152748108,3.773146867752075,4.300477027893066,0.0,5.90176828288835,68.98932318365796,46.77551474168767,13.4,68.5
27.007066,91,3,3.622955322265625,3.897752046585083,-2.55197811126709,0.0,5.90176825741043,47.0925812666743,-25.620543074287628,13.4,68.5
27.007066,91,4,-0.7708415389060974,2.08132266998291,1.1751519441604614,0.34104230999946594,2.51139061608345,110.3226839179693,27.899932871882434,22.8,42.1
27.007066,91,5,-0.03854207694530487,0.9624359607696533,0.8056067824363708,-0.17052115499973297,1.25569532856714,92.29326321462872,39.90841512669657,27.1,50.300000000000004
27.007066,91,6,-0.5395891070365906,1.0504270792007446,-0.42686906456947327,-0.17052115499973297,1.25569528606154,117.18890612061917,-19.873607172642384,27.1,50.300000000000004
27.301608,92,0,-0.11562623083591461,0.04896793141961098,0.0006518854643218219,0.0,0.125569536590268,157.04724878707466,0.2974483670063805,19.5,66.7
27.301608,92,1,1.449182152748108,3.582219123840332,4.4607672691345215,0.0,5.9017681581398,67.97426910010387,49.098448056891,13.3,68.4
27.301608,92,2,3.622955322265625,3.877101421356201,-2.5832436084747314,0.0,5.90176822989014,46.94077588489326,-25.957652091004036,13.3,68.4
27.301608,92,3,0.16958513855934143,2.753593683242798,0.14329886436462402,-0.34104230999946594,2.76252997379993,86.47578510416065,2.9733999978724075,19.200000000000003,44.900000000000006
27.301608,92,4,-2.5437769889831543,1.059687614440918,-0.1945050060749054,-0.34104230999946594,2.76252989255644,157.38434713161567,-4.037438379898245,19.200000000000003,44.900000000000006
27.603175,93,0,-0.11562623083591461,0.04896795004606247,0.0006504151970148087,0.0,0.125569536229781,157.04724096085158,0.29677749460061925,23.8,62.400000000000006
27.603175,93,1,1.449182152748108,3.519357204437256,4.510528087615967,0.0,5.90176818194688,67.61937679394694,49.84184654674189,13.9,67.9
27.603175,93,2,3.622955322265625,3.852194309234619,-2.6202409267425537,0.0,5.9017682754755,46.756528228133845,-26.35781456283012,13.9,67.9
27.603175,93,3,-2.2662739753723145,1.335563063621521,-0.18393729627132416,0.25578173995018005,2.63696024947657,149.4882579023596,-3.999831150579322,18.6,46.2
27.603175,93,4,-0.585839569568634,9.395110130310059,1.5693860054016113,0.25578173995018005,9.54328427722225,93.5681041627581,9.46524217085933,12.3,44.2
27.603175,93,5,-3.807957172393799,4.810606956481934,7.309706211090088,0.25578173995018005,9.5432846551377,128.36426372915403,49.99183763586334,12.3,44.2
27.901913,94,0,-0.11562623083591461,0.0489668995141983,0.0007252663490362465,0.0,0.125569536578865,157.04768236124858,0.3309316336002725,25.8,60.400000000000006
27.901913,94,1,1.449182152748108,3.8500068187713623,4.231806755065918,0.0,5.90176836453712,69.37314647458018,45.810673527072765,14.100000000000001,68.0
27.901913,94,2,3.622955322265625,3.8887083530426025,-2.565737724304199,0.0,5.90176820894161,47.0262061377182,-25.768783313109044,14.100000000000001,68.0
27.901913,94,3,0.34687870740890503,0.488709032535553,1.1034533977508545,0.17052115499973297,1.25569532815226,54.63341040373651,61.49300623875804,29.400000000000002,48.7
27.901913,94,4,1.3875148296356201,0.6763781309127808,-1.9810093641281128,-0.25578173995018005,2.51139062656511,25.988054184896292,-52.07441771188419,12.4,52.0
27.901913,94,5,2.0812721252441406,1.3363245725631714,-0.43546062707901,-0.25578173995018005,2.51139064669168,32.703345435207545,-9.98522527595135,12.4,52.0
27.901913,94,6,0.2967739999294281,1.1131764650344849,-0.762008011341095,-0.17052115499973297,1.38126494876573,75.07209353607853,-33.48193491288827,12.100000000000001,55.1
28.200761,95,0,-0.11562623083591461,0.04896773397922516,0.0006664411048404872,0.0,0.125569536003469,157.0473317450951,0.3040900132383106,29.700000000000003,56.5
28.200761,95,1,-0.16573092341423035,5.254560947418213,-1.2315092086791992,0.0,5.3994900148227,91.80653258424728,-13.183989073538095,12.100000000000001,70.3
28.200761,95,2,1.449182152748108,3.600804090499878,4.445778846740723,0.0,5.90176825740655,68.07715235044414,48.8767062241098,12.8,68.10000000000001
28.200761,95,3,3.622955322265625,3.892798900604248,-2.5595273971557617,0.0,5.90176829810095,47.056248702492,-25.701852713434334,12.8,68.10000000000001
28.200761,95,4,5.503808498382568,8.35738754272461,3.334533452987671,0.25578173995018005,10.5478409105964,56.63285434452973,18.42929916480227,12.200000000000001,44.0
28.200761,95,5,-0.9712603688240051,10.266168594360352,-2.2179698944091797,0.25578173995018005,10.5478412371624,95.40454537676887,-12.13859387864849,12.200000000000001,44.0
28.200761,95,6,0.6359442472457886,1.4007002115249634,1.0868983268737793,0.34104230999946594,1.88354297565309,65.5810576848837,35.24331623417577,11.8,46.300000000000004
28.200761,95,7,0.551151692867279,0.6310187578201294,1.098152995109558,0.42630288004875183,1.38126494994241,48.86501166573097,52.658494291359894,18.6,52.6
28.514071,96,0,-0.11562623083591461,0.04896794632077217,0.0006508268415927887,0.0,0.125569536909921,157.0472425260961,0.296965323689637,29.3,56.900000000000006
28.514071,96,1,-0.16573092341423035,5.252823352813721,-1.2389003038406372,0.0,5.39949014979168,91.80712977551583,-13.264554542293997,12.700000000000001,69.8
28.514071,96,2,1.449182152748108,3.766470432281494,4.306325435638428,0.0,5.90176814071181,68.95533763260241,46.85848449179513,13.4,68.10000000000001
28.514071,96,3,3.622955322265625,3.8748838901519775,-2.586568593978882,0.0,5.90176816900241,46.92442314727709,-25.993559445444305,13.4,68.10000000000001
28.514071,96,4,0.6012564301490784,1.3524186611175537,0.6886196732521057,0.5115634799003601,1.63240392799223,66.03109143765468,24.95105675851968,33.0,40.6
28.811589,97,0,-0.11562623083591461,0.04896712675690651,0.0007097991765476763,0.0,0.125569536811355,157.04758688077672,0.3238740440504066,29.6,56.6
28.811589,97,1,-0.16573092341423035,5.252701282501221,-1.239416480064392,0.0,5.39948985675692,91.80717174451607,-13.270182792540226,12.600000000000001,69.9
28.811589,97,2,1.449182152748108,3.8582043647766113,4.224334239959717,0.0,5.90176834543012,69.41329328270551,45.70669370061546,14.200000000000001,67.8
28.811589,97,3,3.622955322265625,3.8499345779418945,-2.6235599517822266,0.0,5.90176823860112,46.739749479100965,-26.39378070577153,14.200000000000001,67.8
28.811589,97,4,2.6979453563690186,1.264998435974121,-0.9877687096595764,0.34104230999946594,3.13923831729174,25.120694324675224,-18.339827684023447,13.0,53.2
28.811589,97,5,0.6513611674308777,1.3393198251724243,0.6683515310287476,0.5115634799003601,1.63240397376546,64.0646175324202,24.168893750598194,35.2,41.1
28.811589,97,6,1.252617597579956,0.3300503194332123,-0.9933573007583618,0.5115634799003601,1.63240398985511,14.761276317320924,-37.482867963211895,35.2,41.1
29.11349,98,0,-0.11562623083591461,0.04896833747625351,0.0006205100216902792,0.0,0.125569535975871,157.04707817561655,0.28313196992626,29.3,56.900000000000006
29.11349,98,1,-0.16573092341423035,5.252215385437012,-1.2414741516113281,0.0,5.39948990767795,91.80733882012827,-13.292617350218544,12.200000000000001,70.3
29.11349,98,2,1.449182152748108,3.714860439300537,4.350925445556641,0.0,5.90176831365957,68.68904131928814,47.495479687595115,13.5,68.2
29.11349,98,3,3.622955322265625,3.889216899871826,-2.5649666786193848,0.0,5.90176816079802,47.02994294445822,-25.760471744524676,13.5,68.2
29.11349,98,4,1.9772087335586548,2.1392903327941895,1.7345725297927856,0.42630288004875183,3.3903774664717,47.2547793475635,30.771553810424717,14.700000000000001,50.300000000000004
29.11349,98,5,-1.310430645942688,8.721065521240234,-6.012278079986572,0.42630288004875183,10.6734108894335,98.54535561524818,-34.283970752103116,12.8,45.5
29.11349,98,6,0.8093836307525635,1.6224356889724731,0.5102304220199585,0.5115634799003601,1.88354307360794,63.48679197376393,15.71715295618621,31.8,41.2
29.41899,99,0,-0.11562623083591461,0.048968248069286346,0.0006275820196606219,0.0,0.125569536255761,157.04711574140526,0.28635887171471763,29.1,57.1
29.41899,99,1,-0.16573092341423035,5.2526421546936035,-1.2396682500839233,0.0,5.39949013467995,91.80719207395113,-13.27292702092245,12.3,70.10000000000001
29.41899,99,2,1.449182152748108,3.7886388301849365,4.286835193634033,0.0,5.90176830067125,69.06778069598627,46.58247981893193,13.4,68.3
29.41899,99,3,3.622955322265625,3.854548215866089,-2.616776704788208,0.0,5.901768170497,46.77399513505284,-26.32028763088644,13.4,68.3
29.41899,99,4,1.375952124595642,1.8653624057769775,-1.2572740316390991,0.25578173995018005,2.63696020916118,53.58630477083036,-28.475905832333364,16.1,48.6
29.41899,99,5,0.8016752004623413,1.7195255756378174,0.6611220240592957,0.42630288004875183,2.00911265562814,65.00418065112383,19.211834345961435,31.6,40.5
29.41899,99,6,5.966313362121582,4.9461541175842285,7.520414352416992,0.42630288004875183,10.7989799389556,39.6591888324908,44.13891927973296,11.8,44.1
29.714796,100,0,-0.11562623083591461,0.048967987298965454,0.0006476952112279832,0.0,0.125569536697873,157.04722530840812,0.29553638205966576,28.900000000000002,57.300000000000004
29.714796,100,1,-0.16573092341423035,5.250148773193359,-1.250185251235962,0.0,5.39948997980804,91.8080497694879,-13.387616871927595,12.4,70.10000000000001
29.714796,100,2,1.449182152748108,3.8129799365997314,4.265199184417725,0.0,5.9017682936145,69.18992937138727,46.27772665669583,13.3,68.3
29.714796,100,3,3.622955322265625,3.8045361042022705,-2.688971519470215,0.0,5.90176821535998,46.40043790532204,-27.10491921264887,13.3,68.3
29.714796,100,4,0.7400079369544983,1.6199899911880493,0.9298138618469238,0.596824049949646,2.00911252447139,65.44918157433541,27.567824651788147,29.6,40.800000000000004
30.015577,101,0,-0.11562623083591461,0.048967666923999786,0.0006715134950354695,0.0,0.125569536877676,157.0473599195403,0.30640451097476645,29.0,57.2
30.015577,101,1,-2.374191999435425,2.3722541332244873,1.0476197004318237,0.0,3.51594714970471,135.02339256485277,17.33525518696156,11.5,70.0
30.015577,101,2,-0.16573092341423035,5.253844738006592,-1.2345616817474365,0.0,5.39949014408716,91.80677868937326,-13.217258666445842,13.100000000000001,69.3
30.015577,101,3,1.449182152748108,3.517822027206421,4.511725425720215,0.0,5.9017681286232,67.61057406087025,49.859875101342354,13.200000000000001,67.9
30.015577,101,4,3.622955322265625,3.8811838626861572,-2.577105760574341,0.0,5.90176817100551,46.97085492472948,-25.891397487321633,13.200000000000001,67.9
30.015577,101,5,2.1968982219696045,2.535886287689209,1.7128500938415527,0.34104230999946594,3.76708594350545,49.09684262999888,27.04488394598084,12.0,50.6
30.015577,101,6,2.4050257205963135,1.1250277757644653,-1.4256103038787842,0.42630288004875183,3.01366901823951,25.069347535901752,-28.2323357757938,13.3,45.800000000000004
30.015577,101,7,0.8055294156074524,1.6606760025024414,1.5117605924606323,0.596824049949646,2.38582114032324,64.1237782923176,39.31946445258477,28.400000000000002,41.6
30.015577,101,8,1.0521987676620483,1.0952695608139038,2.155648708343506,0.9378663301467896,2.63696018386665,46.14900127524441,54.83281252912197,18.5,42.0
30.314568,102,0,-0.11562623083591461,0.04896799847483635,0.0006467689527198672,0.0,0.125569536281815,157.04722061267577,0.29511373746881553,29.200000000000003,57.0
30.314568,102,1,-0.16573092341423035,5.254117012023926,-1.233402132987976,0.0,5.39949008117195,91.80668512220376,-13.204619983601223,12.200000000000001,70.2
30.314568,102,2,1.449182152748108,3.507479667663574,4.519770622253418,0.0,5.90176829507073,67.55109919952059,49.98118213108154,13.0,68.10000000000001
30.314568,102,3,3.622955322265625,3.924802541732788,-2.510176658630371,0.0,5.90176813474214,47.29013184647729,-25.171313031922402,13.0,68.10000000000001
30.314568,102,4,2.505234956741333,1.479310393333435,-1.1790910959243774,0.5115634799003601,3.13923832175756,30.5613276483378,-22.061267085681628,16.6,45.5
30.314568,102,5,-2.890655994415283,0.9886054396629333,2.2040200233459473,0.5115634799003601,3.7670860166301,161.119292699688,35.808141786484725,14.100000000000001,50.1
30.314568,102,6,2.1968982219696045,2.7023191452026367,1.4359828233718872,0.5115634799003601,3.76708603953255,50.89000288015648,22.407533521589535,14.100000000000001,50.1
30.314568,102,7,0.7708415389060974,1.4428379535675049,1.9055458307266235,0.6820846199989319,2.51139064093136,61.88647282066056,49.35511129879289,28.6,41.2
30.612229,103,0,-0.11562623083591461,0.04896819591522217,0.0006316399085335433,0.0,0.125569536263721,157.0471376547916,0.2882104579628733,29.6,56.6
30.612229,103,1,-0.16573092341423035,5.257148265838623,-1.2204164266586304,0.0,5.39948987242721,91.80564408350222,-13.063123522049024,11.600000000000001,70.8
30.612229,103,2,1.449182152748108,3.5466365814208984,4.489109992980957,0.0,5.90176825041428,67.77470903339713,49.52048676663834,12.9,68.2
30.612229,103,3,3.622955322265625,3.936884641647339,-2.491184711456299,0.0,5.90176814313856,47.37789384375238,-24.967758513063437,12.9,68.2
30.612229,103,4,0.8479257225990295,1.0561186075210571,2.4077389240264893,0.8526057600975037,2.76252986779682,51.240071795412106,60.64163180524583,28.1,40.400000000000006
30.612229,103,5,1.1562622785568237,1.6181976795196533,2.428849697113037,1.1083874702453613,3.13923828945531,54.452785961937145,50.68792422442903,18.900000000000002,42.0
30.612229,103,6,2.3125245571136475,1.9991389513015747,-0.7144863605499268,1.1083874702453613,3.13923830463326,40.84286822553819,-13.155734599281763,18.900000000000002,42.0
30.612229,103,7,1.1100119352340698,7.163628101348877,-5.402787685394287,-1.278908610343933,9.04100707024641,81.19200399468912,-36.697269227827086,15.0,41.800000000000004
30.980436,104,0,-0.11562623083591461,0.04896857962012291,0.0006013672682456672,0.0,0.125569537268893,157.04697643504358,0.27439726919114543,30.1,56.1
30.980436,104,1,-0.16573092341423035,5.2586750984191895,-1.2138209342956543,0.0,5.39948995649072,91.80512016978844,-12.991287525128964,11.600000000000001,70.8
30.980436,104,2,1.449182152748108,3.869262218475342,4.214208126068115,0.0,5.90176830763314,69.4672119411626,45.56609704052845,14.0,68.2
30.980436,104,3,3.622955322265625,3.929375648498535,-2.503012180328369,0.0,5.90176822901563,47.32338430949658,-25.094484423621413,14.0,68.2
30.980436,104,4,2.570756673812866,2.5062415599823,-0.6087756156921387,0.34104230999946594,3.64151676958891,44.271962560627614,-9.623688602985958,19.5,41.5
30.980436,104,5,2.890655994415283,2.31877064704895,-0.6770135760307312,0.5115634799003601,3.76708597908181,38.7352160543209,-10.35334100241686,12.5,49.2
30.980436,104,6,0.7631331086158752,2.0831313133239746,-3.499889373779297,0.5115634799003601,4.14379461830697,69.8802263096429,-57.630148858372785,13.200000000000001,49.300000000000004
30.980436,104,7,0.797821044921875,1.5888290405273438,2.276010036468506,0.6820846199989319,2.88809934487175,63.33675723974076,52.005049504737485,34.7,40.5
30.980436,104,8,0.9365724921226501,1.7097586393356323,-2.7738451957702637,1.278908610343933,3.39037753176271,61.28693023661013,-54.9002579350658,20.400000000000002,41.6
30.980436,104,9,0.5318806767463684,7.669778347015381,-3.9952051639556885,-0.7673451900482178,8.66429808171097,86.03302657164785,-27.45883655352043,16.5,42.300000000000004
31.503079,106,0,-0.11562623083591461,0.04896743223071098,0.0006883039022795856,0.0,0.125569536269158,157.04745853019085,0.3140658736718483,29.0,57.2
31.503079,106,1,-0.16573092341423035,5.256763935089111,-1.222071886062622,0.0,5.39949011508808,91.80577600974337,-13.081156884088047,11.3,71.10000000000001
31.503079,106,2,1.449182152748108,3.854290723800659,4.2279052734375,0.0,5.90176828557171,69.39414521199025,45.756361041389525,13.600000000000001,68.0
31.503079,106,3,3.622955322265625,3.7703394889831543,-2.7367138862609863,0.0,5.90176821169489,46.14203106929046,-27.62682159579958,13.600000000000001,68.0
31.503079,106,4,1.1100119352340698,2.383035898208618,-3.677494525909424,0.5115634799003601,4.52050357555514,65.02401847288509,-54.44072790271285,17.2,54.1
31.503079,106,5,0.728445291519165,0.7286458611488342,3.2300312519073486,0.6820846199989319,3.39037744535972,45.00788680460034,72.30829802653734,30.1,40.900000000000006
31.503079,106,6,2.1583564281463623,2.8883001804351807,9.376169204711914,1.4494298696517944,10.0455626700853,53.23013264068371,68.96546704877228,14.0,41.1
31.811848,107,0,-0.11562623083591461,0.048967473208904266,0.000685451552271843,0.0,0.125569536646495,157.04744131244786,0.31276436229329757,28.900000000000002,57.300000000000004
31.811848,107,1,-0.16573092341423035,5.254085540771484,-1.2335346937179565,0.0,5.39948973971852,91.806695936828,-13.206065685018716,11.5,71.0
31.811848,107,2,1.449182152748108,3.8138017654418945,4.264464378356934,0.0,5.90176831570052,69.194029707144,46.267406150284934,13.9,67.8
31.811848,107,3,3.622955322265625,3.881645679473877,-2.5764100551605225,0.0,5.90176814356878,46.97425541848705,-25.883890185717984,13.9,67.8
31.811848,107,4,0.6166732311248779,0.9764028191566467,-3.8486990928649902,0.6820846199989319,4.01822511149672,57.724449380414015,-73.29765269909828,21.3,41.1
31.811848,107,5,0.9982398152351379,2.3572707176208496,-3.877213478088379,0.8526057600975037,4.64607278457232,67.04866824637342,-56.565281958897046,16.7,47.900000000000006
31.811848,107,6,0.8941762447357178,1.0580427646636963,-3.367734909057617,0.9378663301467896,3.6415167260624,49.79807971059195,-67.64070745307171,28.900000000000002,41.900000000000006
32.112786,108,0,-0.11562623083591461,0.048967599868774414,0.0006763506680727005,0.0,0.125569536689656,157.04738809399723,0.308611683641298,29.200000000000003,57.0
32.112786,108,1,-0.16573092341423035,5.252382278442383,-1.2407684326171875,0.0,5.39949003529506,91.80728143051853,-13.284922379592032,11.3,71.10000000000001
32.112786,108,2,1.449182152748108,3.772714614868164,4.300856113433838,0.0,5.90176819144438,68.98712602826113,46.780889696504104,14.5,67.4
32.112786,108,3,3.622955322265625,3.851126194000244,-2.6218104362487793,0.0,5.90176822595319,46.74859865892399,-26.374821088556818,14.5,67.4
32.112786,108,4,2.4281508922576904,4.634658336639404,-0.6620122194290161,0.42630288004875183,5.27392025267981,62.34943910977907,-7.211111880155617,15.100000000000001,53.900000000000006
32.112786,108,5,1.6650177240371704,4.125794410705566,-0.800304651260376,0.596824049949646,4.52050340953264,68.02282300516286,-10.19732751724785,23.3,45.1
32.112786,108,6,3.1912841796875,3.189354658126831,-0.28048980236053467,0.596824049949646,4.52050355381646,44.98267360975194,-3.5573939344138577,23.3,45.1
32.112786,108,7,1.5994962453842163,2.1655497550964355,-10.06855297088623,0.6820846199989319,10.4222719648039,53.55006201108081,-75.03000623559153,11.5,44.800000000000004
32.112786,108,8,0.8093836307525635,1.21703040599823,-3.4719839096069336,0.7673451900482178,3.76708602761124,56.37418720071842,-67.17042884385121,21.400000000000002,41.300000000000004
32.417583,109,0,-0.11562623083591461,0.04896746948361397,0.0006855839164927602,0.0,0.125569535916382,157.04744287769702,0.3128247611196053,29.8,56.400000000000006
32.417583,109,1,-0.16573092341423035,5.255451679229736,-1.2277017831802368,0.0,5.39948986109969,91.80622660292458,-13.142497403167,11.4,71.10000000000001
32.417583,109,2,1.449182152748108,3.7603912353515625,4.3116350173950195,0.0,5.90176818233141,68.92430083323573,46.93391948094288,14.0,67.8
32.417583,109,3,3.622955322265625,3.901200771331787,-2.5467028617858887,0.0,5.90176822584562,47.11784928580903,-25.56375881239814,14.0,67.8
32.417583,109,4,1.2950137853622437,2.2622087001800537,4.584712505340576,0.25578173995018005,5.27392052121331,60.21078353625076,60.3794494471182,14.200000000000001,48.800000000000004
32.417583,109,5,1.0791782140731812,1.9209500551223755,-3.80273175239563,0.34104230999946594,4.39493384622372,60.67298397362731,-59.91166060344893,21.1,41.5
32.417583,109,6,0.7862583994865417,2.1929943561553955,-3.5777151584625244,0.5115634799003601,4.26936438735148,70.27562447998123,-56.92922328404685,22.0,42.0
32.417583,109,7,2.485963821411133,4.745504379272461,-0.6742889881134033,0.5115634799003601,5.39949012171984,62.35190783533102,-7.173833065181026,13.200000000000001,54.0
32.417583,109,8,1.2834511995315552,3.9133975505828857,-2.1503639221191406,0.596824049949646,4.64607278979126,71.84240244683521,-27.5701803345656,16.6,46.1
32.417583,109,9,0.7400079369544983,1.8112127780914307,-3.509705066680908,0.6820846199989319,4.01822512178735,67.7765282607009,-60.86166086929066,25.6,41.400000000000006
32.417583,109,10,0.6937574148178101,6.469035625457764,-3.7992143630981445,-0.6820846199989319,7.53417222067744,83.87883587069418,-30.28252961356705,18.7,42.300000000000004
32.71317,110,0,-0.11562623083591461,0.04896700009703636,0.0007182384724728763,0.0,0.125569535406988,157.04764009938376,0.3277248531602994,29.200000000000003,57.0
32.71317,110,1,1.449182152748108,3.622762680053711,4.427903652191162,0.0,5.90176830288359,68.19753959917881,48.61353581968187,13.4,68.4
32.71317,110,2,3.622955322265625,3.926042079925537,-2.508237838745117,0.0,5.90176827198354,47.29914904271498,-25.15051672782228,13.4,68.4
32.71317,110,3,0.9712603688240051,2.2165536880493164,4.6859130859375,0.5115634799003601,5.27392059145883,66.33769283348543,62.6861787239926,13.600000000000001,54.6
32.71317,110,4,4.166398525238037,4.043694019317627,-1.0585511922836304,0.5115634799003601,5.9017682621106,44.143745714864046,-10.332582889572288,11.600000000000001,52.300000000000004
32.71317,110,5,-3.98525071144104,3.2239131927490234,-2.924898147583008,0.5115634799003601,5.90176826732099,141.02848492425838,-29.709119306052422,11.600000000000001,52.300000000000004
32.71317,110,6,0.8093836307525635,2.2525081634521484,-3.6859934329986572,0.596824049949646,4.39493372831241,70.23534291541954,-57.00219904374814,34.300000000000004,41.800000000000004
32.71317,110,7,0.8787593245506287,3.7932071685791016,-2.7582478523254395,0.596824049949646,4.77164225284152,76.95657819888638,-35.313507291401045,16.900000000000002,45.900000000000006
32.71317,110,8,0.6706321835517883,6.605728626251221,-2.992854356765747,-0.9378663301467896,7.2830333934496,84.20303279139495,-24.263592463478545,16.8,42.2
33.014943,111,0,-0.11562623083591461,0.04896720498800278,0.0007044620579108596,0.0,0.125569537263017,157.04755401048152,0.321438745055987,28.700000000000003,57.5
33.014943,111,1,-0.16573092341423035,5.254947185516357,-1.2298592329025269,0.0,5.3994898272242,91.80639989225492,-13.166007791482567,11.200000000000001,71.2
33.014943,111,2,1.449182152748108,3.4248850345611572,4.582674026489258,0.0,5.90176817952585,67.06517055780682,50.940471970366175,13.3,68.60000000000001
33.014943,111,3,3.622955322265625,3.8637642860412598,-2.603149890899658,0.0,5.90176830108669,46.84227309656848,-26.17278729813237,13.3,68.60000000000001
33.014943,111,4,0.8325088620185852,2.8016767501831055,-3.4485485553741455,0.42630288004875183,4.5205033742526,73.4508594366081,-49.71771426035472,30.3,41.5
33.014943,111,5,1.3875148296356201,4.248418807983398,-2.2921762466430664,0.5115634799003601,5.02278127297621,71.91319064750229,-27.15221405769018,14.9,49.7
33.297291,112,0,-0.11562623083591461,0.048968423157930374,0.0006137026939541101,0.0,0.125569535934839,157.0470421750886,0.2800258355867866,28.6,57.6
33.297291,112,1,1.449182152748108,3.9236061573028564,4.163658618927002,0.0,5.90176814899007,69.7283138331618,44.8694208201972,13.200000000000001,68.60000000000001
33.297291,112,2,3.622955322265625,3.9217801094055176,-2.5148963928222656,0.0,5.90176824013719,47.268131838448376,-25.221951006053896,13.200000000000001,68.60000000000001
33.297291,112,3,0.7130284309387207,3.2121713161468506,-3.2801735401153564,0.34104230999946594,4.64607281054402,77.48457726084074,-44.91119262395949,25.8,41.400000000000006
33.297291,112,4,0.7130284309387207,2.9448916912078857,-3.5221011638641357,0.5115634799003601,4.64607288199026,76.38926365498776,-49.295343924363294,29.400000000000002,40.800000000000004
33.609823,113,0,-0.11562623083591461,0.0489668995141983,0.0007252957439050078,0.0,0.125569536748647,157.04768236124858,0.3309450458805932,28.8,57.400000000000006
33.609823,113,1,1.449182152748108,3.8885087966918945,4.196455478668213,0.0,5.90176822301913,69.56041738484033,45.32045450900248,13.100000000000001,68.60000000000001
33.609823,113,2,3.622955322265625,3.910611391067505,-2.532228708267212,0.0,5.90176829010191,47.186676847434406,-25.40809219071085,13.100000000000001,68.60000000000001
33.609823,113,3,0.7130284309387207,3.0666000843048096,-3.4166574478149414,0.17052115499973297,4.64607293701837,76.910488856598,-47.33985094846903,28.400000000000002,44.6
33.609823,113,4,0.8170920610427856,4.78787088394165,-4.549741268157959,-0.5115634799003601,6.65518539521589,80.31527522830463,-43.1286303660859,18.8,41.6
33.609823,113,5,0.8170920610427856,5.356279373168945,-3.8644700050354004,-0.25578173995018005,6.65518569083332,81.32648625311357,-35.49771589095436,17.3,44.2
33.911606,114,0,-0.11562623083591461,0.04896862432360649,0.0005977209657430649,0.0,0.125569537292369,157.04695765218528,0.2727334888145597,28.8,57.400000000000006
33.911606,114,1,1.449182152748108,3.602867603302002,4.444106578826904,0.0,5.90176813868008,68.08851927578301,48.85202876959469,13.200000000000001,68.7
33.911606,114,2,3.622955322265625,3.9114460945129395,-2.5309391021728516,0.0,5.90176825674483,47.192773113739776,-25.394232678548242,13.200000000000001,68.7
33.911606,114,3,1.1254286766052246,8.158418655395508,-4.024889945983887,-0.25578173995018005,9.16657644598642,82.14579385711737,-26.045401894846766,11.600000000000001,45.7
34.214875,115,0,-0.11562623083591461,0.04896753653883934,0.0006809085025452077,0.0,0.125569536625694,157.0474147032173,0.3106913959629589,28.900000000000002,57.300000000000004
34.214875,115,1,1.449182152748108,3.6448166370391846,4.4097676277160645,0.0,5.90176818927462,68.31719001473765,48.34792161061277,13.4,68.5
34.214875,115,2,3.622955322265625,3.906104803085327,-2.539174795150757,0.0,5.90176826384669,47.15373872656715,-25.482770784512127,13.4,68.5
34.214875,115,3,0.5550059676170349,3.69942045211792,-2.5379538536071777,-0.42630288004875183,4.52050362998177,81.46782724522471,-34.15486444992859,28.5,41.5
34.518504,116,0,-0.11562623083591461,0.048967596143484116,0.0006765123689547181,0.0,0.125569536107994,157.04738965924517,0.3086854681937359,28.700000000000003,57.5
34.518504,116,1,0.0,5.2423787117004395,-1.2930420637130737,0.0,5.39949000697486,90.0,-13.855547713419117,12.0,71.2
34.518504,116,2,1.449182152748108,4.013282775878906,4.077291011810303,0.0,5.90176834059073,70.14552888284916,43.69816130140649,13.600000000000001,68.10000000000001
34.518504,116,3,3.622955322265625,3.9265925884246826,-2.507375955581665,0.0,5.9017682778328,47.30315280874673,-25.141273326565983,13.600000000000001,68.10000000000001
34.518504,116,4,2.6979453563690186,5.660158157348633,-0.32089322805404663,0.5115634799003601,6.27847688344589,64.51494121429684,-2.929666238494784,22.700000000000003,42.7
34.518504,116,5,-2.485963821411133,3.2658324241638184,3.508392095565796,-0.34104230999946594,5.39949003520826,127.27852607045037,40.52378086711162,14.600000000000001,44.300000000000004
34.518504,116,6,0.9943855404853821,4.0654497146606445,-3.4114232063293457,-0.34104230999946594,5.39949000168008,76.25563381340213,-39.18339651410204,14.600000000000001,44.300000000000004
34.518504,116,7,0.42781707644462585,4.355522155761719,-1.559612512588501,-0.25578173995018005,4.64607273830829,84.39017078946716,-19.614140021547126,19.3,42.0
34.518504,116,8,0.6320900917053223,4.9458489418029785,-1.282403588294983,-0.25578173995018005,5.14835105664304,82.71695762214542,-14.42367908194486,16.6,44.800000000000004
34.810607,117,0,-0.11562623083591461,0.048967961221933365,0.0006494595436379313,0.0,0.125569535641619,157.04723626511816,0.29634143768763077,29.0,57.2
34.810607,117,1,1.6303298473358154,3.784973621368408,4.224555492401123,0.0,5.90176836498563,66.69664587125347,45.70976945236052,13.200000000000001,68.5
34.810607,117,2,3.622955322265625,3.8557724952697754,-2.6149725914001465,0.0,5.90176824826134,46.7830752899491,-26.300748362252673,13.200000000000001,68.5
34.810607,117,3,0.27750298380851746,4.354726791381836,-1.1808043718338013,0.17052115499973297,4.52050354475507,86.35378272234513,-15.141919181895421,25.0,45.1
34.810607,117,4,3.2221179008483887,2.1848013401031494,3.92057204246521,0.42630288004875183,5.52505980083872,34.13977285217003,45.202226594594734,26.8,42.6
34.810607,117,5,-0.5087554454803467,3.7862236499786377,3.9914863109588623,0.42630288004875183,5.52505969212419,97.65300307965772,46.25573341748194,26.8,42.6
34.810607,117,6,2.9484691619873047,5.61465311050415,-0.891074001789093,0.7673451900482178,6.4040465978277,62.294317503803796,-7.998219963203676,20.6,42.0
35.112348,118,0,-0.11562623083591461,0.04896795377135277,0.0006499888258986175,0.0,0.125569535474761,157.04723939560705,0.29658294606779917,28.6,57.6
35.112348,118,1,1.449182152748108,3.9946813583374023,4.095517158508301,0.0,5.90176828265291,70.06034691653993,43.943403271304156,13.5,68.2
35.112348,118,2,3.622955322265625,3.9531633853912354,-2.465271234512329,0.0,5.90176823320305,47.495679167326124,-24.690560557093857,13.5,68.2
35.112348,118,3,-0.5318806767463684,2.0931248664855957,5.357275485992432,0.25578173995018005,5.77619852444598,104.25757737886347,68.04446087851797,11.5,48.7
35.41066,119,0,-0.11562623083591461,0.048968181014060974,0.0006328161689452827,0.0,0.125569536375069,157.04714391576044,0.28874717714892334,28.700000000000003,57.5
35.41066,119,1,0.0,5.267898082733154,-1.1847964525222778,0.0,5.39949005406742,90.0,-12.67540790475139,11.600000000000001,71.2
35.41066,119,2,1.449182152748108,3.9225986003875732,4.164608001708984,0.0,5.90176825193134,69.72353079319747,44.882426263426524,13.100000000000001,68.7
35.41066,119,3,6.5714240074157715,1.9452753067016602,0.854170024394989,-0.42630288004875183,6.90632434328699,16.489826318519114,7.10449897356248,12.5,46.7
35.41066,119,4,0.0,6.738089561462402,1.5150783061981201,-0.42630288004875183,6.90632414618665,90.0,12.672355707865487,12.5,46.7
35.41066,119,5,-0.6012564301490784,4.514050483703613,-1.801256537437439,-0.34104230999946594,4.89721208218324,97.58694899192551,-21.580780639173927,23.200000000000003,42.2
35.41066,119,6,-0.8093836307525635,4.26101541519165,-3.0004806518554688,-0.34104230999946594,5.27392058836594,100.75525079222153,-34.6754998957372,16.1,48.2
35.712802,120,0,-0.11562623083591461,0.04896765202283859,0.000672483874950558,0.0,0.125569536259843,157.0473661805297,0.3068472908145664,29.0,57.2
35.712802,120,1,-0.16573092341423035,5.277126312255859,-1.130912184715271,0.0,5.39948990405726,91.7988128092581,-12.09000368737545,11.9,71.10000000000001
35.712802,120,2,1.449182152748108,3.9239718914031982,4.163313865661621,0.0,5.9017680961197,69.73004949897245,44.86469897707149,13.100000000000001,68.60000000000001
35.712802,120,3,3.622955322265625,3.999647855758667,-2.3891170024871826,0.0,5.90176823407875,47.829131752602706,-23.87945705026938,13.100000000000001,68.60000000000001
35.712802,120,4,-0.19271038472652435,6.270035743713379,0.2622719705104828,0.34104230999946594,6.27847689382865,91.76043923156261,2.394123775011034,17.3,42.5
35.712802,120,5,-2.620861291885376,1.22270929813385,-4.106628894805908,-0.5115634799003601,5.02278138273017,154.989557065569,-54.84531738630371,20.8,43.300000000000004
35.712802,120,6,0.0,4.319350719451904,0.8115745186805725,-0.34104230999946594,4.39493388312057,90.0,10.641390266520272,24.8,41.300000000000004
35.712802,120,7,-2.343358278274536,2.4984495639801025,-3.3218955993652344,-0.34104230999946594,4.77164213004205,133.16534667528504,-44.12088414486853,22.200000000000003,41.900000000000006
35.712802,120,8,-0.7322994470596313,3.748722791671753,-2.8599624633789062,-0.34104230999946594,4.77164231066196,101.0533271622382,-36.82453869653439,22.200000000000003,41.900000000000006
36.021019,121,0,-0.11562623083591461,0.04896904155611992,0.0005623758188448846,0.0,0.125569536730876,157.04678234575954,0.2566057777745547,28.5,57.7
36.021019,121,1,1.449182152748108,3.746429204940796,4.323772430419922,0.0,5.90176827141971,68.85268711096991,47.10676037561853,13.0,68.60000000000001
36.021019,121,2,3.622955322265625,3.92604923248291,-2.5082266330718994,0.0,5.90176826771974,47.299201066084045,-25.15039656611078,13.0,68.60000000000001
36.301503,122,0,-0.11562623083591461,0.048967283219099045,0.0006988897803239524,0.0,0.125569536632516,157.04752114020232,0.3188961477140191,29.1,57.1
36.301503,122,1,1.449182152748108,3.6639437675476074,4.393888473510742,0.0,5.90176827410609,68.41995356586567,48.11649049531974,13.0,68.8
36.301503,122,2,3.622955322265625,3.8870954513549805,-2.568180561065674,0.0,5.901768184986,47.0143510595628,-25.79512080270184,13.0,68.8
36.301503,122,3,-0.13489727675914764,4.179714202880859,1.3517515659332275,0.25578173995018005,4.39493349085557,91.84853851895504,17.912873920764326,33.6,42.300000000000004
36.301503,122,4,-0.292919784784317,3.955904960632324,2.652090549468994,-0.25578173995018005,4.77164231061553,94.23480723487656,33.76600425034931,21.8,42.800000000000004
36.599631,123,0,-0.11562623083591461,0.04896744340658188,0.0006877451669424772,0.0,0.125569537565891,157.0474538344423,0.3138109227886519,29.6,56.6
36.599631,123,1,1.449182152748108,3.7089474201202393,4.355967044830322,0.0,5.90176827507723,68.65812060925458,47.56797176001189,13.3,68.5
36.599631,123,2,3.622955322265625,3.906930923461914,-2.537903308868408,0.0,5.90176818529845,47.159779801681594,-25.46909773415355,13.3,68.5
36.599631,123,3,-0.13875149190425873,4.218910217285156,1.6175587177276611,0.25578173995018005,4.52050346790216,91.88366428495509,20.966811589911238,25.8,41.300000000000004
36.599631,123,4,-0.13875149190425873,4.286105632781982,1.4300339221954346,0.42630288004875183,4.5205033448169,91.85415391769,18.441966413320426,29.200000000000003,40.7
36.599631,123,5,-0.42781707644462585,4.379187107086182,1.4918735027313232,-0.42630288004875183,4.64607293506239,95.57970573712211,18.729714970338335,25.5,41.6
36.599631,123,6,-2.139085292816162,3.253556251525879,-2.5346949100494385,-0.42630288004875183,4.64607279956051,123.32334667943901,-33.062696609181586,25.5,41.6
36.599631,123,7,-1.695851445198059,4.318074703216553,-1.925265908241272,-0.25578173995018005,5.02278111051787,111.44158584906225,-22.538661446332515,16.6,48.2
36.599631,123,8,0.0,3.814361810684204,3.2678704261779785,-0.25578173995018005,5.02278141522152,90.0,40.58758817610082,16.6,48.2
36.599631,123,9,-0.27750298380851746,3.8942856788635254,2.2787020206451416,-0.17052115499973297,4.52050348451546,94.0759514349348,30.270396952898846,27.5,44.1
36.895481,124,0,-0.11562623083591461,0.048967815935611725,0.000660442397929728,0.0,0.125569536269691,157.04729730967807,0.3013528408554522,29.700000000000003,56.5
36.895481,124,1,-0.16573092341423035,5.18103551864624,-1.5112563371658325,0.0,5.39948992971313,91.83215220940257,-16.253563418372575,11.3,71.2
36.895481,124,2,1.449182152748108,3.6833291053771973,4.377650737762451,0.0,5.90176822589591,68.52316203161473,47.88090776441761,13.3,68.4
36.895481,124,3,3.622955322265625,3.9064133167266846,-2.5387001037597656,0.0,5.90176825070777,47.155994919362236,-25.477665888160043,13.3,68.4
36.895481,124,4,-0.3931291997432709,3.789975643157959,1.9258780479431152,-0.6820846199989319,4.2693643788005,95.92203695495363,26.813796191212152,25.5,41.5
36.895481,124,5,-0.13875149190425873,3.7292284965515137,2.5511868000030518,-0.42630288004875183,4.52050342821542,92.13079180886069,34.3577910473313,28.1,40.800000000000004
36.895481,124,6,-1.8037692308425903,3.576951026916504,-2.094466209411621,-0.42630288004875183,4.52050337788399,116.76069623384193,-27.60192963452629,28.1,40.800000000000004
36.895481,124,7,-2.7750296592712402,4.072134017944336,-0.9722485542297363,-0.34104230999946594,5.0227813331994,124.27318415809621,-11.16106851621898,16.8,46.0
37.195767,125,0,-0.11562623083591461,0.048967696726322174,0.0006692346069030464,0.0,0.125569536333302,157.04734739756321,0.30536466986563954,29.900000000000002,56.300000000000004
37.195767,125,1,1.449182152748108,3.6469225883483887,4.408026218414307,0.0,5.90176824515139,68.32855018822214,48.32248967621163,13.200000000000001,68.60000000000001
37.195767,125,2,3.622955322265625,3.8946611881256104,-2.556692361831665,0.0,5.90176811391918,47.06991485919731,-25.67131223139871,13.200000000000001,68.60000000000001
37.195767,125,3,-0.25437769293785095,3.8379180431365967,1.5416585206985474,-0.7673451900482178,4.14379462702247,93.79202513882599,21.841501889906056,30.6,40.900000000000006
37.195767,125,4,-0.5241722464561462,2.7741150856018066,3.202655076980591,-0.5115634799003601,4.26936419086355,100.69995531791383,48.60320111156458,29.5,41.900000000000006
37.509056,126,0,-0.11562623083591461,0.048967618495225906,0.0006747922161594033,0.0,0.125569535568741,157.047380267758,0.30790057434882934,29.200000000000003,57.0
37.509056,126,1,-0.16573092341423035,5.267065525054932,-1.1768786907196045,0.0,5.39948973856491,91.80224651425527,-12.589306406971877,11.3,71.2
37.509056,126,2,1.449182152748108,3.650822162628174,4.404797077178955,0.0,5.90176826604578,68.34955584723045,48.27536499257036,13.100000000000001,68.7
37.509056,126,3,3.622955322265625,3.9089109897613525,-2.5348525047302246,0.0,5.90176817688962,47.174253613573704,-25.436296119893846,13.100000000000001,68.7
37.509056,126,4,-0.3815665543079376,3.0135629177093506,2.818488597869873,-0.596824049949646,4.14379445323749,97.21618746293547,42.85700289782004,33.7,41.400000000000006
