timestamp_s,frame_number,point_index,x,y,z,doppler,range,aoa,snr,noise
0.0,1,0,-0.11562623083591461,0.0411623939871788,-0.026531876996159554,0.0,0.1255695362459195,160.40450983118822,35.7,53.0
0.0,1,1,0.585839569568634,0.8570369482040405,2.148120641708374,0.0,2.3858211632879893,55.64489580063763,22.900000000000002,55.0
0.0,1,2,-1.8500198125839233,1.4077012538909912,1.9178125858306885,0.0,3.013669066359131,142.73207830193994,13.0,64.3
0.0,1,3,1.4800158739089966,4.697112083435059,3.4749808311462402,0.0,6.027337777842558,72.5108502806004,11.4,70.2
0.0,1,4,3.7000396251678467,4.111604690551758,-2.394413709640503,0.0,6.027338000485274,48.015902632155125,11.4,70.2
0.0,1,5,-0.16958513855934143,2.2916955947875977,1.5332788228988647,0.08526057749986649,2.762529957690812,94.23216546336054,21.1,55.300000000000004
0.296252,2,0,-0.11562623083591461,0.04113151878118515,-0.02657971903681755,0.0,0.12556953674615257,160.41808958455297,35.5,53.2
0.296252,2,1,-0.3661497235298157,0.8386662006378174,2.2033419609069824,0.0,2.3858211192012404,113.58539653281994,20.8,55.1
0.296252,2,2,0.6590694785118103,0.5158459544181824,-2.2342052459716797,0.0,2.385821180919226,38.04987016206504,20.8,55.1
0.296252,2,3,-1.8500198125839233,1.8944236040115356,1.4390230178833008,0.0,3.0136690834242357,134.32058511443591,14.600000000000001,63.7
0.598129,3,0,-0.11562623083591461,0.04109438881278038,-0.026637088507413864,0.0,0.1255695366455096,160.4344233852479,35.6,53.1
0.598129,3,1,0.6590694785118103,0.6297135949134827,2.204819917678833,0.0,2.3858211706911288,43.69514313904063,20.700000000000003,55.1
0.598129,3,2,-1.8500198125839233,1.3871604204177856,1.9327218532562256,0.0,3.0136690430405397,143.13712834682457,14.0,63.6
0.598129,3,3,1.4800158739089966,4.684423923492432,3.4920663833618164,0.0,6.027337895606693,72.46637844341963,11.600000000000001,69.8
0.598129,3,4,3.7000396251678467,4.077548980712891,-2.4519593715667725,0.0,6.027338025840186,47.77884724035478,11.600000000000001,69.8
0.598129,3,5,-0.08479256927967072,2.50083589553833,1.170555830001831,-1.790472149848938,2.762529802078038,91.94190909061197,19.3,40.7
0.598129,3,6,-0.16958513855934143,2.136538505554199,1.7429903745651245,-0.34104230999946594,2.7625298823293543,94.5382679303843,21.8,40.5
0.598129,3,7,-1.1870959997177124,2.309329032897949,-0.9430665373802185,-0.34104230999946594,2.762529997784185,117.20514367424285,21.8,40.5
0.902352,4,0,-0.11562623083591461,0.04110713303089142,-0.026617417111992836,0.0,0.12556953666018453,160.42881671804162,35.1,53.6
0.902352,4,1,-1.8500198125839233,1.400282859802246,1.9232357740402222,0.0,3.0136690656004523,142.87786466476794,13.9,63.800000000000004
0.902352,4,2,-0.25437772274017334,2.0910327434539795,1.787300944328308,0.34104230999946594,2.7625297510832376,96.93604807727372,25.400000000000002,40.7
0.902352,4,3,-1.2718884944915771,2.2713630199432373,-0.9245439767837524,0.34104230999946594,2.7625299773564143,119.24738998303569,25.400000000000002,40.7
1.18387,5,0,-0.11562623083591461,0.04115528613328934,-0.026542903855443,0.0,0.12556953682765745,160.40763585521123,35.5,53.2
1.18387,5,1,0.6590694785118103,1.0978469848632812,2.01308274269104,0.0,2.3858211811868273,59.022381276173334,21.700000000000003,55.0
1.18387,5,2,-1.9425207376480103,1.635782241821289,1.6226615905761719,0.0,3.0136690256864047,139.89951863403329,14.700000000000001,63.6
1.491896,6,0,-0.11562623083591461,0.04115930572152138,-0.026536669582128525,0.0,0.12556953666120194,160.40586803111114,35.6,53.1
1.491896,6,1,0.585839569568634,0.5292189717292786,2.251413345336914,0.0,2.3858211946564043,42.09312359830754,21.700000000000003,54.800000000000004
1.491896,6,2,-1.0252193212509155,2.135183095932007,-0.28646254539489746,0.0,2.3858210955002686,115.64823374738398,21.700000000000003,54.800000000000004
1.491896,6,3,-1.8500198125839233,1.5285810232162476,1.8229284286499023,0.0,3.013669077299279,140.43474030726534,13.5,63.7
1.491896,6,4,1.4800158739089966,4.677915096282959,3.5007808208465576,0.0,6.027337968843436,72.44347997203096,11.3,70.2
1.491896,6,5,3.7000396251678467,4.092926979064941,-2.4262030124664307,0.0,6.027338180446744,47.886159432862016,11.3,70.2
1.491896,6,6,-0.16958513855934143,2.1776490211486816,1.691347599029541,-0.25578173995018005,2.762529833191489,94.45294059321154,17.900000000000002,40.300000000000004
1.491896,6,7,-1.1870959997177124,2.143547773361206,-1.275765299797058,-0.25578173995018005,2.762529831403429,118.97766850078247,17.900000000000002,40.300000000000004
1.801363,7,0,-0.11562623083591461,0.04110398888587952,-0.026622269302606583,0.0,0.12556953604466023,160.43019991100593,35.800000000000004,52.900000000000006
1.801363,7,1,0.6590694785118103,0.7957929968833923,2.150461196899414,0.0,2.3858211229605084,50.36871398661898,21.5,54.800000000000004
1.801363,7,2,-1.8500198125839233,1.6772065162658691,1.6871888637542725,0.0,3.0136690706071527,137.80491253453343,13.5,63.7
1.801363,7,3,-0.1772935688495636,2.1667850017547607,1.9012435674667358,0.42630288004875183,2.888099263567378,94.67771098753464,25.1,40.7
1.801363,7,4,-1.241054892539978,2.445340394973755,-0.9062070846557617,0.42630288004875183,2.8880994051223565,116.90862528498222,25.1,40.7
2.102393,8,0,-0.11562623083591461,0.04112410545349121,-0.026591187343001366,0.0,0.12556953671564083,160.42135050823097,35.2,53.5
2.102393,8,1,0.6590694785118103,0.8593747019767761,2.125851631164551,0.0,2.38582116128357,52.51477090299232,19.200000000000003,55.5
2.102393,8,2,-1.0984491109848022,1.999932885169983,-0.6970081329345703,0.0,2.385821102259046,118.77748277684631,19.200000000000003,55.5
2.102393,8,3,-2.374191999435425,2.1499075889587402,1.4501705169677734,0.0,3.5159472151225684,137.83814218880988,11.4,70.8
2.102393,8,4,-1.0791782140731812,2.7492117881774902,-1.9076404571533203,0.0,3.515946983069054,111.43204045670743,11.4,70.8
2.102393,8,5,1.4800158739089966,4.692867755889893,3.480710744857788,0.0,6.027337890865428,72.49599831193574,11.3,70.2
2.102393,8,6,3.7000396251678467,4.097082138061523,-2.419179677963257,0.0,6.027338184315313,47.91507927834682,11.3,70.2
2.102393,8,7,-0.1464598923921585,1.7213610410690308,1.6454811096191406,0.25578173995018005,2.3858211198459993,94.8632283052563,27.1,41.300000000000004
2.102393,8,8,-1.0252193212509155,2.0405633449554443,-0.6907743811607361,0.25578173995018005,2.385821172491756,116.67585686165462,27.1,41.300000000000004
2.102393,8,9,2.0812721252441406,2.7108943462371826,-1.5843912363052368,0.25578173995018005,3.76708606292182,52.484974418146166,13.200000000000001,44.6
2.102393,8,10,-0.23125246167182922,2.8688085079193115,2.430513858795166,0.25578173995018005,3.7670860852832755,94.60860423806906,13.200000000000001,44.6
2.102393,8,11,-0.1772935688495636,2.1726505756378174,1.8945380449295044,-0.34104230999946594,2.8880993641251442,94.6651382377453,22.400000000000002,40.900000000000006
2.102393,8,12,-1.241054892539978,2.431027412414551,-0.9439311027526855,-0.34104230999946594,2.8880992803143566,117.04459949814562,22.400000000000002,40.900000000000006
2.398727,9,0,-0.11562623083591461,0.041109416633844376,-0.026613887399435043,0.0,0.1255695360977535,160.42781211528717,35.5,53.2
2.398727,9,1,-1.8500198125839233,1.4054924249649048,1.9194319248199463,0.0,3.013669055753267,142.77542737913726,14.3,63.400000000000006
2.398727,9,2,-2.374191999435425,2.0864806175231934,1.5400309562683105,0.0,3.51594715030642,138.69044008365518,11.8,70.3
2.398727,9,3,-1.0791782140731812,2.712942600250244,-1.9588772058486938,0.0,3.515946967401005,111.6921092641568,11.8,70.3
2.398727,9,4,1.4800158739089966,4.674858570098877,3.504861354827881,0.0,6.0273379492123595,72.43270691758288,11.600000000000001,69.9
2.398727,9,5,3.7000396251678467,4.117644786834717,-2.38401198387146,0.0,6.027338132011682,48.05772047601105,11.600000000000001,69.9
2.398727,9,6,-0.07708415389060974,2.039111375808716,1.4639555215835571,-0.42630288004875183,2.5113906384528333,92.16491099481736,23.700000000000003,41.2
2.398727,9,7,-1.002094030380249,2.055170774459839,-1.038827896118164,-0.42630288004875183,2.5113906019715206,115.99369972383403,23.700000000000003,41.2
2.688885,10,0,-0.11562623083591461,0.04110012575984001,-0.02662823721766472,0.0,0.12556953695906942,160.43189943534105,35.2,53.5
2.688885,10,1,0.5126096606254578,0.9223179221153259,2.1397905349731445,0.0,2.3858211473583544,60.93538943974032,19.6,55.2
2.688885,10,2,-1.7575188875198364,1.6163779497146606,1.8386545181274414,0.0,3.013668985363719,137.3954697058339,12.8,63.400000000000006
3.001091,11,0,-0.11562623083591461,0.04112929478287697,-0.02658315934240818,0.0,0.12556953654163444,160.4190678477933,35.300000000000004,53.400000000000006
3.001091,11,1,-0.292919784784317,1.351577877998352,1.9441136121749878,0.0,2.3858211369791946,102.22827733700142,21.900000000000002,55.1
3.001091,11,2,-1.171679139137268,2.0213446617126465,-0.48319369554519653,0.0,2.3858211152427766,120.09886752086594,21.900000000000002,55.1
3.001091,11,3,1.4800158739089966,4.6884565353393555,3.4866504669189453,0.0,6.027337981999601,72.48053642592772,11.3,70.3
3.001091,11,4,3.7000396251678467,4.140162944793701,-2.3446877002716064,0.0,6.027337957096816,48.21302532185023,11.3,70.3
3.303359,12,0,-0.11562623083591461,0.04111392796039581,-0.02660691924393177,0.0,0.12556953643820595,160.4258275290401,35.7,53.0
3.303359,12,1,-1.0984491109848022,2.037567377090454,-0.5778154134750366,0.0,2.3858210154275827,118.32903156150283,21.3,54.900000000000006
3.303359,12,2,-0.292919784784317,1.341232419013977,1.9512652158737183,0.0,2.3858211049470754,102.31972894766419,21.3,54.900000000000006
3.303359,12,3,1.4800158739089966,4.68215799331665,3.4951038360595703,0.0,6.027337827452509,72.45841332331327,11.4,70.2
3.303359,12,4,3.7000396251678467,4.125512599945068,-2.370370388031006,0.0,6.0273379875839055,48.11209059414149,11.4,70.2
3.603507,13,0,-0.11562623083591461,0.04111023619771004,-0.026612622663378716,0.0,0.12556953636362245,160.42745157575405,35.4,53.300000000000004
3.603507,13,1,0.6937574148178101,1.119724988937378,-2.13822340965271,0.0,2.5113906010520073,58.218539196646155,18.3,56.7
3.603507,13,2,-1.9425207376480103,0.9794466495513916,2.085545063018799,0.0,3.013668987362763,153.2421073347955,15.4,63.1
3.603507,13,3,1.4800158739089966,4.642708778381348,3.5473384857177734,0.0,6.027337896628685,72.31861116271625,11.3,70.3
3.603507,13,4,3.7000396251678467,4.129728317260742,-2.363018274307251,0.0,6.027338099601471,48.14117583517055,11.3,70.3
3.603507,13,5,0.5665684938430786,2.102621078491211,-1.4871259927749634,0.25578173995018005,2.6369601772340205,74.91936234515792,15.8,40.900000000000006
3.902124,14,0,-0.11562623083591461,0.04109962657094002,-0.026629002764821053,0.0,0.12556953591472644,160.43211904862207,35.1,53.6
3.902124,14,1,0.7708415389060974,1.2295708656311035,2.0496442317962646,0.0,2.5113905846458136,57.91561263754895,21.6,56.800000000000004
3.902124,14,2,-1.7575188875198364,1.0284503698349,2.2216250896453857,0.0,3.013669000096788,149.66503571620908,11.700000000000001,64.10000000000001
3.902124,14,3,1.4800158739089966,4.690980434417725,3.4832537174224854,0.0,6.027337794005748,72.48938624845992,11.5,70.10000000000001
3.902124,14,4,3.7000396251678467,4.105656147003174,-2.40459942817688,0.0,6.027338055495622,47.97465223728848,11.5,70.10000000000001
4.20423,15,0,-0.11562623083591461,0.04112250730395317,-0.026593657210469246,0.0,0.12556953638566895,160.42205350857384,35.5,53.2
4.20423,15,1,0.7322994470596313,0.8171465396881104,2.118525743484497,0.0,2.385821089959311,48.13436540355711,16.900000000000002,55.0
4.20423,15,2,-0.8055294156074524,1.92064368724823,-1.1637836694717407,0.0,2.385821083422743,112.75346742820196,16.900000000000002,55.0
4.20423,15,3,-1.9425207376480103,1.6340078115463257,1.6244484186172485,0.0,3.0136690278023335,139.93015511306282,15.200000000000001,62.900000000000006
4.20423,15,4,1.4800158739089966,4.6307477951049805,3.5629384517669678,0.0,6.0273379314562945,72.27579606173047,11.600000000000001,70.0
4.20423,15,5,3.7000396251678467,4.149703502655029,-2.32776141166687,0.0,6.027338183427655,48.278542550884886,11.600000000000001,70.0
4.497572,16,0,-0.11562623083591461,0.041091013699769974,-0.026642294600605965,0.0,0.12556953661529682,160.4359082914043,35.4,53.300000000000004
4.497572,16,1,0.7322994470596313,0.7373793721199036,2.147592067718506,0.0,2.385821139129929,45.19804130214455,22.8,55.1
4.497572,16,2,-1.8500198125839233,1.8932818174362183,1.4405248165130615,0.0,3.013669041911808,134.3378519325598,14.200000000000001,63.900000000000006
4.497572,16,3,1.4800158739089966,4.601823806762695,3.6002182960510254,0.0,6.0273378132249285,72.17142677931523,12.0,69.8
4.497572,16,4,3.7000396251678467,4.158299446105957,-2.3123703002929688,0.0,6.027338045686033,48.33742933546983,12.0,69.8
4.792709,17,0,-0.11562623083591461,0.041079435497522354,-0.026660142466425896,0.0,0.12556953641088844,160.44100241574262,36.0,52.7
4.792709,17,1,0.6937574148178101,0.7288480401039124,-2.300992012023926,0.0,2.51139066168048,46.41299691361201,19.6,56.300000000000004
4.792709,17,2,-1.8500198125839233,1.8112202882766724,1.5424360036849976,0.0,3.0136690370845027,135.60716197653517,14.5,63.5
4.792709,17,3,1.4800158739089966,4.766756534576416,3.378814697265625,0.0,6.027338019839917,72.75111133902986,12.200000000000001,69.7
4.792709,17,4,3.7000396251678467,4.064531326293945,-2.473478317260742,0.0,6.027337979257184,47.687658646036816,12.200000000000001,69.7
5.108819,18,0,-0.11562623083591461,0.041153840720653534,-0.026545139029622078,0.0,0.12556953559475761,160.40827156048712,35.6,53.1
5.108819,18,1,0.7322994470596313,1.2309774160385132,1.9080289602279663,0.0,2.38582111484271,59.25189616581027,19.0,54.900000000000006
5.108819,18,2,-1.8500198125839233,1.9518169164657593,1.3601611852645874,0.0,3.0136690316382335,133.4662278869612,14.600000000000001,63.300000000000004
5.108819,18,3,1.4800158739089966,4.707880020141602,3.460378885269165,0.0,6.027337994561759,72.54842067017361,11.700000000000001,70.10000000000001
5.108819,18,4,3.7000396251678467,4.132882118225098,-2.3574979305267334,0.0,6.027338079400791,48.16291313267325,11.700000000000001,70.10000000000001
5.388513,19,0,-0.11562623083591461,0.04113638028502464,-0.02657219208776951,0.0,0.12556953624436024,160.41595121131112,35.800000000000004,52.900000000000006
5.388513,19,1,-1.9425207376480103,1.464918851852417,1.7784337997436523,0.0,3.0136689995379085,142.97885118190615,15.200000000000001,62.800000000000004
5.388513,19,2,-2.374191999435425,2.04219388961792,1.5982930660247803,0.0,3.515947135250876,139.29907615075376,11.4,70.60000000000001
5.388513,19,3,-1.0791782140731812,2.7415223121643066,-1.9186749458312988,0.0,3.5159470635357475,111.48668046442293,11.4,70.60000000000001
5.388513,19,4,1.4800158739089966,4.6649956703186035,3.5179779529571533,0.0,6.027337759625433,72.39785658670937,12.200000000000001,69.8
5.388513,19,5,3.7000396251678467,4.158395767211914,-2.312197208404541,0.0,6.027338095306413,48.33808841669933,12.200000000000001,69.8
5.695433,20,0,-0.11562623083591461,0.041156649589538574,-0.026540786027908325,0.0,0.12556953605765808,160.40703619968178,35.6,53.1
5.695433,20,1,-1.0984491109848022,2.0725560188293457,-0.43596240878105164,0.0,2.385821058352706,117.92346930652216,19.6,55.0
5.695433,20,2,-1.9425207376480103,1.2531050443649292,1.9335309267044067,0.0,3.0136690118405176,147.17425202668812,15.100000000000001,63.5
5.695433,20,3,-2.482109785079956,1.7915955781936646,1.7295087575912476,0.0,3.5159471332171046,144.1781163672504,11.4,70.9
5.695433,20,4,-1.0791782140731812,2.7014808654785156,-1.9746540784835815,0.0,3.5159469867943933,111.77554933253909,11.4,70.9
5.695433,20,5,1.4800158739089966,4.743931770324707,3.4107863903045654,0.0,6.027337673368364,72.67307802337442,12.100000000000001,69.7
5.695433,20,6,3.7000396251678467,4.132684707641602,-2.3578436374664307,0.0,6.027337947993948,48.16155303770452,12.100000000000001,69.7
5.998944,21,0,-0.11562623083591461,0.04114340618252754,-0.02656131237745285,0.0,0.12556953629297707,160.41286091169704,35.800000000000004,52.900000000000006
5.998944,21,1,-1.171679139137268,1.9976727962493896,-0.5732485055923462,0.0,2.385821128066428,120.39256292090778,19.1,54.800000000000004
5.998944,21,2,0.8055294156074524,0.48504000902175903,-2.1927154064178467,0.0,2.385821096248186,31.053751106090555,19.1,54.800000000000004
5.998944,21,3,-1.8500198125839233,0.4750683009624481,2.331080913543701,0.0,3.013669096470304,165.5981420308017,13.3,63.2
5.998944,21,4,-2.374191999435425,1.9793776273727417,1.6754584312438965,0.0,3.5159471550000836,140.18183684621044,12.0,70.3
5.998944,21,5,-1.0791782140731812,2.6784133911132812,-2.005831480026245,0.0,3.5159470754960753,111.94534216758093,12.0,70.3
6.294844,22,0,-0.11562623083591461,0.04116396978497505,-0.02652943693101406,0.0,0.12556953726782305,160.40381681400436,35.300000000000004,53.400000000000006
6.294844,22,1,-0.5126096606254578,0.5755296945571899,2.257905960083008,0.0,2.38582112029842,131.69064213639058,18.2,55.2
6.294844,22,2,-1.537828803062439,1.787420630455017,0.3638029098510742,0.0,2.385821136405823,130.70745207228163,18.2,55.2
6.294844,22,3,-1.7575188875198364,2.0326461791992188,1.3644330501556396,0.0,3.013668972889884,130.84819343747614,14.200000000000001,63.5
6.294844,22,4,-2.374191999435425,1.9457886219024658,1.7143521308898926,0.0,3.515947132707628,140.66338510131555,11.3,71.0
6.294844,22,5,-1.0791782140731812,2.6943438053131104,-1.9843811988830566,0.0,3.515946942352781,111.82781548886605,11.3,71.0
6.601734,23,0,-0.11562623083591461,0.04112796485424042,-0.02658521756529808,0.0,0.12556953668532062,160.4196528450567,35.300000000000004,53.400000000000006
6.601734,23,1,0.7708415389060974,0.665812611579895,2.2955565452575684,0.0,2.5113906435114437,40.818737728480286,17.1,56.5
6.601734,23,2,-2.374191999435425,2.062046527862549,1.5725969076156616,0.0,3.515947179224329,139.02484906456195,11.600000000000001,70.4
6.601734,23,3,-1.0791782140731812,2.7159578800201416,-1.9546947479248047,0.0,3.515947152807974,111.67025940716,11.600000000000001,70.4
6.601734,23,4,1.4800158739089966,4.705634117126465,3.4634318351745605,0.0,6.027337679953546,72.54059740732038,11.5,70.10000000000001
6.601734,23,5,3.7000396251678467,4.05523157119751,-2.4886960983276367,0.0,6.027338101822433,47.6223180414912,11.5,70.10000000000001
6.95624,24,0,-0.11562623083591461,0.04115628823637962,-0.026541346684098244,0.0,0.12556953612449823,160.40719512434598,35.300000000000004,53.400000000000006
6.95624,24,1,-1.0984491109848022,2.0260353088378906,-0.6170358061790466,0.0,2.3858211811005816,118.46507980664548,17.7,55.2
6.95624,24,2,-1.8500198125839233,2.0444695949554443,1.2164586782455444,0.0,3.0136690175812655,132.14162592378116,15.4,63.2
6.95624,24,3,-2.482109785079956,1.7423404455184937,1.7791191339492798,0.0,3.515947113661365,144.93270094554268,11.9,70.2
6.95624,24,4,-1.0791782140731812,2.7472023963928223,-1.9105333089828491,0.0,3.515947119797111,111.44629325291692,11.9,70.2
6.95624,24,5,1.4800158739089966,4.782557964324951,3.3564107418060303,0.0,6.027337781878624,72.8047352329918,11.8,69.8
6.95624,24,6,3.7000396251678467,4.083668231964111,-2.4417545795440674,0.0,6.027338125847058,47.821602348695144,11.8,69.8
7.495882,25,0,-0.11562623083591461,0.04113655164837837,-0.02657192572951317,0.0,0.1255695360181548,160.4158758367387,35.6,53.1
7.495882,25,1,0.7708415389060974,0.5301812291145325,-2.3306210041046143,0.0,2.51139066626085,34.52001256867015,20.5,56.2
7.495882,25,2,-1.9425207376480103,1.8447004556655884,1.3805413246154785,0.0,3.0136690157176282,136.47956592753548,15.200000000000001,62.900000000000006
7.495882,25,3,1.4800158739089966,4.724942684173584,3.437044143676758,0.0,6.02733795313742,72.60763474424299,11.5,70.10000000000001
7.495882,25,4,3.7000396251678467,4.03629207611084,-2.5192971229553223,0.0,6.0273381309843845,47.48874129244723,11.5,70.10000000000001
7.811446,26,0,-0.11562623083591461,0.04109574109315872,-0.026635002344846725,0.0,0.12556953668476337,160.43382844707915,35.6,53.1
7.811446,26,1,-0.9519892930984497,1.8602912425994873,-1.1511627435684204,0.0,2.385821196914472,117.10073636083578,15.5,55.2
7.811446,26,2,-1.9425207376480103,1.925536870956421,1.2653543949127197,0.0,3.0136689934911813,135.25157268227306,15.8,62.900000000000006
7.811446,26,3,-2.374191999435425,1.9920661449432373,1.660352110862732,0.0,3.5159471423868878,140.0016638412921,12.4,69.8
7.811446,26,4,-1.0791782140731812,2.6848561763763428,-1.997199296951294,0.0,3.5159470043359753,111.8976658896384,12.4,69.8
7.811446,26,5,1.4800158739089966,4.636592864990234,3.555328845977783,0.0,6.027338018208592,72.29674390778388,11.5,70.3
7.811446,26,6,3.7000396251678467,4.116102695465088,-2.3866734504699707,0.0,6.027338117826593,48.04705045329172,11.5,70.3
8.103404,27,0,-0.11562623083591461,0.041123971343040466,-0.02659139409661293,0.0,0.12556953657772577,160.4214095010309,35.5,53.2
8.103404,27,1,-1.7266851663589478,0.8225109577178955,-0.6152782440185547,0.0,2.0091125545505393,154.5290837002869,13.100000000000001,51.900000000000006
8.103404,27,2,-0.9250098466873169,1.2927260398864746,1.228718638420105,0.0,2.009112571029811,125.5856070259684,13.100000000000001,51.900000000000006
8.103404,27,3,-0.5126096606254578,0.6084427237510681,-2.249260187149048,0.0,2.3858211587933273,130.1139541620152,18.400000000000002,55.1
8.103404,27,4,-1.4645988941192627,1.8528858423233032,0.3375009596347809,0.0,2.3858211926068353,128.3243272664283,18.400000000000002,55.1
8.103404,27,5,0.728445291519165,0.7817951440811157,-2.4107515811920166,0.0,2.6369602530688745,47.023155247692266,15.100000000000001,58.300000000000004
8.103404,27,6,-1.8500198125839233,1.3952257633209229,1.9269076585769653,0.0,3.0136690863912166,142.97756981872323,14.5,63.2
8.103404,27,7,1.4800158739089966,4.774935245513916,3.367246150970459,0.0,6.02733773959109,72.77890712116087,11.9,69.7
8.103404,27,8,3.7000396251678467,4.097105503082275,-2.419140338897705,0.0,6.027338277422413,47.91524180721156,11.9,69.7
8.386857,28,0,-0.11562623083591461,0.04112683981657028,-0.026586953550577164,0.0,0.1255695357549696,160.4201477200089,35.6,53.1
8.386857,28,1,-1.9039785861968994,0.5312396883964539,1.3359612226486206,0.0,2.3858211273363943,164.41006952027988,19.1,55.0
8.386857,28,2,-1.8500198125839233,1.832718014717102,1.5168297290802002,0.0,3.013669035485344,135.26917818994534,14.8,63.7
8.386857,28,3,1.4800158739089966,4.69105863571167,3.4831483364105225,0.0,6.027337757596387,72.48966031585503,11.600000000000001,70.10000000000001
8.386857,28,4,3.7000396251678467,4.074406147003174,-2.457178831100464,0.0,6.027338258846745,47.756860943064886,11.600000000000001,70.10000000000001
8.703485,29,0,-0.11562623083591461,0.041113585233688354,-0.026607448235154152,0.0,0.1255695363122536,160.42597829688233,35.800000000000004,52.900000000000006
8.703485,29,1,-1.8500198125839233,1.507920503616333,1.8400553464889526,0.0,3.0136690644996458,140.8170935393959,14.9,63.300000000000004
8.703485,29,2,1.4800158739089966,4.750150203704834,3.402121067047119,0.0,6.02733786174506,72.69440535695443,11.8,69.9
8.703485,29,3,3.7000396251678467,4.119640350341797,-2.3805623054504395,0.0,6.027338279382369,48.07152159683788,11.8,69.9
8.998661,30,0,-0.11562623083591461,0.041132181882858276,-0.026578688994050026,0.0,0.1255695359249495,160.41779791037567,35.7,53.0
8.998661,30,1,0.6937574148178101,1.0645910501480103,-2.166201591491699,0.0,2.5113906087367424,56.909094213269015,17.7,56.400000000000006
8.998661,30,2,-1.9425207376480103,1.1323922872543335,2.0066144466400146,0.0,3.0136689675360966,149.7599566484011,15.700000000000001,63.0
8.998661,30,3,1.4800158739089966,4.683224201202393,3.4936752319335938,0.0,6.02733793079305,72.4621620936718,11.4,70.0
8.998661,30,4,3.7000396251678467,4.13452672958374,-2.354612350463867,0.0,6.0273380381733705,48.174241169341755,11.4,70.0
9.310892,31,0,-0.11562623083591461,0.041157349944114685,-0.026539700105786324,0.0,0.1255695360883666,160.4067281816385,35.5,53.2
9.310892,31,1,-1.171679139137268,2.0548670291900635,-0.31117844581604004,0.0,2.3858211454093396,119.69166139604621,22.6,55.300000000000004
9.310892,31,2,-0.3661497235298157,0.88954097032547,2.1832988262176514,0.0,2.385821142183947,112.37287317634126,22.6,55.300000000000004
9.310892,31,3,1.4800158739089966,4.694561004638672,3.478426933288574,0.0,6.027338047888472,72.50192634351829,11.200000000000001,70.10000000000001
9.310892,31,4,3.7000396251678467,4.170374870300293,-2.2905209064483643,0.0,6.027338202682959,48.41992324502172,11.200000000000001,70.10000000000001
9.600706,32,0,-0.11562623083591461,0.041161976754665375,-0.026532525196671486,0.0,0.1255695364369234,160.4046933260991,35.2,53.5
9.600706,32,1,-1.0984491109848022,2.014394521713257,-0.6540389657020569,0.0,2.3858211808910363,118.60362996016099,19.900000000000002,55.400000000000006
9.600706,32,2,-0.292919784784317,1.5016019344329834,1.830718994140625,0.0,2.385821117627688,101.03815711152477,19.900000000000002,55.400000000000006
9.600706,32,3,-1.9425207376480103,0.972341001033783,2.088867425918579,0.0,3.0136690199070735,153.40945539676423,14.4,63.800000000000004
9.89957,33,0,-0.11562623083591461,0.04116133227944374,-0.026533523574471474,0.0,0.1255695361368195,160.4049767610248,35.800000000000004,52.900000000000006
9.89957,33,1,-0.43937966227531433,1.0158296823501587,2.113569974899292,0.0,2.3858211311748807,113.39006583014552,22.700000000000003,54.900000000000006
9.89957,33,2,-1.3181389570236206,1.9802336692810059,-0.18255694210529327,0.0,2.385821186109359,123.6496493091488,22.700000000000003,54.900000000000006
9.89957,33,3,0.6937574148178101,1.4677565097808838,-1.9161092042922974,-0.34104230999946594,2.511390651689321,64.70152864289362,23.3,40.1
10.20397,34,0,-0.11562623083591461,0.041130758821964264,-0.026580896228551865,0.0,0.12556953700202866,160.4184238641227,35.0,53.7
10.20397,34,1,0.9250098466873169,1.5933445692062378,1.706661343574524,0.0,2.5113906654160965,59.86286279659984,16.5,57.2
10.20397,34,2,-1.8500198125839233,1.1004616022109985,2.10917329788208,0.0,3.0136690338178513,149.25422104285815,14.9,63.400000000000006
10.20397,34,3,-2.482109785079956,1.4885425567626953,1.9963105916976929,0.0,3.5159470853537713,149.0485219763133,11.700000000000001,70.60000000000001
10.20397,34,4,-1.0791782140731812,2.773927688598633,-1.8715187311172485,0.0,3.515946927959387,111.25819415555537,11.700000000000001,70.60000000000001
10.20397,34,5,1.4800158739089966,4.658258438110352,3.5268943309783936,0.0,6.027337910316331,72.3739736630404,11.9,69.9
10.20397,34,6,3.7000396251678467,4.154604434967041,-2.319002628326416,0.0,6.027338088165028,48.31213319544238,11.9,69.9
10.503263,35,0,-0.11562623083591461,0.04110713303089142,-0.026617417111992836,0.0,0.12556953666018453,160.42881671804162,35.4,53.300000000000004
10.503263,35,1,0.8055294156074524,1.458844542503357,1.707348108291626,0.0,2.3858211587392097,61.09386076364347,26.6,55.2
10.503263,35,2,-1.171679139137268,2.0575971603393555,-0.2925807237625122,0.0,2.3858209403145545,119.65893822523735,26.6,55.2
10.503263,35,3,-1.8500198125839233,1.5691487789154053,1.7881275415420532,0.0,3.013669076415987,139.6960752363755,12.200000000000001,65.2
10.503263,35,4,1.4800158739089966,4.738686561584473,3.4180703163146973,0.0,6.02733788693114,72.65504889842288,11.5,70.0
10.503263,35,5,3.7000396251678467,4.108860969543457,-2.3991189002990723,0.0,6.0273379855971285,47.99688439229571,11.5,70.0
10.503263,35,6,0.5318806767463684,2.778404951095581,-0.5819681882858276,-0.25578173995018005,2.8880993921167777,79.16276425174082,13.600000000000001,41.7
10.794726,36,0,-0.11562623083591461,0.041120853275060654,-0.02659621648490429,0.0,0.1255695367623102,160.4227810958093,35.5,53.2
10.794726,36,1,0.7322994470596313,1.6045243740081787,1.6066678762435913,0.0,2.3858211608381863,65.46820580981102,18.2,55.1
10.794726,36,2,-0.7322994470596313,1.6075741052627563,-1.6036163568496704,0.0,2.385821117357922,114.49072429745874,18.2,55.1
10.794726,36,3,-1.8500198125839233,0.8033050298690796,2.239269733428955,0.0,3.0136690622921756,156.528825695046,13.4,63.400000000000006
10.794726,36,4,-2.482109785079956,1.959125280380249,1.537154197692871,0.0,3.515947081072107,141.7160242854082,12.0,70.3
10.794726,36,5,-1.0791782140731812,2.7513251304626465,-1.90459144115448,0.0,3.515947119762238,111.4170697952928,12.0,70.3
10.794726,36,6,1.4800158739089966,4.728806495666504,3.4317259788513184,0.0,6.027337808220423,72.62098963512197,11.8,69.60000000000001
10.794726,36,7,3.7000396251678467,4.0708136558532715,-2.463125467300415,0.0,6.027338062209352,47.731706201593376,11.8,69.60000000000001
10.794726,36,8,-0.08479256927967072,2.439526319503784,1.293480634689331,0.6820846199989319,2.7625297456630293,91.99067388797742,24.0,40.400000000000006
10.794726,36,9,-1.102303385734558,2.0941433906555176,-1.425153136253357,0.6820846199989319,2.7625297747899182,117.76116840557835,24.0,40.400000000000006
10.794726,36,10,-1.0984491109848022,2.106334924697876,-0.22114402055740356,-0.25578173995018005,2.3858210205825587,117.54194360479939,34.9,40.400000000000006
10.794726,36,11,-0.21968983113765717,1.117581844329834,2.0963993072509766,-0.25578173995018005,2.3858212121035685,101.12117661568497,34.9,40.400000000000006
11.095321,37,0,-0.11562623083591461,0.04116330295801163,-0.026530466973781586,0.0,0.12556953629595108,160.40411007586675,35.4,53.300000000000004
11.095321,37,1,-1.684288740158081,1.4014509916305542,0.9440599679946899,0.0,2.3858211721199254,140.23707600501788,17.3,55.300000000000004
11.095321,37,2,-0.8055294156074524,1.3442859649658203,-1.7989330291748047,0.0,2.385821124575145,120.93108448226977,17.3,55.300000000000004
11.095321,37,3,-1.8500198125839233,1.115897536277771,2.1010475158691406,0.0,3.0136690731339,148.90240166962653,13.4,63.5
11.095321,37,4,1.4800158739089966,4.7111897468566895,3.455871343612671,0.0,6.027337933243286,72.559937228204,11.700000000000001,69.60000000000001
11.095321,37,5,3.7000396251678467,4.132015228271484,-2.3590166568756104,0.0,6.027337941570577,48.15694000463585,11.700000000000001,69.60000000000001
11.401,38,0,-0.11562623083591461,0.04112683981657028,-0.026586953550577164,0.0,0.1255695357549696,160.4201477200089,35.6,53.1
11.401,38,1,-1.8500198125839233,2.0023486614227295,1.2846118211746216,0.0,3.0136690262794334,132.73561233657242,14.5,63.400000000000006
11.401,38,2,-2.482109785079956,1.884400486946106,1.6278973817825317,0.0,3.515947107964909,142.79448464482556,11.8,70.60000000000001
11.401,38,3,-1.0791782140731812,2.741586923599243,-1.918582797050476,0.0,3.5159471592329954,111.48622024168455,11.8,70.60000000000001
11.401,38,4,1.4800158739089966,4.8102593421936035,3.3165886402130127,0.0,6.027337897826324,72.89796658769714,11.5,69.7
11.401,38,5,3.7000396251678467,4.136648654937744,-2.3508832454681396,0.0,6.027338330974401,48.18884953973369,11.5,69.7
11.401,38,6,0.28906556963920593,2.986375331878662,0.9234834909439087,0.42630288004875183,3.1392384879856094,84.47129077616742,19.400000000000002,39.900000000000006
11.401,38,7,-0.8671967387199402,2.2361390590667725,-2.0254552364349365,0.42630288004875183,3.1392382818021694,111.19678294768671,19.400000000000002,39.900000000000006
11.401,38,8,-0.3661497235298157,1.016118049621582,2.1273412704467773,-0.08526057749986649,2.3858211147849784,109.81620714194202,25.8,50.800000000000004
11.401,38,9,-1.2449090480804443,2.035115957260132,-0.02542812004685402,-0.08526057749986649,2.385821050870433,121.4547118383983,25.8,50.800000000000004
11.703417,39,0,-0.11562623083591461,0.041110120713710785,-0.02661280147731304,0.0,0.1255695364524651,160.42750237895424,35.300000000000004,53.400000000000006
11.703417,39,1,-1.8500198125839233,1.5328969955444336,1.819300651550293,0.0,3.0136690871151606,140.35539467191913,13.9,63.5
11.703417,39,2,1.4800158739089966,4.811039924621582,3.3154566287994385,0.0,6.027338119002085,72.90057949882019,11.600000000000001,69.7
11.703417,39,3,3.7000396251678467,4.133559703826904,-2.356309652328491,0.0,6.027338071700491,48.167580929373855,11.600000000000001,69.7
11.703417,39,4,-0.292919784784317,1.7420634031295776,1.6036070585250854,0.17052115499973297,2.38582113725924,99.54473248537265,28.1,41.900000000000006
11.703417,39,5,-1.171679139137268,1.9312492609024048,-0.7678452134132385,0.17052115499973297,2.3858210294544637,121.24497610808636,28.1,41.900000000000006
11.703417,39,6,-1.1100119352340698,1.9460725784301758,-0.2990202307701111,-0.08526057749986649,2.260251772544326,119.69981637722935,25.1,49.5
11.703417,39,7,-0.27750298380851746,0.8815568685531616,2.0626652240753174,-0.08526057749986649,2.2602518101144318,107.47334449080607,25.1,49.5
11.994331,40,0,-0.11562623083591461,0.04112963750958443,-0.0265826303511858,0.0,0.12556953681278676,160.41891709288458,35.4,53.300000000000004
11.994331,40,1,-0.9519892930984497,1.8713483810424805,-1.1330995559692383,0.0,2.385821238303927,116.96327651382344,17.7,55.2
11.994331,40,2,-1.9425207376480103,1.1661903858184814,1.9871623516082764,0.0,3.013669033556499,149.02154254790568,14.3,63.2
11.994331,40,3,1.4800158739089966,4.711523532867432,3.455416679382324,0.0,6.027338170033252,72.56109785585026,11.700000000000001,69.7
11.994331,40,4,3.7000396251678467,4.137391567230225,-2.3495752811431885,0.0,6.027338235917998,48.19396214327334,11.700000000000001,69.7
11.994331,40,5,0.1772935688495636,2.874279260635376,0.21955224871635437,-0.34104230999946594,2.888099282848577,86.47030838667999,17.900000000000002,41.7
11.994331,40,6,-0.797821044921875,2.4792320728302,1.2482019662857056,-0.34104230999946594,2.8880994164518756,107.83826250066666,17.900000000000002,41.7
12.36334,41,0,-0.11562623083591461,0.04113738611340523,-0.026570633053779602,0.0,0.12556953585341551,160.41550879635065,35.800000000000004,52.900000000000006
12.36334,41,1,-1.8500198125839233,1.4111065864562988,1.9153083562850952,0.0,3.013669060289951,142.66534506622267,12.5,65.0
12.36334,41,2,1.4800158739089966,4.713337421417236,3.45294189453125,0.0,6.027338082616882,72.5674024221651,11.5,70.10000000000001
12.36334,41,3,3.7000396251678467,4.153886318206787,-2.320289134979248,0.0,6.027338255175373,48.3072140369992,11.5,70.10000000000001
12.36334,41,4,0.5126096606254578,1.7913061380386353,-1.490166425704956,-0.08526057749986649,2.3858210998814897,74.03071594542298,25.700000000000003,50.300000000000004
12.36334,41,5,-0.292919784784317,1.8153643608093262,1.5201290845870972,-0.08526057749986649,2.3858210738909884,99.1660101126599,25.700000000000003,50.300000000000004
12.894623,42,0,-0.11562623083591461,0.04112416133284569,-0.026591099798679352,0.0,0.1255695364774174,160.4213259279104,35.6,53.1
12.894623,42,1,-1.8500198125839233,1.5033257007598877,1.8438111543655396,0.0,3.0136690333347897,140.90269749618417,13.5,63.400000000000006
12.894623,42,2,-2.374191999435425,2.0865650177001953,1.5399166345596313,0.0,3.5159471646580327,138.6892908708241,11.5,70.8
12.894623,42,3,-1.0791782140731812,2.7754263877868652,-1.8692957162857056,0.0,3.515947059709221,111.2477390820244,11.5,70.8
12.894623,42,4,1.4800158739089966,4.784102439880371,3.3542089462280273,0.0,6.027337786888011,72.809959239194,11.4,69.9
12.894623,42,5,3.7000396251678467,4.073042869567871,-2.459437370300293,0.0,6.027338021347361,47.747318091781395,11.4,69.9
12.894623,42,6,-0.9712603688240051,1.8703126907348633,-0.8168977499008179,0.08526057749986649,2.2602517999030654,117.44302079081615,23.8,49.300000000000004
12.894623,42,7,-0.13875149190425873,1.604672908782959,1.5857210159301758,0.08526057749986649,2.260251813637199,94.94191100064077,23.8,49.300000000000004
12.894623,42,8,-0.15416830778121948,2.3870291709899902,0.7651190757751465,0.08526057749986649,2.5113907163952605,93.6953641225792,24.700000000000003,52.400000000000006
12.894623,42,9,0.3468787372112274,1.798752784729004,-1.3239717483520508,-0.17052115499973297,2.260251673892531,79.08484190155714,32.5,41.0
13.196627,43,0,-0.11562623083591461,0.041122470051050186,-0.026593714952468872,0.0,0.1255695364146611,160.4220698956014,35.2,53.5
13.196627,43,1,-0.1464598923921585,2.187035322189331,0.942108690738678,0.0,2.3858211973550447,93.83122438764104,22.400000000000002,55.2
13.196627,43,2,-1.8500198125839233,1.7160470485687256,1.6476682424545288,0.0,3.01366909547941,137.1515204094218,13.3,65.10000000000001
13.501073,44,0,-0.11562623083591461,0.041119176894426346,-0.02659880369901657,0.0,0.1255695358118925,160.42351852201034,35.6,53.1
13.501073,44,1,-1.7575188875198364,1.6321301460266113,1.824686050415039,0.0,3.013668965917963,137.11849998921383,11.3,67.10000000000001
13.501073,44,2,1.4800158739089966,4.98304557800293,3.050837755203247,0.0,6.027337822625404,73.45803805331674,11.600000000000001,69.7
13.501073,44,3,3.7000396251678467,4.061245441436768,-2.478870391845703,0.0,6.027338233662718,47.66459051255672,11.600000000000001,69.7
13.501073,44,4,-0.13875149190425873,1.8659534454345703,1.267952561378479,0.08526057749986649,2.2602517414971826,94.25266278336782,34.4,49.1
13.78592,45,0,-0.11562623083591461,0.04114619642496109,-0.026556989178061485,0.0,0.12556953616130534,160.41163367291128,35.1,53.6
13.78592,45,1,-1.7575188875198364,2.0198278427124023,1.3833377361297607,0.0,3.0136689344361987,131.0276065568839,12.3,65.5
13.78592,45,2,1.4800158739089966,5.10637092590332,2.8396005630493164,0.0,6.027337917986957,73.83644940984233,11.700000000000001,69.9
13.78592,45,3,0.3468787372112274,0.995305597782135,-1.999444842338562,0.08526057749986649,2.2602517047576773,70.78579763792979,26.3,49.800000000000004
14.087031,46,0,-0.11562623083591461,0.04114270210266113,-0.02656240016222,0.0,0.12556953570036974,160.41317059172977,35.1,53.6
14.087031,46,1,-0.1464598923921585,2.1030828952789307,1.1170204877853394,0.0,2.3858212285555953,93.98367904601766,22.700000000000003,55.400000000000006
14.087031,46,2,-1.8500198125839233,1.3507965803146362,1.9583096504211426,0.0,3.013669091867146,143.8648564409314,12.4,65.4
14.385201,47,0,-0.11562623083591461,0.04113698750734329,-0.026571251451969147,0.0,0.12556953612331018,160.41568412347016,35.1,53.6
14.385201,47,1,-1.8500198125839233,1.6014741659164429,1.759235143661499,0.0,3.013669043167235,139.11881858574915,12.0,65.9
14.385201,47,2,1.4800158739089966,4.961785316467285,3.085294485092163,0.0,6.027337934235402,73.39105591574396,11.5,69.8
14.385201,47,3,3.7000396251678467,4.031487941741943,-2.526978015899658,0.0,6.027338230517936,47.45475019059866,11.5,69.8
14.385201,47,4,-0.07322994619607925,2.1933372020721436,0.9359764456748962,-0.08526057749986649,2.3858211613345524,91.91224990434955,29.8,51.400000000000006
14.700159,48,0,-0.11562623083591461,0.04114293307065964,-0.026562046259641647,0.0,0.12556953651453975,160.4130690034396,35.5,53.2
14.700159,48,1,0.3468787372112274,1.5794496536254883,-1.5791616439819336,0.0,2.260251659548258,77.6133502404218,22.3,53.2
14.700159,48,2,-1.8500198125839233,1.5587184429168701,1.797226905822754,0.0,3.0136690332973655,139.88447202157838,13.3,65.0
14.700159,48,3,1.2950139045715332,5.258772850036621,2.6451942920684814,0.0,6.027338197256528,76.16573258236956,11.8,69.8
14.700159,48,4,-0.2582319378852844,8.40919017791748,0.00899192038923502,0.25578173995018005,8.413158980832355,91.75890326465361,11.5,44.2
14.700159,48,5,-1.8307486772537231,2.0265872478485107,-1.547940731048584,-0.25578173995018005,3.139238299213311,132.09356465638095,12.0,56.900000000000006
14.700159,48,6,-0.1464598923921585,2.1321816444396973,1.0604212284088135,-0.17052115499973297,2.3858210843701486,93.92948364981537,31.3,43.2
14.998631,49,0,-0.11562623083591461,0.04111497476696968,-0.026605302467942238,0.0,0.12556953661943432,160.42536703335588,35.7,53.0
14.998631,49,1,0.4162544310092926,1.4333895444869995,-1.6973109245300293,0.0,2.260251692203437,73.80677261498961,22.8,53.0
14.998631,49,2,-1.9425207376480103,1.2775081396102905,1.9174950122833252,0.0,3.013669023813754,146.66888721846902,12.100000000000001,65.3
14.998631,49,3,1.2950139045715332,5.302757263183594,2.555877447128296,0.0,6.027338146314592,76.27612671421542,11.3,69.9
14.998631,49,4,3.7000396251678467,3.9922690391540527,-2.588493585586548,0.0,6.027338081725874,47.1756100640958,11.3,69.9
14.998631,49,5,-0.09635519236326218,2.813828706741333,1.3884886503219604,0.34104230999946594,3.1392382907402654,91.96123859982427,14.4,41.900000000000006
14.998631,49,6,-0.21968983113765717,2.217803478240967,0.8516026139259338,-0.17052115499973297,2.385821221728172,95.65711549616806,34.2,41.1
15.300107,50,0,-0.11562623083591461,0.04111141711473465,-0.026610800996422768,0.0,0.1255695369274456,160.42693207390022,35.0,53.7
15.300107,50,1,-1.8500198125839233,1.5996752977371216,1.7608710527420044,0.0,3.013669064367907,139.15068086383013,11.5,66.7
15.300107,50,2,1.4800158739089966,4.982903957366943,3.051069498062134,0.0,6.0273380457189285,73.45759360382498,12.100000000000001,69.4
15.300107,50,3,3.7000396251678467,4.046106815338135,-2.5035035610198975,0.0,6.027338025113345,47.5580478414987,12.100000000000001,69.4
15.300107,50,4,-0.2081272155046463,2.015551805496216,1.001484990119934,0.08526057749986649,2.260251800996583,95.89550529512081,28.0,50.6
15.597777,51,0,-0.11562623083591461,0.04108790308237076,-0.026647087186574936,0.0,0.12556953568662835,160.43727685496435,34.6,54.1
15.597777,51,1,-1.8500198125839233,1.674655795097351,1.689720630645752,0.0,3.0136690509470467,137.84830177777724,12.8,64.9
15.597777,51,2,1.2950139045715332,5.239444732666016,2.683274507522583,0.0,6.027338069364935,76.11666936190589,11.600000000000001,69.7
15.597777,51,3,3.7000396251678467,3.9732296466827393,-2.617624521255493,0.0,6.0273381510720725,47.03903006052072,11.600000000000001,69.7
15.597777,51,4,-0.2081272155046463,1.9513245820999146,1.1214960813522339,0.17052115499973297,2.260251760983617,96.08811957662122,43.1,40.0
15.898823,52,0,-0.11562623083591461,0.04112109914422035,-0.026595834642648697,0.0,0.1255695364030947,160.42267294053414,34.4,54.300000000000004
15.898823,52,1,0.43937966227531433,2.013659715652466,-1.2017745971679688,0.0,2.3858210579297374,77.69101389159448,18.0,56.0
15.898823,52,2,-1.8500198125839233,1.2925423383712769,1.9972386360168457,0.0,3.0136690549285223,145.0593839880653,14.3,64.0
15.898823,52,3,-2.482109785079956,1.8649981021881104,1.650089979171753,0.0,3.515947076637809,143.0796731045919,11.5,70.7
15.898823,52,4,-1.0791782140731812,2.842292070388794,-1.765965223312378,0.0,3.5159469565216614,110.79106341989991,11.5,70.7
15.898823,52,5,1.4800158739089966,4.948138236999512,3.1071348190307617,0.0,6.027338200492202,73.34778122211225,11.700000000000001,69.8
15.898823,52,6,3.7000396251678467,4.05060338973999,-2.4962220191955566,0.0,6.027338170196033,47.589739181850504,11.700000000000001,69.8
16.200905,53,0,-0.11562623083591461,0.0411151647567749,-0.02660500630736351,0.0,0.12556953607826943,160.42528345612956,35.2,53.5
16.200905,53,1,1.4800158739089966,5.059292316436768,2.9226555824279785,0.0,6.027337835535366,73.6939985650645,11.5,69.9
16.200905,53,2,3.7000396251678467,4.011765956878662,-2.5581727027893066,0.0,6.027338292968061,47.31474780014064,11.5,69.9
16.200905,53,3,0.4162544310092926,1.6219335794448853,-1.5181572437286377,-0.08526057749986649,2.2602516904432353,75.60620849786795,32.1,49.800000000000004
16.500741,54,0,-0.11562623083591461,0.04112889617681503,-0.026583777740597725,0.0,0.1255695368989029,160.4192431826616,34.7,54.0
16.500741,54,1,-0.292919784784317,2.194911479949951,0.8880903124809265,0.0,2.385821202072076,97.60143793632311,19.5,55.7
16.500741,54,2,-1.0984491109848022,1.5557855367660522,-1.4370397329330444,0.0,2.3858210913356457,125.22367744279006,19.5,55.7
16.500741,54,3,-1.7575188875198364,1.8371596336364746,1.6180768013000488,0.0,3.0136689755773887,133.73080938280913,13.700000000000001,64.8
16.500741,54,4,1.4800158739089966,4.872145175933838,3.224989175796509,0.0,6.0273377859883235,73.10274549880036,11.3,70.0
16.500741,54,5,3.7000396251678467,4.046043872833252,-2.503605365753174,0.0,6.027338058888999,47.55760395766026,11.3,70.0
16.797436,55,0,-0.11562623083591461,0.04113598167896271,-0.026572810485959053,0.0,0.12556953652512565,160.41612653939393,34.9,53.800000000000004
16.797436,55,1,0.3931291997432709,1.4193750619888306,-1.5452158451080322,0.0,2.134682211070189,74.51868157075002,24.0,52.400000000000006
16.797436,55,2,-0.1464598923921585,2.096543312072754,1.1292465925216675,0.0,2.385821080089266,93.99606482950038,21.5,55.5
16.797436,55,3,1.4800158739089966,5.029974937438965,2.972827911376953,0.0,6.0273377745857735,73.60404914453784,11.4,70.2
16.797436,55,4,3.7000396251678467,3.9477596282958984,-2.65588116645813,0.0,6.027338059289705,46.85521998713272,11.4,70.2
17.096786,56,0,-0.11562623083591461,0.04111265018582344,-0.026608889922499657,0.0,0.1255695356586533,160.42638963232153,35.6,53.1
17.096786,56,1,0.45865076780319214,0.89311283826828,-1.8838410377502441,0.0,2.1346822068396967,62.817606767894674,21.200000000000003,51.5
17.096786,56,2,-0.3661497235298157,2.161004066467285,0.942410945892334,0.0,2.3858211555493396,99.61657953033036,18.5,55.0
17.096786,56,3,-1.9425207376480103,1.0171380043029785,2.0674245357513428,0.0,3.0136689843140823,152.3626551627535,12.0,65.2
17.096786,56,4,1.2950139045715332,5.2575907707214355,2.647542953491211,0.0,6.0273381700374,76.16274171115116,11.9,69.7
17.096786,56,5,3.7000396251678467,4.083768367767334,-2.441587209701538,0.0,6.027338169703724,47.82230141088318,11.9,69.7
17.398284,57,0,-0.11562623083591461,0.04111286252737045,-0.02660856582224369,0.0,0.12556953650321143,160.42629622130045,35.2,53.400000000000006
17.398284,57,1,0.45865076780319214,1.222424864768982,-1.6888413429260254,0.0,2.134682214847939,69.43403402114883,26.5,51.800000000000004
17.398284,57,2,-0.23125246167182922,2.240548610687256,1.1106518507003784,0.0,2.5113907126024912,95.8927707715204,17.400000000000002,57.0
17.398284,57,3,-1.0791782140731812,1.858091115951538,-1.2999825477600098,0.0,2.5113906182409815,120.14799431991936,17.400000000000002,57.0
17.398284,57,4,1.4800158739089966,5.078481197357178,2.88918399810791,0.0,6.027337922653401,73.75235435194523,11.700000000000001,69.9
17.398284,57,5,3.7000396251678467,4.05625581741333,-2.4870262145996094,0.0,6.027338042305025,47.62952246928798,11.700000000000001,69.9
17.700024,58,0,-0.11562623083591461,0.041101761162281036,-0.026625709608197212,0.0,0.12556953627413558,160.43117996020155,35.5,53.2
17.700024,58,1,0.45865076780319214,1.312087893486023,-1.6201645135879517,0.0,2.134682228840801,70.73251992621678,26.8,51.6
17.700024,58,2,1.4800158739089966,5.106627941131592,2.8391382694244385,0.0,6.0273378890749845,73.83722044018701,11.700000000000001,69.8
17.700024,58,3,3.7000396251678467,3.982635259628296,-2.6032917499542236,0.0,6.027338116816286,47.10658928142744,11.700000000000001,69.8
18.005136,59,0,-0.11562623083591461,0.04112638533115387,-0.026587657630443573,0.0,0.1255695359790759,160.42034763724266,35.300000000000004,53.400000000000006
18.005136,59,1,0.3931291997432709,1.306178331375122,-1.6420156955718994,0.0,2.1346821649953305,73.24943117635661,21.200000000000003,51.900000000000006
18.005136,59,2,-1.0252193212509155,1.6045869588851929,-1.437487006187439,0.0,2.3858212125489087,122.57574442151346,20.3,55.300000000000004
18.005136,59,3,-0.1464598923921585,2.2093117237091064,0.888613224029541,0.0,2.3858210860243063,93.79270762484454,20.3,55.300000000000004
18.005136,59,4,-1.9425207376480103,0.8751408457756042,2.131417989730835,0.0,3.0136690201622414,155.74757114440814,11.4,65.60000000000001
18.005136,59,5,1.4800158739089966,5.008756160736084,3.008441209793091,0.0,6.027338034117184,73.5383429244439,12.100000000000001,69.7
18.296181,60,0,-0.11562623083591461,0.04114830493927002,-0.026553723961114883,0.0,0.12556953656400285,160.41070629259417,35.300000000000004,53.400000000000006
18.296181,60,1,0.45865076780319214,1.247464895248413,-1.6704307794570923,0.0,2.134682220060218,69.81322722647212,26.0,51.6
18.296181,60,2,1.4800158739089966,4.958211898803711,3.091033935546875,0.0,6.0273379705441865,73.37974579713243,11.600000000000001,69.8
18.296181,60,3,3.7000396251678467,4.067505836486816,-2.4685840606689453,0.0,6.027338071010727,47.708523232414414,11.600000000000001,69.8
18.60125,61,0,-0.11562623083591461,0.04110768437385559,-0.026616564020514488,0.0,0.12556953632214657,160.42857417006329,35.300000000000004,53.400000000000006
18.60125,61,1,-0.1464598923921585,2.159574508666992,1.0034587383270264,0.0,2.385821032283996,93.8797937834909,20.6,55.400000000000006
18.60125,61,2,1.4800158739089966,4.977776050567627,3.0594282150268555,0.0,6.027337919805863,73.44148498806112,11.8,69.7
18.60125,61,3,3.7000396251678467,4.009623050689697,-2.5615298748016357,0.0,6.027338179987552,47.29949089844982,11.8,69.7
18.60125,61,4,0.3931291997432709,1.3517404794692993,-1.6047165393829346,0.08526057749986649,2.1346821925747674,73.78388606028128,29.8,48.400000000000006
18.897915,62,0,-0.11562623083591461,0.04106658697128296,-0.026679933071136475,0.0,0.12556953711577692,160.44665582814997,35.9,52.800000000000004
18.897915,62,1,-1.8500198125839233,0.8091711401939392,2.237156629562378,0.0,3.0136690306453215,156.3761471190559,12.600000000000001,64.7
18.897915,62,2,1.4800158739089966,5.000633716583252,3.0219228267669678,0.0,6.027337897064267,73.51305518359364,11.8,69.60000000000001
18.897915,62,3,3.7000396251678467,4.033514976501465,-2.5237410068511963,0.0,6.027338132470761,47.46909760505885,11.8,69.60000000000001
18.897915,62,4,0.3931291997432709,0.9060816168785095,-1.8924411535263062,0.08526057749986649,2.1346821739303334,66.54502186648756,31.5,46.7
18.897915,62,5,-0.963551938533783,2.771522283554077,1.1158177852630615,-0.25578173995018005,3.139238352912754,109.17060156087932,14.3,50.0
18.897915,62,6,-1.927103877067566,2.178189277648926,-1.1817697286605835,-0.25578173995018005,3.1392383748055996,131.5000707080616,14.3,50.0
18.897915,62,7,-0.728445291519165,6.567772388458252,4.349226474761963,-0.25578173995018005,7.910880963464273,96.32892688259989,15.100000000000001,44.2
18.897915,62,8,-0.21968983113765717,2.0065948963165283,1.2717921733856201,-0.08526057749986649,2.3858210394146813,96.24807991691566,27.700000000000003,51.0
18.897915,62,9,-1.0984491109848022,1.8280112743377686,-1.069545030593872,-0.08526057749986649,2.38582108319072,121.00159185481515,27.700000000000003,51.0
19.20036,63,0,-0.11562623083591461,0.04108229652047157,-0.026655731722712517,0.0,0.12556953602840693,160.43974360604315,35.6,53.1
19.20036,63,1,1.2950139045715332,5.249488353729248,2.663571834564209,0.0,6.027338044846694,76.14220697254302,11.3,70.0
19.20036,63,2,3.7000396251678467,3.9960012435913086,-2.582728385925293,0.0,6.027338142336116,47.20230115407973,11.3,70.0
19.20036,63,3,0.4162544310092926,1.4714981317520142,-1.6643807888031006,0.08526057749986649,2.2602517366924793,74.20495953874571,32.2,49.0
19.499209,64,0,-0.11562623083591461,0.04110242798924446,-0.026624679565429688,0.0,0.1255695361379226,160.43088659974433,35.6,53.1
19.499209,64,1,1.4800158739089966,5.038294792175293,2.9587059020996094,0.0,6.02733788790726,73.62967344845677,11.9,69.8
19.499209,64,2,3.7000396251678467,4.033734321594238,-2.523390293121338,0.0,6.027338083801053,47.47064966688769,11.9,69.8
19.499209,64,3,-0.1464598923921585,1.7857756614685059,1.5753403902053833,0.08526057749986649,2.3858211496642516,94.68860365628365,30.200000000000003,50.6
19.7946,65,0,-0.11562623083591461,0.04110688716173172,-0.02661779895424843,0.0,0.1255695371123759,160.4289248815646,35.7,53.0
19.7946,65,1,-0.292919784784317,2.1546666622161865,0.9817085266113281,0.0,2.385821044589329,97.74171113833025,23.5,54.7
19.7946,65,2,0.43937966227531433,1.9628061056137085,-1.2831523418426514,0.0,2.3858210805154485,77.38219380270294,23.5,54.7
19.7946,65,3,-1.9425207376480103,1.4841628074645996,1.7624059915542603,0.0,3.0136690153897336,142.61873906474983,12.0,65.3
19.7946,65,4,1.4800158739089966,5.0097808837890625,3.006734609603882,0.0,6.027338094315827,73.54152785466032,11.8,69.8
19.7946,65,5,3.7000396251678467,4.048217296600342,-2.5000901222229004,0.0,6.027338312019902,47.57292704808646,11.8,69.8
20.095809,66,0,-0.11562623083591461,0.041101668030023575,-0.026625856757164,0.0,0.12556953699135587,160.43122093241743,35.2,53.5
20.095809,66,1,0.4162544310092926,1.6241236925125122,-1.5158140659332275,0.0,2.260251712176405,75.62481351337699,22.400000000000002,53.5
20.409963,67,0,-0.11562623083591461,0.041093338280916214,-0.026638707146048546,0.0,0.1255695362211829,160.43488557164937,35.7,53.0
20.409963,67,1,0.4162544310092926,1.536102294921875,-1.60494863986969,0.0,2.260251788721489,74.83805340033243,25.3,53.0
20.697788,68,0,-0.11562623083591461,0.04110105708241463,-0.026626795530319214,0.0,0.12556953607792593,160.43148971067015,35.300000000000004,53.400000000000006
20.697788,68,1,0.3468787372112274,1.5509265661239624,-1.6071836948394775,0.0,2.2602516454581325,77.39276699963153,28.3,53.400000000000006
20.697788,68,2,1.2950139045715332,5.1594977378845215,2.8339595794677734,0.0,6.027338120458007,75.91005301787028,11.3,70.10000000000001
20.697788,68,3,3.7000396251678467,4.064598560333252,-2.4733684062957764,0.0,6.027338214978273,47.68813044108424,11.3,70.10000000000001
20.995025,69,0,-0.11562623083591461,0.04114674776792526,-0.026556136086583138,0.0,0.12556953640531845,160.41139117667313,35.2,53.5
20.995025,69,1,0.27750298380851746,1.5602844953536987,-1.6115962266921997,0.0,2.2602517581792325,79.91516348579559,20.700000000000003,53.5
20.995025,69,2,-1.9425207376480103,1.0920552015304565,2.0288493633270264,0.0,3.013669045939646,150.6559768492787,14.100000000000001,64.10000000000001
20.995025,69,3,1.4800158739089966,5.027951717376709,2.976248264312744,0.0,6.0273376535680026,73.59780603594756,11.3,70.3
20.995025,69,4,3.7000396251678467,4.020308971405029,-2.5447256565093994,0.0,6.027338228461149,47.37548424439044,11.3,70.3
21.297998,70,0,-0.11562623083591461,0.0411398746073246,-0.026566781103610992,0.0,0.1255695361074245,160.4144142394134,35.300000000000004,53.400000000000006
21.297998,70,1,0.4162544310092926,1.497475504875183,-1.6410475969314575,0.0,2.260251723687113,74.4656235476229,28.5,53.400000000000006
21.599257,71,0,-0.11562623083591461,0.04113645479083061,-0.026572074741125107,0.0,0.12556953582030236,160.41591843974922,35.0,53.7
21.599257,71,1,0.4162544310092926,1.3262662887573242,-1.7822704315185547,0.0,2.260251736221948,72.57530840346665,19.6,53.7
21.599257,71,2,-1.9425207376480103,1.3297425508499146,1.8816479444503784,0.0,3.0136690353434203,145.60661031896203,12.5,64.60000000000001
21.599257,71,3,0.5395891070365906,1.3975621461868286,-2.0156257152557373,0.34104230999946594,2.5113907264476154,68.88876913815783,14.600000000000001,41.2
21.89494,72,0,-0.11562623083591461,0.04110855981707573,-0.026615211740136147,0.0,0.12556953628777398,160.42818904470576,35.1,53.6
21.89494,72,1,0.3468787372112274,1.547760248184204,-1.610233187675476,0.0,2.2602516591919604,77.36780274543753,27.1,53.6
21.89494,72,2,1.2950139045715332,5.203395366668701,2.752530097961426,0.0,6.027338242963178,76.02424289757886,11.3,70.10000000000001
21.89494,72,3,3.7000396251678467,4.020501136779785,-2.544421434402466,0.0,6.027337974139701,47.37684883488977,11.3,70.10000000000001
22.182813,73,0,-0.11562623083591461,0.041078902781009674,-0.026660965755581856,0.0,0.12556953693484804,160.44123680565642,36.0,52.7
22.182813,73,1,0.4162544310092926,1.5736738443374634,-1.5681264400482178,0.0,2.260251678832474,75.18394208311945,26.8,52.7
22.182813,73,2,1.4800158739089966,5.046542167663574,2.9446170330047607,0.0,6.027338078131252,73.65499774899455,11.3,70.10000000000001
22.182813,73,3,3.7000396251678467,3.997312307357788,-2.5806987285614014,0.0,6.02733812208712,47.2116709379824,11.3,70.10000000000001
22.182813,73,4,-1.4530364274978638,1.980299711227417,-2.688446044921875,-0.25578173995018005,3.641516709062203,126.2691995682025,11.700000000000001,44.6
22.182813,73,5,-0.21968983113765717,1.7416688203811646,1.615694522857666,-0.17052115499973297,2.385821177914529,97.18918121289785,34.9,41.800000000000004
22.182813,73,6,-1.0984491109848022,1.9968514442443848,-0.705787718296051,-0.17052115499973297,2.3858211255460318,118.81477684065439,34.9,41.800000000000004
22.498226,74,0,-0.11562623083591461,0.04110012575984001,-0.02662823721766472,0.0,0.12556953695906942,160.43189943534105,34.9,53.800000000000004
22.498226,74,1,-0.292919784784317,2.067681074142456,1.1537050008773804,0.0,2.385821085860058,98.06319996569415,22.700000000000003,55.6
22.796965,75,0,-0.11562623083591461,0.04110448434948921,-0.02662150375545025,0.0,0.1255695359279434,160.4299819418184,36.0,52.7
22.796965,75,1,-1.9425207376480103,1.4241883754730225,1.8112155199050903,0.0,3.013669027044961,143.75243161932667,13.200000000000001,64.5
22.796965,75,2,-0.23125246167182922,2.2722935676574707,1.044168472290039,0.08526057749986649,2.511390761544549,95.81101345916039,24.6,51.7
22.796965,75,3,-0.0886467844247818,2.8152334690093994,0.6385299563407898,0.596824049949646,2.888099417015301,91.8035480941674,23.8,40.900000000000006
23.099673,76,0,-0.11562623083591461,0.04113391041755676,-0.02657601423561573,0.0,0.1255695360197347,160.41703759613796,35.5,53.2
23.099673,76,1,-0.15416830778121948,2.220554828643799,1.162949562072754,0.0,2.5113907099578565,93.9715486897882,20.900000000000002,56.7
23.099673,76,2,-1.0791782140731812,1.9296870231628418,-1.1911194324493408,0.0,2.5113906759904343,119.21611972977945,20.900000000000002,56.7
23.099673,76,3,-1.8500198125839233,1.7843272686004639,1.573468804359436,0.0,3.0136690572650076,136.03553557053309,12.3,65.5
23.099673,76,4,1.4800158739089966,4.923052787780762,3.1467294692993164,0.0,6.027337894232851,73.26766145912404,11.600000000000001,69.9
23.099673,76,5,3.7000396251678467,3.9792633056640625,-2.608443021774292,0.0,6.027338109104193,47.08238869487035,11.600000000000001,69.9
23.377655,77,0,-0.11562623083591461,0.04111575335264206,-0.026604095473885536,0.0,0.12556953582401714,160.42502453115526,35.5,53.2
23.377655,77,1,0.3468787372112274,1.3191924095153809,-1.8022608757019043,0.0,2.260251697430631,75.26769584251815,24.8,53.2
23.377655,77,2,-0.15416830778121948,2.308884620666504,0.9758927822113037,0.0,2.5113906070236367,93.82006999877306,19.8,56.800000000000004
23.377655,77,3,-1.8500198125839233,1.6760263442993164,1.6883611679077148,0.0,3.013669034090686,137.82498054273336,11.200000000000001,66.5
23.377655,77,4,1.4800158739089966,4.814327716827393,3.3106801509857178,0.0,6.0273378380646525,72.91157651338706,11.600000000000001,69.9
23.377655,77,5,3.7000396251678467,4.062330722808838,-2.477091073989868,0.0,6.027338078963969,47.67221184729876,11.600000000000001,69.9
23.700308,78,0,-0.11562623083591461,0.04111301526427269,-0.026608331128954887,0.0,0.12556953677906374,160.42622903098382,35.300000000000004,53.400000000000006
23.700308,78,1,0.4162544310092926,1.544227957725525,-1.5971318483352661,0.0,2.260251728839697,74.9141895396973,28.5,53.400000000000006
23.700308,78,2,1.4800158739089966,4.95430326461792,3.097294807434082,0.0,6.027337965386089,73.36735754124292,11.600000000000001,69.9
23.700308,78,3,3.7000396251678467,4.154140472412109,-2.319833993911743,0.0,6.027338222769072,48.30895512248525,11.600000000000001,69.9
23.995257,79,0,-0.11562623083591461,0.0411226786673069,-0.026593392714858055,0.0,0.12556953648947444,160.42197812829005,35.2,53.5
23.995257,79,1,0.4162544310092926,1.5019934177398682,-1.636913537979126,0.0,2.260251735778141,74.51010321762998,25.0,53.5
23.995257,79,2,1.4800158739089966,4.950935363769531,3.102675437927246,0.0,6.027337956043562,73.35666871511623,11.3,70.10000000000001
23.995257,79,3,3.7000396251678467,4.151339530944824,-2.3248424530029297,0.0,6.027338182007219,48.28976068840314,11.3,70.10000000000001
23.995257,79,4,-0.0886467844247818,2.804697275161743,0.6833247542381287,0.42630288004875183,2.8880993364915897,91.81031884683767,23.6,40.800000000000004
24.304161,80,0,-0.11562623083591461,0.04117646813392639,-0.026510028168559074,0.0,0.12556953603005094,160.398320399756,35.6,53.1
24.304161,80,1,0.3661497235298157,1.9272176027297974,-1.3579061031341553,0.0,2.385821094139612,79.24265330427028,22.0,55.2
24.304161,80,2,-1.9425207376480103,1.3835303783416748,1.8424596786499023,0.0,3.013668991683979,144.5402171505499,11.5,66.0
24.304161,80,3,1.4800158739089966,4.834428787231445,3.2812581062316895,0.0,6.027338006578517,72.97851329059588,11.3,70.10000000000001
24.304161,80,4,3.7000396251678467,4.129587173461914,-2.363265037536621,0.0,6.027338142884996,48.14020258326315,11.3,70.10000000000001
24.304161,80,5,0.0,2.9349312782287598,0.6843827366828918,-0.25578173995018005,3.013669082396915,90.0,13.5,41.6
24.581482,81,0,-0.11562623083591461,0.04110993072390556,-0.02661309391260147,0.0,0.12556953623011224,160.42758595848235,35.2,53.400000000000006
24.581482,81,1,-0.1464598923921585,2.3076364994049072,0.5877968668937683,0.0,2.3858210054812132,93.63154833261711,21.200000000000003,55.300000000000004
24.581482,81,2,0.5126096606254578,1.8697599172592163,-1.3904573917388916,0.0,2.3858211522654122,74.66860897029458,21.200000000000003,55.300000000000004
24.581482,81,3,-1.9425207376480103,1.2737102508544922,1.9200198650360107,0.0,3.013669009937436,146.7471564927739,11.600000000000001,65.9
24.581482,81,4,1.4800158739089966,5.180797576904297,2.7014243602752686,0.0,6.027338060385255,74.05677179040335,11.3,70.2
24.581482,81,5,3.7000396251678467,4.077504634857178,-2.452033519744873,0.0,6.027338190034339,47.77853713966891,11.3,70.2
24.897366,82,0,-0.11562623083591461,0.04110937938094139,-0.02661394700407982,0.0,0.12556953653471192,160.4278285034861,35.300000000000004,53.400000000000006
24.897366,82,1,-0.30833661556243896,2.3227193355560303,0.9038732051849365,0.0,2.511390720559753,97.56169604272185,19.1,57.0
24.897366,82,2,-1.9425207376480103,1.3615525960922241,1.8587599992752075,0.0,3.0136690301065934,144.972598829576,12.3,65.2
24.897366,82,3,0.3468787372112274,1.1941850185394287,-1.8874149322509766,0.08526057749986649,2.260251721228684,73.80283534167579,28.5,49.1
24.897366,82,4,-0.30833661556243896,2.257880926132202,1.0554553270339966,0.08526057749986649,2.5113907884780797,97.77622101766299,23.6,52.5
24.897366,82,5,0.0,2.3594236373901367,0.35392436385154724,-0.9378663301467896,2.385821107292629,90.0,25.1,41.0
24.897366,82,6,0.0,2.3431029319763184,0.4494560956954956,-0.7673451900482178,2.385821060304787,90.0,30.5,40.2
24.897366,82,7,0.0,2.8272647857666016,0.5896534323692322,-0.5115634799003601,2.888099260610806,90.0,24.3,43.6
25.194509,83,0,-0.11562623083591461,0.04110322892665863,-0.026623444631695747,0.0,0.12556953647113014,160.43053424083024,35.2,53.400000000000006
25.194509,83,1,0.4162544310092926,1.6374057531356812,-1.5014567375183105,0.0,2.260251686511001,75.73664356265243,27.1,53.400000000000006
25.194509,83,2,1.4800158739089966,4.992894172668457,3.0346932411193848,0.0,6.027337909407844,73.48888915668411,11.4,69.9
25.194509,83,3,3.7000396251678467,4.031808376312256,-2.5264663696289062,0.0,6.027338079781136,47.45701875751623,11.4,69.9
25.194509,83,4,0.0,2.101165533065796,0.37679123878479004,-0.25578173995018005,2.1346822327851624,90.0,24.200000000000003,40.6
25.478199,84,0,-0.11562623083591461,0.041098903864622116,-0.02663012035191059,0.0,0.12556953637786078,160.43243699726844,35.5,53.2
25.478199,84,1,-0.23125246167182922,2.1606109142303467,1.259113073348999,0.0,2.5113906416961376,96.10917029881959,21.200000000000003,56.900000000000006
25.478199,84,2,-1.8500198125839233,1.7706325054168701,1.5888638496398926,0.0,3.013669044351814,136.25607999236772,12.600000000000001,64.7
25.478199,84,3,0.0,2.1224365234375,0.7771751880645752,0.34104230999946594,2.260251771145124,90.0,24.700000000000003,40.6
25.800589,85,0,-0.11562623083591461,0.041128989309072495,-0.026583628728985786,0.0,0.1255695358568573,160.41920221653672,35.800000000000004,52.900000000000006
25.800589,85,1,0.4162544310092926,1.5622175931930542,-1.5795398950576782,0.0,2.2602517204717687,75.08012016843693,27.5,52.900000000000006
25.800589,85,2,0.06937574595212936,2.209150791168213,0.47284024953842163,0.42630288004875183,2.2602517810697798,88.20128551708734,29.400000000000002,41.0
26.102658,86,0,-0.11562623083591461,0.04114745184779167,-0.026555048301815987,0.0,0.12556953707487467,160.41108150348512,35.300000000000004,53.400000000000006
26.102658,86,1,0.3468787372112274,1.6790679693222046,-1.4728013277053833,0.0,2.260251723774099,78.32747218263037,27.200000000000003,53.400000000000006
26.102658,86,2,-0.11177203059196472,3.5825440883636475,0.6430619359016418,0.42630288004875183,3.6415166874940357,91.7869951655777,21.200000000000003,45.5
26.399155,87,0,-0.11562623083591461,0.041093967854976654,-0.026637736707925797,0.0,0.12556953638644544,160.43460858728207,35.5,53.2
26.399155,87,1,0.4162544310092926,1.4277957677841187,-1.702019214630127,0.0,2.2602517366008734,73.74667436761219,22.5,53.2
26.399155,87,2,-1.8500198125839233,1.491288185119629,1.8535608053207397,0.0,3.0136690954800796,141.12795264594706,12.200000000000001,65.5
26.70544,88,0,-0.11562623083591461,0.041095931082963943,-0.026634708046913147,0.0,0.12556953643953708,160.4337448610767,35.4,53.300000000000004
26.70544,88,1,0.4162544310092926,1.631784200668335,-1.5075644254684448,0.0,2.2602517394802883,75.68952078433382,24.400000000000002,53.300000000000004
26.70544,88,2,-0.23125246167182922,2.2132925987243652,1.1640193462371826,0.0,2.5113906241387007,95.96481837205668,18.2,57.2
26.70544,88,3,0.6166732311248779,1.7011144161224365,-1.7415530681610107,0.0,2.511390694405513,70.07384612515038,18.2,57.2
26.70544,88,4,-1.8500198125839233,1.614977240562439,1.7468475103378296,0.0,3.013669029416004,138.88062342874528,11.4,66.2
26.992931,89,0,-0.11562623083591461,0.04112311452627182,-0.026592716574668884,0.0,0.12556953603673843,160.42178640049474,35.7,53.0
26.992931,89,1,0.4162544310092926,1.5503675937652588,-1.591172695159912,0.0,2.2602517499063697,74.97122334570307,29.1,53.0
26.992931,89,2,1.4800158739089966,5.1038818359375,2.844071626663208,0.0,6.027337737328651,73.82897858240965,11.3,70.3
26.992931,89,3,3.7000396251678467,3.922151565551758,-2.6935551166534424,0.0,6.027338160201588,46.66913636322251,11.3,70.3
26.992931,89,4,-1.5031410455703735,2.017401695251465,-2.8038535118103027,0.25578173995018005,3.767086024843718,126.68933929107646,17.2,46.300000000000004
27.300295,90,0,-0.11562623083591461,0.041126519441604614,-0.026587452739477158,0.0,0.12556953652010835,160.42028864522044,35.2,53.5
27.300295,90,1,0.3468787372112274,1.4713718891143799,-1.6803207397460938,0.0,2.2602517299686187,76.73462888176124,25.200000000000003,53.5
27.300295,90,2,1.4800158739089966,5.085167407989502,2.8773996829986572,0.0,6.027338010268053,73.77259258609263,11.3,70.2
27.300295,90,3,3.7000396251678467,4.0198187828063965,-2.545499801635742,0.0,6.02733817821291,47.37200303360474,11.3,70.2
27.595489,91,0,-0.11562623083591461,0.041138604283332825,-0.02656875178217888,0.0,0.12556953687484834,160.41497298593097,35.2,53.5
27.595489,91,1,0.4162544310092926,1.4654017686843872,-1.6697508096694946,0.0,2.2602517252266687,74.14254725084027,24.400000000000002,53.5
27.595489,91,2,-1.8500198125839233,1.362416386604309,1.9502434730529785,0.0,3.0136690796480528,143.63082798984098,11.600000000000001,66.0
27.595489,91,3,1.4800158739089966,5.037182331085205,2.960599184036255,0.0,6.027337749963555,73.62625169447516,11.4,70.2
27.595489,91,4,3.7000396251678467,4.013402938842773,-2.555603265762329,0.0,6.02733808818612,47.32639672839006,11.4,70.2
27.889369,92,0,-0.11562623083591461,0.04112941026687622,-0.026582984253764153,0.0,0.12556953730127823,160.4190170499121,35.9,52.800000000000004
27.889369,92,1,0.4162544310092926,1.5836505889892578,-1.558050274848938,0.0,2.26025166702687,75.27321193238909,29.900000000000002,52.800000000000004
27.889369,92,2,1.4800158739089966,5.109769344329834,2.8334808349609375,0.0,6.027338001254491,73.84663867985007,11.4,70.10000000000001
27.889369,92,3,3.7000396251678467,4.02203369140625,-2.541998863220215,0.0,6.027338256911758,47.38772917075113,11.4,70.10000000000001
28.193687,93,0,-0.11562623083591461,0.04109901934862137,-0.026629943400621414,0.0,0.12556953664905698,160.43238619095723,35.2,53.5
28.193687,93,1,0.5126096606254578,1.9913253784179688,-1.2099573612213135,0.0,2.385821083583523,75.56426123316291,20.6,55.300000000000004
28.193687,93,2,-1.7575188875198364,1.5798131227493286,1.870165467262268,0.0,3.0136690292300257,138.04799873002594,13.3,64.9
28.489671,94,0,-0.11562623083591461,0.0410897359251976,-0.02664426527917385,0.0,0.12556953662409395,160.43647046500112,35.0,53.6
28.489671,94,1,0.4162544310092926,1.4322550296783447,-1.6982684135437012,0.0,2.2602517173567254,73.79461864133079,26.400000000000002,53.6
28.489671,94,2,-1.7575188875198364,1.8585405349731445,1.5934727191925049,0.0,3.013669004210313,133.39974728141163,11.5,66.7
28.489671,94,3,1.4800158739089966,4.947906017303467,3.107503890991211,0.0,6.0273378348667315,73.34704296069907,11.4,70.0
28.489671,94,4,3.7000396251678467,3.932559013366699,-2.678337335586548,0.0,6.027338094434453,46.74491824143007,11.4,70.0
28.489671,94,5,0.0,2.512385129928589,0.8009250164031982,0.17052115499973297,2.6369603567340096,90.0,27.0,42.0
28.489671,94,6,-0.21968983113765717,1.9365124702453613,1.3761534690856934,0.34104230999946594,2.38582114581074,96.47231241533372,30.5,41.1
28.489671,94,7,-1.0984491109848022,1.9131053686141968,-0.9086142778396606,0.34104230999946594,2.3858211388823456,119.86318136883601,30.5,41.1
28.797439,95,0,-0.11562623083591461,0.041115544736385345,-0.026604419574141502,0.0,0.12556953618281338,160.425116301937,35.7,53.0
28.797439,95,1,0.4162544310092926,1.6932014226913452,-1.438241720199585,0.0,2.260251768025307,76.188375422986,24.6,53.0
28.797439,95,2,-1.8500198125839233,1.5554471015930176,1.8000589609146118,0.0,3.013669068689554,139.94377627928682,12.3,65.4
28.797439,95,3,1.2950139045715332,5.164190292358398,2.825399875640869,0.0,6.027338288663891,75.92234684857775,11.4,70.3
28.797439,95,4,3.7000396251678467,3.991067409515381,-2.590346097946167,0.0,6.027338152306784,47.167010821191774,11.4,70.3
28.797439,95,5,-0.292919784784317,2.141345262527466,1.0104358196258545,0.17052115499973297,2.3858210492930696,97.7892832182652,32.300000000000004,40.0
29.093509,96,0,-0.11562623083591461,0.041098371148109436,-0.02663094364106655,0.0,0.12556953662238954,160.43267136227982,35.0,53.7
29.093509,96,1,0.3931291997432709,1.3678408861160278,-1.5910149812698364,0.0,2.134682160895744,73.96489516469883,25.0,52.0
29.093509,96,2,-0.15416830778121948,1.961254596710205,1.5610239505767822,0.0,2.511390697306052,94.49460612423054,23.0,56.800000000000004
29.093509,96,3,-1.0791782140731812,2.027477979660034,-1.0157707929611206,0.0,2.5113906266388306,118.02530889301816,23.0,56.800000000000004
29.093509,96,4,-1.8500198125839233,1.8474022150039673,1.498910665512085,0.0,3.013669098315291,135.0405626589608,12.100000000000001,66.4
29.093509,96,5,1.4800158739089966,4.9907121658325195,3.0382802486419678,0.0,6.027337868288058,73.48206358695764,11.4,70.2
29.093509,96,6,3.7000396251678467,4.1063618659973145,-2.4033942222595215,0.0,6.0273381181015235,47.979549520737,11.4,70.2
29.401857,97,0,-0.11562623083591461,0.04112938791513443,-0.02658301219344139,0.0,0.12556953589493938,160.41902688175756,35.7,53.0
29.401857,97,1,-0.15416830778121948,2.107052803039551,1.3578085899353027,0.0,2.5113907598824694,94.18474606178968,22.0,56.300000000000004
29.401857,97,2,-1.0791782140731812,1.9763885736465454,-1.1119108200073242,0.0,2.5113906672240716,118.63610469700082,22.0,56.300000000000004
29.401857,97,3,-1.8500198125839233,1.5053263902664185,1.8421781063079834,0.0,3.0136690301932707,140.86539785119527,13.5,64.3
29.401857,97,4,1.4800158739089966,5.035633563995361,2.963233470916748,0.0,6.027338133954371,73.62148561497388,11.3,70.0
29.401857,97,5,3.7000396251678467,4.160935401916504,-2.3076236248016357,0.0,6.027338006158018,48.35545982780478,11.3,70.0
29.693313,98,0,-0.11562623083591461,0.04112241417169571,-0.026593804359436035,0.0,0.1255695370499416,160.422094476149,35.5,53.1
29.693313,98,1,0.3931291997432709,1.1910121440887451,-1.7273701429367065,0.0,2.134682202522622,71.73298048558945,24.900000000000002,51.400000000000006
29.693313,98,2,-0.23125246167182922,2.192941904067993,1.2019199132919312,0.0,2.5113907249996603,96.01976780466158,26.400000000000002,56.2
29.693313,98,3,-1.7575188875198364,1.9171947240829468,1.5223969221115112,0.0,3.013668966309182,132.5119149403971,11.5,66.2
29.693313,98,4,1.4800158739089966,5.125400066375732,2.805108070373535,0.0,6.027338062022215,73.8933427418396,11.4,70.2
29.693313,98,5,3.7000396251678467,3.9938626289367676,-2.586034059524536,0.0,6.027338059512746,47.187010003708856,11.4,70.2
30.000126,99,0,-0.11562623083591461,0.04110899940133095,-0.026614535599946976,0.0,0.12556953688813097,160.42799566330552,35.800000000000004,52.900000000000006
30.000126,99,1,0.4162544310092926,1.6761949062347412,-1.45802640914917,0.0,2.260251783496384,76.05368797121956,25.400000000000002,52.900000000000006
30.000126,99,2,1.4800158739089966,5.178606986999512,2.7056214809417725,0.0,6.027338128142167,74.05037066630604,11.5,70.10000000000001
30.000126,99,3,3.7000396251678467,3.835744857788086,-2.815239429473877,0.0,6.027338126165178,46.03167716311886,11.5,70.10000000000001
30.29103,100,0,-0.11562623083591461,0.04112674668431282,-0.026587100699543953,0.0,0.1255695364081732,160.42018868661475,35.1,53.6
30.29103,100,1,0.4162544310092926,1.7514289617538452,-1.366735816001892,0.0,2.260251744861041,76.63079983088296,24.700000000000003,53.6
30.29103,100,2,-0.23125246167182922,2.159364938735962,1.2612487077713013,0.0,2.51139063917309,96.11266867256222,23.400000000000002,56.2
30.29103,100,3,-1.0791782140731812,2.0087521076202393,-1.05231773853302,0.0,2.511390704456434,118.24638716780277,23.400000000000002,56.2
30.29103,100,4,-1.8500198125839233,1.7421859502792358,1.6200048923492432,0.0,3.013669033510299,136.71943667830536,11.3,66.3
30.593034,101,0,-0.11562623083591461,0.041121043264865875,-0.02659592218697071,0.0,0.12556953664598186,160.42269752126575,35.0,53.7
30.593034,101,1,0.3931291997432709,0.8800721764564514,-1.9046759605407715,0.0,2.134682205417352,65.92963249738631,20.5,52.1
30.593034,101,2,-0.23125246167182922,2.1109323501586914,1.3407347202301025,0.0,2.51139058650905,96.2518176352921,19.700000000000003,56.7
30.593034,101,3,-1.8500198125839233,0.8899638056755066,2.2062621116638184,0.0,3.013669090615089,154.30982293716244,13.3,64.8
30.593034,101,4,1.4800158739089966,5.0094194412231445,3.007336378097534,0.0,6.027337904594018,73.54040459588252,11.3,70.10000000000001
30.593034,101,5,3.7000396251678467,4.076108455657959,-2.4543540477752686,0.0,6.027338314872442,47.768772077827016,11.3,70.10000000000001
30.911263,102,0,-0.11562623083591461,0.04113788157701492,-0.026569867506623268,0.0,0.12556953618328065,160.41529086691187,35.7,53.0
30.911263,102,1,0.4162544310092926,1.6106045246124268,-1.5301709175109863,0.0,2.260251694575917,75.50921066223573,26.400000000000002,53.0
30.911263,102,2,-0.16187672317028046,2.4634037017822266,0.9268214106559753,0.0,2.636960333169435,93.75965070143089,16.8,58.7
30.911263,102,3,1.4800158739089966,4.9891204833984375,3.040893077850342,0.0,6.0273377950639695,73.47708115872531,11.4,69.9
30.911263,102,4,3.7000396251678467,4.0570526123046875,-2.485726833343506,0.0,6.027338302835211,47.63512565790714,11.4,69.9
31.211165,103,0,-0.11562623083591461,0.04114847257733345,-0.026553461328148842,0.0,0.125569535960253,160.41063256140197,35.5,53.2
31.211165,103,1,0.4162544310092926,1.649840235710144,-1.487782597541809,0.0,2.2602516701135795,75.83980380351639,25.3,53.2
31.211165,103,2,-1.8500198125839233,1.7001978158950806,1.6640177965164185,0.0,3.0136690507172172,137.41649345379443,11.5,66.60000000000001
31.211165,103,3,1.4800158739089966,4.985766410827637,3.04638934135437,0.0,6.0273378625623115,73.46657236561816,11.4,69.9
31.211165,103,4,3.7000396251678467,4.063277244567871,-2.4755377769470215,0.0,6.027337926408896,47.67885693269071,11.4,69.9
31.492099,104,0,-0.11562623083591461,0.04113347455859184,-0.0265766903758049,0.0,0.12556953634506235,160.41722931262885,35.6,53.1
31.492099,104,1,0.3931291997432709,0.9961901903152466,-1.8465975522994995,0.0,2.134682173797686,68.46418799530835,22.8,51.6
31.492099,104,2,0.43937966227531433,2.050280809402466,-1.1381726264953613,0.0,2.385821203009259,77.90434052201911,18.3,54.900000000000006
31.492099,104,3,-1.8500198125839233,1.681368350982666,1.6830414533615112,0.0,3.01366908806731,137.73424501732939,12.4,64.8
31.492099,104,4,1.4800158739089966,4.993826389312744,3.033159017562866,0.0,6.027337938048762,73.49180356651263,11.4,70.0
31.492099,104,5,3.7000396251678467,4.035952091217041,-2.5198419094085693,0.0,6.027338198477272,47.48633721377871,11.4,70.0
31.492099,104,6,-0.16187672317028046,1.868658185005188,1.853502631187439,0.08526057749986649,2.636960274579424,94.9510160021732,18.7,54.1
31.492099,104,7,-1.1331369876861572,2.2026588916778564,-0.904352605342865,0.08526057749986649,2.6369602311639833,117.2231256189845,18.7,54.1
31.803905,105,0,-0.11562623083591461,0.041132085025310516,-0.026578838005661964,0.0,0.12556953573849353,160.4178405144031,35.4,53.300000000000004
31.803905,105,1,0.3931291997432709,1.3596227169036865,-1.59804368019104,0.0,2.1346822020642486,73.87299656448691,22.400000000000002,51.7
31.803905,105,2,-0.30833661556243896,2.1686184406280518,1.2284568548202515,0.0,2.5113907807594193,98.09214061103017,20.3,56.5
31.803905,105,3,-1.8500198125839233,1.767762303352356,1.5920566320419312,0.0,3.013669057434041,136.30250967305236,12.5,65.0
31.803905,105,4,1.4800158739089966,4.990435600280762,3.038734197616577,0.0,6.027337720033338,73.48119806616654,11.3,70.10000000000001
31.803905,105,5,3.7000396251678467,4.03428316116333,-2.522512435913086,0.0,6.027337956477501,47.474532793890326,11.3,70.10000000000001
31.803905,105,6,-0.13875149190425873,1.8938170671463013,1.2259457111358643,-0.7673451900482178,2.2602517441587553,94.19031812545136,20.5,40.6
31.803905,105,7,-0.9712603688240051,1.7568026781082153,-1.0387665033340454,-0.7673451900482178,2.2602518006419503,118.93631168616149,20.5,40.6
32.095021,106,0,-0.11562623083591461,0.04107542708516121,-0.026666317135095596,0.0,0.12556953626217665,160.44276609363584,35.300000000000004,53.400000000000006
32.095021,106,1,0.45865076780319214,1.3196446895599365,-1.6140153408050537,0.0,2.134682213783647,70.83478474227996,20.900000000000002,51.800000000000004
32.095021,106,2,-0.23125246167182922,1.8389039039611816,1.6947087049484253,0.0,2.511390623471571,97.1676389620452,21.700000000000003,56.6
32.095021,106,3,-1.1562622785568237,2.007338762283325,-0.9699132442474365,0.0,2.51139066350601,119.94269590513179,21.700000000000003,56.6
32.095021,106,4,-1.8500198125839233,2.0956687927246094,1.125966191291809,0.0,3.0136690030069757,131.4375020655425,12.4,65.3
32.394343,107,0,-0.11562623083591461,0.04109631106257439,-0.02663411945104599,0.0,0.12556953595201614,160.4335776893318,35.300000000000004,53.400000000000006
32.394343,107,1,-0.1464598923921585,1.71281099319458,1.6543792486190796,0.0,2.38582117870329,94.88738737632161,19.700000000000003,55.1
32.394343,107,2,-1.0252193212509155,1.8827836513519287,-1.0469927787780762,0.0,2.385821203124351,118.56931596187702,19.700000000000003,55.1
32.699059,108,0,-0.11562623083591461,0.041107531636953354,-0.02661680057644844,0.0,0.12556953646298835,160.42864136233553,34.800000000000004,53.900000000000006
32.699059,108,1,-0.23125246167182922,2.003278970718384,1.4968228340148926,0.0,2.5113906370734447,96.58490512792206,23.3,57.1
32.699059,108,2,-1.1562622785568237,2.043628454208374,-0.8909117579460144,0.0,2.5113907454058166,119.50069937277433,23.3,57.1
32.699059,108,3,-1.8500198125839233,1.5518680810928345,1.803145408630371,0.0,3.0136690615813473,140.00877672348562,12.3,65.2
32.699059,108,4,1.2950139045715332,5.136268615722656,2.8758461475372314,0.0,6.027338332149264,75.84888487767586,11.4,70.2
32.699059,108,5,3.7000396251678467,4.018495559692383,-2.547588348388672,0.0,6.0273382337417685,47.362603501049975,11.4,70.2
32.699059,108,6,-0.19656459987163544,1.6448003053665161,1.3464257717132568,0.25578173995018005,2.134682188333926,96.81490705472547,15.200000000000001,41.2
32.699059,108,7,-0.9828230142593384,1.7319830656051636,-0.7688703536987305,0.25578173995018005,2.134682186578996,119.57297433954835,15.200000000000001,41.2
32.699059,108,8,-0.13104306161403656,1.6567460298538208,1.339734435081482,0.596824049949646,2.1346821889866123,94.52248860941006,17.900000000000002,41.1
32.699059,108,9,-0.9173015356063843,1.7608157396316528,-0.7841898202896118,0.596824049949646,2.134682142710303,117.51737763417853,17.900000000000002,41.1
32.997639,109,0,-0.11562623083591461,0.04110857844352722,-0.02661518193781376,0.0,0.12556953606886812,160.4281808505692,34.800000000000004,53.900000000000006
32.997639,109,1,-0.15416830778121948,2.165208578109741,1.2630069255828857,0.0,2.511390560608697,94.07273054378814,18.6,57.1
32.997639,109,2,0.5395891070365906,1.8571606874465942,-1.6021488904953003,0.0,2.5113907085009637,73.79903128253454,18.6,57.1
32.997639,109,3,-1.9425207376480103,1.0570800304412842,2.0472898483276367,0.0,3.013668981493441,151.44587231513108,11.8,65.4
32.997639,109,4,1.4800158739089966,5.000580310821533,3.0220110416412354,0.0,6.027337817627293,73.51288866458246,11.4,70.3
32.997639,109,5,3.7000396251678467,3.960326671600342,-2.6371052265167236,0.0,6.027338098142751,46.94607063208757,11.4,70.3
32.997639,109,6,-0.963551938533783,2.7789430618286133,1.097205638885498,0.25578173995018005,3.1392382982404716,109.12313153524664,21.700000000000003,46.5
32.997639,109,7,-1.927103877067566,2.2612903118133545,-1.013732671737671,0.25578173995018005,3.139238308421038,130.4381098104055,21.700000000000003,46.5
32.997639,109,8,-0.30833661556243896,1.6227068901062012,1.8917807340621948,0.34104230999946594,2.5113907432861846,100.75872725728027,21.400000000000002,40.2
32.997639,109,9,-1.2333464622497559,2.1168510913848877,-0.5521605610847473,0.34104230999946594,2.511390715173328,120.22647239296887,21.400000000000002,40.2
32.997639,109,10,-0.1464598923921585,1.8682670593261719,1.4765737056732178,0.7673451900482178,2.385821077392084,94.48244624429113,25.6,41.300000000000004
32.997639,109,11,-1.0252193212509155,1.96102774143219,-0.8918734788894653,0.7673451900482178,2.385821192310778,117.60043122657538,25.6,41.300000000000004
33.304813,110,0,-0.11562623083591461,0.04113810881972313,-0.026569515466690063,0.0,0.12556953614120853,160.41519091450942,35.7,53.0
33.304813,110,1,0.4162544310092926,1.6909599304199219,-1.4408762454986572,0.0,2.2602516657361242,76.17076948170245,28.6,53.0
33.304813,110,2,1.2950139045715332,5.147596836090088,2.8555195331573486,0.0,6.027338218832709,75.87877980063462,11.5,70.10000000000001
33.304813,110,3,3.7000396251678467,3.984173536300659,-2.6009368896484375,0.0,6.027338110567949,47.11762222260059,11.5,70.10000000000001
33.304813,110,4,-0.15416830778121948,1.971426010131836,1.5481584072113037,0.25578173995018005,2.5113906176394574,94.47151085383703,26.200000000000003,41.2
33.304813,110,5,-1.0791782140731812,2.062826633453369,-0.9419151544570923,0.25578173995018005,2.5113907492882643,117.61654334946857,26.200000000000003,41.2
33.594136,111,0,-0.11562623083591461,0.041174594312906265,-0.026512939482927322,0.0,0.1255695362505492,160.39914442839648,34.800000000000004,53.900000000000006
33.594136,111,1,0.4162544310092926,1.4981858730316162,-1.6403990983963013,0.0,2.260251725694679,74.47263375185007,27.900000000000002,53.900000000000006
33.594136,111,2,1.4800158739089966,4.965439796447754,3.07940936088562,0.0,6.027337834490424,73.40260714005369,11.4,70.10000000000001
33.594136,111,3,3.7000396251678467,4.014252662658691,-2.5542685985565186,0.0,6.027338197002595,47.332441423563544,11.4,70.10000000000001
33.90002,112,0,-0.11562623083591461,0.04111446067690849,-0.02660609595477581,0.0,0.12556953641719,160.4255931839324,35.4,53.300000000000004
33.90002,112,1,-0.23125246167182922,2.092801809310913,1.3688628673553467,0.0,2.511390583662488,96.3055445096075,20.8,56.7
33.90002,112,2,-1.8500198125839233,1.702199101448059,1.6619704961776733,0.0,3.0136690292878376,137.38291031288088,12.100000000000001,65.4
34.20401,113,0,-0.11562623083591461,0.041109852492809296,-0.02661321312189102,0.0,0.12556953588339786,160.42762037360734,35.5,53.2
34.20401,113,1,0.4162544310092926,1.6235182285308838,-1.5164625644683838,0.0,2.260251733577691,75.61967480603276,28.8,53.2
34.20401,113,2,1.2950139045715332,5.247475624084473,2.6675350666046143,0.0,6.027338116445735,76.13709664841616,11.3,70.10000000000001
34.20401,113,3,3.7000396251678467,4.041421413421631,-2.5110604763031006,0.0,6.02733813422863,47.5249848305491,11.3,70.10000000000001
34.562774,114,0,-0.11562623083591461,0.04115073382854462,-0.026549961417913437,0.0,0.12556953692373254,160.40963801614205,34.9,53.800000000000004
34.562774,114,1,0.43937966227531433,1.7519198656082153,-1.5588022470474243,0.0,2.385821063813038,75.9206809234677,22.0,55.7
34.562774,114,2,-1.9425207376480103,1.299801230430603,1.902453899383545,0.0,3.0136690087169717,146.21228473647707,11.3,65.60000000000001
35.108498,115,0,-0.11562623083591461,0.04111552610993385,-0.02660444937646389,0.0,0.1255695363981316,160.4251244957619,34.7,54.0
35.108498,115,1,0.3468787372112274,1.4758095741271973,-1.676424503326416,0.0,2.2602517277436105,76.77311303887005,25.0,54.0
35.108498,115,2,-0.23125246167182922,2.0381720066070557,1.4489513635635376,0.0,2.511390627425082,96.47313810876727,22.900000000000002,57.0
35.108498,115,3,-1.1562622785568237,1.8909733295440674,-1.180830478668213,0.0,2.5113906922683684,121.44428817039471,22.900000000000002,57.0
35.108498,115,4,1.4800158739089966,5.086480617523193,2.875077247619629,0.0,6.027337823553762,73.77656172654757,11.200000000000001,70.2
35.108498,115,5,3.7000396251678467,4.021655082702637,-2.5425972938537598,0.0,6.027338038533482,47.385041664764195,11.200000000000001,70.2
35.402843,116,0,-0.11562623083591461,0.04111681878566742,-0.026602448895573616,0.0,0.1255695358421589,160.42455584629292,35.5,53.2
35.402843,116,1,0.4162544310092926,1.6895782947540283,-1.4424961805343628,0.0,2.2602517108267004,76.1598953970257,25.8,53.2
35.402843,116,2,1.4800158739089966,5.105946063995361,2.8403642177581787,0.0,6.027337810756368,73.83517469245639,11.8,70.0
35.402843,116,3,3.7000396251678467,3.939824104309082,-2.6676387786865234,0.0,6.027338040483477,46.79769307216098,11.8,70.0
35.693692,117,0,-0.11562623083591461,0.041066985577344894,-0.02667931653559208,0.0,0.125569536482924,160.44648043363807,36.0,52.7
35.693692,117,1,0.5126096606254578,1.7670809030532837,-1.5188149213790894,0.0,2.385821105511879,73.8231694007715,24.1,54.800000000000004
35.693692,117,2,-1.9425207376480103,0.8528038859367371,2.1404531002044678,0.0,3.0136689861755364,156.2976037266638,12.700000000000001,65.2
35.693692,117,3,-0.8325088620185852,2.77504825592041,-0.8296006321907043,0.0,3.0136690324183917,106.69913787925525,12.700000000000001,65.2
35.693692,117,4,1.4800158739089966,5.038569450378418,2.958238363265991,0.0,6.027337995102642,73.63051803945457,11.600000000000001,70.10000000000001
35.693692,117,5,3.7000396251678467,3.950777530670166,-2.6513900756835938,0.0,6.0273381901212355,46.87706534126116,11.600000000000001,70.10000000000001
35.99265,118,0,-0.11562623083591461,0.04109684377908707,-0.02663329616189003,0.0,0.12556953567792567,160.433343321685,35.6,53.1
35.99265,118,1,0.43937966227531433,1.5633941888809204,-1.7478233575820923,0.0,2.3858211095464257,74.30239879772888,21.900000000000002,55.0
35.99265,118,2,-1.927103877067566,2.193408966064453,-1.153275728225708,0.0,3.139238307413968,131.30216740510804,11.3,68.2
35.99265,118,3,1.4800158739089966,4.959550857543945,3.0888850688934326,0.0,6.02733794177996,73.38398544906886,11.5,70.2
35.99265,118,4,3.7000396251678467,4.012728691101074,-2.5566623210906982,0.0,6.027338301462996,47.321599335822725,11.5,70.2
36.292827,119,0,-0.11562623083591461,0.04110105708241463,-0.026626795530319214,0.0,0.12556953607792593,160.43148971067015,34.9,53.800000000000004
36.292827,119,1,0.4162544310092926,1.6142852306365967,-1.5262874364852905,0.0,2.260251732873832,75.54086437726383,27.1,53.800000000000004
36.595063,120,0,-0.11562623083591461,0.041077278554439545,-0.026663465425372124,0.0,0.12556953635037937,160.4419514532353,35.2,53.5
36.595063,120,1,0.3661497235298157,1.9638406038284302,-1.3043798208236694,0.0,2.3858210859698095,79.43870876767134,20.1,55.300000000000004
36.595063,120,2,-1.8500198125839233,1.8224458694458008,1.5291563272476196,0.0,3.013669080568493,135.4301853348761,12.9,64.60000000000001
36.887219,121,0,-0.11562623083591461,0.041118837893009186,-0.026599332690238953,0.0,0.12556953685730388,160.42366764679602,35.0,53.7
36.887219,121,1,-1.9425207376480103,1.5294995307922363,1.7232078313827515,0.0,3.0136690032293005,141.78385648024638,12.4,64.9
36.887219,121,2,1.4800158739089966,4.913622856140137,3.1614344120025635,0.0,6.027338060935305,73.23734943392769,11.3,70.10000000000001
36.887219,121,3,3.7000396251678467,4.0177459716796875,-2.5487701892852783,0.0,6.027338168590666,47.35727730627912,11.3,70.10000000000001
36.887219,121,4,0.3468787372112274,1.5707228183746338,-1.5878422260284424,-0.08526057749986649,2.2602517482021702,77.5466722142173,26.5,49.5
37.273427,122,0,-0.11562623083591461,0.041142210364341736,-0.026563163846731186,0.0,0.12556953613250407,160.41338687690353,35.2,53.5
37.273427,122,1,0.4162544310092926,1.7110304832458496,-1.4169844388961792,0.0,2.260251748369043,76.32686465205306,24.900000000000002,53.5
37.273427,122,2,-0.23125246167182922,2.065298318862915,1.4100170135498047,0.0,2.511390615859503,96.38882537277344,21.900000000000002,57.0
37.273427,122,3,-1.0791782140731812,1.9241809844970703,-1.1999937295913696,0.0,2.5113906565663777,119.28591731676428,21.900000000000002,57.0
37.273427,122,4,-1.8500198125839233,1.0593444108963013,2.1301214694976807,0.0,3.01366908645678,150.2040096766341,11.8,65.9
37.273427,122,5,1.4800158739089966,5.030100345611572,2.972616195678711,0.0,6.027338012817569,73.60443596803236,11.5,70.2
37.273427,122,6,3.7000396251678467,3.9513254165649414,-2.650573492050171,0.0,6.027338186311049,46.88102935534311,11.5,70.2
37.793257,123,0,-0.11562623083591461,0.041136495769023895,-0.02657201513648033,0.0,0.1255695366316547,160.41590041539584,35.5,53.2
37.793257,123,1,0.327607661485672,1.638545274734497,-1.328424096107483,0.0,2.1346821722068703,78.69347667482755,24.700000000000003,51.400000000000006
37.793257,123,2,0.3468787372112274,1.6437938213348389,-1.5120697021484375,0.0,2.2602517049087947,78.08408007345486,22.900000000000002,53.2
37.793257,123,3,1.4800158739089966,4.8797197341918945,3.2135167121887207,0.0,6.027337831149058,73.12748297868578,11.4,70.10000000000001
37.793257,123,4,3.7000396251678467,3.976907968521118,-2.612032413482666,0.0,6.0273380149932745,47.06547133603884,11.4,70.10000000000001
38.104316,124,0,-0.11562623083591461,0.04116051644086838,-0.0265347883105278,0.0,0.12556953596188739,160.40533556158212,35.1,53.6
38.104316,124,1,0.327607661485672,1.4044479131698608,-1.5738701820373535,0.0,2.1346821942803524,76.8697248917779,24.400000000000002,51.900000000000006
38.104316,124,2,0.3661497235298157,2.1181325912475586,-1.0351771116256714,0.0,2.3858212310606435,80.19252220192908,19.5,55.5
38.104316,124,3,-0.08093836158514023,2.3650641441345215,1.1633917093276978,0.0,2.636960313235538,91.96003875183956,16.2,59.1
38.104316,124,4,-1.0521987676620483,2.0019009113311768,-1.3560343980789185,0.0,2.6369601427081495,117.72640778324846,16.2,59.1
38.104316,124,5,-1.9425207376480103,1.1705245971679688,1.9846123456954956,0.0,3.0136689950050557,148.92766395123581,12.0,66.10000000000001
38.402939,125,0,-0.11562623083591461,0.04112302139401436,-0.026592863723635674,0.0,0.12556953669945842,160.42182736793404,35.300000000000004,53.400000000000006
38.402939,125,1,0.3468787372112274,1.6845723390579224,-1.46650230884552,0.0,2.260251721755251,78.36457075379933,26.6,53.400000000000006
38.402939,125,2,-0.23125246167182922,2.120061159133911,1.3262525796890259,0.0,2.5113906356099402,96.22510962492662,21.900000000000002,56.5
38.402939,125,3,-1.1562622785568237,1.8546500205993652,-1.2370989322662354,0.0,2.511390635472089,121.94104761635653,21.900000000000002,56.5
38.402939,125,4,1.4800158739089966,4.867702007293701,3.231691598892212,0.0,6.027337754696035,73.08820191591703,11.4,70.2
38.402939,125,5,3.7000396251678467,4.03231143951416,-2.525663375854492,0.0,6.0273380742398786,47.46057987769032,11.4,70.2
38.698057,126,0,-0.11562623083591461,0.04112490266561508,-0.026589952409267426,0.0,0.12556953629644266,160.42099982970092,35.1,53.6
38.698057,126,1,-1.8500198125839233,1.2428799867630005,2.0285160541534424,0.0,3.0136690844230563,146.10601156787362,11.4,66.4
38.698057,126,2,1.4800158739089966,4.971029758453369,3.0703773498535156,0.0,6.02733779681752,73.42024593178746,11.4,70.10000000000001
38.698057,126,3,3.7000396251678467,4.008019924163818,-2.564037322998047,0.0,6.0273380802833145,47.288071318641244,11.4,70.10000000000001
38.698057,126,4,0.3468787372112274,1.7077943086624146,-1.4393926858901978,0.08526057749986649,2.260251659267876,78.51855580092429,30.0,49.300000000000004
38.993795,127,0,-0.11562623083591461,0.04108866676688194,-0.02664591185748577,0.0,0.12556953616509453,160.43694085816608,35.800000000000004,52.900000000000006
38.993795,127,1,0.5126096606254578,1.7730212211608887,-1.511876106262207,0.0,2.385821090429869,73.87454675172052,23.200000000000003,54.800000000000004
38.993795,127,2,-1.8500198125839233,1.7292271852493286,1.6338303089141846,0.0,3.013669099865642,136.9328875770228,12.4,65.7
38.993795,127,3,1.4800158739089966,5.057034969329834,2.926560401916504,0.0,6.027338173199932,73.68710687072019,11.5,70.2
38.993795,127,4,3.7000396251678467,4.039035320281982,-2.5148966312408447,0.0,6.027338103352436,47.508131089628925,11.5,70.2
39.285394,128,0,-0.11562623083591461,0.041120413690805435,-0.02659689076244831,0.0,0.1255695356272882,160.42297446469345,35.4,53.300000000000004
39.285394,128,1,0.43937966227531433,1.8927645683288574,-1.3843879699707031,0.0,2.3858210851071586,76.93103001264792,22.400000000000002,55.2
39.285394,128,2,-1.8500198125839233,0.7607434391975403,2.254084587097168,0.0,3.0136690616297215,157.64713004722663,12.8,65.4
39.285394,128,3,1.4800158739089966,5.193267822265625,2.677372932434082,0.0,6.027338009447689,74.09311597186935,11.4,70.2
39.285394,128,4,3.7000396251678467,3.95931077003479,-2.6386303901672363,0.0,6.027338163521257,46.93873783062365,11.4,70.2
39.595169,129,0,-0.11562623083591461,0.04112771898508072,-0.026585599407553673,0.0,0.12556953699880755,160.4197609962767,35.0,53.7
39.595169,129,1,0.3468787372112274,1.496011734008789,-1.658421516418457,0.0,2.2602517321619144,76.94557178766571,20.3,53.7
39.595169,129,2,-0.08093836158514023,2.181684970855713,1.4789386987686157,0.0,2.6369603723130135,92.12464255059587,18.8,58.5
39.595169,129,3,-1.9425207376480103,0.9818943738937378,2.0843937397003174,0.0,3.0136689665221392,153.18457374075678,13.0,64.8
39.595169,129,4,1.4800158739089966,5.060940742492676,2.9198007583618164,0.0,6.027338106873976,73.69902764191245,11.4,70.3
39.595169,129,5,3.7000396251678467,4.020044326782227,-2.5451436042785645,0.0,6.027338183933789,47.37360485401967,11.4,70.3
39.891943,130,0,-0.11562623083591461,0.04116017743945122,-0.026535317301750183,0.0,0.12556953662601406,160.40548465269515,35.6,53.1
39.891943,130,1,-0.15416830778121948,2.055482864379883,1.434679388999939,0.0,2.511390575379443,94.28934993613032,23.900000000000002,56.5
39.891943,130,2,-1.0791782140731812,2.042902946472168,-0.9843806624412537,0.0,2.5113907212982864,117.84557705470112,23.900000000000002,56.5
39.891943,130,3,-1.8500198125839233,1.9227864742279053,1.4008996486663818,0.0,3.013669019328504,133.89506499282055,11.8,65.7
39.891943,130,4,1.4800158739089966,5.0748515129089355,2.895554780960083,0.0,6.027337916081819,73.741347215708,11.4,70.10000000000001
39.891943,130,5,3.7000396251678467,4.034431457519531,-2.522275924682617,0.0,6.027338239510782,47.47558191566025,11.4,70.10000000000001
40.191501,131,0,-0.11562623083591461,0.04113026335835457,-0.0265816617757082,0.0,0.12556953676750568,160.41864180204036,35.4,53.300000000000004
40.191501,131,1,0.4162544310092926,1.6156336069107056,-1.5248600244522095,0.0,2.260251711046042,75.55242643684328,23.400000000000002,53.300000000000004
40.191501,131,2,-1.9425207376480103,1.3020873069763184,1.9008899927139282,0.0,3.013669015598987,146.165734495348,12.200000000000001,65.3
40.191501,131,3,1.4800158739089966,5.015744209289551,2.9967753887176514,0.0,6.027337695074675,73.56003864686063,11.4,70.10000000000001
40.191501,131,4,3.7000396251678467,4.0627851486206055,-2.4763457775115967,0.0,6.027338119059183,47.67540236904436,11.4,70.10000000000001
40.488279,132,0,-0.11562623083591461,0.04110408574342728,-0.026622122153639793,0.0,0.12556953655280628,160.43015730044172,35.2,53.5
40.488279,132,1,-0.16187672317028046,2.219351053237915,1.4148625135421753,0.0,2.636960201299874,94.17169592273858,21.900000000000002,58.400000000000006
40.488279,132,2,-1.9425207376480103,1.176497220993042,1.9810775518417358,0.0,3.013668992044111,148.79860062679413,13.5,64.5
40.793844,133,0,-0.11562623083591461,0.041098255664110184,-0.02663111872971058,0.0,0.1255695359581643,160.4327221687708,35.6,53.1
40.793844,133,1,0.3468787372112274,1.7096076011657715,-1.4372385740280151,0.0,2.2602516954903766,78.5304106769949,25.8,53.1
40.793844,133,2,-0.23125246167182922,2.0650763511657715,1.4103419780731201,0.0,2.5113905574977022,96.38950640587444,23.0,56.5
40.793844,133,3,-1.1562622785568237,1.9982011318206787,-0.9886013269424438,0.0,2.511390611524862,120.05588898653663,23.0,56.5
40.793844,133,4,1.4800158739089966,5.0844645500183105,2.878641366958618,0.0,6.027337958583448,73.77046744024257,11.5,69.9
40.793844,133,5,3.7000396251678467,4.026725769042969,-2.534559726715088,0.0,6.0273382728342835,47.42101255811545,11.5,69.9
41.106681,134,0,-0.11562623083591461,0.0411432720720768,-0.026561519131064415,0.0,0.12556953608525853,160.41291989827812,35.0,53.7
41.106681,134,1,0.4162544310092926,1.6118801832199097,-1.5288270711898804,0.0,2.2602516873116025,75.52019654833664,28.8,53.7
41.106681,134,2,1.4800158739089966,5.025040626525879,2.981161117553711,0.0,6.027337877875464,73.588815081919,11.5,69.9
41.106681,134,3,3.7000396251678467,3.979238748550415,-2.608480453491211,0.0,6.027338095878064,47.082212367242896,11.5,69.9
41.391691,135,0,-0.11562623083591461,0.041133567690849304,-0.026576543226838112,0.0,0.12556953570904802,160.41718834752834,35.300000000000004,53.400000000000006
41.391691,135,1,0.4162544310092926,1.6785879135131836,-1.4552706480026245,0.0,2.2602517102449875,76.07279546035534,26.400000000000002,53.400000000000006
41.391691,135,2,-0.23125246167182922,2.1146342754364014,1.3348885774612427,0.0,2.5113907171358694,96.24095950489544,22.6,56.7
41.391691,135,3,1.4800158739089966,5.0597991943359375,2.9217782020568848,0.0,6.027337947721198,73.69554528757862,11.9,69.60000000000001
41.391691,135,4,3.7000396251678467,3.9944064617156982,-2.5851943492889404,0.0,6.027338221205428,47.19089925778722,11.9,69.60000000000001
41.696197,136,0,-0.11562623083591461,0.04115302860736847,-0.026546403765678406,0.0,0.1255695368063828,160.4086287373039,35.5,53.2
41.696197,136,1,-0.23125246167182922,1.974582552909851,1.534480094909668,0.0,2.5113906746978354,96.67974424726768,23.900000000000002,56.6
41.696197,136,2,-1.1562622785568237,1.9830557107925415,-1.018641471862793,0.0,2.5113906221691455,120.2452213951513,23.900000000000002,56.6
41.696197,136,3,-1.8500198125839233,1.7871010303497314,1.5703177452087402,0.0,3.013669062877938,135.9910644403671,11.8,65.5
41.696197,136,4,1.4800158739089966,5.1901535987854,2.6834042072296143,0.0,6.02733767972106,74.08405478516991,11.8,69.9
41.696197,136,5,3.7000396251678467,3.979487895965576,-2.608100175857544,0.0,6.027338025136545,47.084001268148526,11.8,69.9
41.696197,136,6,0.43937966227531433,0.9337558746337891,-2.151089906692505,-0.25578173995018005,2.3858210971715064,64.80062794592868,19.900000000000002,41.300000000000004
41.990708,137,0,-0.11562623083591461,0.041123684495687485,-0.026591835543513298,0.0,0.1255695361200093,160.42153568022025,35.2,53.5
41.990708,137,1,0.45865076780319214,1.0149801969528198,-1.8210773468017578,0.0,2.134682184787087,65.6826698754788,22.5,52.0
41.990708,137,2,0.585839569568634,1.4875752925872803,-1.7708908319473267,0.0,2.385821156554613,68.50439873724505,20.900000000000002,55.300000000000004
41.990708,137,3,1.4800158739089966,5.050821781158447,2.937269926071167,0.0,6.027337909114547,73.66810867098401,11.600000000000001,70.10000000000001
41.990708,137,4,3.7000396251678467,4.050162315368652,-2.4969372749328613,0.0,6.02733803296229,47.58663223677352,11.600000000000001,70.10000000000001
42.294891,138,0,-0.11562623083591461,0.04115985333919525,-0.026535818353295326,0.0,0.1255695362733468,160.4056271906109,35.300000000000004,53.400000000000006
42.294891,138,1,0.43937966227531433,1.8329987525939941,-1.4626015424728394,0.0,2.3858210718065673,76.52022891545496,24.1,55.300000000000004
42.594517,139,0,-0.11562623083591461,0.041177451610565186,-0.026508498936891556,0.0,0.12556953569376542,160.3978879109644,35.0,53.7
42.594517,139,1,0.4162544310092926,1.6434069871902466,-1.494885802268982,0.0,2.2602517202086077,75.78661477187875,26.200000000000003,53.7
42.594517,139,2,1.4800158739089966,5.036696910858154,2.9614250659942627,0.0,6.027337818670015,73.6247581827678,11.700000000000001,69.60000000000001
42.594517,139,3,3.7000396251678467,4.008115291595459,-2.5638883113861084,0.0,6.027338109961634,47.28875078914932,11.700000000000001,69.60000000000001
42.911112,140,0,-0.11562623083591461,0.041099876165390015,-0.02662862092256546,0.0,0.1255695366335653,160.43200924190677,35.300000000000004,53.300000000000004
42.911112,140,1,0.4162544310092926,1.697778582572937,-1.432835578918457,0.0,2.2602516813383486,76.22419082677592,28.400000000000002,53.300000000000004
42.911112,140,2,1.4800158739089966,5.066402912139893,2.9103121757507324,0.0,6.027337921129456,73.71567027582917,11.600000000000001,69.9
42.911112,140,3,3.7000396251678467,4.059890270233154,-2.481088876724243,0.0,6.027338073175489,47.65507076439084,11.600000000000001,69.9
43.194959,141,0,-0.11562623083591461,0.041134387254714966,-0.026575280353426933,0.0,0.12556953690288225,160.41682785554255,35.5,53.2
43.194959,141,1,-0.23125246167182922,2.2808830738067627,1.0252695083618164,0.0,2.511390623177515,95.789278865787,21.400000000000002,56.800000000000004
43.194959,141,2,-1.9425207376480103,1.3651779890060425,1.8560988903045654,0.0,3.013669001142792,144.9009566057604,12.8,64.3
43.194959,141,3,1.4800158739089966,4.92235803604126,3.1478161811828613,0.0,6.027337914246988,73.2654318501211,11.200000000000001,70.3
43.194959,141,4,3.7000396251678467,4.122131824493408,-2.3762447834014893,0.0,6.027337992593112,48.08874200227415,11.200000000000001,70.3
43.194959,141,5,0.3931291997432709,1.3354907035827637,-1.618265151977539,-0.08526057749986649,2.134682198630901,73.59712135430394,23.400000000000002,48.0
43.497413,142,0,-0.11562623083591461,0.04111504927277565,-0.026605185121297836,0.0,0.1255695361517335,160.42533425796267,35.1,53.6
43.497413,142,1,0.3468787372112274,1.6342873573303223,-1.5223394632339478,0.0,2.26025163775594,78.01676467649132,24.900000000000002,53.6
43.497413,142,2,-0.23125246167182922,2.2446069717407227,1.1024268865585327,0.0,2.511390690200049,95.88219112186633,19.6,56.900000000000006
43.497413,142,3,-1.9425207376480103,1.1738229990005493,1.9826632738113403,0.0,3.013669010773332,148.85634486286986,11.4,66.10000000000001
43.789557,143,0,-0.11562623083591461,0.0411420576274395,-0.02656339854001999,0.0,0.1255695357367212,160.4134540565076,35.5,53.2
43.789557,143,1,0.3468787372112274,1.7302991151809692,-1.412259817123413,0.0,2.260251684522491,78.66399597064003,25.5,53.2
44.08109,144,0,-0.11562623083591461,0.04113786295056343,-0.026569897308945656,0.0,0.125569536387085,160.41529905973724,35.1,53.6
44.08109,144,1,0.3468787372112274,1.649350881576538,-1.506006121635437,0.0,2.260251673440365,78.12308559390284,21.0,53.6
44.08109,144,2,-0.30833661556243896,2.3176865577697754,0.9167012572288513,0.0,2.511390778745547,97.57792539530747,16.7,56.800000000000004
44.08109,144,3,-1.8500198125839233,1.7252130508422852,1.6380683183670044,0.0,3.013669058371756,136.99930979574202,12.200000000000001,65.10000000000001
44.08109,144,4,1.2950139045715332,5.131156921386719,2.8849568367004395,0.0,6.027338410488749,75.83535459411331,11.200000000000001,70.10000000000001
44.08109,144,5,3.7000396251678467,4.051144599914551,-2.4953434467315674,0.0,6.027338111834712,47.59355098348812,11.200000000000001,70.10000000000001
44.385748,145,0,-0.11562623083591461,0.04112562537193298,-0.026588834822177887,0.0,0.12556953634044304,160.42068192618467,35.0,53.7
44.385748,145,1,0.3931291997432709,1.4242233037948608,-1.5407483577728271,0.0,2.1346821985351347,74.5688663140857,23.6,52.1
44.385748,145,2,-0.30833661556243896,2.3990890979766846,0.675561785697937,0.0,2.511390788949913,97.32364147633892,19.700000000000003,57.0
44.385748,145,3,-1.8500198125839233,1.8933618068695068,1.4404196739196777,0.0,3.013669038842867,134.33664193473305,11.4,66.10000000000001
44.385748,145,4,1.4800158739089966,5.101762294769287,2.847872018814087,0.0,6.027337765124535,73.82261162871434,11.4,69.9
44.385748,145,5,3.7000396251678467,4.028744697570801,-2.531348705291748,0.0,6.0273379973085355,47.435320948975864,11.4,69.9
44.687318,146,0,-0.11562623083591461,0.041108615696430206,-0.026615124195814133,0.0,0.12556953602588333,160.4281644622986,35.1,53.6
44.687318,146,1,0.4162544310092926,1.5815553665161133,-1.560177206993103,0.0,2.2602517660454526,75.25455168215647,31.3,53.6
44.992457,147,0,-0.11562623083591461,0.0411582812666893,-0.02653825841844082,0.0,0.1255695366481539,160.40631858500277,35.9,52.800000000000004
44.992457,147,1,0.4162544310092926,1.7444546222686768,-1.375626564025879,0.0,2.260251783351374,76.57927979803286,24.900000000000002,52.800000000000004
44.992457,147,2,-0.24281509220600128,2.472360134124756,0.8843278288841248,0.0,2.636960278569114,95.60913690223184,21.0,57.900000000000006
44.992457,147,3,-0.8325088620185852,2.8312268257141113,-0.6109703183174133,0.0,3.0136690385388314,106.38572363113899,13.4,65.2
44.992457,147,4,1.4800158739089966,5.041978359222412,2.9524245262145996,0.0,6.027337998228011,73.64099359485165,11.3,70.2
44.992457,147,5,3.7000396251678467,4.034461498260498,-2.5222277641296387,0.0,6.02733819383855,47.47579443361723,11.3,70.2
45.295053,148,0,-0.11562623083591461,0.04114839807152748,-0.026553578674793243,0.0,0.12556953635978566,160.4106653308124,35.0,53.7
45.295053,148,1,0.48563018441200256,1.7747527360916138,-1.3126896619796753,0.0,2.2602517777772055,74.69661270301489,19.3,53.7
45.295053,148,2,-1.8500198125839233,1.4909271001815796,1.8538511991500854,0.0,3.0136690584068977,141.13473170490255,13.5,64.7
45.295053,148,3,1.4800158739089966,4.980494022369385,3.055001735687256,0.0,6.027337994416103,73.45002691978391,11.5,69.9
45.295053,148,4,3.7000396251678467,4.0228753089904785,-2.540666341781616,0.0,6.02733808905386,47.39370230512413,11.5,69.9
45.582275,149,0,-0.11562623083591461,0.04114970937371254,-0.02655154839158058,0.0,0.1255695367549457,160.41008859113774,35.4,53.300000000000004
45.582275,149,1,0.4162544310092926,1.6156350374221802,-1.5248584747314453,0.0,2.2602516880739962,75.5524386935859,25.3,53.300000000000004
45.582275,149,2,-0.08093836158514023,2.6191017627716064,0.2954896092414856,0.0,2.636960214204816,91.77005383331104,14.4,58.6
45.582275,149,3,1.4800158739089966,5.0521135330200195,2.9350473880767822,0.0,6.027337829241279,73.67206203217877,11.600000000000001,70.10000000000001
45.582275,149,4,3.7000396251678467,4.043840408325195,-2.5071628093719482,0.0,6.027338038347753,47.542059919298744,11.600000000000001,70.10000000000001
45.893913,150,0,-0.11562623083591461,0.041120585054159164,-0.02659662812948227,0.0,0.1255695361159486,160.4228990835478,35.7,53.0
45.893913,150,1,-0.30833661556243896,2.3458096981048584,0.842133641242981,0.0,2.511390785587235,97.48811325221334,20.0,56.6
45.893913,150,2,-1.8500198125839233,1.6476718187332153,1.7160435914993286,0.0,3.013669082219644,138.31097738364176,12.3,65.3
45.893913,150,3,1.4800158739089966,5.057525157928467,2.925712823867798,0.0,6.0273379893487355,73.68860390113798,11.5,70.10000000000001
45.893913,150,4,3.7000396251678467,4.067979335784912,-2.467803716659546,0.0,6.027338076476542,47.711843034474526,11.5,70.10000000000001
46.254467,151,0,-0.11562623083591461,0.04112919792532921,-0.02658330835402012,0.0,0.12556953636271032,160.41911045249253,35.2,53.5
46.254467,151,1,0.43937966227531433,1.8077327013015747,-1.4937169551849365,0.0,2.3858211058633914,76.3388407187808,20.3,55.2
46.254467,151,2,-1.9425207376480103,1.1578694581985474,1.992022156715393,0.0,3.0136689883374075,149.20229173120575,13.4,64.4
46.254467,151,3,1.4800158739089966,5.057992458343506,2.9249043464660645,0.0,6.027337731673783,73.69003078245255,11.9,69.7
46.254467,151,4,3.7000396251678467,4.057482719421387,-2.4850242137908936,0.0,6.027338101462572,47.63814974036794,11.9,69.7
46.791435,152,0,-0.11562623083591461,0.04113189876079559,-0.026579130440950394,0.0,0.12556953662407774,160.41792244528844,35.2,53.5
46.791435,152,1,-0.292919784784317,2.0620276927948,1.1637794971466064,0.0,2.3858212263599183,98.08501462770056,19.700000000000003,55.5
46.791435,152,2,0.43937966227531433,1.7551885843276978,-1.555120825767517,0.0,2.385821082334399,75.9458610260165,19.700000000000003,55.5
46.791435,152,3,-0.08093836158514023,2.542290210723877,0.69553542137146,0.0,2.6369603820120084,91.82349782463221,16.3,58.7
46.791435,152,4,-1.8500198125839233,1.4442445039749146,1.8904459476470947,0.0,3.013669088534792,142.02211091530543,13.0,64.9
46.791435,152,5,1.4800158739089966,5.059891700744629,2.9216177463531494,0.0,6.027337825781183,73.69582753727222,11.600000000000001,70.10000000000001
46.791435,152,6,3.7000396251678467,4.047298431396484,-2.5015769004821777,0.0,6.027338119735998,47.56644995078875,11.600000000000001,70.10000000000001
47.094513,153,0,-0.11562623083591461,0.041123438626527786,-0.02659221738576889,0.0,0.12556953646200178,160.42164383396843,35.1,53.6
47.094513,153,1,0.4162544310092926,1.3956100940704346,-1.7285088300704956,0.0,2.2602517695243223,73.39227138226218,23.8,53.6
47.094513,153,2,-0.24281509220600128,2.261444330215454,1.3343427181243896,0.0,2.636960393536129,96.12846542165951,17.0,58.7
47.094513,153,3,-1.8500198125839233,1.7554198503494263,1.605655312538147,0.0,3.013669049619721,136.50298875518686,12.100000000000001,65.9
47.094513,153,4,1.4800158739089966,5.0677900314331055,2.907896041870117,0.0,6.0273379015979565,73.7198914137067,11.600000000000001,70.10000000000001
47.094513,153,5,3.7000396251678467,4.035223960876465,-2.521007776260376,0.0,6.027338206058214,47.48118776630796,11.600000000000001,70.10000000000001
47.390327,154,0,-0.11562623083591461,0.041110653430223465,-0.02661197818815708,0.0,0.12556953637673074,160.42726802897508,35.4,53.300000000000004
47.390327,154,1,0.4162544310092926,1.4991532564163208,-1.6395150423049927,0.0,2.2602517141908933,74.48217036902007,30.8,53.300000000000004
47.68519,155,0,-0.11562623083591461,0.04113571718335152,-0.026573222130537033,0.0,0.12556953699009865,160.41624287879975,35.6,53.1
47.68519,155,1,0.43937966227531433,1.8532750606536865,-1.436822772026062,0.0,2.3858211618381526,76.66241050923524,23.6,55.0
47.68519,155,2,-0.16187672317028046,2.5223348140716553,0.7517861723899841,0.0,2.636960264543063,93.67205448845228,18.1,58.1
47.68519,155,3,-1.8500198125839233,1.6612913608551025,1.702862024307251,0.0,3.0136690870818317,138.07661390876535,12.100000000000001,65.4
