timestamp_s,frame_number,point_index,x,y,z,doppler,range,aoa,snr,noise
0.0,1,0,-0.11562623083591461,0.04110774025321007,-0.026616476476192474,0.0,0.12556953605892357,160.42854958753867,34.6,54.1
0.0,1,1,-0.8055294156074524,2.112360954284668,-0.7623624205589294,0.0,2.3858212214824035,110.87388987933352,14.5,55.900000000000006
0.0,1,2,-1.8500198125839233,1.4971922636032104,1.8487950563430786,0.0,3.01366904976392,141.01729191626634,14.3,63.400000000000006
0.0,1,3,-2.374191999435425,2.046217918395996,1.5931382179260254,0.0,3.5159472125110947,139.24330825380926,12.9,69.3
0.0,1,4,-1.0791782140731812,2.6391992568969727,-2.057154655456543,0.0,3.5159470433728437,112.23983215087125,12.9,69.3
0.290687,2,0,-0.11562623083591461,0.04111931100487709,-0.026598598808050156,0.0,0.12556953632703924,160.42345952766584,34.6,54.1
0.290687,2,1,-0.8055294156074524,2.122182607650757,-0.734578549861908,0.0,2.385821096717328,110.78555593949132,14.700000000000001,55.800000000000004
0.290687,2,2,-1.8500198125839233,1.4882175922393799,1.8560270071029663,0.0,3.0136690528157577,141.18564165176477,14.5,63.1
0.290687,2,3,-2.374191999435425,2.041229724884033,1.5995244979858398,0.0,3.5159472492615955,139.31245212788414,13.100000000000001,69.3
0.290687,2,4,-1.0791782140731812,2.641603708267212,-2.0540661811828613,0.0,3.515947048227605,112.2215594613756,13.100000000000001,69.3
0.603271,3,0,-0.11562623083591461,0.041103895753622055,-0.026622416451573372,0.0,0.12556953675619675,160.43024088272355,34.5,54.2
0.603271,3,1,-0.8055294156074524,2.123908519744873,-0.729573130607605,0.0,2.3858210311249928,110.77010720186198,14.4,56.1
0.603271,3,2,-1.8500198125839233,1.4798802137374878,1.86268150806427,0.0,3.0136690519115317,141.34275324358572,14.4,63.2
0.603271,3,3,-2.374191999435425,2.04219651222229,1.5982898473739624,0.0,3.515947195413314,139.29903977436146,13.100000000000001,69.3
0.603271,3,4,-1.0791782140731812,2.644207239151001,-2.050713539123535,0.0,3.5159470361274376,112.20180597987965,13.100000000000001,69.3
0.899082,4,0,-0.11562623083591461,0.04110897704958916,-0.026614563539624214,0.0,0.1255695354924456,160.42800549624687,34.7,54.0
0.899082,4,1,-0.8055294156074524,2.1166648864746094,-0.7503294944763184,0.0,2.3858210811635776,110.83509305174614,14.700000000000001,55.800000000000004
0.899082,4,2,-1.8500198125839233,1.489077091217041,1.8553375005722046,0.0,3.013669048115598,141.16948431836627,14.4,63.2
0.899082,4,3,-2.374191999435425,2.041029453277588,1.599779725074768,0.0,3.515947105416987,139.3152311944707,13.100000000000001,69.3
0.899082,4,4,-1.0791782140731812,2.643970489501953,-2.051018714904785,0.0,3.5159470041479657,112.20360086600131,13.100000000000001,69.3
1.189421,5,0,-0.11562623083591461,0.041101302951574326,-0.02662641555070877,0.0,0.1255695359819265,160.43138154370456,34.800000000000004,53.900000000000006
1.189421,5,1,-0.8055294156074524,2.1166892051696777,-0.7502608299255371,0.0,2.385821062781382,110.8348742278609,14.9,55.6
1.189421,5,2,-1.8500198125839233,1.4852479696273804,1.858404278755188,0.0,3.0136690763139375,141.24152270577258,14.600000000000001,63.0
1.189421,5,3,-2.374191999435425,2.044848680496216,1.5948952436447144,0.0,3.515947185967222,139.26227365065714,13.0,69.3
1.189421,5,4,-1.0791782140731812,2.642460346221924,-2.052963972091675,0.0,3.515947008956747,112.2150563045421,13.0,69.3
1.496629,6,0,-0.11562623083591461,0.04108263924717903,-0.026655202731490135,0.0,0.125569535865555,160.43959281244932,35.0,53.7
1.496629,6,1,-0.8055294156074524,2.1157424449920654,-0.7529264092445374,0.0,2.385821013967259,110.84339658618681,14.700000000000001,55.5
1.496629,6,2,-1.8500198125839233,1.4782887697219849,1.8639447689056396,0.0,3.013669042076434,141.37282141861542,14.5,63.1
1.496629,6,3,-2.374191999435425,2.04386830329895,1.5961512327194214,0.0,3.515947105564166,139.27585956114248,13.0,69.3
1.496629,6,4,-1.0791782140731812,2.63811993598938,-2.0585386753082275,0.0,3.5159470832386743,112.24804375726872,13.0,69.3
1.79894,7,0,-0.11562623083591461,0.04107586666941643,-0.026665642857551575,0.0,0.12556953686691044,160.44257267726255,34.6,54.0
1.79894,7,1,-0.8055294156074524,2.102587938308716,-0.7889161109924316,0.0,2.3858210972144587,110.96250110098799,14.5,55.7
1.79894,7,2,-1.8500198125839233,1.4965760707855225,1.8492939472198486,0.0,3.0136690836627795,141.02882514810383,14.3,63.300000000000004
1.79894,7,3,-2.374191999435425,2.043886423110962,1.5961281061172485,0.0,3.515947140088704,139.27560840935976,13.100000000000001,69.2
1.79894,7,4,-1.0791782140731812,2.6390984058380127,-2.057284116744995,0.0,3.515947091529984,112.24059919442843,13.100000000000001,69.2
2.099581,8,0,-0.11562623083591461,0.04105962812900543,-0.026690635830163956,0.0,0.12556953595689863,160.4497179171513,34.9,53.800000000000004
2.099581,8,1,-0.8055294156074524,2.100503444671631,-0.7944493293762207,0.0,2.3858210531036477,110.98149409135733,14.4,55.6
2.099581,8,2,-1.8500198125839233,1.484682321548462,1.858856201171875,0.0,3.01366907265989,141.2521767573132,14.4,63.2
2.099581,8,3,-2.374191999435425,2.0433712005615234,1.596787691116333,0.0,3.515947161714472,139.28275045136994,13.100000000000001,69.2
2.099581,8,4,-1.0791782140731812,2.6442980766296387,-2.050596237182617,0.0,3.5159469369922087,112.2011173806951,13.100000000000001,69.2
2.399528,9,0,-0.11562623083591461,0.04110707715153694,-0.02661750465631485,0.0,0.12556953692433354,160.42884130064772,34.9,53.800000000000004
2.399528,9,1,-0.8055294156074524,2.116590738296509,-0.7505388855934143,0.0,2.385821160866683,110.8357602771752,14.8,55.6
2.399528,9,2,-1.8500198125839233,1.4810625314712524,1.861741542816162,0.0,3.0136690430982287,141.32043128573247,14.600000000000001,63.1
2.399528,9,3,-2.374191999435425,2.0434458255767822,1.5966920852661133,0.0,3.5159471138516585,139.28171590057417,13.100000000000001,69.2
2.399528,9,4,-1.0791782140731812,2.6417574882507324,-2.053868293762207,0.0,3.5159469865998663,112.2203917762789,13.100000000000001,69.2
2.695953,10,0,-0.11562623083591461,0.04111967235803604,-0.026598038151860237,0.0,0.12556953589816383,160.42330057089706,34.6,54.1
2.695953,10,1,-0.8055294156074524,2.12172269821167,-0.7359058856964111,0.0,2.3858210997721754,110.78967632206655,14.8,55.800000000000004
2.695953,10,2,-1.8500198125839233,1.480265498161316,1.8623753786087036,0.0,3.0136690765324143,141.33547761029592,14.700000000000001,63.0
2.695953,10,3,-2.374191999435425,2.044832944869995,1.5949152708053589,0.0,3.5159471190074814,139.2624916686437,13.100000000000001,69.3
2.695953,10,4,-1.0791782140731812,2.6454131603240967,-2.0491576194763184,0.0,3.5159470069959755,112.19266772245871,13.100000000000001,69.3
2.695953,10,5,1.4800158739089966,4.56845235824585,3.6424713134765625,0.0,6.027337820803174,72.04952226378369,11.3,70.3
2.695953,10,6,3.7000396251678467,4.1030402183532715,-2.40906023979187,0.0,6.0273380111109365,47.956491092085365,11.3,70.3
2.998824,11,0,-0.11562623083591461,0.0411037802696228,-0.0266225915402174,0.0,0.12556953607500068,160.43029168768237,35.1,53.6
2.998824,11,1,-0.8055294156074524,2.1201746463775635,-0.7403537631034851,0.0,2.385821004411815,110.80355697895655,15.100000000000001,55.400000000000006
2.998824,11,2,-1.8500198125839233,1.484164834022522,1.859269380569458,0.0,3.013669057979872,141.26192648488112,14.9,62.800000000000004
2.998824,11,3,-2.374191999435425,2.043219566345215,1.5969815254211426,0.0,3.515947075684665,139.2848527047548,13.100000000000001,69.3
2.998824,11,4,-1.0791782140731812,2.643707513809204,-2.0513577461242676,0.0,3.5159470472243264,112.20559490443888,13.100000000000001,69.3
3.305404,12,0,-0.11562623083591461,0.041121672838926315,-0.026594949886202812,0.0,0.1255695368863067,160.42242057879014,35.6,53.1
3.305404,12,1,-0.8055294156074524,2.1252012252807617,-0.7257991433143616,0.0,2.3858210921566596,110.75855049045492,15.4,55.1
3.305404,12,2,-1.8500198125839233,1.4808770418167114,1.861889123916626,0.0,3.0136690643950756,141.32393237840125,14.700000000000001,63.0
3.305404,12,3,-2.374191999435425,2.0421671867370605,1.5983272790908813,0.0,3.5159471781946325,139.29944653082796,12.9,69.3
3.305404,12,4,-1.0791782140731812,2.6411876678466797,-2.0546011924743652,0.0,3.5159470949706635,112.22471913146975,12.9,69.3
3.605273,13,0,-0.11562623083591461,0.041107915341854095,-0.026616210117936134,0.0,0.12556953691925196,160.4284725623434,35.4,53.300000000000004
3.605273,13,1,-0.8055294156074524,2.1306450366973877,-0.70965975522995,0.0,2.3858212171085094,110.7100177341332,15.4,55.1
3.605273,13,2,-1.8500198125839233,1.4808403253555298,1.861918330192566,0.0,3.0136690668451305,141.32462543735502,14.8,62.900000000000006
3.605273,13,3,-2.374191999435425,2.042001485824585,1.598538875579834,0.0,3.5159471348461757,139.30174496355068,13.100000000000001,69.2
3.605273,13,4,-1.0791782140731812,2.6413373947143555,-2.054408550262451,0.0,3.5159470049814554,112.22358191412609,13.100000000000001,69.2
3.605273,13,5,2.5900278091430664,5.440530300140381,0.1455616056919098,0.34104230999946594,6.027337901589028,64.54267226672792,15.3,42.0
3.894656,14,0,-0.11562623083591461,0.04112663492560387,-0.02658727578818798,0.0,0.12556953687682884,160.42023784656928,34.5,54.2
3.894656,14,1,-0.8055294156074524,2.1184310913085938,-0.7453282475471497,0.0,2.3858210588020863,110.81921184693655,14.700000000000001,55.800000000000004
3.894656,14,2,-1.8500198125839233,1.4800342321395874,1.862559199333191,0.0,3.0136690936927315,141.33984461381172,14.600000000000001,63.1
3.894656,14,3,-2.374191999435425,2.0429325103759766,1.5973488092422485,0.0,3.5159471142953644,139.2888328058839,12.9,69.3
3.894656,14,4,-1.0791782140731812,2.6436820030212402,-2.0513904094696045,0.0,3.515946922650063,112.20578836053141,12.9,69.3
3.894656,14,5,-1.2294923067092896,2.670980930328369,-2.148221254348755,0.0,3.64151685703511,114.71731963187159,11.4,70.8
3.894656,14,6,-2.570756673812866,2.0477294921875,1.568010926246643,0.0,3.6415167463512677,141.46101736439473,11.4,70.8
4.206493,15,0,-0.11562623083591461,0.04107454791665077,-0.026667671278119087,0.0,0.1255695362549184,160.44315292777407,35.300000000000004,53.400000000000006
4.206493,15,1,-0.8055294156074524,2.1088478565216064,-0.7720268368721008,0.0,2.385821107756279,110.905660371141,15.200000000000001,55.2
4.206493,15,2,-1.8500198125839233,1.4786574840545654,1.8636523485183716,0.0,3.013669082404648,141.36585281586872,14.700000000000001,63.0
4.206493,15,3,-2.374191999435425,2.0418941974639893,1.5986759662628174,0.0,3.5159471567312615,139.30323324199722,13.0,69.2
4.206493,15,4,-1.0791782140731812,2.642780065536499,-2.0525524616241455,0.0,3.515947055950448,112.21263008511626,13.0,69.2
4.500044,16,0,-0.11562623083591461,0.04109560698270798,-0.02663520723581314,0.0,0.12556953625418915,160.43388744901546,35.300000000000004,53.400000000000006
4.500044,16,1,-0.8055294156074524,2.1259446144104004,-0.7236191034317017,0.0,2.3858211898213932,110.75191020097577,15.0,55.300000000000004
4.500044,16,2,-1.8500198125839233,1.4688844680786133,1.8713648319244385,0.0,3.013669063065689,141.5510186791417,15.0,62.7
4.500044,16,3,-2.374191999435425,2.0433454513549805,1.596820592880249,0.0,3.5159471397623,139.28310742843533,13.200000000000001,69.2
4.500044,16,4,-1.0791782140731812,2.6408984661102295,-2.0549728870391846,0.0,3.515947083290604,112.22691601220747,13.200000000000001,69.2
4.800598,17,0,-0.11562623083591461,0.04110920801758766,-0.02661421149969101,0.0,0.12556953649235067,160.42790388924408,35.4,53.300000000000004
4.800598,17,1,-0.8055294156074524,2.1276066303253174,-0.7187179327011108,0.0,2.3858212589377468,110.73707899847463,15.100000000000001,55.300000000000004
4.800598,17,2,-1.8500198125839233,1.4871983528137207,1.8568438291549683,0.0,3.0136690683344423,141.20481137902792,14.5,63.1
4.800598,17,3,-2.374191999435425,2.043696403503418,1.5963714122772217,0.0,3.5159471449115896,139.2782422927394,13.200000000000001,69.2
4.800598,17,4,-1.0791782140731812,2.6427628993988037,-2.052574396133423,0.0,3.5159469580514773,112.21276033914913,13.200000000000001,69.2
5.100574,18,0,-0.11562623083591461,0.04110616073012352,-0.026618916541337967,0.0,0.12556953621450417,160.42924445645806,35.300000000000004,53.400000000000006
5.100574,18,1,-0.8055294156074524,2.142460346221924,-0.6731480956077576,0.0,2.3858211025059277,110.60542473706428,15.3,55.300000000000004
5.100574,18,2,-1.8500198125839233,1.474422574043274,1.8670045137405396,0.0,3.0136690409082743,141.4459731038709,15.0,62.7
5.100574,18,3,-2.374191999435425,2.0417957305908203,1.598801612854004,0.0,3.5159471061019456,139.30459920940447,13.200000000000001,69.10000000000001
5.100574,18,4,-1.0791782140731812,2.6448585987091064,-2.0498733520507812,0.0,3.5159470110261313,112.19686920509959,13.200000000000001,69.10000000000001
5.100574,18,5,2.5900278091430664,5.434662818908691,0.2915443480014801,0.25578173995018005,6.027337896137449,64.51866940408362,19.0,43.400000000000006
5.100574,18,6,-0.2697945535182953,4.229297161102295,1.1643447875976562,-0.42630288004875183,4.394933715361575,93.65005610879466,25.6,41.2
5.100574,18,7,-2.7056539058685303,2.2618508338928223,-3.397963285446167,-0.34104230999946594,4.897212139816224,140.10532190886303,17.7,45.900000000000006
5.100574,18,8,-1.0521987676620483,4.704949855804443,-0.8596559166908264,-0.34104230999946594,4.897211827908339,102.6060063035064,17.7,45.900000000000006
5.384224,19,0,-0.11562623083591461,0.04111851379275322,-0.026599833741784096,0.0,0.12556953686677197,160.42381021690417,35.2,53.5
5.384224,19,1,-0.8055294156074524,2.13162899017334,-0.7066984176635742,0.0,2.3858211258777335,110.70126871908197,15.3,55.300000000000004
5.384224,19,2,-1.8500198125839233,1.4870586395263672,1.8569557666778564,0.0,3.0136690965899375,141.2074398929765,14.600000000000001,63.1
5.384224,19,3,-2.374191999435425,2.0396921634674072,1.6014844179153442,0.0,3.515947114607838,139.33379402259655,13.100000000000001,69.2
5.384224,19,4,-1.0791782140731812,2.640531539916992,-2.0554442405700684,0.0,3.5159470213754997,112.22970390944299,13.100000000000001,69.2
5.384224,19,5,-0.9018846154212952,4.791994571685791,-0.45395535230636597,0.25578173995018005,4.897211787996033,100.65875598882334,12.200000000000001,45.7
5.384224,19,6,-0.2697945535182953,4.119055271148682,1.5086545944213867,0.34104230999946594,4.39493391453781,93.74747100804792,19.5,40.900000000000006
5.768902,20,0,-0.11562623083591461,0.04111647978425026,-0.026602977886795998,0.0,0.12556953690929273,160.42470497299882,35.1,53.6
5.768902,20,1,-0.8055294156074524,2.12654185295105,-0.7218618392944336,0.0,2.38582111793632,110.7465783360299,15.0,55.6
5.768902,20,2,-1.8500198125839233,1.4869024753570557,1.8570806980133057,0.0,3.0136690258071774,141.21037813717078,14.700000000000001,63.0
5.768902,20,3,-2.374191999435425,2.041605234146118,1.599044919013977,0.0,3.5159471320400173,139.3072420026969,13.200000000000001,69.10000000000001
5.768902,20,4,-1.0791782140731812,2.6433005332946777,-2.051882028579712,0.0,3.5159469828560415,112.2086815436825,13.200000000000001,69.10000000000001
6.301265,21,0,-0.11562623083591461,0.04113017022609711,-0.02658180706202984,0.0,0.12556953701766568,160.4186827678802,35.2,53.5
6.301265,21,1,-0.8055294156074524,2.129730224609375,-0.7124004364013672,0.0,2.3858212109897172,110.71815830980272,15.3,55.300000000000004
6.301265,21,2,-1.8500198125839233,1.4721602201461792,1.8687889575958252,0.0,3.0136690576050307,141.48884791928023,14.700000000000001,63.0
6.301265,21,3,-2.374191999435425,2.043924570083618,1.5960792303085327,0.0,3.515947128128772,139.27507967496024,13.0,69.3
6.301265,21,4,-1.0791782140731812,2.639754295349121,-2.0564424991607666,0.0,3.5159471142067673,112.23561158996446,13.0,69.3
6.301265,21,5,-0.2697945535182953,4.146082401275635,1.432708740234375,0.5115634799003601,4.394933755316414,93.72311124471058,28.400000000000002,40.7
6.601917,22,0,-0.11562623083591461,0.04111406207084656,-0.026606714352965355,0.0,0.12556953693450465,160.42576853300474,35.300000000000004,53.400000000000006
6.601917,22,1,-0.8055294156074524,2.1331658363342285,-0.7020457983016968,0.0,2.385821122302646,110.68761768234046,15.600000000000001,55.0
6.601917,22,2,-1.8500198125839233,1.4929364919662476,1.8522334098815918,0.0,3.013669072854405,141.09702352185437,14.9,62.800000000000004
6.601917,22,3,-2.374191999435425,2.0447819232940674,1.5949808359146118,0.0,3.5159471883047733,139.26319858527725,13.0,69.3
6.601917,22,4,-1.0791782140731812,2.6406679153442383,-2.0552690029144287,0.0,3.5159470034685585,112.22866765439349,13.0,69.3
6.601917,22,5,0.49333858489990234,3.427550792694092,-2.038295030593872,0.25578173995018005,4.018225233556801,81.80948252148428,28.1,41.0
6.601917,22,6,-0.2697945535182953,4.206007480621338,1.2458553314208984,-0.34104230999946594,4.394933848760487,93.67021225987887,21.400000000000002,41.800000000000004
6.901167,23,0,-0.11562623083591461,0.04111311212182045,-0.026608183979988098,0.0,0.1255695373105057,160.42618642251938,34.5,54.1
6.901167,23,1,-0.8055294156074524,2.1218297481536865,-0.7355974912643433,0.0,2.3858211979763313,110.78871710968494,14.700000000000001,55.800000000000004
6.901167,23,2,-1.8500198125839233,1.4847666025161743,1.8587888479232788,0.0,3.0136690515158477,141.25058911322287,14.3,63.300000000000004
6.901167,23,3,-2.374191999435425,2.04725980758667,1.5917989015579224,0.0,3.515947114639809,139.22888422955782,12.9,69.3
6.901167,23,4,-1.0791782140731812,2.6390721797943115,-2.0573177337646484,0.0,3.515947076614918,112.24079867024892,12.9,69.3
6.901167,23,5,-0.2697945535182953,4.165147304534912,1.3763002157211304,0.17052115499973297,4.394933839476609,93.70611725296477,26.8,45.6
6.901167,23,6,2.8328428268432617,5.459298133850098,-0.1712779998779297,-0.42630288004875183,6.152907503700885,62.5750936479666,19.900000000000002,40.400000000000006
7.203025,24,0,-0.11562623083591461,0.04113638028502464,-0.02657219208776951,0.0,0.12556953624436024,160.41595121131112,34.7,54.0
7.203025,24,1,-0.8055294156074524,2.1314029693603516,-0.7073794007301331,0.0,2.3858210062333534,110.70327780207806,15.100000000000001,55.5
7.203025,24,2,-1.8500198125839233,1.476858139038086,1.8650785684585571,0.0,3.013669082085741,141.39987278567278,14.8,62.800000000000004
7.203025,24,3,-2.374191999435425,2.0463333129882812,1.5929899215698242,0.0,3.5159471793887644,139.24171041053737,12.9,69.3
7.203025,24,4,-1.0791782140731812,2.6380467414855957,-2.0586323738098145,0.0,3.515947024414728,112.24860083848358,12.9,69.3
7.491369,25,0,-0.11562623083591461,0.04110338166356087,-0.026623209938406944,0.0,0.12556953670745566,160.4304670469797,35.300000000000004,53.400000000000006
7.491369,25,1,-0.8055294156074524,2.1229617595672607,-0.7323235273361206,0.0,2.3858210370192943,110.77857898741202,15.4,55.2
7.491369,25,2,-1.8500198125839233,1.4830913543701172,1.8601257801055908,0.0,3.0136690578386136,141.28215987749826,14.9,62.800000000000004
7.491369,25,3,-2.374191999435425,2.046241283416748,1.593108057975769,0.0,3.515947144729216,139.24298471735815,13.0,69.3
7.491369,25,4,-1.0791782140731812,2.637526273727417,-2.0592992305755615,0.0,3.5159470677730225,112.25256286704449,13.0,69.3
7.491369,25,5,-0.20041880011558533,6.522940158843994,-0.2167208343744278,0.25578173995018005,6.5296159099407545,91.75987202576151,13.9,43.300000000000004
7.864325,26,0,-0.11562623083591461,0.04107947275042534,-0.02666008472442627,0.0,0.1255695363385831,160.44098602486505,35.300000000000004,53.400000000000006
7.864325,26,1,-0.8055294156074524,2.1243786811828613,-0.7282031774520874,0.0,2.3858210930672135,110.76590256339468,15.700000000000001,54.900000000000006
7.864325,26,2,-1.8500198125839233,1.479538083076477,1.8629533052444458,0.0,3.013669070045329,141.34921520920042,14.9,62.800000000000004
7.864325,26,3,-2.374191999435425,2.046893358230591,1.592270016670227,0.0,3.5159470809639175,139.2339566794852,12.8,69.4
7.864325,26,4,-1.0791782140731812,2.634631395339966,-2.0630016326904297,0.0,3.5159470905468093,112.2746244150523,12.8,69.4
7.864325,26,5,-0.2697945535182953,4.224434852600098,1.1818647384643555,-0.25578173995018005,4.3949338089436525,93.65424593246837,28.6,42.300000000000004
8.406613,27,0,-0.11562623083591461,0.041111625730991364,-0.0266104768961668,0.0,0.12556953654532116,160.4268403010502,35.1,53.6
8.406613,27,1,-0.8055294156074524,2.137212038040161,-0.6896297335624695,0.0,2.385821054556713,110.65175948717281,15.3,55.400000000000006
8.406613,27,2,-1.8500198125839233,1.4766230583190918,1.865264654159546,0.0,3.0136690583688206,141.4043198084005,14.4,63.300000000000004
8.406613,27,3,-2.374191999435425,2.046542167663574,1.5927215814590454,0.0,3.5159471739850847,139.2388186415822,12.9,69.3
8.406613,27,4,-1.0791782140731812,2.6390786170959473,-2.05730938911438,0.0,3.5159470256932797,112.24074970768754,12.9,69.3
8.406613,27,5,1.4800158739089966,4.586904048919678,3.6192080974578857,0.0,6.027337969097392,72.11712408717194,11.3,70.3
8.406613,27,6,3.7000396251678467,4.143295764923096,-2.3391475677490234,0.0,6.027338083030356,48.23455763844044,11.3,70.3
8.406613,27,7,0.5087553858757019,3.6512887477874756,-1.8921658992767334,0.34104230999946594,4.1437945596714485,82.06771503973826,21.0,41.400000000000006
8.406613,27,8,-4.058481216430664,1.6136571168899536,-2.2152936458587646,0.42630288004875183,4.897211963188068,158.31717074991369,20.900000000000002,47.0
8.406613,27,9,0.9018846154212952,1.187777042388916,4.664597988128662,0.42630288004875183,4.897211916265595,52.79042891249931,20.900000000000002,47.0
8.700183,28,0,-0.11562623083591461,0.04112134501338005,-0.026595450937747955,0.0,0.1255695356510161,160.42256478540418,34.6,54.1
8.700183,28,1,-0.8055294156074524,2.120697498321533,-0.7388547658920288,0.0,2.385821008348585,110.79886682943483,14.700000000000001,55.800000000000004
8.700183,28,2,-1.8500198125839233,1.4761826992034912,1.8656132221221924,0.0,3.013669086502018,141.41265156620162,14.5,63.2
8.700183,28,3,-2.374191999435425,2.0461955070495605,1.5931669473648071,0.0,3.515947187519842,139.24361858764988,12.9,69.3
8.700183,28,4,-1.0791782140731812,2.64074444770813,-2.055170774459839,0.0,3.515947065589206,112.22808615983003,12.9,69.3
9.006475,29,0,-0.11562623083591461,0.041128914803266525,-0.026583747938275337,0.0,0.1255695366904741,160.41923498943495,34.5,54.2
9.006475,29,1,-0.8055294156074524,2.126461982727051,-0.722096860408783,0.0,2.3858210492835723,110.74729122813332,14.600000000000001,56.0
9.006475,29,2,-1.8500198125839233,1.480909824371338,1.8618630170822144,0.0,3.0136690444126555,141.32331358710505,14.4,63.300000000000004
9.006475,29,3,-2.374191999435425,2.0481832027435303,1.5906108617782593,0.0,3.515947240188752,139.2161058815792,13.0,69.3
9.006475,29,4,-1.0791782140731812,2.6341915130615234,-2.063563108444214,0.0,3.5159469916009094,112.2779803434239,13.0,69.3
9.006475,29,5,-0.13489727675914764,4.310381889343262,0.847261905670166,0.17052115499973297,4.394933679141844,91.79253786441058,31.0,45.900000000000006
9.006475,29,6,-0.2042730152606964,6.6444993019104,0.31685271859169006,-0.25578173995018005,6.655185503284671,91.76089963879708,16.8,41.900000000000006
9.300768,30,0,-0.11562623083591461,0.04114198312163353,-0.02656351774930954,0.0,0.12556953654337852,160.41348682706646,35.300000000000004,53.300000000000004
9.300768,30,1,-0.8055294156074524,2.1262760162353516,-0.7226446270942688,0.0,2.385821157106034,110.74895127779394,15.600000000000001,55.0
9.300768,30,2,-1.8500198125839233,1.4832979440689087,1.8599610328674316,0.0,3.013669049782572,141.27826509804657,14.9,62.800000000000004
9.300768,30,3,-2.374191999435425,2.047863006591797,1.5910229682922363,0.0,3.515947188110739,139.22053633987062,12.9,69.3
9.300768,30,4,-1.0791782140731812,2.634772777557373,-2.06282114982605,0.0,3.5159471417041015,112.27354599252203,12.9,69.3
9.300768,30,5,1.4800158739089966,4.685088634490967,3.4911749362945557,0.0,6.027338130208918,72.46871368381183,11.5,70.2
9.300768,30,6,3.7000396251678467,4.131093978881836,-2.3606297969818115,0.0,6.027338030056416,48.15059079929332,11.5,70.2
9.598349,31,0,-0.11562623083591461,0.04114976525306702,-0.026551460847258568,0.0,0.1255695365557516,160.41006401425477,35.300000000000004,53.400000000000006
9.598349,31,1,-0.8055294156074524,2.11930513381958,-0.7428394556045532,0.0,2.385821105289703,110.81136126303457,15.200000000000001,55.300000000000004
9.598349,31,2,-1.8500198125839233,1.4769119024276733,1.8650360107421875,0.0,3.0136690919626057,141.3988558208762,15.0,62.7
9.598349,31,3,-2.374191999435425,2.046640634536743,1.592595100402832,0.0,3.5159471968371836,139.2374553720289,12.9,69.3
9.598349,31,4,-1.0791782140731812,2.6369731426239014,-2.060007333755493,0.0,3.5159469830724652,112.25677501171637,12.9,69.3
9.895951,32,0,-0.11562623083591461,0.04112623259425163,-0.026587894186377525,0.0,0.125569536042715,160.4204148226539,35.1,53.6
9.895951,32,1,-0.8055294156074524,2.1201140880584717,-0.7405274510383606,0.0,2.385821093781816,110.804100337118,14.9,55.5
9.895951,32,2,-1.8500198125839233,1.4795283079147339,1.8629610538482666,0.0,3.0136690609669694,141.34939985392043,14.8,62.900000000000006
9.895951,32,3,-2.374191999435425,2.0457911491394043,1.5936859846115112,0.0,3.5159471118928205,139.2492183002285,12.9,69.3
9.895951,32,4,-1.0791782140731812,2.637166976928711,-2.0597593784332275,0.0,3.5159470955884893,112.25529877324303,12.9,69.3
10.201157,33,0,-0.11562623083591461,0.041142627596855164,-0.026562517508864403,0.0,0.12556953611167976,160.41320336217328,34.800000000000004,53.900000000000006
10.201157,33,1,-0.8055294156074524,2.1192593574523926,-0.7429699897766113,0.0,2.3858210891152485,110.81177228250638,14.9,55.5
10.201157,33,2,-1.8500198125839233,1.478797435760498,1.8635412454605103,0.0,3.013669048933109,141.36320812054245,14.9,62.800000000000004
10.201157,33,3,-2.374191999435425,2.0439932346343994,1.5959914922714233,0.0,3.5159472175812225,139.27412797421127,12.9,69.3
10.201157,33,4,-1.0791782140731812,2.6414272785186768,-2.054293155670166,0.0,3.515947106380591,112.22289927461874,12.9,69.3
10.50992,34,0,-0.11562623083591461,0.04112149775028229,-0.026595216244459152,0.0,0.12556953596169823,160.4224975981996,35.0,53.7
10.50992,34,1,-0.8055294156074524,2.1184475421905518,-0.7452816963195801,0.0,2.3858211239091385,110.81906403409447,14.9,55.7
10.50992,34,2,-1.8500198125839233,1.4745137691497803,1.8669325113296509,0.0,3.013669053533414,141.44424589852213,14.3,63.400000000000006
10.50992,34,3,-2.374191999435425,2.0498812198638916,1.5884219408035278,0.0,3.515947230514119,139.1926208029605,12.9,69.3
10.50992,34,4,-1.0791782140731812,2.6367244720458984,-2.0603256225585938,0.0,3.515946989103698,112.25866915446647,12.9,69.3
10.50992,34,5,1.4800158739089966,4.572093963623047,3.63789963722229,0.0,6.027338050061816,72.06290320655722,11.4,70.3
10.50992,34,6,3.7000396251678467,4.1277899742126465,-2.3664026260375977,0.0,6.0273381096086105,48.127806834363504,11.4,70.3
10.799165,35,0,-0.11562623083591461,0.041107382625341415,-0.026617033407092094,0.0,0.12556953703434878,160.42870691582584,35.0,53.7
10.799165,35,1,-0.8055294156074524,2.1174912452697754,-0.7479944825172424,0.0,2.3858211498516115,110.82765979059624,15.0,55.5
10.799165,35,2,-1.8500198125839233,1.4733097553253174,1.8678828477859497,0.0,3.0136690719358605,141.46705621121538,14.700000000000001,63.0
10.799165,35,3,-2.374191999435425,2.0481014251708984,1.5907158851623535,0.0,3.515947116393831,139.21723735716975,12.9,69.3
10.799165,35,4,-1.0791782140731812,2.6369292736053467,-2.060063600540161,0.0,3.51594704880456,112.25710914314573,12.9,69.3
10.799165,35,5,-0.2697945535182953,4.169418811798096,1.3633058071136475,0.25578173995018005,4.39493402146082,93.70233095691076,22.6,42.6
11.100887,36,0,-0.11562623083591461,0.04114725813269615,-0.026555342599749565,0.0,0.1255695358347279,160.4111667044551,35.6,53.1
11.100887,36,1,-0.8055294156074524,2.123847723007202,-0.7297508120536804,0.0,2.3858212501410843,110.77065102394424,15.5,55.1
11.100887,36,2,-1.8500198125839233,1.4826490879058838,1.8604782819747925,0.0,3.013669036659646,141.29049923424787,14.700000000000001,63.0
11.100887,36,3,-2.374191999435425,2.048346757888794,1.5904000997543335,0.0,3.515947179357976,139.21384304605004,13.0,69.2
11.100887,36,4,-1.0791782140731812,2.6411101818084717,-2.0547008514404297,0.0,3.51594712689093,112.22530770294068,13.0,69.2
11.100887,36,5,-1.2294923067092896,2.6675148010253906,-2.1525235176086426,0.0,3.6415167224393112,114.74559145148267,11.4,70.8
11.100887,36,6,-2.570756673812866,2.0547878742218018,1.5587496757507324,0.0,3.6415166669473527,141.36489951876962,11.4,70.8
11.407294,37,0,-0.11562623083591461,0.041157860308885574,-0.02653890661895275,0.0,0.1255695356647282,160.40650372242396,34.7,54.0
11.407294,37,1,-0.8055294156074524,2.125739097595215,-0.7242224216461182,0.0,2.3858211304430954,110.75374556437579,14.700000000000001,55.800000000000004
11.407294,37,2,-1.8500198125839233,1.4829996824264526,1.8601988554000854,0.0,3.013669050619494,141.28388827972617,14.4,63.300000000000004
11.407294,37,3,-2.374191999435425,2.0480592250823975,1.5907702445983887,0.0,3.5159471285455797,139.21782125323975,12.9,69.3
11.407294,37,4,-1.0791782140731812,2.6364686489105225,-2.0606532096862793,0.0,3.5159471277322445,112.26061809816001,12.9,69.3
11.699194,38,0,-0.11562623083591461,0.04115251451730728,-0.026547197252511978,0.0,0.12556953607615653,160.40885484087872,34.7,54.0
11.699194,38,1,-0.8055294156074524,2.120012044906616,-0.7408194541931152,0.0,2.385821069080622,110.80501597837657,14.9,55.7
11.699194,38,2,-1.8500198125839233,1.4875208139419556,1.8565855026245117,0.0,3.0136690606997814,141.19874545504996,14.5,63.2
11.699194,38,3,-2.374191999435425,2.047640323638916,1.5913095474243164,0.0,3.5159471868756857,139.2236178856972,12.9,69.3
11.699194,38,4,-1.0791782140731812,2.63332200050354,-2.0646727085113525,0.0,3.515947065775842,112.28461681042552,12.9,69.3
12.002827,39,0,-0.11562623083591461,0.04111828655004501,-0.02660018391907215,0.0,0.12556953663472797,160.42391018000407,35.4,53.300000000000004
12.002827,39,1,-0.8055294156074524,2.1153557300567627,-0.754012405872345,0.0,2.3858210771770514,110.8468795566701,15.3,55.2
12.002827,39,2,-1.8500198125839233,1.4799110889434814,1.8626569509506226,0.0,3.013669035421044,141.3421701479417,14.700000000000001,63.0
12.002827,39,3,-2.374191999435425,2.051832675933838,1.585900068283081,0.0,3.5159470995442,139.1656509539233,12.9,69.3
12.002827,39,4,-1.0791782140731812,2.631995916366577,-2.0663628578186035,0.0,3.515947039088158,112.29474524237806,12.9,69.3
12.002827,39,5,-1.2294923067092896,2.659168004989624,-2.1628262996673584,0.0,3.6415166364511675,114.81392218633584,11.4,70.8
12.002827,39,6,-2.570756673812866,2.0578064918518066,1.554762601852417,0.0,3.641516741960653,141.32387186121895,11.4,70.8
12.308856,40,0,-0.11562623083591461,0.04109349101781845,-0.026638470590114594,0.0,0.125569536021808,160.43481837417102,35.1,53.6
12.308856,40,1,-0.8055294156074524,2.1216862201690674,-0.7360109090805054,0.0,2.3858210566909035,110.79000319995438,15.0,55.400000000000006
12.308856,40,2,-1.8500198125839233,1.4881060123443604,1.856116533279419,0.0,3.0136690919942914,141.18773972964556,14.600000000000001,63.1
12.308856,40,3,-2.374191999435425,2.047868251800537,1.5910159349441528,0.0,3.515947060489106,139.22046375872574,13.0,69.2
12.308856,40,4,-1.0791782140731812,2.6357028484344482,-2.0616326332092285,0.0,3.5159471323227915,112.26645415153465,13.0,69.2
12.599345,41,0,-0.11562623083591461,0.04114082455635071,-0.02656531147658825,0.0,0.1255695364184514,160.41399641097374,35.5,53.2
12.599345,41,1,-0.8055294156074524,2.114048957824707,-0.7576691508293152,0.0,2.3858212794773688,110.85865730984641,15.100000000000001,55.300000000000004
12.599345,41,2,-1.8500198125839233,1.492545485496521,1.8525484800338745,0.0,3.013669060149923,141.10435800062842,14.700000000000001,63.0
12.599345,41,3,-2.374191999435425,2.0436408519744873,1.5964425802230835,0.0,3.5159471688282697,139.2790123381764,13.200000000000001,69.10000000000001
12.599345,41,4,-1.0791782140731812,2.6384499073028564,-2.0581157207489014,0.0,3.5159470773989763,112.24553268405838,13.200000000000001,69.10000000000001
12.599345,41,5,1.4800158739089966,4.644680500030518,3.5447568893432617,0.0,6.027338163645115,72.32564984775385,11.4,70.10000000000001
12.599345,41,6,3.7000396251678467,4.145772933959961,-2.334754467010498,0.0,6.027338124661058,48.2515707515972,11.4,70.10000000000001
12.902942,42,0,-0.11562623083591461,0.04112313687801361,-0.026592686772346497,0.0,0.12556953704533672,160.42177656831242,35.6,53.1
12.902942,42,1,-0.8055294156074524,2.113525390625,-0.759127676486969,0.0,2.3858210422062145,110.86337971532963,15.3,55.0
12.902942,42,2,-1.8500198125839233,1.4827572107315063,1.8603922128677368,0.0,3.0136690990598565,141.28846029535998,15.100000000000001,62.6
12.902942,42,3,-2.374191999435425,2.046631336212158,1.592607021331787,0.0,3.515947184037902,139.23758410453513,13.200000000000001,69.10000000000001
12.902942,42,4,-1.0791782140731812,2.6353306770324707,-2.062108039855957,0.0,3.515946951118173,112.26929146421293,13.200000000000001,69.10000000000001
13.199165,43,0,-0.11562623083591461,0.04114002734422684,-0.02656654641032219,0.0,0.12556953649422994,160.41434705900818,35.9,52.800000000000004
13.199165,43,1,-0.8055294156074524,2.1012916564941406,-0.7923625707626343,0.0,2.385821181188218,110.97430838863191,15.600000000000001,54.5
13.199165,43,2,-1.8500198125839233,1.4737149477005005,1.8675631284713745,0.0,3.013669041692324,141.4593781350872,15.700000000000001,62.0
13.199165,43,3,-2.374191999435425,2.0475265979766846,1.5914555788040161,0.0,3.515947052916409,139.2251917618972,13.0,69.2
13.199165,43,4,-1.0791782140731812,2.6326651573181152,-2.0655102729797363,0.0,3.515947117928798,112.28963258840814,13.0,69.2
13.493876,44,0,-0.11562623083591461,0.04111604019999504,-0.026603655889630318,0.0,0.12556953661514278,160.42489834650104,35.6,53.1
13.493876,44,1,-0.8055294156074524,2.0928955078125,-0.8142808079719543,0.0,2.3858211333337804,111.05109397776727,15.200000000000001,54.900000000000006
13.493876,44,2,-1.8500198125839233,1.4681423902511597,1.8719470500946045,0.0,3.013669050072243,141.56511753707542,15.100000000000001,62.6
13.493876,44,3,-2.374191999435425,2.0450401306152344,1.5946497917175293,0.0,3.5159472044151507,139.25962121294455,13.100000000000001,69.2
13.493876,44,4,-1.0791782140731812,2.634505033493042,-2.0631628036499023,0.0,3.515946976789451,112.2755883504364,13.100000000000001,69.2
13.810288,45,0,-0.11562623083591461,0.041113682091236115,-0.026607301086187363,0.0,0.12556953684516983,160.4259356885505,35.6,53.1
13.810288,45,1,-0.8055294156074524,2.0879242420196533,-0.8269444108009338,0.0,2.3858211035987447,111.09681132248026,15.200000000000001,54.900000000000006
13.810288,45,2,-1.8500198125839233,1.4759480953216553,1.865798830986023,0.0,3.0136690868019147,141.4170911482594,15.0,62.7
13.810288,45,3,-2.374191999435425,2.0463056564331055,1.5930253267288208,0.0,3.515947124365321,139.2420933577114,13.0,69.2
13.810288,45,4,-1.0791782140731812,2.636106491088867,-2.0611162185668945,0.0,3.515946972940652,112.2633776879817,13.0,69.2
14.103411,46,0,-0.11562623083591461,0.0411393828690052,-0.026567546650767326,0.0,0.12556953697136702,160.41463052792798,35.9,52.800000000000004
14.103411,46,1,-0.8055294156074524,2.11313796043396,-0.7602056264877319,0.0,2.385821090060922,110.86687552477648,15.700000000000001,54.7
14.103411,46,2,-1.8500198125839233,1.4742175340652466,1.867166519165039,0.0,3.01366910177434,141.44985679676356,15.100000000000001,62.6
14.103411,46,3,-2.374191999435425,2.0493271350860596,1.5891367197036743,0.0,3.5159472223987907,139.20028245920935,13.0,69.2
14.103411,46,4,-1.0791782140731812,2.633453607559204,-2.064504861831665,0.0,3.5159470765959133,112.2836120918398,13.0,69.2
14.397399,47,0,-0.11562623083591461,0.041104063391685486,-0.02662215195596218,0.0,0.12556953555458525,160.43016713364685,35.300000000000004,53.300000000000004
14.397399,47,1,-0.8055294156074524,2.117863416671753,-0.7469396591186523,0.0,2.3858210212523745,110.82431369012443,15.3,55.1
14.397399,47,2,-1.8500198125839233,1.488271713256836,1.8559836149215698,0.0,3.013669055867089,141.1846240388462,14.9,62.800000000000004
14.397399,47,3,-2.374191999435425,2.045433521270752,1.5941451787948608,0.0,3.515947211093498,139.25417166230054,13.100000000000001,69.2
14.397399,47,4,-1.0791782140731812,2.637366533279419,-2.0595037937164307,0.0,3.515947059459919,112.25377914995562,13.100000000000001,69.2
14.702459,48,0,-0.11562623083591461,0.04107788950204849,-0.026662524789571762,0.0,0.12556953647846775,160.44168264010014,35.800000000000004,52.900000000000006
14.702459,48,1,-0.8055294156074524,2.1107723712921143,-0.7667496800422668,0.0,2.3858211824577165,110.88824470233442,15.700000000000001,54.800000000000004
14.702459,48,2,-1.8500198125839233,1.4929457902908325,1.85222589969635,0.0,3.0136690633190177,141.09684912281472,14.9,62.800000000000004
14.702459,48,3,-2.374191999435425,2.048372268676758,1.5903671979904175,0.0,3.515947159118157,139.21349011038637,13.0,69.3
14.702459,48,4,-1.0791782140731812,2.6356801986694336,-2.0616612434387207,0.0,3.515946929361366,112.26662680630213,13.0,69.3
14.995804,49,0,-0.11562623083591461,0.041138358414173126,-0.026569131761789322,0.0,0.1255695367233172,160.4150811308661,35.0,53.7
14.995804,49,1,-0.8055294156074524,2.0900845527648926,-0.821469247341156,0.0,2.385821200644036,111.07692115249593,14.600000000000001,55.6
14.995804,49,2,-1.8500198125839233,1.467545986175537,1.8724147081375122,0.0,3.0136690872991796,141.57645270816283,14.600000000000001,63.1
14.995804,49,3,-2.374191999435425,2.0481972694396973,1.590592384338379,0.0,3.515947075517301,139.21591125846854,12.9,69.3
14.995804,49,4,-1.0791782140731812,2.6330819129943848,-2.064978837966919,0.0,3.515947038781949,112.28644991531422,12.9,69.3
15.309365,50,0,-0.11562623083591461,0.041120242327451706,-0.02659715712070465,0.0,0.12556953592847275,160.42304984590965,35.4,53.300000000000004
15.309365,50,1,-0.8055294156074524,2.089963912963867,-0.8217761516571045,0.0,2.3858212087942556,111.07803094992732,15.100000000000001,55.1
15.309365,50,2,-1.8500198125839233,1.4725327491760254,1.8684954643249512,0.0,3.013669076815149,141.4817844509854,14.9,62.800000000000004
15.309365,50,3,-2.374191999435425,2.0467734336853027,1.5924242734909058,0.0,3.515947127848504,139.23561686219142,13.0,69.3
15.309365,50,4,-1.0791782140731812,2.6341614723205566,-2.0636017322540283,0.0,3.5159471539472844,112.278209563786,13.0,69.3
15.600996,51,0,-0.11562623083591461,0.04109785705804825,-0.026631737127900124,0.0,0.12556953665015075,160.4328975333566,35.0,53.7
15.600996,51,1,-0.8055294156074524,2.0936989784240723,-0.8122128844261169,0.0,2.3858212048036376,111.04372275567104,14.600000000000001,55.5
15.600996,51,2,-1.8500198125839233,1.4744874238967896,1.8669533729553223,0.0,3.013669087171334,141.44474486043126,14.8,62.900000000000006
15.600996,51,3,-2.374191999435425,2.0451695919036865,1.5944838523864746,0.0,3.5159472500809628,139.25782771678428,13.0,69.3
15.600996,51,4,-1.0791782140731812,2.635941982269287,-2.061326742172241,0.0,3.51594705443844,112.26463143571902,13.0,69.3
15.886157,52,0,-0.11562623083591461,0.041109245270490646,-0.026614151895046234,0.0,0.1255695360552159,160.4278875010298,34.7,54.0
15.886157,52,1,-0.8055294156074524,2.1115143299102783,-0.7647041082382202,0.0,2.385821195727322,110.8815378367809,14.4,55.7
15.886157,52,2,-1.8500198125839233,1.4663039445877075,1.8733874559402466,0.0,3.013669047015746,141.60007019823038,14.5,63.2
15.886157,52,3,-2.374191999435425,2.0470633506774902,1.592051386833191,0.0,3.5159470459874136,139.2316035208628,13.100000000000001,69.2
15.886157,52,4,-1.0791782140731812,2.6383414268493652,-2.0582547187805176,0.0,3.5159470402356736,112.24635815814919,13.100000000000001,69.2
16.270531,53,0,-0.11562623083591461,0.04106948897242546,-0.02667546272277832,0.0,0.1255695364857684,160.44537889925473,35.0,53.7
16.270531,53,1,-0.8055294156074524,2.1095163822174072,-0.7701982259750366,0.0,2.3858210983951826,110.8996074832935,15.0,55.5
16.270531,53,2,-1.8500198125839233,1.4658268690109253,1.8737608194351196,0.0,3.0136690802604056,141.6091459213885,14.4,63.300000000000004
16.270531,53,3,-2.374191999435425,2.048121929168701,1.5906895399093628,0.0,3.5159471411416243,139.2169536599602,12.9,69.4
16.270531,53,4,-1.0791782140731812,2.636998414993286,-2.0599751472473145,0.0,3.515947079477147,112.25658252728113,12.9,69.4
16.792007,54,0,-0.11562623083591461,0.04109865799546242,-0.026630502194166183,0.0,0.1255695368847942,160.43254516565054,35.5,53.2
16.792007,54,1,-0.8055294156074524,2.1078603267669678,-0.7747189402580261,0.0,2.385821081506648,110.91460767840795,15.5,54.800000000000004
16.792007,54,2,-1.8500198125839233,1.4795713424682617,1.8629268407821655,0.0,3.0136690393128784,141.34858697392767,15.100000000000001,62.6
16.792007,54,3,-2.374191999435425,2.0483503341674805,1.5903955698013306,0.0,3.5159472137833507,139.21379356886177,13.0,69.2
16.792007,54,4,-1.0791782140731812,2.63383150100708,-2.0640227794647217,0.0,3.5159471024997893,112.28072764403262,13.0,69.2
17.09702,55,0,-0.11562623083591461,0.04112895205616951,-0.02658369019627571,0.0,0.12556953666797718,160.41921860298416,35.7,53.0
17.09702,55,1,-0.8055294156074524,2.1289045810699463,-0.7148635983467102,0.0,2.3858210995275178,110.72551066194534,15.600000000000001,54.900000000000006
17.09702,55,2,-1.8500198125839233,1.4867699146270752,1.8571869134902954,0.0,3.013669078985426,141.21287247041138,15.100000000000001,62.6
17.09702,55,3,-2.374191999435425,2.0480434894561768,1.5907907485961914,0.0,3.515947239465667,139.21803897982582,13.0,69.2
17.09702,55,4,-1.0791782140731812,2.634251594543457,-2.0634865760803223,0.0,3.515947088729951,112.2775219161297,13.0,69.2
17.403196,56,0,-0.11562623083591461,0.041150715202093124,-0.026549991220235825,0.0,0.125569537120906,160.4096462083922,34.9,53.800000000000004
17.403196,56,1,-0.8055294156074524,2.134962320327759,-0.6965635418891907,0.0,2.3858211409318564,110.67168221968515,15.3,55.300000000000004
17.403196,56,2,-1.8500198125839233,1.4827806949615479,1.8603734970092773,0.0,3.013669100063614,141.28801745410647,14.8,62.900000000000006
17.403196,56,3,-1.2294923067092896,2.6670174598693848,-2.153139591217041,0.0,3.6415166569400395,114.7496530352325,11.4,70.8
17.403196,56,4,-2.570756673812866,2.0554933547973633,1.5578192472457886,0.0,3.6415166640644316,141.35530674361556,11.4,70.8
17.403196,56,5,-0.2697945535182953,4.360414505004883,0.47899961471557617,0.34104230999946594,4.394933945745121,93.54058269798652,19.1,41.6
17.691099,57,0,-0.11562623083591461,0.04112161323428154,-0.026595039293169975,0.0,0.1255695363028601,160.4224467981553,34.7,54.0
17.691099,57,1,-0.8055294156074524,2.1439836025238037,-0.6682807207107544,0.0,2.3858211267765896,110.59201386540452,15.100000000000001,55.6
17.691099,57,2,-1.8500198125839233,1.48527991771698,1.8583787679672241,0.0,3.0136690903544454,141.240921054436,14.5,63.2
17.691099,57,3,-2.374191999435425,2.0494625568389893,1.5889620780944824,0.0,3.5159472276600687,139.1984097396119,13.0,69.2
17.691099,57,4,-1.0791782140731812,2.6369662284851074,-2.06001615524292,0.0,3.5159469660054565,112.25682767310299,13.0,69.2
17.691099,57,5,-1.2294923067092896,2.664032220840454,-2.156832218170166,0.0,3.641516747630071,114.77405855055868,11.4,70.8
17.691099,57,6,-2.570756673812866,2.054887056350708,1.5586191415786743,0.0,3.6415167607477126,141.36355073421242,11.4,70.8
17.996929,58,0,-0.11562623083591461,0.04110002890229225,-0.026628384366631508,0.0,0.12556953646114385,160.43194204682638,34.300000000000004,54.400000000000006
17.996929,58,1,-0.8055294156074524,2.1198208332061768,-0.7413666844367981,0.0,2.385821151112678,110.80673194347152,14.5,56.1
17.996929,58,2,-1.8500198125839233,1.4644699096679688,1.8748215436935425,0.0,3.0136690667645314,141.63497271295006,13.9,63.800000000000004
17.996929,58,3,-2.374191999435425,2.046487331390381,1.5927919149398804,0.0,3.5159471173529266,139.23957787163053,13.100000000000001,69.2
17.996929,58,4,-1.0791782140731812,2.640429973602295,-2.055574655532837,0.0,3.51594698874948,112.23047572541839,13.100000000000001,69.2
18.297205,59,0,-0.11562623083591461,0.04112539812922478,-0.02658918686211109,0.0,0.12556953645926913,160.42078188540248,35.6,53.1
18.297205,59,1,-0.8055294156074524,2.1333045959472656,-0.7016242742538452,0.0,2.3858211921099293,110.68638599727052,15.4,55.1
18.297205,59,2,-1.8500198125839233,1.460687279701233,1.8777700662612915,0.0,3.0136690358732126,141.70706430617074,15.0,62.800000000000004
18.297205,59,3,-2.374191999435425,2.0415761470794678,1.5990818738937378,0.0,3.5159470493627363,139.30764555153766,13.100000000000001,69.2
18.297205,59,4,-1.0791782140731812,2.646986484527588,-2.0471248626708984,0.0,3.515946994817647,112.18075608289492,13.100000000000001,69.2
18.605423,60,0,-0.11562623083591461,0.041148245334625244,-0.026553813368082047,0.0,0.12556953593856135,160.41073250814543,34.5,54.2
18.605423,60,1,-0.8055294156074524,2.1176888942718506,-0.7474349141120911,0.0,2.385821209387863,110.82588264966179,14.5,55.900000000000006
18.605423,60,2,-1.8500198125839233,1.463376522064209,1.875675082206726,0.0,3.0136690538765207,141.65579640343466,14.200000000000001,63.5
18.605423,60,3,-2.374191999435425,2.0473263263702393,1.591713309288025,0.0,3.515947097980354,139.22796354907882,13.100000000000001,69.2
18.605423,60,4,-1.0791782140731812,2.645045757293701,-2.0496318340301514,0.0,3.5159470034369678,112.19545108101568,13.100000000000001,69.2
18.605423,60,5,1.4800158739089966,4.490384578704834,3.738288640975952,0.0,6.027337937675523,71.7579514227804,11.3,70.4
18.605423,60,6,3.7000396251678467,4.170898914337158,-2.2895660400390625,0.0,6.027338022139729,48.423497230891144,11.3,70.4
18.903428,61,0,-0.11562623083591461,0.041103798896074295,-0.02662256360054016,0.0,0.12556953624854214,160.43028349333198,34.6,54.1
18.903428,61,1,-0.8055294156074524,2.126974105834961,-0.720587432384491,0.0,2.385821186512474,110.74272101892993,14.700000000000001,55.900000000000006
18.903428,61,2,-1.8500198125839233,1.4641969203948975,1.8750346899032593,0.0,3.0136690291051487,141.64017070263913,14.3,63.5
18.903428,61,3,-2.374191999435425,2.045882225036621,1.5935691595077515,0.0,3.5159471547562,139.2479569619095,13.200000000000001,69.10000000000001
18.903428,61,4,-1.0791782140731812,2.6424195766448975,-2.053016424179077,0.0,3.5159469954359985,112.21536572440125,13.200000000000001,69.10000000000001
18.903428,61,5,1.4800158739089966,4.582343101501465,3.624981164932251,0.0,6.027338030425558,72.10045992032501,11.600000000000001,70.0
18.903428,61,6,3.7000396251678467,4.149364471435547,-2.3283653259277344,0.0,6.027338038936126,48.276217219832546,11.600000000000001,70.0
19.203361,62,0,-0.11562623083591461,0.04112556576728821,-0.02658892422914505,0.0,0.1255695357507663,160.4207081449839,34.2,54.5
19.203361,62,1,-0.8055294156074524,2.1284027099609375,-0.7163567543029785,0.0,2.3858211866385637,110.72998226031758,13.9,56.7
19.203361,62,2,-1.8500198125839233,1.4764487743377686,1.8654025793075562,0.0,3.0136690384121207,141.40761709475146,13.8,63.900000000000006
19.203361,62,3,-2.374191999435425,2.044311285018921,1.5955839157104492,0.0,3.5159471429918825,139.2697201042227,13.200000000000001,69.10000000000001
19.203361,62,4,-1.0791782140731812,2.6401662826538086,-2.0559134483337402,0.0,3.515947059446678,112.2324797856521,13.200000000000001,69.10000000000001
19.203361,62,5,1.4800158739089966,4.555400371551514,3.6587817668914795,0.0,6.027338015234571,72.00140422454136,11.9,70.10000000000001
19.203361,62,6,3.7000396251678467,4.02177619934082,-2.5424060821533203,0.0,6.027338194590271,47.385901425710095,11.9,70.10000000000001
19.496646,63,0,-0.11562623083591461,0.04116186499595642,-0.026532700285315514,0.0,0.12556953679812607,160.4047424765927,34.2,54.5
19.496646,63,1,-0.8055294156074524,2.107407808303833,-0.7759494781494141,0.0,2.385821221833102,110.91871007206332,13.9,56.2
19.496646,63,2,-1.8500198125839233,1.4759007692337036,1.865836262702942,0.0,3.0136690838237326,141.41798680121883,14.3,63.400000000000006
19.496646,63,3,-2.374191999435425,2.044332504272461,1.5955567359924316,0.0,3.515947146357424,139.26942604671825,13.100000000000001,69.10000000000001
19.496646,63,4,-1.0791782140731812,2.6386947631835938,-2.0578017234802246,0.0,3.5159470422833285,112.24366968485116,13.100000000000001,69.10000000000001
19.496646,63,5,1.4800158739089966,4.408518314361572,3.834491014480591,0.0,6.027337891243231,71.44220701839802,11.600000000000001,70.0
19.496646,63,6,3.7000396251678467,4.02448034286499,-2.5381228923797607,0.0,6.027337975818274,47.405089810690995,11.600000000000001,70.0
19.496646,63,7,0.3815665543079376,3.5751490592956543,-2.0600361824035645,0.25578173995018005,4.143794505566231,83.90802823062079,26.1,42.0
19.496646,63,8,0.7901126146316528,2.1312594413757324,-4.619412899017334,0.25578173995018005,5.148351219746084,69.65896298680401,12.200000000000001,54.0
19.496646,63,9,-4.108585834503174,1.3255971670150757,-2.8049659729003906,0.25578173995018005,5.148351145542383,162.11818488869238,12.200000000000001,54.0
19.801973,64,0,-0.11562623083591461,0.0411505252122879,-0.026550285518169403,0.0,0.12556953708469132,160.40972976939122,34.7,54.0
19.801973,64,1,-0.8055294156074524,2.119442939758301,-0.7424458861351013,0.0,2.3858210134331386,110.81012401681424,14.600000000000001,55.900000000000006
19.801973,64,2,-1.8500198125839233,1.4702630043029785,1.8702819347381592,0.0,3.013669046890018,141.52484226026263,14.700000000000001,63.0
19.801973,64,3,-2.374191999435425,2.042276620864868,1.5981873273849487,0.0,3.5159471241371434,139.29792866006548,13.200000000000001,69.10000000000001
19.801973,64,4,-1.0791782140731812,2.6394009590148926,-2.0568959712982178,0.0,3.5159471095171146,112.23829821441964,13.200000000000001,69.10000000000001
19.801973,64,5,1.4800158739089966,4.375219821929932,3.8724420070648193,0.0,6.0273379343879006,71.31074352983143,11.4,70.4
19.801973,64,6,3.7000396251678467,4.09598970413208,-2.4210288524627686,0.0,6.02733818435845,47.907479084695005,11.4,70.4
19.801973,64,7,0.5704227685928345,4.498462200164795,-1.0121514797210693,0.25578173995018005,4.646073064335316,82.7732378525679,16.1,45.900000000000006
19.801973,64,8,-4.162544250488281,1.0575416088104248,-2.6044507026672363,0.25578173995018005,5.0227813364969665,165.74495663813443,18.400000000000002,51.0
19.801973,64,9,0.9250098466873169,1.6699292659759521,-4.6458611488342285,0.25578173995018005,5.02278137928367,61.01698554414603,18.400000000000002,51.0
20.098348,65,0,-0.11562623083591461,0.04114295169711113,-0.02656201831996441,0.0,0.12556953670736049,160.41306081084116,34.5,54.2
20.098348,65,1,-0.8055294156074524,2.091590166091919,-0.817628026008606,0.0,2.385821169160848,111.06307999483312,14.200000000000001,56.1
20.098348,65,2,-1.8500198125839233,1.4742885828018188,1.8671103715896606,0.0,3.01366907141951,141.44851100451194,14.5,63.2
20.098348,65,3,-2.374191999435425,2.046076536178589,1.5933196544647217,0.0,3.5159471502551534,139.2452660466591,13.200000000000001,69.10000000000001
20.098348,65,4,-1.0791782140731812,2.6392335891723633,-2.057110548019409,0.0,3.5159470079508495,112.23957104111916,13.200000000000001,69.10000000000001
20.098348,65,5,0.9481351375579834,1.9982554912567139,-4.649035930633545,0.25578173995018005,5.148351224589423,64.61652864311063,16.1,54.300000000000004
20.403458,66,0,-0.11562623083591461,0.04113985598087311,-0.02656681090593338,0.0,0.1255695363102007,160.41442243214956,35.300000000000004,53.400000000000006
20.403458,66,1,-0.8055294156074524,2.106353998184204,-0.7788049578666687,0.0,2.3858210258678603,110.92826955219404,14.9,55.400000000000006
20.403458,66,2,-1.8500198125839233,1.4665307998657227,1.8732099533081055,0.0,3.013669096480303,141.59575538002193,14.700000000000001,63.0
20.403458,66,3,-2.374191999435425,2.047811985015869,1.5910884141921997,0.0,3.5159470869076603,139.22124236473712,13.200000000000001,69.10000000000001
20.403458,66,4,-1.0791782140731812,2.639859676361084,-2.056307077407837,0.0,3.5159470310579177,112.23481043530018,13.200000000000001,69.10000000000001
20.403458,66,5,-0.13104306161403656,4.2354888916015625,0.5205115675926208,-0.25578173995018005,4.269364206398318,91.77212600725075,25.900000000000002,42.0
20.403458,66,6,2.4281508922576904,5.102321624755859,0.002884523943066597,-0.25578173995018005,5.650629260401134,64.55062574665023,19.3,48.5
20.703682,67,0,-0.11562623083591461,0.04111514613032341,-0.026605037972331047,0.0,0.12556953668843107,160.42529164997143,34.7,54.0
20.703682,67,1,-0.8055294156074524,2.116481304168701,-0.7508476376533508,0.0,2.385821226595603,110.8367450992827,14.600000000000001,56.0
20.703682,67,2,-1.8500198125839233,1.4689273834228516,1.8713310956954956,0.0,3.013669032000605,141.55020349196496,14.3,63.400000000000006
20.703682,67,3,-2.374191999435425,2.045550584793091,1.5939947366714478,0.0,3.515947107916559,139.2525501805407,13.200000000000001,69.10000000000001
20.703682,67,4,-1.0791782140731812,2.6389002799987793,-2.0575382709503174,0.0,3.515947104541398,112.24210622768115,13.200000000000001,69.10000000000001
21.008121,68,0,-0.11562623083591461,0.041128113865852356,-0.026584982872009277,0.0,0.1255695358030273,160.41958729893346,34.4,54.300000000000004
21.008121,68,1,-0.8055294156074524,2.108680009841919,-0.7724854350090027,0.0,2.385821194183849,110.90718059510252,14.100000000000001,56.0
21.008121,68,2,-1.8500198125839233,1.467125415802002,1.8727442026138306,0.0,3.013669049691582,141.5844481485542,14.700000000000001,63.0
21.008121,68,3,-2.374191999435425,2.045546054840088,1.5940005779266357,0.0,3.5159471206327146,139.25261292480008,13.100000000000001,69.2
21.008121,68,4,-1.0791782140731812,2.637631893157959,-2.059163808822632,0.0,3.515946986673597,112.25175873734956,13.100000000000001,69.2
21.008121,68,5,0.8325088620185852,2.8954834938049316,-3.370171546936035,-0.34104230999946594,4.520503503373659,73.9590083609507,20.1,41.400000000000006
21.008121,68,6,0.0,4.184115409851074,0.8489110469818115,-0.25578173995018005,4.269364323718577,90.0,20.1,42.2
21.008121,68,7,-1.5725167989730835,2.2401201725006104,-3.2766637802124023,-0.25578173995018005,4.269364472477437,125.06804012690468,20.1,42.2
21.302552,69,0,-0.11562623083591461,0.04109989479184151,-0.026628591120243073,0.0,0.12556953641018884,160.43200104738176,34.6,54.1
21.302552,69,1,-0.8055294156074524,2.134683609008789,-0.6974173188209534,0.0,2.3858211723788267,110.67415295121167,14.9,55.7
21.302552,69,2,-1.8500198125839233,1.465113878250122,1.8743183612823486,0.0,3.013669076497006,141.62271386224202,14.700000000000001,63.0
21.302552,69,3,-2.374191999435425,2.0407795906066895,1.6000983715057373,0.0,3.5159470681617635,139.31869873585535,13.200000000000001,69.0
21.302552,69,4,-1.0791782140731812,2.643437147140503,-2.051706075668335,0.0,3.5159470117660847,112.20764534020319,13.200000000000001,69.0
21.602607,70,0,-0.11562623083591461,0.04113465175032616,-0.026574868708848953,0.0,0.1255695364283606,160.4167115152916,34.4,54.300000000000004
21.602607,70,1,-0.8055294156074524,2.1209216117858887,-0.7382119297981262,0.0,2.3858212372358514,110.79685707858758,13.9,56.2
21.602607,70,2,-1.8500198125839233,1.4721014499664307,1.868835210800171,0.0,3.0136690314420465,141.4899623786215,14.0,63.7
21.602607,70,3,-2.374191999435425,2.042133092880249,1.598370909690857,0.0,3.5159472100937195,139.29991943280237,13.3,69.0
21.602607,70,4,-1.0791782140731812,2.640643835067749,-2.055299997329712,0.0,3.51594703606795,112.22885062283086,13.3,69.0
21.602607,70,5,0.1464598923921585,4.7237396240234375,0.6583337783813477,-0.6820846199989319,4.771642264399802,88.22410908479982,21.1,41.400000000000006
21.889096,71,0,-0.11562623083591461,0.04112047329545021,-0.026596803218126297,0.0,0.12556953660337278,160.42294824515653,35.2,53.5
21.889096,71,1,-0.8055294156074524,2.119481086730957,-0.7423374056816101,0.0,2.3858211459145937,110.80978155135486,15.0,55.5
21.889096,71,2,-1.8500198125839233,1.4680068492889404,1.8720533847808838,0.0,3.0136690747296493,141.56769329688078,14.700000000000001,63.0
21.889096,71,3,-2.374191999435425,2.045766830444336,1.5937174558639526,0.0,3.51594722711461,139.2495551054663,13.100000000000001,69.2
21.889096,71,4,-1.0791782140731812,2.641875743865967,-2.0537164211273193,0.0,3.5159471273279324,112.21949391473017,13.100000000000001,69.2
21.889096,71,5,1.2950139045715332,4.7147979736328125,3.524545907974243,0.0,6.0273381191553925,74.64132458557394,11.5,70.4
22.191592,72,0,-0.11562623083591461,0.04115420579910278,-0.02654458023607731,0.0,0.1255695371186207,160.40811099527858,34.0,54.7
22.191592,72,1,-0.8055294156074524,2.1309561729431152,-0.7087246775627136,0.0,2.385821141452063,110.70725044098003,13.9,56.7
22.191592,72,2,-1.8500198125839233,1.4770749807357788,1.8649067878723145,0.0,3.0136690483729116,141.3957712791085,13.700000000000001,64.0
22.191592,72,3,-2.374191999435425,2.044980049133301,1.594726800918579,0.0,3.5159471869048917,139.26045358656282,12.9,69.3
22.191592,72,4,-1.0791782140731812,2.6420178413391113,-2.0535335540771484,0.0,3.515947091383072,112.21841512382174,12.9,69.3
22.191592,72,5,0.5704227685928345,4.12371826171875,-2.062901020050049,-1.3641692399978638,4.646073079008267,82.12440804429518,14.4,41.6
22.49396,73,0,-0.11562623083591461,0.04117584601044655,-0.026510998606681824,0.0,0.1255695369073236,160.39859398288155,35.300000000000004,53.400000000000006
22.49396,73,1,-0.8055294156074524,2.1186673641204834,-0.7446562647819519,0.0,2.3858210309822336,110.81708910421347,15.3,55.2
22.49396,73,2,-1.8500198125839233,1.4666774272918701,1.8730950355529785,0.0,3.01366902543955,141.59296678052328,14.600000000000001,63.1
22.49396,73,3,-2.374191999435425,2.046217441558838,1.593138575553894,0.0,3.515947097048058,139.24331485662674,13.0,69.3
22.49396,73,4,-1.0791782140731812,2.6418838500976562,-2.053705930709839,0.0,3.5159470907523285,112.21943237029201,13.0,69.3
22.804553,74,0,-0.11562623083591461,0.04112305864691734,-0.026592804118990898,0.0,0.1255695362765549,160.42181098095583,34.2,54.5
22.804553,74,1,-0.8055294156074524,2.1100027561187744,-0.7688647508621216,0.0,2.38582109039131,110.89520591675397,14.0,56.2
22.804553,74,2,-1.8500198125839233,1.4848682880401611,1.8587076663970947,0.0,3.0136690808553794,141.24867370451227,14.4,63.300000000000004
22.804553,74,3,-2.374191999435425,2.0407464504241943,1.6001406908035278,0.0,3.515947092245178,139.31915867541053,13.100000000000001,69.2
22.804553,74,4,-1.0791782140731812,2.6453328132629395,-2.0492613315582275,0.0,3.515947001260912,112.19327635618458,13.100000000000001,69.2
23.100525,75,0,-0.11562623083591461,0.04115401580929756,-0.026544872671365738,0.0,0.12556953667068754,160.40819455468386,34.6,54.1
23.100525,75,1,-0.8055294156074524,2.1331253051757812,-0.7021692395210266,0.0,2.3858212103843175,110.68797747935862,14.600000000000001,55.900000000000006
23.100525,75,2,-1.8500198125839233,1.466935396194458,1.8728930950164795,0.0,3.0136690775401425,141.58806118143764,14.100000000000001,63.6
23.100525,75,3,-2.374191999435425,2.046344518661499,1.5929754972457886,0.0,3.515947165994479,139.24155525216244,13.0,69.2
23.100525,75,4,-1.0791782140731812,2.6421663761138916,-2.053342342376709,0.0,3.515947034839129,112.21728756781789,13.0,69.2
23.100525,75,5,-0.12718884646892548,3.8709661960601807,1.4732540845870972,0.42630288004875183,4.1437946246718464,91.8818979467183,21.8,42.1
23.100525,75,6,0.5241722464561462,3.405008554458618,-2.521632671356201,-0.17052115499973297,4.269364253509211,81.2484991857831,28.200000000000003,45.800000000000004
23.100525,75,7,0.9481351375579834,1.9198473691940308,-4.681959629058838,-0.17052115499973297,5.148351204823745,63.71709273774693,17.0,56.1
23.393935,76,0,-0.11562623083591461,0.04114384576678276,-0.02656063437461853,0.0,0.12556953691155823,160.41266756709547,34.7,54.0
23.393935,76,1,-0.8055294156074524,2.116588830947876,-0.7505442500114441,0.0,2.385821156316504,110.83577744106898,14.600000000000001,55.800000000000004
23.393935,76,2,-1.8500198125839233,1.4675869941711426,1.8723825216293335,0.0,3.0136690594218147,141.5756732020965,14.5,63.2
23.393935,76,3,-2.374191999435425,2.046752691268921,1.5924510955810547,0.0,3.515947201141828,139.23590401950275,13.100000000000001,69.2
23.393935,76,4,-1.0791782140731812,2.643160820007324,-2.0520622730255127,0.0,3.515947142737872,112.20974135109924,13.100000000000001,69.2
23.393935,76,5,1.4800158739089966,4.7335004806518555,3.425248384475708,0.0,6.027337744204103,72.63718722256863,11.3,70.3
23.393935,76,6,3.7000396251678467,4.0978827476501465,-2.4178225994110107,0.0,6.027337916818962,47.920647797787844,11.3,70.3
23.698741,77,0,-0.11562623083591461,0.041117846965789795,-0.02660086192190647,0.0,0.1255695363191672,160.4241035515985,34.7,54.0
23.698741,77,1,-0.8055294156074524,2.123392105102539,-0.7310752272605896,0.0,2.385821170862309,110.77472735709219,14.600000000000001,55.900000000000006
23.698741,77,2,-1.8500198125839233,1.4878102540969849,1.8563536405563354,0.0,3.0136691089029584,141.19330157899648,14.4,63.300000000000004
23.698741,77,3,-2.374191999435425,2.049271821975708,1.5892078876495361,0.0,3.515947149872182,139.20104740324402,13.200000000000001,69.2
23.698741,77,4,-1.0791782140731812,2.639444589614868,-2.056839942932129,0.0,3.5159470858103687,112.23796643189462,13.200000000000001,69.2
23.994122,78,0,-0.11562623083591461,0.04111718013882637,-0.026601891964673996,0.0,0.1255695361781236,160.4243968873609,34.800000000000004,53.900000000000006
23.994122,78,1,-0.8055294156074524,2.137129545211792,-0.6898855566978455,0.0,2.385821119398171,110.6524893668818,14.700000000000001,56.0
23.994122,78,2,-1.8500198125839233,1.4739353656768799,1.86738920211792,0.0,3.013669059689981,141.4552020764529,13.8,63.900000000000006
23.994122,78,3,-2.374191999435425,2.048018217086792,1.5908229351043701,0.0,3.51594708130777,139.21838866490586,12.9,69.3
23.994122,78,4,-1.0791782140731812,2.642932891845703,-2.0523555278778076,0.0,3.515946970780513,112.21147052633435,12.9,69.3
24.299644,79,0,-0.11562623083591461,0.04113862290978432,-0.026568720117211342,0.0,0.12556953627731668,160.4149647931388,35.1,53.6
24.299644,79,1,-0.8055294156074524,2.1395792961120605,-0.6822499632835388,0.0,2.3858210779856597,110.63083547310154,14.8,55.900000000000006
24.299644,79,2,-1.8500198125839233,1.4758270978927612,1.8658944368362427,0.0,3.0136690228430965,141.41938108630114,13.9,63.7
24.299644,79,3,-2.374191999435425,2.046994686126709,1.5921398401260376,0.0,3.5159471221465672,139.23255400526517,13.100000000000001,69.2
24.299644,79,4,-1.0791782140731812,2.6396074295043945,-2.056630849838257,0.0,3.515947020666183,112.23672822272577,13.100000000000001,69.2
24.299644,79,5,1.4800158739089966,4.816378593444824,3.3076958656311035,0.0,6.02733786027706,72.91842934267503,11.3,70.3
24.299644,79,6,3.7000396251678467,4.141356945037842,-2.342578887939453,0.0,6.027338253345753,48.221233991277195,11.3,70.3
24.591946,80,0,-0.11562623083591461,0.04114722087979317,-0.02655540034174919,0.0,0.12556953583875857,160.41118308926738,34.4,54.300000000000004
24.591946,80,1,-0.8055294156074524,2.1241369247436523,-0.7289078831672668,0.0,2.385821036165892,110.76806438012858,14.4,56.1
24.591946,80,2,-1.8500198125839233,1.4766343832015991,1.8652557134628296,0.0,3.0136690736064486,141.40410556292764,14.200000000000001,63.400000000000006
24.591946,80,3,-2.374191999435425,2.046254873275757,1.5930907726287842,0.0,3.515947221791439,139.24279653944225,13.100000000000001,69.2
24.591946,80,4,-1.0791782140731812,2.6402482986450195,-2.0558080673217773,0.0,3.5159470283116327,112.23185642456083,13.100000000000001,69.2
24.591946,80,5,1.4800158739089966,4.834430694580078,3.2812552452087402,0.0,6.027337978903332,72.97851961794176,11.3,70.5
24.591946,80,6,3.7000396251678467,4.18945837020874,-2.255427360534668,0.0,6.0273383215290535,48.54974942851106,11.3,70.5
24.90416,81,0,-0.11562623083591461,0.04113894701004028,-0.026568220928311348,0.0,0.12556953683800332,160.414822238688,35.1,53.6
24.90416,81,1,-0.8055294156074524,2.1230273246765137,-0.7321340441703796,0.0,2.385821225357272,110.77799208578972,15.0,55.5
24.90416,81,2,-1.8500198125839233,1.474618673324585,1.866849660873413,0.0,3.013669058634971,141.44225915057075,14.3,63.300000000000004
24.90416,81,3,-2.374191999435425,2.047534227371216,1.5914461612701416,0.0,3.5159472332020703,139.22508617457746,13.0,69.2
24.90416,81,4,-1.0791782140731812,2.637922525405884,-2.0587916374206543,0.0,3.51594708067217,112.24954630401871,13.0,69.2
25.201738,82,0,-0.11562623083591461,0.041173968464136124,-0.02651391178369522,0.0,0.12556953633138676,160.3994196525663,35.7,53.0
25.201738,82,1,-0.8055294156074524,2.131415605545044,-0.7073420286178589,0.0,2.3858212146803996,110.70316547008778,15.600000000000001,54.900000000000006
25.201738,82,2,-1.8500198125839233,1.469163179397583,1.8711460828781128,0.0,3.013669095657447,141.5457248199061,14.8,62.900000000000006
25.201738,82,3,-2.374191999435425,2.047217607498169,1.5918532609939575,0.0,3.515947153637381,139.22946833040146,13.100000000000001,69.2
25.201738,82,4,-1.0791782140731812,2.646824359893799,-2.047334671020508,0.0,3.5159471078245828,112.18198296756971,13.100000000000001,69.2
25.494171,83,0,-0.11562623083591461,0.041098982095718384,-0.02663000114262104,0.0,0.1255695367017032,160.43240258008638,34.4,54.300000000000004
25.494171,83,1,-0.8055294156074524,2.130385637283325,-0.7104375958442688,0.0,2.3858210705207856,110.71232541261911,14.3,56.2
25.494171,83,2,-1.8500198125839233,1.4729844331741333,1.868139386177063,0.0,3.0136690617107234,141.4732219958916,14.3,63.400000000000006
25.494171,83,3,-2.374191999435425,2.0445358753204346,1.5952961444854736,0.0,3.515947153224248,139.26660785212013,13.200000000000001,69.2
25.494171,83,4,-1.0791782140731812,2.645125150680542,-2.0495293140411377,0.0,3.5159469691118606,112.19484955932987,13.200000000000001,69.2
25.803271,84,0,-0.11562623083591461,0.041124142706394196,-0.02659112773835659,0.0,0.12556953629385467,160.42133412134976,35.4,53.300000000000004
25.803271,84,1,-0.8055294156074524,2.115354061126709,-0.7540171146392822,0.0,2.3858210856019975,110.84689459039568,15.100000000000001,55.400000000000006
25.803271,84,2,-1.8500198125839233,1.4683244228363037,1.8718042373657227,0.0,3.013669029716252,141.56165856040195,14.600000000000001,63.0
25.803271,84,3,-2.374191999435425,2.0485105514526367,1.590188980102539,0.0,3.5159471159327067,139.21157706645954,13.3,69.10000000000001
25.803271,84,4,-1.0791782140731812,2.647264003753662,-2.0467660427093506,0.0,3.5159470355635545,112.1786562440843,13.3,69.10000000000001
25.803271,84,5,1.4800158739089966,4.701265811920166,3.4693591594696045,0.0,6.027337737239189,72.52536159916085,11.3,70.4
25.803271,84,6,3.7000396251678467,4.113132476806641,-2.3917884826660156,0.0,6.027338064634134,48.02648648184343,11.3,70.4
26.0998,85,0,-0.11562623083591461,0.041129160672426224,-0.026583366096019745,0.0,0.12556953638495874,160.41912683892133,34.9,53.800000000000004
26.0998,85,1,-0.8055294156074524,2.136540174484253,-0.691708505153656,0.0,2.385821077259565,110.6577054345514,14.8,55.800000000000004
26.0998,85,2,-1.8500198125839233,1.4841612577438354,1.8592722415924072,0.0,3.013669061840877,141.26199387304982,14.3,63.300000000000004
26.0998,85,3,-2.374191999435425,2.04795241355896,1.5909076929092407,0.0,3.5159471022390187,139.21929918295518,13.100000000000001,69.2
26.0998,85,4,-1.0791782140731812,2.6432371139526367,-2.0519638061523438,0.0,3.5159470303271148,112.20916260477203,13.100000000000001,69.2
26.402502,86,0,-0.11562623083591461,0.041151151061058044,-0.026549313217401505,0.0,0.12556953660536427,160.40945450995747,35.300000000000004,53.400000000000006
26.402502,86,1,-0.8055294156074524,2.1481330394744873,-0.654820442199707,0.0,2.3858212435581594,110.5555664497507,15.100000000000001,55.5
26.402502,86,2,-1.8500198125839233,1.480741024017334,1.861997365951538,0.0,3.013669105587311,141.32649991403235,14.0,63.6
26.402502,86,3,-2.374191999435425,2.0453290939331055,1.5942788124084473,0.0,3.5159470536922037,139.25561818322726,13.0,69.3
26.402502,86,4,-1.0791782140731812,2.63955020904541,-2.05670428276062,0.0,3.5159470175939407,112.23716330327119,13.0,69.3
26.697786,87,0,-0.11562623083591461,0.04114127904176712,-0.02656460367143154,0.0,0.12556953558380707,160.4137965095067,35.2,53.5
26.697786,87,1,-0.8055294156074524,2.1478865146636963,-0.6556280255317688,0.0,2.3858210802878177,110.55772840079197,14.9,55.6
26.697786,87,2,-1.8500198125839233,1.480434775352478,1.8622407913208008,0.0,3.01366905878617,141.3322814813893,14.3,63.300000000000004
26.697786,87,3,-2.374191999435425,2.045682430267334,1.5938255786895752,0.0,3.5159471314245905,139.250724044232,13.100000000000001,69.2
26.697786,87,4,-1.0791782140731812,2.6475141048431396,-2.0464425086975098,0.0,3.5159470266882162,112.17676418696787,13.100000000000001,69.2
26.99116,88,0,-0.11562623083591461,0.041123080998659134,-0.02659277431666851,0.0,0.12556953728512243,160.4218011487705,34.7,54.0
26.99116,88,1,-0.8055294156074524,2.153641700744629,-0.6364688277244568,0.0,2.3858211968335024,110.50737031816334,14.700000000000001,56.0
26.99116,88,2,-1.8500198125839233,1.4750206470489502,1.8665320873260498,0.0,3.0136690676302695,141.43464731022814,14.100000000000001,63.5
26.99116,88,3,-2.374191999435425,2.0473597049713135,1.5916705131530762,0.0,3.5159471603203,139.227501568488,13.100000000000001,69.2
26.99116,88,4,-1.0791782140731812,2.6458141803741455,-2.0486397743225098,0.0,3.5159469876173155,112.18963044576866,13.100000000000001,69.2
26.99116,88,5,1.4800158739089966,4.715547561645508,3.449922561645508,0.0,6.02733784307087,72.57507828060379,11.3,70.3
26.99116,88,6,3.7000396251678467,4.224862098693848,-2.1883902549743652,0.0,6.027338126309057,48.788850609827485,11.3,70.3
27.295576,89,0,-0.11562623083591461,0.04110364615917206,-0.026622798293828964,0.0,0.1255695360105011,160.43035068702952,34.800000000000004,53.800000000000004
27.295576,89,1,-0.8055294156074524,2.1319079399108887,-0.7058565616607666,0.0,2.385821156185755,110.69878966856061,14.8,55.7
27.295576,89,2,-1.8500198125839233,1.4712257385253906,1.8695247173309326,0.0,3.0136690510678075,141.50657258833402,14.3,63.300000000000004
27.295576,89,3,-2.374191999435425,2.0499353408813477,1.5883519649505615,0.0,3.515947172034844,139.19187253463244,13.200000000000001,69.2
27.295576,89,4,-1.0791782140731812,2.6443896293640137,-2.050478219985962,0.0,3.5159469649377426,112.2004234005038,13.200000000000001,69.2
27.584914,90,0,-0.11562623083591461,0.041096046566963196,-0.02663453109562397,0.0,0.12556953670153434,160.43369405394108,34.9,53.800000000000004
27.584914,90,1,-0.8055294156074524,2.1358747482299805,-0.693760871887207,0.0,2.3858211850214306,110.66359764036872,14.700000000000001,55.800000000000004
27.584914,90,2,-1.8500198125839233,1.4837579727172852,1.8595941066741943,0.0,3.0136690711046157,141.2695938279798,14.4,63.2
27.584914,90,3,-2.374191999435425,2.048945426940918,1.5896285772323608,0.0,3.5159471023209465,139.20556159145684,13.200000000000001,69.10000000000001
27.584914,90,4,-1.0791782140731812,2.6421427726745605,-2.053372621536255,0.0,3.5159469808006585,112.21746673879835,13.200000000000001,69.10000000000001
27.584914,90,5,1.4800158739089966,4.866557598114014,3.233414649963379,0.0,6.027337732480373,73.08445204646377,11.3,70.3
27.584914,90,6,3.7000396251678467,4.115056037902832,-2.388477325439453,0.0,6.027337999235747,48.039805911529896,11.3,70.3
27.901398,91,0,-0.11562623083591461,0.04110201075673103,-0.02662532776594162,0.0,0.12556953700723145,160.43107015476568,34.4,54.300000000000004
27.901398,91,1,-0.8055294156074524,2.1458070278167725,-0.6624026298522949,0.0,2.385821176046514,110.57598222468957,14.4,56.2
27.901398,91,2,-1.8500198125839233,1.4934507608413696,1.8518187999725342,0.0,3.0136690843459304,141.08737920004876,14.0,63.6
27.901398,91,3,-2.374191999435425,2.0429131984710693,1.5973734855651855,0.0,3.5159471041324193,139.28910058724605,13.100000000000001,69.2
27.901398,91,4,-1.0791782140731812,2.6493136882781982,-2.044112205505371,0.0,3.5159470054772504,112.16315906659949,13.100000000000001,69.2
27.901398,91,5,1.4800158739089966,4.666821479797363,3.5155556201934814,0.0,6.027337806195588,72.40431813838528,11.5,70.3
27.901398,91,6,3.7000396251678467,4.155580043792725,-2.317253828048706,0.0,6.027338055210355,48.31881467635416,11.5,70.3
28.197848,92,0,-0.11562623083591461,0.04110001027584076,-0.026628414168953896,0.0,0.12556953668445134,160.4319502413454,34.300000000000004,54.400000000000006
28.197848,92,1,-0.8055294156074524,2.130549907684326,-0.7099449038505554,0.0,2.3858210987091946,110.71086396722329,14.0,56.400000000000006
28.197848,92,2,-1.8500198125839233,1.4884724617004395,1.8558226823806763,0.0,3.0136690934195527,141.18084971096772,13.9,63.7
28.197848,92,3,-2.374191999435425,2.047708749771118,1.5912214517593384,0.0,3.5159471672099216,139.22267095628413,13.200000000000001,69.10000000000001
28.197848,92,4,-1.0791782140731812,2.6444082260131836,-2.0504543781280518,0.0,3.5159470474284547,112.20028244081084,13.200000000000001,69.10000000000001
28.499924,93,0,-0.11562623083591461,0.041106827557086945,-0.026617886498570442,0.0,0.12556953615737804,160.42895110304661,35.1,53.6
28.499924,93,1,-0.8055294156074524,2.1410441398620605,-0.6776393055915833,0.0,2.3858211745076785,110.6179081290268,15.200000000000001,55.400000000000006
28.499924,93,2,-1.8500198125839233,1.4880661964416504,1.856148362159729,0.0,3.0136690352946225,141.18848843265803,14.600000000000001,63.0
28.499924,93,3,-2.374191999435425,2.052114725112915,1.5855352878570557,0.0,3.5159471901961767,139.16175474309833,13.0,69.2
28.499924,93,4,-1.0791782140731812,2.639040231704712,-2.057358503341675,0.0,3.515946952608719,112.24104167265581,13.0,69.2
28.499924,93,5,-4.694425106048584,6.369991779327393,-7.532022953033447,-0.17052115499973297,10.924549972883117,126.38870597841961,12.0,41.400000000000006
28.499924,93,6,-1.3412643671035767,5.650900840759277,9.252790451049805,-0.17052115499973297,10.92455040473493,103.35230396482407,12.0,41.400000000000006
28.808525,94,0,-0.11562623083591461,0.04110001027584076,-0.026628414168953896,0.0,0.12556953668445134,160.4319502413454,34.300000000000004,54.400000000000006
28.808525,94,1,-0.8055294156074524,2.145343542098999,-0.6639024019241333,0.0,2.3858212322626766,110.58005494893723,14.4,56.2
28.808525,94,2,-1.8500198125839233,1.4627586603164673,1.8761570453643799,0.0,3.013669103294899,141.66756894753198,14.200000000000001,63.5
28.808525,94,3,-2.374191999435425,2.0528616905212402,1.584567904472351,0.0,3.515947129078707,139.15143841904805,13.100000000000001,69.2
28.808525,94,4,-1.0791782140731812,2.6386899948120117,-2.0578079223632812,0.0,3.5159470917225533,112.24370596243615,13.100000000000001,69.2
29.101005,95,0,-0.11562623083591461,0.04113795980811119,-0.026569750159978867,0.0,0.12556953698273193,160.4152564570544,34.9,53.800000000000004
29.101005,95,1,-0.8055294156074524,2.129210948944092,-0.7139508724212646,0.0,2.385821190438078,110.72278187529929,14.600000000000001,55.800000000000004
29.101005,95,2,-1.8500198125839233,1.4873872995376587,1.8566924333572388,0.0,3.0136690392053684,141.2012569138372,13.9,63.7
29.101005,95,3,-2.374191999435425,2.048600435256958,1.5900732278823853,0.0,3.5159471360568673,139.21033364701213,13.200000000000001,69.10000000000001
29.101005,95,4,-1.0791782140731812,2.6460976600646973,-2.048273801803589,0.0,3.5159471002114033,112.18748388153739,13.200000000000001,69.10000000000001
29.408311,96,0,-0.11562623083591461,0.04109678789973259,-0.026633383706212044,0.0,0.125569535957724,160.4333679056719,34.5,54.2
29.408311,96,1,-0.8055294156074524,2.1321370601654053,-0.7051639556884766,0.0,2.3858210928612986,110.69675388157783,13.9,56.6
29.408311,96,2,-1.8500198125839233,1.467360496520996,1.8725600242614746,0.0,3.0136690558463006,141.5799788236911,13.600000000000001,64.10000000000001
29.408311,96,3,-2.374191999435425,2.0407841205596924,1.600092887878418,0.0,3.515947201928788,139.31863586691284,13.200000000000001,69.10000000000001
29.408311,96,4,-1.0791782140731812,2.647602081298828,-2.0463287830352783,0.0,3.5159470824952286,112.17609870305232,13.200000000000001,69.10000000000001
29.695034,97,0,-0.11562623083591461,0.041123878210783005,-0.02659153938293457,0.0,0.1255695368438129,160.4214504682785,34.0,54.7
29.695034,97,1,-0.8055294156074524,2.1297335624694824,-0.7123904824256897,0.0,2.3858212183582705,110.71812859629445,13.8,56.7
29.695034,97,2,-1.8500198125839233,1.4746441841125488,1.866829514503479,0.0,3.0136690616109982,141.44177602619186,13.600000000000001,64.10000000000001
29.695034,97,3,-2.374191999435425,2.042828321456909,1.5974820852279663,0.0,3.515947128975907,139.29027752839764,13.200000000000001,69.10000000000001
29.695034,97,4,-1.0791782140731812,2.6411328315734863,-2.0546715259552,0.0,3.515947003485211,112.22513565591127,13.200000000000001,69.10000000000001
29.695034,97,5,-1.2294923067092896,2.669558048248291,-2.149989128112793,0.0,3.6415168208080217,114.72891817906422,11.5,70.8
29.695034,97,6,-2.570756673812866,2.0453970432281494,1.5710523128509521,0.0,3.6415167595542073,141.4928361918402,11.5,70.8
29.999676,98,0,-0.11562623083591461,0.041111528873443604,-0.02661062404513359,0.0,0.12556953601771267,160.4268829098604,34.4,54.300000000000004
29.999676,98,1,-0.8055294156074524,2.14204478263855,-0.6744695901870728,0.0,2.385821183224978,110.6090862938413,14.4,56.300000000000004
29.999676,98,2,-1.8500198125839233,1.4748504161834717,1.866666555404663,0.0,3.013669040577602,141.4378706329849,13.5,64.10000000000001
29.999676,98,3,-2.374191999435425,2.04528546333313,1.5943349599838257,0.0,3.5159471328977094,139.256222570197,13.100000000000001,69.2
29.999676,98,4,-1.0791782140731812,2.6455299854278564,-2.049006700515747,0.0,3.5159469535655004,112.19178282195553,13.100000000000001,69.2
30.303375,99,0,-0.11562623083591461,0.04112455993890762,-0.026590481400489807,0.0,0.1255695360690594,160.42115058850806,33.7,55.0
30.303375,99,1,-0.8055294156074524,2.134593963623047,-0.6976915001869202,0.0,2.385821128747482,110.67494776334483,13.8,56.7
30.303375,99,2,-1.8500198125839233,1.478482723236084,1.8637909889221191,0.0,3.0136690794192935,141.36915557994706,14.100000000000001,63.6
30.303375,99,3,-2.374191999435425,2.0455286502838135,1.5940228700637817,0.0,3.515947101365644,139.2528539959505,13.100000000000001,69.10000000000001
30.303375,99,4,-1.0791782140731812,2.639345645904541,-2.056966781616211,0.0,3.515947012820016,112.23871884839816,13.100000000000001,69.10000000000001
30.597896,100,0,-0.11562623083591461,0.0411030575633049,-0.026623709127306938,0.0,0.1255695364571679,160.43060962911952,33.800000000000004,54.900000000000006
30.597896,100,1,-0.8055294156074524,2.1329007148742676,-0.7028507590293884,0.0,2.385821093122498,110.68997139501563,13.9,56.6
30.597896,100,2,-1.8500198125839233,1.471168041229248,1.8695701360702515,0.0,3.0136690604930556,141.50766724090073,14.4,63.2
30.597896,100,3,-2.374191999435425,2.049386978149414,1.5890593528747559,0.0,3.5159471360289682,139.19945488875084,13.3,69.0
30.597896,100,4,-1.0791782140731812,2.6346852779388428,-2.0629327297210693,0.0,3.5159470386899003,112.27421340253433,13.3,69.0
30.899501,101,0,-0.11562623083591461,0.0411384142935276,-0.026569044217467308,0.0,0.12556953650681307,160.415056552459,34.0,54.7
30.899501,101,1,-0.8055294156074524,2.1293606758117676,-0.7135037183761597,0.0,2.385821050129082,110.72144852361677,14.0,56.5
30.899501,101,2,-1.8500198125839233,1.4750844240188599,1.8664816617965698,0.0,3.0136690526265473,141.4334397672633,14.4,63.300000000000004
30.899501,101,3,-2.374191999435425,2.0441579818725586,1.5957802534103394,0.0,3.5159471159576388,139.27184466431123,13.3,69.0
30.899501,101,4,-1.0791782140731812,2.6419475078582764,-2.053624153137207,0.0,3.5159471575035437,112.21894907669017,13.3,69.0
31.199854,102,0,-0.11562623083591461,0.04111691564321518,-0.026602303609251976,0.0,0.1255695367780351,160.4245132387134,34.1,54.6
31.199854,102,1,-0.8055294156074524,2.129760980606079,-0.712308406829834,0.0,2.385821187843194,110.71788452413149,14.100000000000001,56.400000000000006
31.199854,102,2,-1.8500198125839233,1.4708415269851685,1.8698270320892334,0.0,3.0136690651743345,141.5138626060552,14.4,63.300000000000004
31.199854,102,3,-2.374191999435425,2.0434823036193848,1.5966452360153198,0.0,3.515947039572579,139.28121020533618,13.3,69.0
31.199854,102,4,-1.0791782140731812,2.642991542816162,-2.0522801876068115,0.0,3.515947081736497,112.21102554677465,13.3,69.0
31.512396,103,0,-0.11562623083591461,0.041113317012786865,-0.02660786174237728,0.0,0.12556953611292662,160.42609628930347,33.6,55.1
31.512396,103,1,-0.8055294156074524,2.1345670223236084,-0.6977739334106445,0.0,2.385821132094299,110.67518664117738,13.5,57.1
31.512396,103,2,-1.8500198125839233,1.4818423986434937,1.8611209392547607,0.0,3.0136690846712217,141.30571514304827,13.700000000000001,63.900000000000006
31.512396,103,3,-2.374191999435425,2.042764186859131,1.5975641012191772,0.0,3.5159471314002526,139.2911668738865,13.200000000000001,69.10000000000001
31.512396,103,4,-1.0791782140731812,2.648648977279663,-2.044973373413086,0.0,3.515946973511302,112.16818253470178,13.200000000000001,69.10000000000001
31.512396,103,5,-2.709507942199707,3.679332733154297,-0.8408743739128113,0.25578173995018005,4.646072789228255,126.3684088608259,17.3,43.6
31.512396,103,6,-0.9982398152351379,2.972137689590454,-3.4286890029907227,0.25578173995018005,4.646072906642154,108.56544628937387,17.3,43.6
31.512396,103,7,0.0,4.001969337463379,1.8165028095245361,-0.5115634799003601,4.3949335643451555,90.0,20.200000000000003,40.7
31.512396,103,8,-0.25437769293785095,3.731996536254883,1.7828423976898193,-0.34104230999946594,4.14379453789437,93.8993229248313,21.8,41.7
31.799919,104,0,-0.11562623083591461,0.041111454367637634,-0.02661074325442314,0.0,0.1255695368873175,160.4269156858836,33.800000000000004,54.800000000000004
31.799919,104,1,-0.8055294156074524,2.1344568729400635,-0.6981111168861389,0.0,2.385821224100827,110.67616334704655,13.9,56.7
31.799919,104,2,-1.8500198125839233,1.4869146347045898,1.857071042060852,0.0,3.0136690749172708,141.210149349156,13.700000000000001,64.0
31.799919,104,3,-2.374191999435425,2.044483184814453,1.5953636169433594,0.0,3.5159471289310975,139.26733798278983,13.100000000000001,69.2
31.799919,104,4,-1.0791782140731812,2.6449763774871826,-2.0497212409973145,0.0,3.5159469309122073,112.19597676044866,13.100000000000001,69.2
32.10417,105,0,-0.11562623083591461,0.04114680364727974,-0.026556048542261124,0.0,0.12556953620160796,160.41136659939247,33.800000000000004,54.800000000000004
32.10417,105,1,-0.8055294156074524,2.1331613063812256,-0.7020593881607056,0.0,2.385821071026812,110.6876578943544,14.0,56.6
32.10417,105,2,-1.8500198125839233,1.477668285369873,1.8644367456436157,0.0,3.0136690672744995,141.38455146604772,13.8,63.900000000000006
32.10417,105,3,-2.374191999435425,2.044489622116089,1.59535551071167,0.0,3.5159471939552307,139.267248780446,13.100000000000001,69.10000000000001
32.10417,105,4,-1.0791782140731812,2.6434690952301025,-2.0516650676727295,0.0,3.515947102144084,112.20740303012089,13.100000000000001,69.10000000000001
32.400541,106,0,-0.11562623083591461,0.04113413766026497,-0.026575662195682526,0.0,0.12556953595324333,160.41693764156733,34.1,54.6
32.400541,106,1,-0.8055294156074524,2.1422462463378906,-0.6738296151161194,0.0,2.3858212358777435,110.60731102912946,14.3,56.300000000000004
32.400541,106,2,-1.8500198125839233,1.4829071760177612,1.8602726459503174,0.0,3.0136690788653326,141.28563249987468,14.0,63.7
32.400541,106,3,-2.374191999435425,2.0417592525482178,1.5988481044769287,0.0,3.51594706398417,139.30510525997556,13.100000000000001,69.10000000000001
32.400541,106,4,-1.0791782140731812,2.6414146423339844,-2.054309368133545,0.0,3.5159470858458315,112.22299524010195,13.100000000000001,69.10000000000001
32.706256,107,0,-0.11562623083591461,0.04112478718161583,-0.026590129360556602,0.0,0.12556953594508716,160.42105062883266,34.300000000000004,54.400000000000006
32.706256,107,1,-0.8055294156074524,2.145655632019043,-0.6628929376602173,0.0,2.385821195610374,110.57731239454635,14.3,56.2
32.706256,107,2,-1.8500198125839233,1.4773213863372803,1.8647116422653198,0.0,3.013669075111331,141.3911111476922,14.100000000000001,63.6
32.706256,107,3,-2.374191999435425,2.0412402153015137,1.599510908126831,0.0,3.5159471571632115,139.31230656411768,13.100000000000001,69.10000000000001
32.706256,107,4,-1.0791782140731812,2.641815662384033,-2.0537936687469482,0.0,3.5159471050533195,112.21995007771488,13.100000000000001,69.10000000000001
32.999954,108,0,-0.11562623083591461,0.041109319776296616,-0.026614036411046982,0.0,0.12556953597062687,160.4278547246113,34.2,54.5
32.999954,108,1,-0.8055294156074524,2.136871337890625,-0.6906849145889282,0.0,2.3858211176339412,110.65477425149173,14.200000000000001,56.400000000000006
32.999954,108,2,-1.8500198125839233,1.4815480709075928,1.861355185508728,0.0,3.0136690461932436,141.31126841478172,14.100000000000001,63.6
32.999954,108,3,-2.374191999435425,2.0428202152252197,1.5974924564361572,0.0,3.51594713132698,139.29038993506614,13.100000000000001,69.10000000000001
32.999954,108,4,-1.0791782140731812,2.6454880237579346,-2.0490610599517822,0.0,3.515947060037674,112.19210065605768,13.100000000000001,69.10000000000001
32.999954,108,5,-0.12333464622497559,3.7144663333892822,1.5276330709457397,0.25578173995018005,4.018225276946151,91.90174276131651,18.5,42.0
32.999954,108,6,0.0,4.0959882736206055,1.5932117700576782,0.34104230999946594,4.394933865473726,90.0,19.0,40.300000000000004
32.999954,108,7,-1.4838699102401733,3.1159729957580566,-2.7210817337036133,0.34104230999946594,4.394933835941684,115.46444292401775,19.0,40.300000000000004
33.301345,109,0,-0.11562623083591461,0.04114671051502228,-0.026556193828582764,0.0,0.1255695364098654,160.4114075615311,33.7,54.900000000000006
33.301345,109,1,-0.8055294156074524,2.1343154907226562,-0.69854336977005,0.0,2.3858212617036663,110.67741712697742,14.3,56.400000000000006
33.301345,109,2,-1.8500198125839233,1.4839961528778076,1.8594039678573608,0.0,3.0136690270155557,141.26510509863195,14.100000000000001,63.6
33.301345,109,3,-2.374191999435425,2.042112112045288,1.5983976125717163,0.0,3.5159471634568416,139.30021045273946,13.100000000000001,69.2
33.301345,109,4,-1.0791782140731812,2.647423505783081,-2.0465598106384277,0.0,3.5159470836779323,112.1774495487975,13.100000000000001,69.2
33.301345,109,5,1.4800158739089966,4.584951400756836,3.6216812133789062,0.0,6.02733781579118,72.10999344354299,11.4,70.10000000000001
33.301345,109,6,3.7000396251678467,4.125999450683594,-2.3695228099823,0.0,6.027337973092263,48.11545117644276,11.4,70.10000000000001
33.301345,109,7,-0.12718884646892548,3.925647735595703,1.320662021636963,0.34104230999946594,4.143794797290039,91.8557028759719,18.1,40.0
33.595235,110,0,-0.11562623083591461,0.04111329838633537,-0.02660788968205452,0.0,0.1255695359347021,160.42610448322804,33.9,54.800000000000004
33.595235,110,1,-0.8055294156074524,2.1452836990356445,-0.6640950441360474,0.0,2.3858210361221563,110.58058091207835,14.5,56.2
33.595235,110,2,-1.8500198125839233,1.477695345878601,1.8644152879714966,0.0,3.0136690608303645,141.3840398162312,13.9,63.800000000000004
33.595235,110,3,-2.374191999435425,2.047377824783325,1.5916470289230347,0.0,3.5159470804147785,139.22725078171476,13.100000000000001,69.2
33.595235,110,4,-1.0791782140731812,2.645082950592041,-2.049583911895752,0.0,3.5159470481144584,112.19516928321856,13.100000000000001,69.2
33.900069,111,0,-0.11562623083591461,0.04112667217850685,-0.026587218046188354,0.0,0.1255695368520333,160.42022145991442,33.9,54.800000000000004
33.900069,111,1,-0.8055294156074524,2.1343915462493896,-0.6983109712600708,0.0,2.3858212683878746,110.67674264719147,14.200000000000001,56.400000000000006
33.900069,111,2,-1.8500198125839233,1.4747669696807861,1.8667324781417847,0.0,3.013669037363571,141.43945079876954,13.700000000000001,63.900000000000006
33.900069,111,3,-2.374191999435425,2.0485477447509766,1.5901411771774292,0.0,3.515947166278628,139.21106254241974,13.0,69.2
33.900069,111,4,-1.0791782140731812,2.6390979290008545,-2.0572845935821533,0.0,3.5159470126236636,112.24060282123119,13.0,69.2
34.198086,112,0,-0.11562623083591461,0.04112505540251732,-0.026589717715978622,0.0,0.12556953662172907,160.42093264380168,33.800000000000004,54.900000000000006
34.198086,112,1,-0.8055294156074524,2.1336467266082764,-0.7005829215049744,0.0,2.3858211213918663,110.68334970961104,13.9,56.6
34.198086,112,2,-1.8500198125839233,1.4767510890960693,1.8651633262634277,0.0,3.0136690793346133,141.40189778144517,13.8,63.900000000000006
34.198086,112,3,-2.374191999435425,2.049119472503662,1.5894042253494263,0.0,3.5159471063051386,139.20315438766644,13.0,69.2
34.198086,112,4,-1.0791782140731812,2.6380038261413574,-2.058687448501587,0.0,3.5159470722814636,112.24892747822129,13.0,69.2
34.198086,112,5,0.0,4.157657623291016,0.970234751701355,0.34104230999946594,4.269364400694662,90.0,16.0,41.300000000000004
34.502878,113,0,-0.11562623083591461,0.04115776717662811,-0.02653905190527439,0.0,0.1255695358449516,160.40654468208794,34.2,54.5
34.502878,113,1,-0.8055294156074524,2.1304688453674316,-0.7101885080337524,0.0,2.3858212123781044,110.71158512027877,14.100000000000001,56.400000000000006
34.502878,113,2,-1.8500198125839233,1.4829776287078857,1.860216498374939,0.0,3.013669088507801,141.28430409767793,14.200000000000001,63.5
34.502878,113,3,-2.374191999435425,2.042860507965088,1.5974409580230713,0.0,3.515947144021967,139.28983121154698,13.200000000000001,69.10000000000001
34.502878,113,4,-1.0791782140731812,2.6434860229492188,-2.051643133163452,0.0,3.5159470299074194,112.20727464397763,13.200000000000001,69.10000000000001
34.502878,113,5,1.4800158739089966,4.514683246612549,3.708906650543213,0.0,6.027337749513487,71.84967926911546,11.3,70.4
34.502878,113,6,3.7000396251678467,4.136401176452637,-2.351318597793579,0.0,6.027338307138645,48.187146205856266,11.3,70.4
34.800586,114,0,-0.11562623083591461,0.041097018867731094,-0.02663303166627884,0.0,0.1255695368824456,160.43326629190793,34.0,54.7
34.800586,114,1,-0.8055294156074524,2.123307943344116,-0.7313198447227478,0.0,2.3858212374279866,110.77548050486007,13.9,56.6
34.800586,114,2,-1.8500198125839233,1.4659535884857178,1.8736616373062134,0.0,3.0136690531078902,141.6067350310639,14.3,63.400000000000006
34.800586,114,3,-2.374191999435425,2.04836106300354,1.5903816223144531,0.0,3.515947155349142,139.21364513773926,13.200000000000001,69.0
34.800586,114,4,-1.0791782140731812,2.642029285430908,-2.053518772125244,0.0,3.5159470573766476,112.21832824565966,13.200000000000001,69.0
35.09516,115,0,-0.11562623083591461,0.04111630469560623,-0.026603244245052338,0.0,0.12556953600895424,160.42478199459237,33.6,55.0
35.09516,115,1,-0.8055294156074524,2.123739242553711,-0.7300660014152527,0.0,2.38582111152407,110.7716214407663,13.9,56.6
35.09516,115,2,-1.8500198125839233,1.475311279296875,1.8663023710250854,0.0,3.0136690624332814,141.42914485455242,14.0,63.7
35.09516,115,3,-2.374191999435425,2.042999744415283,1.5972627401351929,0.0,3.5159470796484236,139.2879005468323,13.200000000000001,69.10000000000001
35.09516,115,4,-1.0791782140731812,2.644080400466919,-2.050877094268799,0.0,3.5159470470500427,112.20276755630633,13.200000000000001,69.10000000000001
35.397679,116,0,-0.11562623083591461,0.04112866520881653,-0.02658413164317608,0.0,0.12556953617179942,160.41934477874128,33.800000000000004,54.900000000000006
35.397679,116,1,-0.8055294156074524,2.1182310581207275,-0.7458966970443726,0.0,2.3858211034480026,110.82100932588801,14.100000000000001,56.400000000000006
35.397679,116,2,-1.8500198125839233,1.4697238206863403,1.8707057237625122,0.0,3.0136690795380527,141.53507831884062,14.100000000000001,63.6
35.397679,116,3,-2.374191999435425,2.0436530113220215,1.596427083015442,0.0,3.515947199867191,139.27884378593532,13.200000000000001,69.10000000000001
35.397679,116,4,-1.0791782140731812,2.6449379920959473,-2.0497710704803467,0.0,3.515947104428744,112.1962676104312,13.200000000000001,69.10000000000001
35.700771,117,0,-0.11562623083591461,0.0410744734108448,-0.02666778862476349,0.0,0.12556953680504468,160.44318571041345,33.7,55.0
35.700771,117,1,-0.8055294156074524,2.121574640274048,-0.7363330721855164,0.0,2.3858212395016105,110.7910031227147,13.9,56.6
35.700771,117,2,-1.8500198125839233,1.469292163848877,1.8710447549819946,0.0,3.0136690669093715,141.54327514454906,14.0,63.7
35.700771,117,3,-2.374191999435425,2.041609048843384,1.5990402698516846,0.0,3.515947232697003,139.30718907862135,13.100000000000001,69.10000000000001
35.700771,117,4,-1.0791782140731812,2.646338701248169,-2.0479624271392822,0.0,3.5159471330536594,112.18565898024744,13.100000000000001,69.10000000000001
35.998034,118,0,-0.11562623083591461,0.041108638048172,-0.026615092530846596,0.0,0.12556953663178563,160.42815462933785,34.0,54.7
35.998034,118,1,-0.8055294156074524,2.119793176651001,-0.7414453029632568,0.0,2.3858210093113232,110.80698016031677,14.0,56.300000000000004
35.998034,118,2,-1.8500198125839233,1.4755357503890991,1.8661248683929443,0.0,3.0136690399020196,141.42489558553103,14.100000000000001,63.6
35.998034,118,3,-2.374191999435425,2.040677070617676,1.600229263305664,0.0,3.5159471343960376,139.32012159100435,13.100000000000001,69.10000000000001
35.998034,118,4,-1.0791782140731812,2.6461119651794434,-2.048255205154419,0.0,3.51594703251317,112.18737557083352,13.100000000000001,69.10000000000001
36.301026,119,0,-0.11562623083591461,0.04112256318330765,-0.026593569666147232,0.0,0.12556953614501237,160.42202892803877,33.800000000000004,54.900000000000006
36.301026,119,1,-0.8055294156074524,2.116713523864746,-0.7501925230026245,0.0,2.385821159074971,110.83465540836764,13.9,56.6
36.301026,119,2,-1.8500198125839233,1.474120020866394,1.8672434091567993,0.0,3.013669041535865,141.4517039560735,14.0,63.7
36.301026,119,3,-2.374191999435425,2.0402157306671143,1.6008174419403076,0.0,3.515947149811134,139.3265251909168,13.0,69.2
36.301026,119,4,-1.0791782140731812,2.645596504211426,-2.0489208698272705,0.0,3.5159469864660413,112.19127900038082,13.0,69.2
36.594939,120,0,-0.11562623083591461,0.041087694466114044,-0.026647411286830902,0.0,0.12556953620265734,160.43736863969912,33.6,55.1
36.594939,120,1,-0.8055294156074524,2.125452756881714,-0.7250626087188721,0.0,2.385821210339781,110.75630324126881,13.700000000000001,56.7
36.594939,120,2,-1.8500198125839233,1.4713702201843262,1.8694109916687012,0.0,3.0136690408155444,141.50383157949233,14.0,63.7
36.594939,120,3,-2.374191999435425,2.039581060409546,1.6016260385513306,0.0,3.515947172460095,139.33533670163294,13.200000000000001,69.10000000000001
36.594939,120,4,-1.0791782140731812,2.646554708480835,-2.047683000564575,0.0,3.5159469725115877,112.18402385091917,13.200000000000001,69.10000000000001
36.594939,120,5,1.2950139045715332,4.784864902496338,3.428820848464966,0.0,6.0273381819044225,74.85582792113891,11.600000000000001,70.0
36.594939,120,6,3.7000396251678467,4.124289035797119,-2.3724987506866455,0.0,6.0273380194426,48.10364276275828,11.600000000000001,70.0
36.902177,121,0,-0.11562623083591461,0.041138891130685806,-0.026568308472633362,0.0,0.1255695370536964,160.41484681702357,33.7,55.0
36.902177,121,1,-0.8055294156074524,2.125669479370117,-0.7244269847869873,0.0,2.385821206884974,110.75436735877246,13.8,56.6
36.902177,121,2,-1.8500198125839233,1.4743409156799316,1.8670690059661865,0.0,3.013669045472737,141.4475197568696,14.0,63.7
36.902177,121,3,-2.374191999435425,2.040255308151245,1.600766897201538,0.0,3.515947103100209,139.3259757899182,13.200000000000001,69.10000000000001
36.902177,121,4,-1.0791782140731812,2.6441781520843506,-2.050750970840454,0.0,3.5159469936410384,112.20202648477898,13.200000000000001,69.10000000000001
36.902177,121,5,-0.25437769293785095,3.7959706783294678,1.6422338485717773,0.34104230999946594,4.143794567156573,93.8338046183895,19.0,42.300000000000004
37.196956,122,0,-0.11562623083591461,0.04109520837664604,-0.026635825634002686,0.0,0.12556953697471837,160.4340628161366,33.9,54.800000000000004
37.196956,122,1,-0.8055294156074524,2.11283278465271,-0.761053740978241,0.0,2.385821202850118,110.86962993510934,13.9,56.5
37.196956,122,2,-1.8500198125839233,1.4782793521881104,1.8639522790908813,0.0,3.013669067563133,141.37299942524163,14.100000000000001,63.6
37.196956,122,3,-2.374191999435425,2.043734312057495,1.5963228940963745,0.0,3.5159471512923126,139.27771682131683,13.200000000000001,69.10000000000001
37.196956,122,4,-1.0791782140731812,2.6445419788360596,-2.0502820014953613,0.0,3.5159471243481675,112.19926866539446,13.200000000000001,69.10000000000001
37.514697,123,0,-0.11562623083591461,0.041122715920209885,-0.02659333311021328,0.0,0.12556953606621815,160.42196174128117,33.9,54.800000000000004
37.514697,123,1,-0.8055294156074524,2.1153221130371094,-0.7541069388389587,0.0,2.3858211493147867,110.84718238285095,13.700000000000001,56.7
37.514697,123,2,-1.8500198125839233,1.4720817804336548,1.8688507080078125,0.0,3.0136690335966017,141.4903353798184,13.9,63.800000000000004
37.514697,123,3,-2.374191999435425,2.0461783409118652,1.593188762664795,0.0,3.515947082434745,139.24385629212563,13.0,69.2
37.514697,123,4,-1.0791782140731812,2.6431169509887695,-2.0521185398101807,0.0,3.5159470041180967,112.21007414320471,13.0,69.2
37.514697,123,5,-0.3931291997432709,3.7733001708984375,1.958348035812378,0.25578173995018005,4.269364329354332,95.9480211908385,18.900000000000002,41.400000000000006
37.514697,123,6,-1.8346030712127686,2.6748857498168945,-2.776092529296875,0.25578173995018005,4.269364347850243,124.44475399614161,18.900000000000002,41.400000000000006
37.514697,123,7,-0.25437769293785095,3.767432689666748,1.7066857814788818,0.5115634799003601,4.143794570021081,93.86275778105315,21.8,40.7
37.813526,124,0,-0.11562623083591461,0.041121482849121094,-0.02659524418413639,0.0,0.12556953699940368,160.42250415304636,33.800000000000004,54.800000000000004
37.813526,124,1,-0.8055294156074524,2.1286635398864746,-0.7155812382698059,0.0,2.3858211613644995,110.72765807353746,13.700000000000001,56.800000000000004
37.813526,124,2,-1.8500198125839233,1.4848222732543945,1.8587443828582764,0.0,3.013669054642961,141.24954045351782,13.600000000000001,64.0
37.813526,124,3,-2.374191999435425,2.0495235919952393,1.5888830423355103,0.0,3.5159470881328114,139.19756573152233,13.0,69.2
37.813526,124,4,-1.0791782140731812,2.6394412517547607,-2.0568442344665527,0.0,3.5159470906219874,112.23799181383231,13.0,69.2
38.101085,125,0,-0.11562623083591461,0.041173305362463,-0.026514939963817596,0.0,0.12556953600724854,160.39971126015448,33.2,55.400000000000006
38.101085,125,1,-0.8055294156074524,2.127357244491577,-0.7194553017616272,0.0,2.3858211199359842,110.73930313108194,13.5,56.900000000000006
38.101085,125,2,-1.8500198125839233,1.472749948501587,1.8683242797851562,0.0,3.0136690814021376,141.47766680604101,13.8,63.900000000000006
38.101085,125,3,-2.374191999435425,2.050293445587158,1.5878896713256836,0.0,3.5159471656302843,139.1869218628006,13.200000000000001,69.10000000000001
38.101085,125,4,-1.0791782140731812,2.6384432315826416,-2.058124303817749,0.0,3.5159470920336284,112.24558348078483,13.200000000000001,69.10000000000001
38.399949,126,0,-0.11562623083591461,0.04110836982727051,-0.026615504175424576,0.0,0.125569536073396,160.4282726249461,33.5,55.1
38.399949,126,1,-0.8055294156074524,2.129241466522217,-0.7138595581054688,0.0,2.385821102024437,110.72251009604096,13.700000000000001,56.800000000000004
38.399949,126,2,-1.8500198125839233,1.4716171026229858,1.8692166805267334,0.0,3.013669059874509,141.49914837461262,13.700000000000001,64.0
38.399949,126,3,-2.374191999435425,2.0493381023406982,1.5891226530075073,0.0,3.515947257026216,139.20013079136578,13.200000000000001,69.10000000000001
38.399949,126,4,-1.0791782140731812,2.64042592048645,-2.055579900741577,0.0,3.515947011494862,112.23050652664212,13.200000000000001,69.10000000000001
38.699655,127,0,-0.11562623083591461,0.04112224280834198,-0.026594068855047226,0.0,0.12556953694736409,160.4221698565417,33.800000000000004,54.800000000000004
38.699655,127,1,-0.8055294156074524,2.130725860595703,-0.7094166874885559,0.0,2.3858211099970212,110.70929880608702,14.0,56.5
38.699655,127,2,-1.8500198125839233,1.46749746799469,1.872452735900879,0.0,3.013669088288654,141.5773749943375,13.8,63.800000000000004
38.699655,127,3,-2.374191999435425,2.049267292022705,1.5892136096954346,0.0,3.5159470959584196,139.20111005030375,13.200000000000001,69.10000000000001
38.699655,127,4,-1.0791782140731812,2.639622449874878,-2.0566115379333496,0.0,3.515947000962075,112.23661401676061,13.200000000000001,69.10000000000001
38.977294,128,0,-0.11562623083591461,0.04112490266561508,-0.026589952409267426,0.0,0.12556953629644266,160.42099982970092,34.0,54.6
38.977294,128,1,-0.8055294156074524,2.122616767883301,-0.7333230376243591,0.0,2.385821087219,110.7816676791661,14.0,56.400000000000006
38.977294,128,2,-1.8500198125839233,1.4807102680206299,1.862021803855896,0.0,3.01366909311715,141.32708050415167,14.100000000000001,63.6
38.977294,128,3,-2.374191999435425,2.0444586277008057,1.5953949689865112,0.0,3.515947075487757,139.2676782754091,13.100000000000001,69.2
38.977294,128,4,-1.0791782140731812,2.6433212757110596,-2.0518555641174316,0.0,3.5159471327590506,112.20852420844709,13.100000000000001,69.2
38.977294,128,5,1.4800158739089966,4.70258903503418,3.4675660133361816,0.0,6.027338108675378,72.52997946597162,11.200000000000001,70.3
38.977294,128,6,3.7000396251678467,4.22845458984375,-2.1814403533935547,0.0,6.027338007910017,48.81298617412406,11.200000000000001,70.3
39.296327,129,0,-0.11562623083591461,0.04115591198205948,-0.02654193341732025,0.0,0.12556953682292812,160.40736060293807,34.0,54.6
39.296327,129,1,-0.8055294156074524,2.133164167404175,-0.7020506858825684,0.0,2.385821068323066,110.68763249727556,13.8,56.7
39.296327,129,2,-1.8500198125839233,1.4747294187545776,1.8667621612548828,0.0,3.013669048217848,141.4401618960413,13.600000000000001,64.0
39.296327,129,3,-2.374191999435425,2.0518486499786377,1.5858795642852783,0.0,3.5159471732408045,139.16543027717017,12.9,69.3
39.296327,129,4,-1.0791782140731812,2.636482000350952,-2.060636043548584,0.0,3.515947078651256,112.26051637454033,12.9,69.3
39.600062,130,0,-0.11562623083591461,0.0411008857190609,-0.026627061888575554,0.0,0.1255695364689603,160.4315650998532,34.0,54.7
39.600062,130,1,-0.8055294156074524,2.14532470703125,-0.6639630794525146,0.0,2.3858211812463375,110.58022048834775,14.100000000000001,56.7
39.600062,130,2,-1.8500198125839233,1.4736263751983643,1.8676329851150513,0.0,3.013669020931642,141.46105637420726,13.5,64.10000000000001
39.600062,130,3,-2.374191999435425,2.0493075847625732,1.58916175365448,0.0,3.5159471421548383,139.20055282534508,13.0,69.2
39.600062,130,4,-1.0791782140731812,2.6430556774139404,-2.0521974563598633,0.0,3.515947003515573,112.21053898280955,13.0,69.2
39.902716,131,0,-0.11562623083591461,0.04110429435968399,-0.026621798053383827,0.0,0.12556953612928143,160.43006552391836,33.9,54.800000000000004
39.902716,131,1,-0.8055294156074524,2.1350228786468506,-0.696377694606781,0.0,2.3858210799010524,110.67114545449202,14.100000000000001,56.6
39.902716,131,2,-1.8500198125839233,1.4807697534561157,1.8619744777679443,0.0,3.013669080301079,141.3259575883584,13.9,63.7
39.902716,131,3,-2.374191999435425,2.0487966537475586,1.5898205041885376,0.0,3.5159471859128755,139.20761939445694,13.0,69.2
39.902716,131,4,-1.0791782140731812,2.6396079063415527,-2.0566303730010986,0.0,3.5159470997302638,112.23672459712246,13.0,69.2
39.902716,131,5,1.4800158739089966,4.40609884262085,3.837270975112915,0.0,6.027337930995028,71.4327150115143,11.5,70.2
39.902716,131,6,3.7000396251678467,4.131026268005371,-2.360748529434204,0.0,6.0273381250754765,48.15012407728232,11.5,70.2
40.197091,132,0,-0.11562623083591461,0.04111194983124733,-0.026609977707266808,0.0,0.12556953687032713,160.4266977255798,34.0,54.7
40.197091,132,1,-0.8055294156074524,2.133632183074951,-0.7006276249885559,0.0,2.3858212424570224,110.68347876094082,14.3,56.300000000000004
40.197091,132,2,-1.8500198125839233,1.4763362407684326,1.8654917478561401,0.0,3.0136691032823557,141.40974628325878,14.0,63.6
40.197091,132,3,-2.374191999435425,2.0521085262298584,1.585543155670166,0.0,3.51594712020829,139.16184036918338,13.0,69.2
40.197091,132,4,-1.0791782140731812,2.6387736797332764,-2.0577003955841064,0.0,3.5159469661202607,112.243069307132,13.0,69.2
40.486861,133,0,-0.11562623083591461,0.04113582894206047,-0.026573043316602707,0.0,0.12556953576077565,160.41619372128383,34.2,54.5
40.486861,133,1,-0.8055294156074524,2.1376163959503174,-0.6883755922317505,0.0,2.3858211273322483,110.64818252440756,14.4,56.300000000000004
40.486861,133,2,-1.8500198125839233,1.4773179292678833,1.8647143840789795,0.0,3.013669076936028,141.3911765251269,13.8,63.800000000000004
40.486861,133,3,-2.374191999435425,2.0460174083709717,1.5933958292007446,0.0,3.5159472626953003,139.24608485425617,13.100000000000001,69.2
40.486861,133,4,-1.0791782140731812,2.6444694995880127,-2.05037522315979,0.0,3.515946971688995,112.19981800871918,13.100000000000001,69.2
40.795005,134,0,-0.11562623083591461,0.041123684495687485,-0.026591835543513298,0.0,0.1255695361200093,160.42153568022025,34.0,54.7
40.795005,134,1,-0.8055294156074524,2.123115062713623,-0.731879472732544,0.0,2.385821194376817,110.77720675428304,13.9,56.5
40.795005,134,2,-1.8500198125839233,1.4806569814682007,1.8620641231536865,0.0,3.013669059876961,141.32808643258204,14.200000000000001,63.400000000000006
40.795005,134,3,-2.374191999435425,2.0445940494537354,1.5952216386795044,0.0,3.5159471773273454,139.26580175361323,13.3,69.10000000000001
40.795005,134,4,-1.0791782140731812,2.6450698375701904,-2.049600839614868,0.0,3.515947050952808,112.19526863423059,13.3,69.10000000000001
41.100938,135,0,-0.11562623083591461,0.041163284331560135,-0.026530494913458824,0.0,0.1255695360930912,160.4041182675542,33.6,55.0
41.100938,135,1,-0.8055294156074524,2.137255907058716,-0.6894938349723816,0.0,2.3858210746263393,110.65137136314404,13.8,56.7
41.100938,135,2,-1.8500198125839233,1.467934489250183,1.87211012840271,0.0,3.013669076815048,141.56906846992933,13.8,63.800000000000004
41.100938,135,3,-2.374191999435425,2.0471158027648926,1.5919842720031738,0.0,3.5159471956243036,139.23087747470652,13.3,69.0
41.100938,135,4,-1.0791782140731812,2.642381429672241,-2.053065538406372,0.0,3.5159470050896307,112.21565524746946,13.3,69.0
41.100938,135,5,-0.12718884646892548,3.9686319828033447,1.1852504014968872,0.34104230999946594,4.143794798472077,91.83561758644187,18.400000000000002,41.6
41.398391,136,0,-0.11562623083591461,0.041124314069747925,-0.0265908632427454,0.0,0.12556953640521998,160.42125874173917,33.800000000000004,54.900000000000006
41.398391,136,1,-0.8055294156074524,2.1346819400787354,-0.6974225044250488,0.0,2.385821194973694,110.67416774771225,14.0,56.6
41.398391,136,2,-1.8500198125839233,1.4645363092422485,1.874769687652588,0.0,3.0136690743648256,141.6337085112959,14.100000000000001,63.6
41.398391,136,3,-2.374191999435425,2.046077251434326,1.5933188199996948,0.0,3.5159471883385063,139.24525614185197,13.3,69.0
41.398391,136,4,-1.0791782140731812,2.6425843238830566,-2.052804470062256,0.0,3.5159470585988966,112.21411542893007,13.3,69.0
41.398391,136,5,1.2950139045715332,4.775390625,3.4420034885406494,0.0,6.027338106452756,74.82716603822392,11.600000000000001,70.10000000000001
41.398391,136,6,3.7000396251678467,4.129105567932129,-2.3641064167022705,0.0,6.027338149501252,48.13688141212529,11.600000000000001,70.10000000000001
41.698431,137,0,-0.11562623083591461,0.04112229868769646,-0.026593981310725212,0.0,0.12556953670630283,160.4221452759711,34.300000000000004,54.400000000000006
41.698431,137,1,-0.8055294156074524,2.1352286338806152,-0.6957468390464783,0.0,2.3858211631209345,110.66932191990587,14.3,56.1
41.698431,137,2,-1.8500198125839233,1.474149227142334,1.867220401763916,0.0,3.0136690726754978,141.4511507015812,14.3,63.300000000000004
41.698431,137,3,-2.374191999435425,2.046984910964966,1.5921525955200195,0.0,3.5159472071296185,139.23268931949173,13.200000000000001,69.10000000000001
41.698431,137,4,-1.0791782140731812,2.6394243240356445,-2.056865930557251,0.0,3.5159470753025204,112.23812053736312,13.200000000000001,69.10000000000001
41.698431,137,5,1.4800158739089966,4.609186172485352,3.590787887573242,0.0,6.027337871166298,72.1981058016145,11.9,69.8
41.698431,137,6,3.7000396251678467,4.178886890411377,-2.274954080581665,0.0,6.0273381305033364,48.47791314537367,11.9,69.8
42.000366,138,0,-0.11562623083591461,0.04110956937074661,-0.02661365270614624,0.0,0.1255695363594682,160.42774492370643,33.7,55.0
42.000366,138,1,-0.8055294156074524,2.1355605125427246,-0.6947275400161743,0.0,2.385821178755347,110.66638124700883,13.600000000000001,56.900000000000006
42.000366,138,2,-1.8500198125839233,1.4747933149337769,1.8667117357254028,0.0,3.013669081538542,141.4389519103521,13.600000000000001,64.10000000000001
42.000366,138,3,-2.374191999435425,2.0514180660247803,1.5864365100860596,0.0,3.5159471742803627,139.1713791823897,13.100000000000001,69.2
42.000366,138,4,-1.0791782140731812,2.639324903488159,-2.0569934844970703,0.0,3.5159470643293766,112.23887659003445,13.100000000000001,69.2
42.000366,138,5,1.2950139045715332,4.907095909118652,3.2514853477478027,0.0,6.027338404382259,75.2163371825293,11.5,70.3
42.000366,138,6,3.7000396251678467,4.213108062744141,-2.210934638977051,0.0,6.0273381151218395,48.70972049575434,11.5,70.3
42.289017,139,0,-0.11562623083591461,0.041154924780130386,-0.02654346264898777,0.0,0.12556953651414268,160.40779478105947,33.800000000000004,54.800000000000004
42.289017,139,1,-0.8055294156074524,2.132817268371582,-0.7031038403511047,0.0,2.3858210641180473,110.69071232780709,13.8,56.800000000000004
42.289017,139,2,-1.8500198125839233,1.4807599782943726,1.8619822263717651,0.0,3.0136690647109483,141.32614211318406,13.4,64.2
42.289017,139,3,-2.374191999435425,2.052699089050293,1.5847786664962769,0.0,3.515947187053981,139.15368383119701,13.100000000000001,69.2
42.289017,139,4,-1.0791782140731812,2.6390795707702637,-2.0573081970214844,0.0,3.5159470439867166,112.24074245399214,13.100000000000001,69.2
42.289017,139,5,1.4800158739089966,4.583136081695557,3.6239778995513916,0.0,6.027337649974426,72.1033593601415,11.600000000000001,70.0
42.289017,139,6,3.7000396251678467,4.210891246795654,-2.215153694152832,0.0,6.027338069900461,48.694768567116654,11.600000000000001,70.0
42.586898,140,0,-0.11562623083591461,0.04110021889209747,-0.02662809193134308,0.0,0.1255695366329055,160.4318584627802,33.800000000000004,54.900000000000006
42.586898,140,1,-0.8055294156074524,2.128101110458374,-0.7172518968582153,0.0,2.385821087024288,110.73267035532572,13.600000000000001,56.800000000000004
42.586898,140,2,-1.8500198125839233,1.4804599285125732,1.8622207641601562,0.0,3.013669039784187,141.33180658799157,13.8,63.800000000000004
42.586898,140,3,-2.374191999435425,2.045633554458618,1.593888282775879,0.0,3.515947119522764,139.2514009908395,13.100000000000001,69.2
42.586898,140,4,-1.0791782140731812,2.644317388534546,-2.0505714416503906,0.0,3.515946999934513,112.2009709908203,13.100000000000001,69.2
42.586898,140,5,1.4800158739089966,4.604684352874756,3.5965590476989746,0.0,6.027337883362569,72.18180173250639,11.3,70.2
42.586898,140,6,3.7000396251678467,4.190180778503418,-2.254085063934326,0.0,6.027338356173772,48.55465097191975,11.3,70.2
42.586898,140,7,-0.24666929244995117,3.755861520767212,1.4066951274871826,0.596824049949646,4.018225066458291,93.75755111420806,18.5,41.7
42.892505,141,0,-0.11562623083591461,0.041090574115514755,-0.026642970740795135,0.0,0.1255695362273736,160.43610169179118,34.1,54.6
42.892505,141,1,-0.8055294156074524,2.124356269836426,-0.7282685041427612,0.0,2.3858210776855318,110.76610295040518,13.8,56.6
42.892505,141,2,-1.8500198125839233,1.4733750820159912,1.8678313493728638,0.0,3.0136690908191524,141.46581821109282,13.8,63.900000000000006
42.892505,141,3,-2.374191999435425,2.046229124069214,1.5931237936019897,0.0,3.515947198140643,139.24315308797543,13.200000000000001,69.10000000000001
42.892505,141,4,-1.0791782140731812,2.64045786857605,-2.0555388927459717,0.0,3.5159470293288964,112.2302637427235,13.200000000000001,69.10000000000001
43.187209,142,0,-0.11562623083591461,0.04108445346355438,-0.02665240876376629,0.0,0.12556953637976873,160.43879459453618,33.9,54.800000000000004
43.187209,142,1,-0.8055294156074524,2.133044481277466,-0.7024141550064087,0.0,2.385821041836647,110.6886949926666,13.9,56.7
43.187209,142,2,-1.8500198125839233,1.4665778875350952,1.8731729984283447,0.0,3.0136690410861298,141.5948598307103,14.0,63.7
43.187209,142,3,-2.374191999435425,2.0455121994018555,1.5940442085266113,0.0,3.515947204783119,139.25308185932957,13.100000000000001,69.2
43.187209,142,4,-1.0791782140731812,2.6451447010040283,-2.049504280090332,0.0,3.515947084512004,112.19470144162268,13.100000000000001,69.2
43.187209,142,5,1.4800158739089966,4.5850372314453125,3.621572732925415,0.0,6.02733792487456,72.1103069940033,11.4,70.2
43.187209,142,6,3.7000396251678467,4.192380428314209,-2.249990224838257,0.0,6.027337960940299,48.56956975887877,11.4,70.2
43.187209,142,7,-0.24666929244995117,3.6963493824005127,1.556370496749878,0.42630288004875183,4.018225182809429,93.8178711069474,20.400000000000002,41.800000000000004
43.497277,143,0,-0.11562623083591461,0.04111596569418907,-0.02660377137362957,0.0,0.1255695366861975,160.42493112171687,33.800000000000004,54.900000000000006
43.497277,143,1,-0.8055294156074524,2.114262104034424,-0.7570734024047852,0.0,2.38582103700041,110.85673538548093,13.600000000000001,56.800000000000004
43.497277,143,2,-1.8500198125839233,1.4653490781784058,1.8741344213485718,0.0,3.01366903576934,141.61823753514477,13.8,63.900000000000006
43.497277,143,3,-2.374191999435425,2.0445005893707275,1.595341444015503,0.0,3.5159471886127505,139.26709680663336,13.100000000000001,69.10000000000001
43.497277,143,4,-1.0791782140731812,2.644623041152954,-2.0501773357391357,0.0,3.515947063808797,112.19865429883365,13.100000000000001,69.10000000000001
43.802227,144,0,-0.11562623083591461,0.04116209223866463,-0.02653234638273716,0.0,0.12556953651008707,160.40464253728723,33.9,54.800000000000004
43.802227,144,1,-0.8055294156074524,2.1187498569488525,-0.7444218993186951,0.0,2.3858211500267408,110.81634806239974,13.8,56.6
43.802227,144,2,-1.8500198125839233,1.4675276279449463,1.8724291324615479,0.0,3.0136691095449546,141.57680167854005,13.5,64.10000000000001
43.802227,144,3,-2.374191999435425,2.0463473796844482,1.5929718017578125,0.0,3.5159471568441014,139.2415156373743,13.100000000000001,69.10000000000001
43.802227,144,4,-1.0791782140731812,2.6403167247772217,-2.055720329284668,0.0,3.5159471123870394,112.2313363783438,13.100000000000001,69.10000000000001
43.802227,144,5,1.4800158739089966,4.500025749206543,3.726677417755127,0.0,6.027337995048107,71.79445397028226,11.4,70.3
43.802227,144,6,3.7000396251678467,4.081230163574219,-2.4458274841308594,0.0,6.027338132045535,47.80457603776026,11.4,70.3
43.802227,144,7,-0.12333464622497559,3.8264241218566895,1.2204099893569946,0.8526057600975037,4.018225172561702,91.8461385330773,18.6,41.2
44.099432,145,0,-0.11562623083591461,0.041094064712524414,-0.026637587696313858,0.0,0.1255695364736056,160.43456597438694,33.6,55.1
44.099432,145,1,-0.8055294156074524,2.120736837387085,-0.7387418150901794,0.0,2.3858209996188298,110.79851402715902,13.5,57.0
44.099432,145,2,-1.8500198125839233,1.474404215812683,1.8670190572738647,0.0,3.013669069221612,141.44632081276097,13.700000000000001,63.900000000000006
44.099432,145,3,-2.374191999435425,2.0437722206115723,1.5962742567062378,0.0,3.5159471046291055,139.277191358191,13.200000000000001,69.10000000000001
44.099432,145,4,-1.0791782140731812,2.6424877643585205,-2.0529286861419678,0.0,3.5159470122428265,112.2148482197652,13.200000000000001,69.10000000000001
44.099432,145,5,1.2950139045715332,4.9044413566589355,3.2554876804351807,0.0,6.027338224407635,75.20868617426818,11.200000000000001,70.2
44.099432,145,6,3.7000396251678467,4.142251014709473,-2.3409972190856934,0.0,6.027338108687849,48.22737893546115,11.200000000000001,70.2
44.402127,146,0,-0.11562623083591461,0.041075658053159714,-0.02666596509516239,0.0,0.1255695370552776,160.44266446802592,33.800000000000004,54.900000000000006
44.402127,146,1,-0.8055294156074524,2.1173551082611084,-0.7483794093132019,0.0,2.3858210398460886,110.82888402125603,13.700000000000001,56.7
44.402127,146,2,-1.8500198125839233,1.4806879758834839,1.8620394468307495,0.0,3.013669041290491,141.32750132535753,13.8,63.800000000000004
44.402127,146,3,-2.374191999435425,2.047236919403076,1.5918282270431519,0.0,3.5159470642718045,139.22920102874096,13.100000000000001,69.2
44.402127,146,4,-1.0791782140731812,2.643331289291382,-2.051842451095581,0.0,3.5159470085305524,112.20844825426335,13.100000000000001,69.2
44.402127,146,5,1.2950139045715332,4.765964508056641,3.4550435543060303,0.0,6.027338107924661,74.79854452652866,11.3,70.4
44.402127,146,6,3.7000396251678467,4.12001371383667,-2.379915237426758,0.0,6.027337950318574,48.07410292025965,11.3,70.4
44.693591,147,0,-0.11562623083591461,0.04109129682183266,-0.026641853153705597,0.0,0.12556953560192766,160.43578372868893,33.800000000000004,54.900000000000006
44.693591,147,1,-0.8055294156074524,2.1281354427337646,-0.7171500325202942,0.0,2.385821089514547,110.73236432512621,13.600000000000001,56.800000000000004
44.693591,147,2,-1.8500198125839233,1.4698140621185303,1.8706347942352295,0.0,3.013669062381918,141.53336494005904,13.8,63.800000000000004
44.693591,147,3,-2.374191999435425,2.043842315673828,1.5961846113204956,0.0,3.515947151897835,139.27621976898172,13.200000000000001,69.10000000000001
44.693591,147,4,-1.0791782140731812,2.6444108486175537,-2.0504510402679443,0.0,3.515947073343438,112.20026256201652,13.200000000000001,69.10000000000001
44.693591,147,5,1.2950139045715332,4.624002933502197,3.642848253250122,0.0,6.027338346092577,74.35438603649897,11.3,70.4
44.693591,147,6,3.7000396251678467,4.200882911682129,-2.2340755462646484,0.0,6.027338053560031,48.62715387020536,11.3,70.4
44.986904,148,0,-0.11562623083591461,0.04108094051480293,-0.026657819747924805,0.0,0.12556953565500606,160.44034022694044,33.800000000000004,54.900000000000006
44.986904,148,1,-0.8055294156074524,2.1232903003692627,-0.7313709259033203,0.0,2.385821194119073,110.77563839514569,13.700000000000001,56.7
44.986904,148,2,-1.8500198125839233,1.4622135162353516,1.8765819072723389,0.0,3.0136690808242856,141.67795912932857,13.8,63.900000000000006
44.986904,148,3,-2.374191999435425,2.044912815093994,1.5948128700256348,0.0,3.5159471216043943,139.26138507697803,13.200000000000001,69.10000000000001
44.986904,148,4,-1.0791782140731812,2.6434388160705566,-2.051703929901123,0.0,3.5159470143917697,112.20763268208954,13.200000000000001,69.10000000000001
44.986904,148,5,1.4800158739089966,4.458752632141113,3.775960922241211,0.0,6.027337961981277,71.63719023447115,11.8,69.9
44.986904,148,6,3.7000396251678467,4.191951751708984,-2.250789165496826,0.0,6.0273381010182385,48.56666301603541,11.8,69.9
45.30408,149,0,-0.11562623083591461,0.041104886680841446,-0.026620887219905853,0.0,0.125569536921739,160.42980494471638,33.6,55.1
45.30408,149,1,-0.8055294156074524,2.122750759124756,-0.7329352498054504,0.0,2.3858211385560715,110.78046795864815,13.4,57.0
45.30408,149,2,-1.8500198125839233,1.461767315864563,1.876929521560669,0.0,3.013669096232847,141.6864657092152,13.700000000000001,63.900000000000006
45.30408,149,3,-2.374191999435425,2.0422780513763428,1.598185658454895,0.0,3.515947196447586,139.29790881907567,13.100000000000001,69.2
45.30408,149,4,-1.0791782140731812,2.6460464000701904,-2.04833984375,0.0,3.5159469968343338,112.18787200313827,13.100000000000001,69.2
