timestamp_s,frame_number,point_index,x,y,z,doppler,range,azimuth_deg,elevation_deg,snr,noise
0.0,1,0,-0.11562623083591461,0.0489669032394886,0.0007250457420013845,0.0,0.125569536757582,157.04768079599384,0.3308309712718711,30.0,56.2
0.0,1,1,-0.16573092341423035,5.256256580352783,-1.2242507934570312,0.0,5.39948978911506,91.805950194991,-13.10489590761336,12.0,70.5
0.0,1,2,1.449182152748108,3.571646213531494,4.469237327575684,0.0,5.90176819916483,67.91532875592102,49.22419375616901,12.700000000000001,68.0
0.0,1,3,3.622955322265625,3.784614086151123,-2.7169394493103027,0.0,5.90176829598087,46.25019346564715,-27.410355356319737,12.700000000000001,68.0
0.0,1,4,3.306910276412964,3.5403330326080322,-0.7162901759147644,0.34104230999946594,4.89721197970164,46.95245896009629,-8.410533081155274,18.3,42.300000000000004
0.0,1,5,4.255045413970947,4.2344136238098145,-0.5414185523986816,0.42630288004875183,6.02733807425325,44.86075530048718,-5.153662771771977,13.100000000000001,49.300000000000004
0.0,1,6,-3.8850414752960205,4.59785795211792,-0.30815550684928894,0.42630288004875183,6.02733812134559,130.1967303010266,-2.930598967437923,13.100000000000001,49.300000000000004
0.0,1,7,0.9712603688240051,1.3208287954330444,4.21272087097168,0.7673451900482178,4.52050357234829,53.671408003151484,68.73517632772756,25.900000000000002,40.400000000000006
0.0,1,8,0.9982398152351379,2.705212354660034,-3.642984390258789,1.0231269598007202,4.64607273729062,69.74563241143964,-51.637491020930376,22.700000000000003,40.300000000000004
0.0,1,9,1.0791782140731812,4.672606945037842,-5.142922401428223,-0.25578173995018005,7.03189392039288,76.99508851261108,-47.001442686815736,13.3,44.800000000000004
0.306728,2,0,-0.11562623083591461,0.04896647483110428,0.0007534071337431669,0.0,0.12556953666003,157.04786080052443,0.3437721374648319,29.200000000000003,57.0
0.306728,2,1,-0.16573092341423035,5.252311706542969,-1.2410669326782227,0.0,5.39948998823513,91.80730569768033,-13.288177097025686,12.0,70.60000000000001
0.306728,2,2,1.449182152748108,3.5718636512756348,4.469063758850098,0.0,5.90176835667202,67.91654391458009,49.22161197953976,13.100000000000001,67.8
0.306728,2,3,3.622955322265625,3.7716426849365234,-2.734917640686035,0.0,5.90176823598688,46.15192340128147,-27.607140796437264,13.100000000000001,67.8
0.306728,2,4,1.171679139137268,1.2662420272827148,4.448861598968506,0.596824049949646,4.77164231722403,47.22129398506874,68.80484492161524,23.8,40.7
0.306728,2,5,1.3875148296356201,2.519709587097168,4.863689422607422,0.596824049949646,5.6506290451021,61.15998005507727,59.399114093098476,18.6,53.2
0.306728,2,6,1.0791782140731812,4.511306285858154,-5.2849812507629395,-0.42630288004875183,7.03189425713081,76.54672883571479,-48.726812774763985,18.5,42.0
0.594395,3,0,-0.11562623083591461,0.048967521637678146,0.0006820993730798364,0.0,0.125569537278002,157.0474209642118,0.31123478139958477,30.400000000000002,55.800000000000004
0.594395,3,1,-0.16573092341423035,5.254236221313477,-1.232893466949463,0.0,5.39948991194399,91.80664415889163,-13.199076257477483,12.0,70.60000000000001
0.594395,3,2,1.449182152748108,3.6516785621643066,4.404087066650391,0.0,5.90176822010584,68.3541637852559,48.26500978653339,12.8,67.8
0.594395,3,3,3.622955322265625,3.7467291355133057,-2.7689499855041504,0.0,5.90176825233426,45.962191865271365,-27.980623922772303,12.8,67.8
0.594395,3,4,1.9887710809707642,4.740781307220459,1.6505378484725952,0.42630288004875183,5.39949006894513,67.24181386524025,17.79932111548655,21.1,42.0
0.594395,3,5,-4.239628791809082,4.600776195526123,0.5269498229026794,0.5115634799003601,6.27847672684335,132.6606589151005,4.814473524482398,11.9,51.300000000000004
0.594395,3,6,1.2025128602981567,2.272148847579956,4.168211460113525,0.7673451900482178,4.89721189463588,62.1104005986749,58.33584658301961,26.1,40.7
0.897381,4,0,-0.11562623083591461,0.04896717146039009,0.0007065645768307149,0.0,0.125569536001582,157.04756809774892,0.32239811602460633,30.0,56.300000000000004
0.897381,4,1,-0.16573092341423035,5.253264427185059,-1.237027645111084,0.0,5.39948990884072,91.8069781459543,-13.24413991801978,12.0,70.5
0.897381,4,2,1.449182152748108,3.635746479034424,4.417248725891113,0.0,5.90176818233667,68.2681328736204,48.457319455053415,13.0,67.8
0.897381,4,3,3.622955322265625,3.7770638465881348,-2.7274258136749268,0.0,5.90176822125677,46.19303635252915,-27.525094270368587,13.0,67.8
0.897381,4,4,1.52626633644104,2.980830192565918,4.394479274749756,0.25578173995018005,5.52505978817161,62.886315790857516,52.690430420930376,21.0,41.800000000000004
0.897381,4,5,3.1488876342773438,4.37720251083374,0.28124135732650757,0.5115634799003601,5.39948996250802,54.26937954307087,2.9856964381745326,21.5,41.800000000000004
0.897381,4,6,1.2641801834106445,2.779046058654785,4.145391464233398,0.6820846199989319,5.14835108787192,65.53934634188363,53.62843321165233,23.900000000000002,41.300000000000004
1.201714,5,0,-0.11562623083591461,0.04896681755781174,0.00073076511034742,0.0,0.12556953649953,157.04771679686164,0.3334406907006731,30.0,56.2
1.201714,5,1,-0.16573092341423035,5.253046035766602,-1.2379552125930786,0.0,5.39949002233038,91.8070532198983,-13.25425151398691,11.9,70.60000000000001
1.201714,5,2,1.449182152748108,3.6191461086273193,4.4308600425720215,0.0,5.90176822522685,68.17779845075373,48.65696761562481,12.4,68.4
1.201714,5,3,3.622955322265625,3.7850301265716553,-2.7163596153259277,0.0,5.90176819995173,46.253339532688216,-27.404014957069037,12.4,68.4
1.201714,5,4,1.2950137853622437,2.6279995441436768,4.385293006896973,0.34104230999946594,5.27392046438294,63.7670515822557,56.253684333570874,19.5,41.300000000000004
1.201714,5,5,2.0350217819213867,5.058748722076416,-0.8910861611366272,0.42630288004875183,5.5250598940259,68.08617689455285,-9.281247100193973,19.3,40.800000000000004
1.201714,5,6,3.7308733463287354,4.0306172370910645,0.6008284091949463,0.42630288004875183,5.52505982009041,47.211627934852714,6.243035667574084,19.3,40.800000000000004
1.201714,5,7,1.2950137853622437,2.885519504547119,4.220302581787109,0.5115634799003601,5.27392049591564,65.82957879028861,53.1512232350175,21.200000000000003,41.400000000000006
1.496849,6,0,-0.11562623083591461,0.0489669032394886,0.0007249722839333117,0.0,0.125569536333452,157.04768079599384,0.3307974538501039,30.0,56.2
1.496849,6,1,-0.16573092341423035,5.252922058105469,-1.2384806871414185,0.0,5.39948991108688,91.80709584106943,-13.25998044087214,11.9,70.60000000000001
1.496849,6,2,1.449182152748108,3.6224544048309326,4.428155899047852,0.0,5.90176833611715,68.19585819564364,48.617239635020745,12.600000000000001,68.3
1.496849,6,3,3.622955322265625,3.7794599533081055,-2.724104642868042,0.0,5.90176828680081,46.21118834412218,-27.48874179109672,12.600000000000001,68.3
1.496849,6,4,-4.69827938079834,3.2467000484466553,3.417104959487915,0.42630288004875183,6.65518569603999,145.35396700410914,30.893905631823596,11.5,49.900000000000006
1.496849,6,5,1.3258473873138428,2.5135767459869385,4.5911383628845215,0.5115634799003601,5.39948986660436,62.18950059684589,58.24334887356208,20.1,41.2
1.802112,7,0,-0.11562623083591461,0.04896765947341919,0.0006718516233377159,0.0,0.125569535780892,157.04736305003493,0.3065587994951695,30.200000000000003,56.0
1.802112,7,1,-0.16573092341423035,5.252580642700195,-1.2399284839630127,0.0,5.39949004929052,91.80721322360675,-13.275764468491513,12.0,70.5
1.802112,7,2,1.449182152748108,3.654045581817627,4.40212345123291,0.0,5.90176828634769,68.36689004910075,48.23638009340001,12.8,68.0
1.802112,7,3,3.622955322265625,3.738548755645752,-2.779984951019287,0.0,5.90176824293931,45.8996084965328,-28.102002890339342,12.8,68.0
1.802112,7,4,1.402931571006775,1.7882200479507446,-6.121269226074219,0.42630288004875183,6.52961598188621,51.8843690839899,-69.62966911866846,12.5,45.400000000000006
2.101396,8,0,-0.11562623083591461,0.0489661730825901,0.0007728587952442467,0.0,0.125569537207046,157.04798758661175,0.3526478451296749,30.1,56.1
2.101396,8,1,-0.16573092341423035,5.252349376678467,-1.2409073114395142,0.0,5.39948994528691,91.80729274418182,-13.28643682031272,11.9,70.60000000000001
2.101396,8,2,1.449182152748108,3.6444711685180664,4.410053253173828,0.0,5.90176826941148,68.31532536486847,48.35209318594618,12.9,67.8
2.101396,8,3,3.622955322265625,3.7389156818389893,-2.779491424560547,0.0,5.9017682369134,45.90241866371339,-28.096571456536438,12.9,67.8
2.388981,9,0,-0.11562623083591461,0.04896720126271248,0.0007044768426567316,0.0,0.125569535893245,157.04755557573333,0.3214454947597854,30.200000000000003,56.0
2.388981,9,1,-0.16573092341423035,5.257057189941406,-1.2208083868026733,0.0,5.39948980502585,91.80567534467819,-13.067393437327855,12.100000000000001,70.5
2.388981,9,2,1.449182152748108,3.5766286849975586,4.4652509689331055,0.0,5.90176819925597,67.94314161582645,49.16497265305194,12.0,69.0
2.388981,9,3,3.622955322265625,3.7778515815734863,-2.726334571838379,0.0,5.90176821275889,46.19900525615802,-27.513148711136964,12.0,69.0
2.388981,9,4,1.3566811084747314,3.123870611190796,4.350532531738281,-0.25578173995018005,5.5250596861271,66.5249390916246,51.94488828567831,21.3,42.1
2.687307,10,0,-0.11562623083591461,0.04896675795316696,0.0007346466300077736,0.0,0.125569535905152,157.0477418409549,0.335211810402356,29.700000000000003,56.5
2.687307,10,1,-0.16573092341423035,5.248578071594238,-1.2567628622055054,0.0,5.39948992076239,91.80859049134082,-13.459374601012149,12.0,70.5
2.687307,10,2,1.449182152748108,3.651839017868042,4.403954029083252,0.0,5.90176822778951,68.35502692452997,48.263069545441375,12.700000000000001,68.10000000000001
2.687307,10,3,3.622955322265625,3.7938623428344727,-2.704010248184204,0.0,5.90176822365937,46.320043012107284,-27.269052188482636,12.700000000000001,68.10000000000001
2.988708,11,0,-0.11562623083591461,0.04896727204322815,0.0006997425225563347,0.0,0.12556953702341,157.0475258359555,0.3192852481689016,29.200000000000003,57.0
2.988708,11,1,-0.16573092341423035,5.253414154052734,-1.2363916635513306,0.0,5.39948991652698,91.80692667964813,-13.237206986725937,12.0,70.5
2.988708,11,2,1.449182152748108,3.6459686756134033,4.408815383911133,0.0,5.90176834387874,68.32340588257411,48.33401190210306,12.5,68.4
2.988708,11,3,3.622955322265625,3.762065887451172,-2.7480762004852295,0.0,5.90176819371364,46.079144600251695,-27.751395754063687,12.5,68.4
2.988708,11,4,1.3875148296356201,3.1059796810150146,4.511906623840332,0.25578173995018005,5.65062904140691,65.92855105321901,52.985068308421944,25.700000000000003,42.6
2.988708,11,5,1.6650177240371704,2.000521183013916,5.436398983001709,0.25578173995018005,6.0273379635978,50.22965937630615,64.41649544121806,14.9,43.5
2.988708,11,6,1.52626633644104,3.433370351791382,4.0507731437683105,0.42630288004875183,5.52505963448249,66.03299674444952,47.152277744819145,31.700000000000003,40.800000000000004
3.299136,12,0,-0.11562623083591461,0.048967085778713226,0.0007124162511900067,0.0,0.125569535652144,157.04760409855675,0.3250682040098568,29.200000000000003,57.0
3.299136,12,1,-0.16573092341423035,5.253788948059082,-1.2347979545593262,0.0,5.39948988686037,91.8067978628264,-13.219834712273501,11.9,70.60000000000001
3.299136,12,2,1.449182152748108,3.521080493927002,4.509182929992676,0.0,5.90176816324516,67.6292503467632,49.82160116439619,13.100000000000001,67.8
3.299136,12,3,3.622955322265625,3.7681241035461426,-2.7397632598876953,0.0,5.90176814582619,46.125206305109174,-27.660240687616543,13.100000000000001,67.8
3.596741,13,0,-0.11562623083591461,0.048967257142066956,0.0007006541127339005,0.0,0.125569536295724,157.04753209696025,0.31970120346936753,30.0,56.2
3.596741,13,1,-0.16573092341423035,5.252426624298096,-1.2405812740325928,0.0,5.39949016853365,91.80726618189205,-13.282881444599282,11.9,70.60000000000001
3.596741,13,2,1.449182152748108,3.714315176010132,4.351390838623047,0.0,5.90176824087793,68.68619357220611,47.502168012830275,13.0,67.7
3.596741,13,3,3.622955322265625,3.746643304824829,-2.769066095352173,0.0,5.90176824020992,45.96153595705324,-27.981900421535656,13.0,67.7
3.896516,14,0,-0.11562623083591461,0.04896741732954979,0.0006894507096149027,0.0,0.125569536749673,157.04746479118938,0.31458915391810544,29.3,56.900000000000006
3.896516,14,1,-0.16573092341423035,5.252318382263184,-1.241039514541626,0.0,5.39949018003452,91.8073034021101,-13.287877669702752,12.100000000000001,70.5
3.896516,14,2,1.449182152748108,3.674565076828003,4.385009765625,0.0,5.90176821472296,68.47661863870309,47.987542209240694,12.5,68.10000000000001
3.896516,14,3,3.622955322265625,3.716693639755249,-2.8091371059417725,0.0,5.90176822307593,45.73171319420408,-28.42332558726532,12.5,68.10000000000001
3.896516,14,4,1.4183485507965088,2.0203404426574707,5.22216272354126,-0.6820846199989319,5.77619871774923,54.92982351264641,64.7000524435639,27.3,41.2
3.896516,14,5,1.52626633644104,2.437716245651245,4.717450141906738,-0.34104230999946594,5.5250597522055,57.94911167890336,58.63048598992941,22.0,41.6
4.196059,15,0,-0.11562623083591461,0.04896752908825874,0.0006814818480052054,0.0,0.12556953683055,157.04741783371446,0.3109530095328387,29.1,57.2
4.196059,15,1,-0.16573092341423035,5.2523112297058105,-1.2410688400268555,0.0,5.39948996279788,91.80730586164987,-13.288197957077566,12.0,70.5
4.196059,15,2,1.449182152748108,3.617201328277588,4.432447910308838,0.0,5.90176828067131,68.16716875182976,48.68030907195376,12.9,68.0
4.196059,15,3,3.622955322265625,3.781987190246582,-2.720594882965088,0.0,5.90176828514454,46.23032073574988,-27.45033847169568,12.9,68.0
4.196059,15,4,1.45689058303833,2.8912699222564697,4.163203716278076,-1.193648099899292,5.27392046939677,63.25678631161493,52.12896084013243,25.6,40.5
4.196059,15,5,1.2950137853622437,2.7057902812957764,4.337727069854736,-0.5115634799003601,5.27392054198615,64.42383465536756,55.33445583594073,26.1,41.2
4.196059,15,6,1.5609540939331055,2.7192702293395996,4.7009148597717285,-0.5115634799003601,5.65062906076499,60.142702453740704,56.29727202353653,20.8,43.1
4.497352,16,0,-0.11562623083591461,0.04896722361445427,0.0007031094282865524,0.0,0.125569536945456,157.0475461842231,0.3208215485144099,30.1,56.1
4.497352,16,1,-0.16573092341423035,5.251542091369629,-1.2443199157714844,0.0,5.39949008047873,91.8075703832156,-13.323647554628089,12.0,70.5
4.497352,16,2,1.449182152748108,3.6681699752807617,4.3903608322143555,0.0,5.90176821947769,68.4425345408597,48.065219107060486,13.100000000000001,67.8
4.497352,16,3,3.622955322265625,3.8098599910736084,-2.6814229488372803,0.0,5.90176816295485,46.440449140198766,-27.02262493732211,13.100000000000001,67.8
4.497352,16,4,1.422202706336975,2.945106267929077,3.9760794639587402,-0.5115634799003601,5.14835113128677,64.22393154797766,50.56101663589064,29.900000000000002,40.800000000000004
4.497352,16,5,1.699705719947815,3.0682854652404785,5.055184841156006,-0.5115634799003601,6.15290736228677,61.01532506495486,55.24456585798467,12.0,53.2
4.7961,17,0,-0.11562623083591461,0.048966504633426666,0.0007514223107136786,0.0,0.125569536388507,157.04784827845464,0.34286647249062024,29.400000000000002,56.800000000000004
4.7961,17,1,-0.16573092341423035,5.249949932098389,-1.2510193586349487,0.0,5.39948983369679,91.8081182036564,-13.396715639226478,11.9,70.60000000000001
4.7961,17,2,1.449182152748108,3.637324810028076,4.41594934463501,0.0,5.90176831973874,68.27668465946736,48.438299909097026,12.8,68.0
4.7961,17,3,3.622955322265625,3.771230697631836,-2.735485792160034,0.0,5.90176827408557,46.148796462213035,-27.613365207406183,12.8,68.0
4.7961,17,4,1.2333464622497559,1.4591935873031616,4.645206451416016,-0.8526057600975037,5.02278134079592,49.794679731321004,67.64236205499711,25.400000000000002,42.5
4.7961,17,5,1.2025128602981567,2.9120166301727295,3.7492408752441406,-0.596824049949646,4.89721197970707,67.56189620117394,49.959225110541546,23.900000000000002,40.900000000000006
4.7961,17,6,1.3875148296356201,2.8821210861206055,3.872533082962036,-0.596824049949646,5.02278128492126,64.29283986064966,50.44321266374426,23.6,41.2
4.7961,17,7,1.7806440591812134,4.76279354095459,1.3997660875320435,-0.34104230999946594,5.27392080705246,69.50096550015648,15.391482867565836,23.700000000000003,41.300000000000004
5.105216,18,0,-0.11562623083591461,0.04896755889058113,0.0006793646607547998,0.0,0.125569536979974,157.04740531172666,0.3099869494181154,28.900000000000002,57.300000000000004
5.105216,18,1,-0.16573092341423035,5.254288196563721,-1.2326726913452148,0.0,5.39949008291642,91.80662629946885,-13.196669552705407,11.9,70.60000000000001
5.105216,18,2,1.449182152748108,3.621671199798584,4.428796291351318,0.0,5.90176819110861,68.1915853066096,48.626646453980314,12.600000000000001,68.2
5.105216,18,3,3.622955322265625,3.798902988433838,-2.6969239711761475,0.0,5.90176821715059,46.358038695901676,-27.191682346116842,12.600000000000001,68.2
5.105216,18,4,1.2641801834106445,1.730764627456665,-4.68100643157959,-1.875732660293579,5.14835108984157,53.85496661672034,-65.39838847228569,14.600000000000001,41.400000000000006
5.105216,18,5,1.171679139137268,1.0152361392974854,4.512763500213623,-0.7673451900482178,4.77164236217316,40.9082637785401,71.04013179775595,26.900000000000002,41.300000000000004
5.105216,18,6,1.59564208984375,1.8542321920394897,5.232611179351807,-0.7673451900482178,5.776198616318,49.286668299072424,64.94366772428961,11.600000000000001,54.400000000000006
5.105216,18,7,0.9982398152351379,1.104722261428833,4.401033878326416,-0.5115634799003601,4.64607287951814,47.89866793821939,71.30869082022383,23.6,40.800000000000004
5.105216,18,8,0.9250098466873169,1.9620338678359985,-4.53024435043335,-0.5115634799003601,5.02278149929272,64.7582516841215,-64.4141706071722,24.200000000000003,41.7
5.105216,18,9,3.3184728622436523,3.880260705947876,-0.6609344482421875,-0.34104230999946594,5.14835115628721,49.462307959065036,-7.375866714410076,26.5,41.0
5.105216,18,10,1.422202706336975,3.636387586593628,3.3555243015289307,-0.34104230999946594,5.14835105213268,68.63937455046332,40.67494401111219,26.5,41.0
5.389058,19,0,-0.11562623083591461,0.04896637424826622,0.0007599498494528234,0.0,0.125569536863505,157.04790306252713,0.3467575489154234,28.900000000000002,57.300000000000004
5.389058,19,1,-0.16573092341423035,5.25391149520874,-1.2342777252197266,0.0,5.39949018347435,91.80675574731437,-13.21416344089732,12.0,70.5
5.389058,19,2,1.449182152748108,3.6228744983673096,4.427812099456787,0.0,5.90176825458775,68.198149420858,48.61219199011984,12.9,67.9
5.389058,19,3,3.622955322265625,3.76833438873291,-2.739474296569824,0.0,5.90176827349283,46.126803759428945,-27.65707278745706,12.9,67.9
5.389058,19,4,0.9982398152351379,1.4232888221740723,4.308568000793457,-0.6820846199989319,4.64607275206789,54.95566331653812,68.02649471040777,30.1,40.5
5.389058,19,5,1.3566811084747314,2.630121946334839,4.66563606262207,-0.596824049949646,5.52505972379702,62.7142115277121,57.61304370356962,13.100000000000001,54.7
5.389058,19,6,2.004188060760498,4.453475475311279,1.173933506011963,-0.42630288004875183,5.02278144742846,65.7709269978587,13.516289063403837,22.3,41.6
5.389058,19,7,3.5458710193634033,3.4913361072540283,-0.6824252009391785,-0.42630288004875183,5.02278142612774,44.555994630197,-7.808699209166338,22.3,41.6
5.389058,19,8,0.8787593245506287,2.819467067718506,-3.747926950454712,-0.25578173995018005,4.77164216202123,72.68901338416792,-51.763104884216425,22.400000000000002,42.7
5.389058,19,9,2.1545019149780273,4.939610958099365,0.33594080805778503,-0.25578173995018005,5.39948989679005,66.43469424977937,3.5670832968353876,14.5,47.900000000000006
5.699469,20,0,-0.11562623083591461,0.04896753281354904,0.0006809820188209414,0.0,0.125569535571635,157.04741626846587,0.3107249436043672,30.200000000000003,56.0
5.699469,20,1,-0.16573092341423035,5.2529215812683105,-1.2384835481643677,0.0,5.3994901034268,91.80709600500089,-13.260011150743034,11.9,70.60000000000001
5.699469,20,2,1.449182152748108,3.6686253547668457,4.389980316162109,0.0,5.90176821654092,68.44496498517105,48.05969163670911,12.700000000000001,68.0
5.699469,20,3,3.622955322265625,3.8037660121917725,-2.690060615539551,0.0,5.90176814674341,46.39464547891655,-27.116797872260186,12.700000000000001,68.0
5.699469,20,4,0.9442808628082275,1.8521956205368042,-3.872098684310913,-0.9378663301467896,4.39493380901736,62.98673871281093,-61.76769329773858,27.8,41.5
5.699469,20,5,1.653455138206482,4.608583927154541,-0.0986316055059433,-0.6820846199989319,4.89721225814169,70.2631675744813,-1.154035509464089,25.200000000000003,41.400000000000006
5.980541,21,0,-0.11562623083591461,0.048966921865940094,0.0007236784440465271,0.0,0.125569536133712,157.04767296972076,0.3302070818982182,29.6,56.6
5.980541,21,1,-0.16573092341423035,5.250504970550537,-1.2486884593963623,0.0,5.39948998085757,91.8079271917295,-13.371290807491514,11.9,70.60000000000001
5.980541,21,2,1.449182152748108,3.6719701290130615,4.38718318939209,0.0,5.90176836867497,68.46280067859203,48.019076204384724,13.0,67.7
5.980541,21,3,3.622955322265625,3.756901502609253,-2.7551321983337402,0.0,5.90176817553314,46.03981803693476,-27.828828092804404,13.0,67.7
5.980541,21,4,0.9982398152351379,3.4803919792175293,-2.9114224910736084,-2.131514549255371,4.64607274795086,73.99614429544542,-38.80277870292479,13.8,41.400000000000006
5.980541,21,5,0.9481351375579834,1.7224397659301758,-4.7581257820129395,-0.7673451900482178,5.14835118691275,61.168951110410624,-67.54860094327928,12.4,52.5
5.980541,21,6,0.8903219699859619,1.834521770477295,-3.6073384284973145,-0.596824049949646,4.14379462260237,64.11197912749608,-60.52143649958388,29.8,40.5
5.980541,21,7,1.5686625242233276,4.331141948699951,0.605393648147583,-0.34104230999946594,4.64607298305876,70.09051470091903,7.487057097545806,31.200000000000003,42.2
5.980541,21,8,3.1373250484466553,3.3974554538726807,-0.4477507770061493,-0.34104230999946594,4.64607283401473,47.27957302071649,-5.530285120941008,31.200000000000003,42.2
5.980541,21,9,-3.4687869548797607,4.4524641036987305,0.26960694789886475,-0.34104230999946594,5.65062894193426,127.92113269762193,2.7347765008028837,12.8,50.7
5.980541,21,10,3.989104747772217,3.994204044342041,-0.2509724497795105,-0.34104230999946594,5.6506291514384,45.03659737332104,-2.5456269962449234,12.8,50.7
6.302849,22,0,-0.11562623083591461,0.0489678755402565,0.0006561933550983667,0.0,0.125569537237204,157.0472722657494,0.2994140277969203,29.5,56.7
6.302849,22,1,-0.16573092341423035,5.251368999481201,-1.2450494766235352,0.0,5.39948991173504,91.80762992353793,-13.331603860118188,11.9,70.60000000000001
6.302849,22,2,1.2680343389511108,3.065718173980713,4.881017208099365,0.0,5.90176820900287,67.52916212811043,55.796189465590544,12.700000000000001,68.2
6.302849,22,3,3.622955322265625,3.7247259616851807,-2.798478126525879,0.0,5.90176825887193,45.79353677104159,-28.305726921917064,12.700000000000001,68.2
6.302849,22,4,4.008376121520996,4.290045738220215,2.8573262691497803,0.34104230999946594,6.52961598993191,46.94401864714568,25.9505229238392,16.8,46.7
6.302849,22,5,0.6937574148178101,6.60880708694458,-3.5505096912384033,0.7673451900482178,7.53417211979136,84.00734191518559,-28.11573534915268,17.7,41.900000000000006
6.302849,22,6,0.9018846154212952,2.210764169692993,4.275723457336426,-0.9378663301467896,4.89721197796756,67.80692154318622,60.82012703175593,11.9,53.900000000000006
6.302849,22,7,0.7168826460838318,2.3055882453918457,-3.0533769130706787,-0.8526057600975037,3.89265570771655,72.72782520335463,-51.66469222014493,30.5,41.6
6.590165,23,0,-0.11562623083591461,0.04896729439496994,0.0006980517646297812,0.0,0.125569536329278,157.04751644444943,0.31851376668465636,29.6,56.6
6.590165,23,1,-0.16573092341423035,5.249837398529053,-1.2514911890029907,0.0,5.39948975794215,91.8081569360802,-13.40186268320523,12.100000000000001,70.5
6.590165,23,2,1.2680343389511108,3.078117847442627,4.873207092285156,0.0,5.90176820383539,67.61072931075843,55.66153996926046,12.9,68.0
6.590165,23,3,3.622955322265625,3.7324116230010986,-2.7882192134857178,0.0,5.90176822427799,45.8525640191413,-28.192665123566993,12.9,68.0
6.590165,23,4,0.4779217541217804,3.4670610427856445,-1.7040678262710571,-1.0231269598007202,3.89265573021772,82.15144751314232,-25.961356093261085,29.200000000000003,42.0
6.590165,23,5,0.9982398152351379,0.8631829023361206,4.454708099365234,-0.9378663301467896,4.64607271813048,40.85013390750944,73.49834522071308,17.900000000000002,48.400000000000006
6.590165,23,6,-3.422536611557007,0.9233866930007935,-3.0032637119293213,-0.9378663301467896,4.64607283258136,164.90131950847567,-40.27140659207509,17.900000000000002,48.400000000000006
6.590165,23,7,0.5974022150039673,3.2647998332977295,-2.033951759338379,-0.8526057600975037,3.89265553540359,79.63057437445643,-31.50077387930909,29.0,41.300000000000004
6.590165,23,8,0.558860182762146,2.367825984954834,-2.7095608711242676,-0.596824049949646,3.64151681490447,76.71994315218308,-48.079692111896954,31.6,41.0
6.590165,23,9,3.075657606124878,3.5212090015411377,0.9539324045181274,-0.34104230999946594,4.7716422304106,48.86388040791621,11.532105520287134,13.4,51.5
6.890917,24,0,-0.11562623083591461,0.048967499285936356,0.0006835843669250607,0.0,0.125569536636977,157.0474303557046,0.31191237677643147,29.900000000000002,56.300000000000004
6.890917,24,1,-0.16573092341423035,5.26182222366333,-1.2001055479049683,0.0,5.39949008504741,91.80404123098647,-12.841970397951973,12.0,70.4
6.890917,24,2,1.2680343389511108,2.8854167461395264,4.98972225189209,0.0,5.90176829727232,66.27628063609366,57.72149507164158,12.9,68.0
6.890917,24,3,3.622955322265625,3.7625246047973633,-2.747448205947876,0.0,5.90176823614792,46.08263500450764,-27.74450661997227,12.9,68.0
6.890917,24,4,0.5395891070365906,2.663240432739258,-2.2311158180236816,-0.6820846199989319,3.51594707019961,78.54655701110353,-39.388126571673546,32.9,42.6
6.890917,24,5,0.9250099062919617,4.421323776245117,-3.9906208515167236,-0.34104230999946594,6.02733789012104,78.18327221236189,-41.459218814254,11.700000000000001,51.0
7.205365,25,0,-0.11562623083591461,0.04896724969148636,0.0007011540001258254,0.0,0.125569536180558,157.0475352274629,0.3199292995639561,29.5,56.7
7.205365,25,1,0.0,5.206522464752197,-1.4305988550186157,0.0,5.39948972218208,90.0,-15.364026414839485,12.3,70.5
7.205365,25,2,1.2680343389511108,3.041048765182495,4.896425247192383,0.0,5.90176828402473,67.36519571266093,56.06320458230333,13.200000000000001,67.8
7.205365,25,3,3.622955322265625,3.761913537979126,-2.7482848167419434,0.0,5.90176822387136,46.077985267463035,-27.753684156083224,13.200000000000001,67.8
7.205365,25,4,0.5010470151901245,2.534553050994873,-1.9959867000579834,-0.9378663301467896,3.26480783301969,78.81757757593878,-37.68821058009499,31.8,41.5
7.205365,25,5,-3.642226219177246,1.7928262948989868,-1.6838661432266235,-0.6820846199989319,4.39493380423964,153.7920369241094,-22.52819350451396,23.1,51.400000000000006
7.503476,26,0,-0.11562623083591461,0.048967402428388596,0.0006905240006744862,0.0,0.125569536836366,157.0474710521885,0.3150788901278321,29.6,56.6
7.503476,26,1,-0.16573092341423035,5.277471542358398,-1.1292997598648071,0.0,5.39948984321752,91.79869521575135,-12.072506311040177,11.5,70.8
7.503476,26,2,1.2680343389511108,3.4712183475494385,4.601478099822998,0.0,5.90176826080741,69.93277643740961,51.231090830696935,13.4,67.7
7.503476,26,3,0.558860182762146,3.4980058670043945,-0.8439632058143616,-1.875732660293579,3.64151666785181,80.92283161003952,-13.400798247231924,14.3,41.400000000000006
7.503476,26,4,0.7400079369544983,2.455595016479492,-3.093311309814453,-0.7673451900482178,4.01822516680444,73.2295119321708,-50.33775483619784,20.0,49.7
7.503476,26,5,0.40083760023117065,2.988112449645996,-1.2527905702590942,-0.596824049949646,3.26480795858173,82.35972043163116,-22.564650087085372,35.300000000000004,41.2
7.503476,26,6,-3.434098958969116,1.474844217300415,-1.789646029472351,-0.596824049949646,4.14379464212494,156.7579037682658,-25.587296874019604,13.700000000000001,56.300000000000004
7.800164,27,0,-0.11562623083591461,0.04896726459264755,0.0007001983467489481,0.0,0.125569536658902,157.04752896645783,0.31949323909803296,29.700000000000003,56.5
7.800164,27,1,-0.16573092341423035,5.267800807952881,-1.173585295677185,0.0,5.39949021088792,91.80199512143594,-12.553499557410532,11.4,70.7
7.800164,27,2,1.449182152748108,4.066809177398682,4.023903846740723,0.0,5.90176820665066,70.38679083143676,42.98550092945362,12.9,68.0
7.800164,27,3,3.622955322265625,3.747096061706543,-2.7684531211853027,0.0,5.90176811192969,45.964995697802465,-27.975162613932618,12.9,68.0
7.800164,27,4,-3.2259719371795654,1.9091228246688843,-1.0493443012237549,-0.8526057600975037,3.89265569523591,149.3830502873758,-15.638697852595318,20.200000000000003,55.6
7.800164,27,5,0.3545871376991272,2.4751076698303223,-1.4454160928726196,-0.6820846199989319,2.88809932256661,81.84720566950082,-30.03130662846485,33.300000000000004,40.6
7.800164,27,6,0.5318806767463684,2.300633430480957,-1.6629211902618408,-0.34104230999946594,2.88809939592885,76.9825613687782,-35.15454906261287,21.6,41.800000000000004
7.800164,27,7,-3.330035448074341,0.7140982747077942,-2.1323838233947754,-0.34104230999946594,4.018225130782,167.89670133311333,-32.05127848927695,15.700000000000001,54.0
8.080197,28,0,-0.11562623083591461,0.048967693001031876,0.0006696168566122651,0.0,0.125569536918387,157.04734896281025,0.30553908659251816,29.6,56.6
8.080197,28,1,0.0,5.241816997528076,-1.2953166961669922,0.0,5.3994898628429,90.0,-13.880409671452352,12.9,70.5
8.080197,28,2,1.449182152748108,3.744340419769287,4.3255815505981445,0.0,5.90176836565421,68.84193341096271,47.13257006141585,12.200000000000001,68.4
8.080197,28,3,3.622955322265625,3.577822685241699,-2.9839985370635986,0.0,5.90176818448172,44.64088939338101,-30.37191607094257,12.200000000000001,68.4
8.080197,28,4,0.6243817210197449,3.24920392036438,-0.7399197816848755,-1.875732660293579,3.39037755021228,79.1223836140908,-12.605746278317191,16.7,41.1
8.080197,28,5,0.1772935688495636,2.870771646499634,0.2614480257034302,-1.0231269598007202,2.88809936221832,86.46600660316417,5.193867059498427,23.700000000000003,41.400000000000006
8.080197,28,6,0.24281509220600128,2.5092735290527344,-0.7733994126319885,-0.596824049949646,2.63696026971725,84.47286319360137,-17.055147830850423,32.4,41.6
8.080197,28,7,-3.1296167373657227,1.807623028755188,-0.44569218158721924,-0.42630288004875183,3.64151664250127,149.98986828491462,-7.030166757510045,11.600000000000001,56.800000000000004
8.080197,28,8,0.4470881223678589,1.4952648878097534,-3.2901275157928467,-0.42630288004875183,3.64151670929248,73.35319724548833,-64.62264025712737,11.600000000000001,56.800000000000004
8.080197,28,9,2.713362216949463,1.7361494302749634,2.4019956588745117,-0.25578173995018005,4.01822504470133,32.61321478519431,36.710730447685165,12.5,54.900000000000006
8.080197,28,10,-3.7000393867492676,0.42777228355407715,-1.5075984001159668,-0.25578173995018005,4.01822517115519,173.40514778719094,-22.036064144102962,12.5,54.900000000000006
8.395095,29,0,-0.11562623083591461,0.04896759241819382,0.0006769387400709093,0.0,0.125569536953086,157.04739122449317,0.30888001664837317,29.900000000000002,56.300000000000004
8.395095,29,1,0.0,5.2562150955200195,-1.235594630241394,0.0,5.3994899037459,90.0,-13.228518740453268,13.0,70.60000000000001
8.395095,29,2,1.449182152748108,3.5589804649353027,4.479330062866211,0.0,5.90176826669192,67.84432590292005,49.37444849112529,12.8,67.8
8.395095,29,3,3.622955322265625,3.633737325668335,-2.9156501293182373,0.0,5.90176820077522,45.0851300812988,-29.60580312742756,12.8,67.8
8.395095,29,4,0.30833661556243896,2.433816909790039,-0.537165641784668,-0.596824049949646,2.51139067960172,82.7797479285845,-12.350514375245124,31.3,41.2
8.395095,29,5,0.16958513855934143,2.7254679203033447,0.417895644903183,-0.42630288004875183,2.76252986840901,86.43950966534183,8.700694728348717,31.200000000000003,41.400000000000006
8.701092,30,0,-0.11562623083591461,0.048968322575092316,0.0006218921043910086,0.0,0.125569537002125,157.0470844365799,0.2837626020527129,29.200000000000003,57.0
8.701092,30,1,0.0,5.258371353149414,-1.2263857126235962,0.0,5.39948990218055,90.0,-13.128156836425473,12.3,70.8
8.701092,30,2,1.2680343389511108,3.41949462890625,4.640044689178467,0.0,5.90176832139751,69.6539567638174,51.832969572399485,12.5,68.2
8.701092,30,3,3.622955322265625,3.744460105895996,-2.772017478942871,0.0,5.90176818041375,45.944846980124524,-28.01435140018349,12.5,68.2
8.701092,30,4,0.2081272155046463,2.23547625541687,-0.26089686155319214,-0.8526057600975037,2.2602517998521,84.68098376893813,-6.628325229464214,38.400000000000006,40.300000000000004
8.701092,30,5,-2.80586314201355,1.5668864250183105,-0.5752996206283569,-0.7673451900482178,3.26480791075248,150.81957002922394,-10.149219712222386,19.5,50.1
8.701092,30,6,0.3006282150745392,2.8354902267456055,-1.5901539325714111,-0.7673451900482178,3.26480806157744,83.94791813820619,-29.14745641898865,19.5,50.1
8.701092,30,7,0.2081272155046463,3.3817222118377686,0.12368137389421463,-0.596824049949646,3.39037743298869,86.47818823034255,2.09062075763062,21.900000000000002,50.400000000000006
8.701092,30,8,-3.2259719371795654,1.0270365476608276,-0.1815508008003235,-0.596824049949646,3.39037751629113,162.34034575168204,-3.0695910194428477,21.900000000000002,50.400000000000006
8.701092,30,9,0.08093836158514023,2.483015298843384,0.8841060400009155,-0.34104230999946594,2.63696027323744,88.13300181179001,19.58924260482434,18.1,40.900000000000006
8.701092,30,10,-3.237534761428833,0.6416279673576355,1.2118442058563232,-0.25578173995018005,3.51594712122112,168.79014318157533,20.16169971969771,14.700000000000001,46.0
8.996368,31,0,-0.11562623083591461,0.048967380076646805,0.0006920383893884718,0.0,0.12556953645699,157.04748044368827,0.3157698978252461,29.200000000000003,57.0
8.996368,31,1,0.0,5.265839099884033,-1.1939144134521484,0.0,5.39949007337881,90.0,-12.774597830566345,12.5,70.8
8.996368,31,2,1.2680343389511108,3.397063970565796,4.656491756439209,0.0,5.90176839452903,69.53072373305312,52.092102492526095,12.700000000000001,68.0
8.996368,31,3,3.622955322265625,3.827150583267212,-2.656686305999756,0.0,5.90176829286122,46.5699908813933,-26.753365920563166,12.700000000000001,68.0
8.996368,31,4,0.18500198423862457,1.9571110010147095,-0.41475769877433777,-0.5115634799003601,2.00911252874437,84.5999847392346,-11.913706511565945,39.2,41.400000000000006
8.996368,31,5,-2.890655994415283,1.2120146751403809,-0.17304782569408417,-0.42630288004875183,3.13923831538514,157.25232600728413,-3.159982552127789,11.5,53.300000000000004
8.996368,31,6,-2.987010955810547,0.7596862316131592,-0.596204400062561,-0.25578173995018005,3.13923833234892,165.7305030881321,-10.948120287267136,19.6,50.2
8.996368,31,7,0.09635519236326218,3.090606927871704,0.5419243574142456,-0.25578173995018005,3.13923836541012,88.21428013304113,9.940724398444829,19.6,50.2
9.300586,32,0,-0.11562623083591461,0.04896778240799904,0.0006630300777032971,0.0,0.125569536831834,157.047311396892,0.30253358120770607,29.700000000000003,56.5
9.300586,32,1,-0.16573092341423035,5.252638339996338,-1.2396836280822754,0.0,5.39948995438555,91.80719338554329,-13.273095131936442,12.3,70.5
9.300586,32,2,1.449182152748108,3.7246766090393066,4.342525005340576,0.0,5.90176822450495,68.74018440205045,47.374914916518854,12.600000000000001,68.0
9.300586,32,3,3.622955322265625,3.874269723892212,-2.5874884128570557,0.0,5.90176816278564,46.91989233556821,-26.003494687689148,12.600000000000001,68.0
9.300586,32,4,-0.8325088620185852,2.688124895095825,1.0784779787063599,-0.5115634799003601,3.01366906071784,107.20768666389169,20.968958996923757,18.900000000000002,50.7
9.300586,32,5,0.057813115417957306,1.8667244911193848,0.24440036714076996,-0.34104230999946594,1.88354299699205,88.22609652359571,7.4554731501821,37.0,40.2
9.594245,33,0,-0.11562623083591461,0.04896765574812889,0.0006722192629240453,0.0,0.125569536295731,157.0473646152823,0.30672654989981035,29.3,56.900000000000006
9.594245,33,1,-0.16573092341423035,5.264853000640869,-1.1867393255233765,0.0,5.39949016890267,91.80300339826397,-12.696539975821251,11.8,70.7
9.594245,33,2,1.449182152748108,3.6078062057495117,4.440098285675049,0.0,5.90176815171037,68.11567826643798,48.792925021309735,12.600000000000001,68.2
9.594245,33,3,3.622955322265625,3.8228321075439453,-2.6628963947296143,0.0,5.901768192556,46.53769452379482,-26.82090299501376,12.600000000000001,68.2
9.594245,33,4,-0.8325088620185852,2.074063539505005,-0.33753103017807007,-0.34104230999946594,2.26025170447377,111.8700445571048,-8.588297030653234,13.9,47.2
9.594245,33,5,0.0,1.1339311599731445,1.9552334547042847,-0.34104230999946594,2.26025169792059,90.0,59.888552698570415,13.9,47.2
9.594245,33,6,-0.057813115417957306,1.548528790473938,1.0707241296768188,-0.25578173995018005,1.88354292043298,92.13810024611693,34.6431032851953,43.7,39.800000000000004
9.594245,33,7,-0.7515705227851868,1.5608450174331665,-0.7393502593040466,-0.25578173995018005,1.88354299794257,115.71151978475719,-23.11211866383345,43.7,39.800000000000004
9.901671,34,0,-0.11562623083591461,0.04896727204322815,0.0006996249430812895,0.0,0.125569536368248,157.0475258359555,0.31923159898557746,29.5,56.7
9.901671,34,1,-0.16573092341423035,5.251839637756348,-1.2430635690689087,0.0,5.3994901015217,91.80746804207236,-13.309947619511439,11.9,70.7
9.901671,34,2,1.449182152748108,3.6204237937927246,4.429816246032715,0.0,5.90176832247078,68.18477661159623,48.641628348675475,12.8,68.0
9.901671,34,3,3.622955322265625,3.8011488914489746,-2.6937575340270996,0.0,5.90176819387413,46.37495100184662,-27.1571278047009,12.8,68.0
9.901671,34,4,-0.25052350759506226,0.9679521918296814,1.290367841720581,-0.42630288004875183,1.63240394525137,104.51076575227924,52.229541113609756,37.0,41.900000000000006
9.901671,34,5,-0.8016752004623413,1.3754830360412598,-0.36070212721824646,-0.42630288004875183,1.63240397391497,120.23499068605307,-12.765645814706813,37.0,41.900000000000006
9.901671,34,6,-0.9327183365821838,2.457102060317993,0.8510328531265259,-0.34104230999946594,2.76252980930817,110.78681066944574,17.942528572172396,19.200000000000003,53.6
10.196514,35,0,-0.11562623083591461,0.0489676371216774,0.0006733954651281238,0.0,0.125569535334224,157.0473724415197,0.30726324603610305,29.900000000000002,56.300000000000004
10.196514,35,1,-0.16573092341423035,5.251255512237549,-1.245529055595398,0.0,5.39949014464452,91.80766896312274,-13.336833238864296,11.9,70.5
10.196514,35,2,1.2680343389511108,3.359631061553955,4.683570861816406,0.0,5.9017682072556,69.32185767201621,52.522066406158004,12.700000000000001,68.3
10.196514,35,3,3.622955322265625,3.780385971069336,-2.7228193283081055,0.0,5.90176824790663,46.21820028902386,-27.47467669268793,12.700000000000001,68.3
10.196514,35,4,-0.23125247657299042,0.5745264291763306,1.373678207397461,-0.596824049949646,1.50683447771212,111.9252648695544,65.73183541920984,39.6,40.5
10.196514,35,5,-0.7862583994865417,1.2789881229400635,-0.1285984218120575,-0.596824049949646,1.50683457734333,121.58113616314651,-4.895773359854972,39.6,40.5
10.196514,35,6,-0.7515705227851868,1.4336225986480713,-0.2112123817205429,-0.42630288004875183,1.63240395621492,117.66558352092977,-7.434189634752939,33.300000000000004,40.7
10.196514,35,7,-0.1503141075372696,0.861988365650177,1.3780872821807861,-0.42630288004875183,1.63240400353265,99.89181125315926,57.58709767724953,33.300000000000004,40.7
10.196514,35,8,-0.8903220295906067,2.2353756427764893,1.0788798332214355,-0.34104230999946594,2.63696023391037,111.71677095911593,24.150677684883895,15.0,54.7
10.502319,36,0,-0.11562623083591461,0.04896771162748337,0.0006681465893052518,0.0,0.125569536350252,157.04734113657554,0.30486821421794363,29.700000000000003,56.5
10.502319,36,1,-0.16573092341423035,5.251949787139893,-1.2425976991653442,0.0,5.39949000810127,91.80743015910643,-13.304867954174002,12.0,70.4
10.502319,36,2,1.449182152748108,3.6029672622680664,4.444025993347168,0.0,5.90176829724485,68.08906796664864,48.85083806151641,12.8,68.10000000000001
10.502319,36,3,3.622955322265625,3.801072597503662,-2.6938652992248535,0.0,5.90176824426323,46.37437665795733,-27.15830339670628,12.8,68.10000000000001
10.502319,36,4,-0.7207368612289429,1.1764367818832397,-0.06653951853513718,-0.25578173995018005,1.38126486686255,121.49346608765376,-2.7611718475348916,14.200000000000001,58.7
10.786678,37,0,-0.11562623083591461,0.048967283219099045,0.0006989192334003747,0.0,0.125569536796448,157.04752114020232,0.31890958656931423,24.200000000000003,62.0
10.786678,37,1,-0.16573092341423035,5.219876289367676,-1.3711012601852417,0.0,5.39949015009382,91.81852846835937,-14.710287618862152,11.8,70.7
10.786678,37,2,1.449182152748108,3.619339942932129,4.430701732635498,0.0,5.90176824163121,68.17885736267009,48.654640829935175,12.600000000000001,68.3
10.786678,37,3,3.622955322265625,3.795255422592163,-2.702054738998413,0.0,5.90176827759205,46.33054913399072,-27.247695771517126,12.600000000000001,68.3
10.786678,37,4,-0.6475069522857666,1.3483775854110718,-0.18210645020008087,0.08526057749986649,1.50683447176585,115.65087216895986,-6.941371859820995,16.3,60.800000000000004
10.786678,37,5,-0.09250099211931229,0.7438803911209106,1.3071479797363281,0.08526057749986649,1.50683453330683,97.0883035781695,60.16704246820683,16.3,60.800000000000004
10.786678,37,6,-0.9250098466873169,1.4239360094070435,0.8151670694351196,-0.34104230999946594,1.88354302484599,123.00834797401559,25.644362705194354,18.3,42.300000000000004
10.786678,37,7,-0.7862583994865417,1.2816369533538818,0.09876713901758194,-0.08526057749986649,1.50683459567236,121.5282754152026,3.7582095388385883,16.900000000000002,61.2
10.786678,37,8,-0.23125247657299042,0.6892446279525757,-1.3198539018630981,-0.08526057749986649,1.50683449235338,108.5474175906128,-61.15305460152152,16.900000000000002,61.2
11.08126,38,0,-0.11562623083591461,0.04896830767393112,0.0006229360005818307,0.0,0.125569536365433,157.04709069754378,0.28423892587416333,26.5,59.7
11.08126,38,1,-0.16573092341423035,5.251936435699463,-1.2426538467407227,0.0,5.39948994317267,91.80743475089653,-13.305480351187434,11.700000000000001,70.8
11.08126,38,2,1.449182152748108,3.6588146686553955,4.398160457611084,0.0,5.90176830300083,68.39248778774564,48.17864928566536,12.600000000000001,68.2
11.08126,38,3,3.622955322265625,3.779468297958374,-2.724092960357666,0.0,5.90176823833971,46.211251539056896,-27.488614185203396,12.600000000000001,68.2
11.08126,38,4,-0.8787594437599182,0.8678768873214722,0.8632043600082397,-0.34104230999946594,1.50683450275114,135.3569812873439,34.94986444000221,27.200000000000003,42.2
11.08126,38,5,2.050438642501831,0.9395491480827332,-0.7778761982917786,-0.34104230999946594,2.38582116014521,24.618132575029474,-19.02867289536938,13.600000000000001,47.2
11.08126,38,6,-0.8055294752120972,1.0089589357376099,0.4909348487854004,-0.17052115499973297,1.38126496197949,128.60305687248825,20.819438403455607,25.5,50.1
11.399553,39,0,-0.11562623083591461,0.04896733537316322,0.0006951553514227271,0.0,0.125569536241202,157.0474992266917,0.3171921501279269,23.400000000000002,62.800000000000004
11.399553,39,1,-0.16573092341423035,5.248197555541992,-1.2583516836166382,0.0,5.39949009450277,91.80872153454179,-13.476710418085617,11.700000000000001,70.7
11.399553,39,2,1.449182152748108,3.6325113773345947,4.419909477233887,0.0,5.90176817616982,68.25058425635913,48.49628513879141,12.700000000000001,68.10000000000001
11.399553,39,3,3.622955322265625,3.774637222290039,-2.730783224105835,0.0,5.90176824723643,46.17464094245245,-27.56185517156039,12.700000000000001,68.10000000000001
11.696992,40,0,-0.11562623083591461,0.04896634444594383,0.0007618023664690554,0.0,0.125569536467109,157.04791558460707,0.3476028454384811,23.400000000000002,62.900000000000006
11.696992,40,1,-0.16573092341423035,5.2499566078186035,-1.2509928941726685,0.0,5.39949019299271,91.80811590602238,-13.396426052982028,11.9,70.60000000000001
11.696992,40,2,1.449182152748108,3.62833833694458,4.423336029052734,0.0,5.90176834729231,68.22790798127211,48.54650787379276,12.700000000000001,68.10000000000001
11.696992,40,3,3.622955322265625,3.784862518310547,-2.7165932655334473,0.0,5.90176825366657,46.2520721347667,-27.406569768350547,12.700000000000001,68.10000000000001
11.999481,41,0,-0.11562623083591461,0.04896780475974083,0.0006614127778448164,0.0,0.12556953701902,157.04730200541573,0.30179561717944975,21.700000000000003,64.5
11.999481,41,1,-0.16573092341423035,5.254357814788818,-1.2323764562606812,0.0,5.39949020878394,91.80660237822622,-13.193440548966349,11.8,70.7
11.999481,41,2,1.449182152748108,3.657028913497925,4.3996453285217285,0.0,5.90176824373734,68.38290963022483,48.20027305806248,12.600000000000001,68.2
11.999481,41,3,3.622955322265625,3.7931032180786133,-2.7050750255584717,0.0,5.90176822520432,46.314316258948494,-27.280682356923528,12.600000000000001,68.2
11.999481,41,4,-0.7322994470596313,0.9748057126998901,0.30043646693229675,0.08526057749986649,1.25569531668273,126.91482966269676,13.842812955285495,12.600000000000001,66.3
11.999481,41,5,-0.2697945535182953,0.7408873438835144,-0.9772756099700928,0.08526057749986649,1.25569533537292,110.00912361457017,-51.102857034605705,12.600000000000001,66.3
11.999481,41,6,2.0118966102600098,0.5468322038650513,-0.8729171752929688,0.25578173995018005,2.26025171706186,15.205622070214096,-22.718476764872957,21.1,45.1
12.299392,42,0,-0.11562623083591461,0.0489676333963871,0.0006738218362443149,0.0,0.125569536168731,157.0473740067673,0.3074577945014617,22.900000000000002,63.300000000000004
12.299392,42,1,-0.16573092341423035,5.266502380371094,-1.179396390914917,0.0,5.39948978222325,91.80243910053612,-12.616682065904401,11.5,70.9
12.299392,42,2,1.449182152748108,3.693028211593628,4.369471549987793,0.0,5.90176820195633,68.57444829002443,47.76264630069192,12.8,68.0
12.299392,42,3,3.622955322265625,3.7804765701293945,-2.72269344329834,0.0,5.90176820542877,46.21888622248882,-27.473299434442385,12.8,68.0
12.299392,42,4,-1.8307485580444336,1.481026530265808,-0.3834873139858246,0.25578173995018005,2.3858211136045,141.02806909318474,-9.249618168454294,17.5,44.800000000000004
12.592178,43,0,-0.11562623083591461,0.048967938870191574,0.0006513414555229247,0.0,0.12556953667274,157.04724565658535,0.2972001391858999,27.0,59.2
12.592178,43,1,-0.16573092341423035,5.248165130615234,-1.258487343788147,0.0,5.39949019553294,91.80873270200809,-13.478190461107932,11.4,71.10000000000001
12.592178,43,2,1.449182152748108,3.689772367477417,4.37222146987915,0.0,5.90176834663271,68.55725830895535,47.802375406759296,12.600000000000001,68.3
12.592178,43,3,3.622955322265625,3.7840864658355713,-2.7176740169525146,0.0,5.90176818508416,46.24620312050195,-27.418389438729132,12.600000000000001,68.3
12.592178,43,4,-0.07708415389060974,1.010468602180481,0.7414728999137878,-0.17052115499973297,1.25569535480552,94.36239090165563,36.19163796689978,25.8,50.800000000000004
12.592178,43,5,-0.5395891070365906,1.0313299894332886,-0.471140056848526,-0.17052115499973297,1.25569538690888,117.61844473858095,-22.036829539068243,25.8,50.800000000000004
12.900234,44,0,-0.11562623083591461,0.04896746948361397,0.0006856574327684939,0.0,0.125569536317787,157.04744287769702,0.31285830515956137,29.0,57.2
12.900234,44,1,-0.16573092341423035,5.242223262786865,-1.2830125093460083,0.0,5.39949002916181,91.8107814701007,-13.745956953530559,11.9,70.5
12.900234,44,2,1.449182152748108,3.541447877883911,4.493204593658447,0.0,5.90176833703979,67.7453217211452,49.58175773701281,12.5,68.2
12.900234,44,3,3.622955322265625,3.759828567504883,-2.751136541366577,0.0,5.9017682429422,46.06211438469965,-27.78497279192789,12.5,68.2
12.900234,44,4,0.04239628463983536,1.1644026041030884,0.7417965531349182,-0.34104230999946594,1.3812649983389,87.91476283225768,32.482463510991835,26.200000000000003,46.1
12.900234,44,5,-0.4663591682910919,1.1402685642242432,-0.6246515512466431,-0.34104230999946594,1.38126493942401,112.24410204014322,-26.88694672482673,26.200000000000003,46.1
13.187337,45,0,-0.11562623083591461,0.048968296498060226,0.0006239945651032031,0.0,0.125569537263062,157.0470953932671,0.28472193929608103,19.1,67.10000000000001
13.187337,45,1,-0.16573092341423035,5.246668815612793,-1.2647106647491455,0.0,5.39949011159662,91.80924819774063,-13.546108334076198,11.700000000000001,70.5
13.187337,45,2,1.449182152748108,3.62419056892395,4.426734924316406,0.0,5.90176823349439,68.2053244150641,48.59637765447108,12.600000000000001,68.3
13.187337,45,3,3.622955322265625,3.8163585662841797,-2.672165870666504,0.0,5.90176824468212,46.4892091302039,-26.921786050107684,12.600000000000001,68.3
13.187337,45,4,-2.0812721252441406,1.3913147449493408,-0.19907957315444946,0.25578173995018005,2.51139066162138,146.23757058842637,-4.5466439857899115,15.8,44.900000000000006
13.187337,45,5,0.30833661556243896,2.4445607662200928,-0.4859373867511749,0.25578173995018005,2.51139084016838,82.81114825963796,-11.156721787147868,15.8,44.900000000000006
13.187337,45,6,1.8500196933746338,1.4566073417663574,0.8733871579170227,-0.34104230999946594,2.51139063898391,38.21501873146633,20.350999197890857,18.3,43.800000000000004
13.501636,46,0,-0.11562623083591461,0.048967499285936356,0.000683613761793822,0.0,0.125569536797002,157.0474303557046,0.31192578908172347,29.3,56.900000000000006
13.501636,46,1,-0.16573092341423035,5.249797344207764,-1.2516604661941528,0.0,5.39949005155672,91.80817072259744,-13.403708488707068,12.0,70.5
13.501636,46,2,1.449182152748108,3.768479108810425,4.304567813873291,0.0,5.90176819009508,68.96557358025557,46.83353606544186,13.100000000000001,68.2
13.501636,46,3,3.622955322265625,3.761798858642578,-2.748441696166992,0.0,5.90176818226934,46.07711256072209,-27.75540539447414,13.100000000000001,68.2
13.501636,46,4,0.2697945535182953,0.7766872644424438,-0.9490724802017212,0.25578173995018005,1.25569533746505,70.84452415667455,-49.096571602769366,25.3,50.6
13.501636,46,5,0.8363630771636963,3.518838882446289,1.439110279083252,0.34104230999946594,3.89265573520465,76.62993536063125,21.6970446823854,11.8,49.0
13.795024,47,0,-0.11562623083591461,0.04896780848503113,0.0006611187127418816,0.0,0.12556953692317,157.0473004401698,0.3016614373901822,29.3,56.900000000000006
13.795024,47,1,-0.16573092341423035,5.252294063568115,-1.2411412000656128,0.0,5.39948989698739,91.80731176457257,-13.288987083099798,12.600000000000001,70.0
13.795024,47,2,1.449182152748108,3.6189069747924805,4.431055545806885,0.0,5.90176836669072,68.17649193395003,48.65983941940183,13.4,67.9
13.795024,47,3,3.622955322265625,3.8783609867095947,-2.5813522338867188,0.0,5.90176825754416,46.950059850055254,-25.937231582813464,13.4,67.9
13.795024,47,4,-1.4183485507965088,5.598939895629883,-0.06804928928613663,0.25578173995018005,5.77619868704279,104.21537693226365,-0.6750161276900694,12.700000000000001,46.800000000000004
13.795024,47,5,2.1275227069854736,4.878578186035156,-2.2444589138031006,0.25578173995018005,5.77619890600619,66.43823316668173,-22.865563895888453,12.700000000000001,46.800000000000004
13.795024,47,6,0.42396286129951477,0.826087474822998,0.8453435897827148,0.596824049949646,1.2556953486445,62.832294567934895,42.31511041812974,27.900000000000002,47.2
14.096483,48,0,-0.11562623083591461,0.048967309296131134,0.000696890230756253,0.0,0.125569535688466,157.04751018344612,0.3179837670244636,30.3,55.900000000000006
14.096483,48,1,-0.16573092341423035,5.250924587249756,-1.2469230890274048,0.0,5.39949006387727,91.80778281086485,-13.352036472349987,13.200000000000001,69.3
14.096483,48,2,1.2680343389511108,3.244845151901245,4.763815402984619,0.0,5.90176823827314,68.65522534445297,53.821747272156585,12.3,68.3
14.096483,48,3,3.622955322265625,3.769943952560425,-2.7372589111328125,0.0,5.90176829595637,46.13902791825493,-27.632793465941187,12.3,68.3
14.096483,48,4,0.6012564301490784,1.2880830764770508,0.4998829662799835,0.34104230999946594,1.50683452531427,64.97759143682799,19.374649454238366,35.6,41.7
14.400847,49,0,-0.11562623083591461,0.04896711930632591,0.0007102402159944177,0.0,0.125569536399736,157.04759001128184,0.3240752890092482,30.0,56.2
14.400847,49,1,-0.16573092341423035,5.251653671264648,-1.2438478469848633,0.0,5.39948983593192,91.80753200392924,-13.31850038524872,12.4,70.10000000000001
14.400847,49,2,1.449182152748108,3.635011911392212,4.417853355407715,0.0,5.90176827549965,68.26415062008475,48.46617035914437,12.700000000000001,68.3
14.400847,49,3,3.622955322265625,3.8083043098449707,-2.6836321353912354,0.0,5.90176824533301,46.42876361763757,-27.04670283754315,12.700000000000001,68.3
14.400847,49,4,0.6937574744224548,1.2165876626968384,0.5560262799263,0.34104230999946594,1.50683449599213,60.306107935155694,21.65413591114972,30.700000000000003,41.800000000000004
14.400847,49,5,2.8559679985046387,6.5582475662231445,-0.24923251569271088,0.34104230999946594,7.15746332126354,66.46796750245991,-1.99551964262735,11.8,48.6
14.695084,50,0,-0.11562623083591461,0.04896814003586769,0.0006360507104545832,0.0,0.125569536737215,157.04716113342775,0.2902230752278894,29.400000000000002,56.800000000000004
14.695084,50,1,-0.16573092341423035,5.254028797149658,-1.2337777614593506,0.0,5.39949005971168,91.80671543625029,-13.208714237384644,12.0,70.5
14.695084,50,2,1.449182152748108,3.6980366706848145,4.365233421325684,0.0,5.90176812084582,68.6008403868598,47.70147431577472,13.0,67.9
14.695084,50,3,3.622955322265625,3.7676258087158203,-2.7404487133026123,0.0,5.90176826484032,46.121420584263895,-27.667753522803437,13.0,67.9
14.695084,50,4,0.8016752004623413,1.3969192504882812,0.2658495306968689,0.17052115499973297,1.63240389989513,60.14900293615062,9.37280595739077,26.700000000000003,43.6
14.695084,50,5,-3.515037775039673,4.88279390335083,0.3628133237361908,0.25578173995018005,6.02733775148169,125.74945239804356,3.450984036715715,13.0,48.1
14.695084,50,6,0.8016752004623413,1.3840254545211792,-0.32639387249946594,0.34104230999946594,1.63240391625482,59.9191000489756,-11.533845664618843,26.8,40.7
14.99648,51,0,-0.11562623083591461,0.04896819218993187,0.0006320516113191843,0.0,0.125569536882596,157.04713922003376,0.2883983136552811,29.400000000000002,56.800000000000004
14.99648,51,1,-0.16573092341423035,5.2529072761535645,-1.2385441064834595,0.0,5.39949007727097,91.80710092295854,-13.260671423071297,12.0,70.5
14.99648,51,2,1.449182152748108,3.7058768272399902,4.358579635620117,0.0,5.90176824439594,68.64202991667452,47.60557724445219,12.5,68.3
14.99648,51,3,3.622955322265625,3.7623136043548584,-2.747736930847168,0.0,5.90176813893835,46.08102954596422,-27.74767429046018,12.5,68.3
15.294313,52,0,-0.11562623083591461,0.0489681139588356,0.0006379474070854485,0.0,0.125569536189714,157.04717209012742,0.2910885261365013,27.900000000000002,58.400000000000006
15.294313,52,1,-0.16573092341423035,5.256083965301514,-1.224993348121643,0.0,5.39949016965655,91.80600946492413,-13.112985290227128,12.100000000000001,70.4
15.294313,52,2,1.449182152748108,3.636293888092041,4.416798114776611,0.0,5.90176818751071,68.27109959628498,48.450723344239385,12.600000000000001,68.2
15.294313,52,3,3.622955322265625,3.7817225456237793,-2.7209625244140625,0.0,5.90176818745685,46.22831787443341,-27.454361021173312,12.600000000000001,68.2
15.294313,52,4,0.8016752004623413,1.4218337535858154,0.021171685308218002,-0.08526057749986649,1.63240392983203,60.58431011899542,0.7431262580594818,16.0,56.5
15.5952,53,0,-0.11562623083591461,0.04896651953458786,0.0007504519307985902,0.0,0.125569536396181,157.0478420174206,0.34242369256078453,28.1,58.1
15.5952,53,1,-0.16573092341423035,5.252869129180908,-1.2387046813964844,0.0,5.39948980136004,91.80711403764315,-13.262422709864573,11.8,70.7
15.5952,53,2,1.449182152748108,3.6295852661132812,4.4223127365112305,0.0,5.90176821430152,68.23468849804772,48.531505228771096,12.700000000000001,68.10000000000001
15.5952,53,3,3.622955322265625,3.7580220699310303,-2.75360369682312,0.0,5.90176824895552,46.04835586734551,-27.812049319150024,12.700000000000001,68.10000000000001
15.5952,53,4,0.8016752004623413,1.4213252067565918,-0.04352070018649101,-0.08526057749986649,1.63240390888491,60.57554035905531,-1.5277149965798569,14.600000000000001,56.900000000000006
15.895928,54,0,-0.11562623083591461,0.048967763781547546,0.000664456223603338,0.0,0.125569537106572,157.04731922312325,0.30318432183607247,29.400000000000002,56.800000000000004
15.895928,54,1,-0.16573092341423035,5.251997947692871,-1.2423949241638184,0.0,5.3994901915953,91.80741359605732,-13.30265644476355,11.8,70.7
15.895928,54,2,1.449182152748108,3.6073901653289795,4.440436363220215,0.0,5.90176819373349,68.11339279371052,48.797906930360114,12.4,68.5
15.895928,54,3,3.622955322265625,3.7713723182678223,-2.735290288925171,0.0,5.90176815834187,46.149871387592924,-27.6112238435039,12.4,68.5
16.194127,55,0,-0.11562623083591461,0.04896817356348038,0.0006333748460747302,0.0,0.12556953628631,157.0471470462451,0.2890020978490477,29.5,56.7
16.194127,55,1,-0.16573092341423035,5.250321388244629,-1.2494608163833618,0.0,5.39949013801415,91.80799036560765,-13.379714655763722,12.5,70.10000000000001
16.194127,55,2,1.449182152748108,3.7180497646331787,4.34820032119751,0.0,5.90176829411276,68.70568368835785,47.45633778148264,12.700000000000001,68.2
16.194127,55,3,3.622955322265625,3.7344233989715576,-2.7855241298675537,0.0,5.90176821537355,45.867994158663194,-28.162982895655148,12.700000000000001,68.2
16.194127,55,4,0.7554247379302979,1.560613989830017,0.29032447934150696,0.5115634799003601,1.75797351039063,64.17041321018462,9.505788245298149,32.4,41.2
16.194127,55,5,1.5031410455703735,2.881772756576538,0.3080967664718628,0.5115634799003601,3.26480793323827,62.45332379766469,5.415004895083042,18.400000000000002,43.400000000000006
16.49339,56,0,-0.11562623083591461,0.04896755889058113,0.0006790706538595259,0.0,0.125569535389662,157.04740531172666,0.30985279978020497,29.5,56.7
16.49339,56,1,-0.16573092341423035,5.253176689147949,-1.2374014854431152,0.0,5.39949020765479,91.80700830591604,-13.248214542427416,13.100000000000001,69.4
16.49339,56,2,1.449182152748108,3.6991889476776123,4.364257335662842,0.0,5.90176836840881,68.6069035493424,47.68739309304118,12.600000000000001,68.4
16.49339,56,3,3.622955322265625,3.712416648864746,-2.814786911010742,0.0,5.90176820929951,45.698737889834504,-28.485711849370915,12.600000000000001,68.4
16.49339,56,4,1.375952124595642,1.5163483619689941,-1.6616265773773193,0.34104230999946594,2.63696027400338,47.77903447307244,-39.059680770594156,13.3,52.1
16.49339,56,5,0.7515705227851868,1.5922337770462036,0.6690798997879028,0.42630288004875183,1.88354308784976,64.73162479038383,20.807179625130082,36.300000000000004,41.1
16.79751,57,0,-0.11562623083591461,0.04896801710128784,0.0006454163230955601,0.0,0.125569536585839,157.04721278645596,0.2944965409222795,29.8,56.400000000000006
16.79751,57,1,-0.16573092341423035,5.25341272354126,-1.2363991737365723,0.0,5.39949024442654,91.80692717135057,-13.237288036527055,12.9,69.60000000000001
16.79751,57,2,1.2680343389511108,3.0130743980407715,4.913689136505127,0.0,5.90176832340074,67.17649928015005,56.364595796898314,11.4,68.60000000000001
16.79751,57,3,3.622955322265625,3.764207363128662,-2.7451422214508057,0.0,5.90176822280888,46.09543541977353,-27.719214444611826,11.4,68.60000000000001
16.79751,57,4,0.6783405542373657,1.5525740385055542,1.0797691345214844,0.34104230999946594,2.00911259924121,66.39883373726137,32.50925594872558,35.7,41.5
16.79751,57,5,2.482109785079956,0.7701276540756226,-1.2598222494125366,0.34104230999946594,2.88809932115856,17.23762132866976,-25.862411064543934,11.600000000000001,51.300000000000004
16.79751,57,6,1.3412643671035767,3.071550130844116,1.423809289932251,0.596824049949646,3.6415166075205,66.41038424900637,23.016331428114253,25.5,40.300000000000004
17.094508,58,0,-0.11562623083591461,0.048968102782964706,0.0006389324553310871,0.0,0.125569536839815,157.04717678585638,0.29153799540095704,30.1,56.1
17.094508,58,1,-0.16573092341423035,5.252041816711426,-1.2422088384628296,0.0,5.39949004831163,91.80739850918759,-13.300627752328323,12.5,70.0
17.094508,58,2,1.449182152748108,3.7488646507263184,4.321660995483398,0.0,5.90176828087918,68.86521236160154,47.076652306363755,13.700000000000001,68.2
17.094508,58,3,3.622955322265625,3.9140007495880127,-2.526986598968506,0.0,5.90176824403286,47.21142236729211,-25.351764266723503,13.700000000000001,68.2
17.094508,58,4,0.5550059676170349,1.0283010005950928,1.6343497037887573,0.34104230999946594,2.00911262157943,61.64288623538431,54.436204679532935,35.300000000000004,41.0
17.094508,58,5,1.3875149488449097,2.308889865875244,-1.3513071537017822,0.596824049949646,3.01366905443433,58.99646381513668,-26.64060685140465,18.0,45.900000000000006
17.401237,59,0,-0.11562623083591461,0.04896751418709755,0.0006826434400863945,0.0,0.125569537329123,157.04742409470924,0.31148303577947734,29.900000000000002,56.400000000000006
17.401237,59,1,-0.16573092341423035,5.2543792724609375,-1.2322850227355957,0.0,5.39949022178032,91.80659500536815,-13.192443983742741,12.100000000000001,70.4
17.401237,59,2,1.449182152748108,3.7712042331695557,4.302180767059326,0.0,5.90176834792546,68.97944526316103,46.79967090956099,13.200000000000001,67.60000000000001
17.401237,59,3,3.622955322265625,3.7573652267456055,-2.754499912261963,0.0,5.90176825035862,46.04335156555336,-27.821886775674237,13.200000000000001,67.60000000000001
17.401237,59,4,0.48563018441200256,0.7870293855667114,-2.0623981952667236,0.5115634799003601,2.26025181021872,58.323671397689786,-65.8480971296511,33.9,40.1
17.401237,59,5,2.4088797569274902,2.010058641433716,0.10853706300258636,0.5115634799003601,3.13923839798487,39.842873535995295,1.9813580455890396,11.8,51.400000000000006
17.401237,59,6,0.9327183365821838,1.5099056959152222,-2.1170244216918945,0.7673451900482178,2.76252983838976,58.295012701490975,-50.025942270500096,22.1,40.7
17.685885,60,0,-0.11562623083591461,0.04896740987896919,0.0006897888379171491,0.0,0.125569535701205,157.04746792168888,0.314743442508519,29.5,56.7
17.685885,60,1,-0.16573092341423035,5.266011714935303,-1.1815871000289917,0.0,5.39949017924531,91.8026069336444,-12.640503786546166,11.8,70.5
17.685885,60,2,1.449182152748108,3.7367496490478516,4.3321404457092285,0.0,5.90176818359148,68.80276580615033,47.22625281414015,12.700000000000001,68.10000000000001
17.685885,60,3,3.622955322265625,3.7459006309509277,-2.770070791244507,0.0,5.90176829370633,45.955859880382555,-27.992945750442168,12.700000000000001,68.10000000000001
17.685885,60,4,0.8093836307525635,4.9983954429626465,1.4748485088348389,0.34104230999946594,5.27392045730425,80.80200810318132,16.239278858726536,13.700000000000001,47.6
17.685885,60,5,0.797821044921875,1.2164174318313599,-2.494980573654175,0.42630288004875183,2.88809934924253,56.74002531505882,-59.755427513724634,18.2,41.6
17.685885,60,6,0.5395891070365906,2.708432674407959,-2.1760330200195312,0.42630288004875183,3.51594705029079,78.73273754922909,-38.23612888084699,18.5,48.5
17.685885,60,7,0.43937966227531433,1.3208742141723633,-1.9376220703125,0.7673451900482178,2.38582113006167,71.60065246756781,-54.305598676349675,33.2,40.6
17.685885,60,8,1.171679139137268,2.376736879348755,-3.968231439590454,1.3641692399978638,4.77164237521003,63.75771395159679,-56.26633870208013,15.9,42.400000000000006
17.685885,60,9,-4.875572681427002,4.809761047363281,-0.8901143670082092,-0.25578173995018005,6.90632419532741,135.38931759588365,-7.405105031684782,11.8,44.5
17.997009,61,0,-0.11562623083591461,0.04896712303161621,0.000710063788574189,0.0,0.125569536854675,157.04758844602927,0.3239947849640879,29.8,56.400000000000006
17.997009,61,1,-0.16573092341423035,5.255028247833252,-1.2295128107070923,0.0,5.39948982554778,91.80637204579223,-13.162232588710689,11.9,70.5
17.997009,61,2,1.449182152748108,3.578620433807373,4.4636549949646,0.0,5.90176829731393,67.95424122622343,49.1412817082942,12.4,68.4
17.997009,61,3,3.622955322265625,3.7443435192108154,-2.7721750736236572,0.0,5.90176823467418,45.943955476490224,-28.016084159422224,12.4,68.4
17.997009,61,4,0.40469181537628174,1.8762257099151611,-1.8081927299499512,0.7673451900482178,2.63696024403537,77.8280841906407,-43.291551461438445,34.300000000000004,41.400000000000006
17.997009,61,5,0.6475069522857666,2.594892978668213,-1.3890526294708252,1.193648099899292,3.01366919741365,75.98903554437427,-27.446322759025033,22.8,40.900000000000006
17.997009,61,6,-5.812145233154297,2.354238510131836,-1.8200033903121948,-0.34104230999946594,6.52961587802942,157.94934517921078,-16.184454258601487,16.8,44.400000000000006
17.997009,61,7,0.6012564301490784,4.999107837677002,-4.157318115234375,-0.34104230999946594,6.52961579105349,83.14182169378716,-39.54518030974004,16.8,44.400000000000006
18.290399,62,0,-0.11562623083591461,0.04896847903728485,0.0006093360716477036,0.0,0.125569536460853,157.04701869649375,0.2780333766663109,30.0,56.2
18.290399,62,1,0.0,5.224717617034912,-1.362650752067566,0.0,5.39948990645091,90.0,-14.617597962697783,12.100000000000001,70.8
18.290399,62,2,1.449182152748108,3.9518868923187256,4.136826038360596,0.0,5.90176825986775,69.8616906441283,44.50302163261992,12.600000000000001,68.2
18.290399,62,3,3.622955322265625,3.6768319606781006,-2.8611133098602295,0.0,5.90176820165416,45.42286820515321,-28.998660346590874,12.600000000000001,68.2
18.290399,62,4,-3.237534523010254,1.0739139318466187,-1.598754644393921,0.25578173995018005,3.76708605339308,161.64893886227568,-25.11274710244825,21.5,45.400000000000006
18.290399,62,5,0.46250492334365845,2.4207098484039307,-2.8490681648254395,0.25578173995018005,3.76708592709255,79.1833332687371,-49.13958094153295,21.5,45.400000000000006
18.290399,62,6,-3.121908187866211,1.47635817527771,-1.5049891471862793,0.34104230999946594,3.76708594650081,154.69041611990372,-23.547560417507004,16.5,50.400000000000006
18.290399,62,7,0.46250492334365845,2.7149815559387207,-2.570194721221924,0.34104230999946594,3.76708595046643,80.33230527800998,-43.021804410225435,16.5,50.400000000000006
18.290399,62,8,0.33917027711868286,2.3526804447174072,-1.407632827758789,0.5115634799003601,2.7625299870989,81.79656815437998,-30.633514771318342,30.3,41.5
18.290399,62,9,-5.896938323974609,1.789120078086853,-1.7426931858062744,-0.34104230999946594,6.40404651688521,163.12230060367457,-15.790681817081524,12.4,47.2
18.290399,62,10,0.9828230142593384,2.6207692623138428,-5.75998592376709,-0.34104230999946594,6.40404641189005,69.4432927428673,-64.08313072239072,12.4,47.2
18.59588,63,0,-0.11562623083591461,0.04896679148077965,0.000732514716219157,0.0,0.125569536524795,157.04772775365132,0.3342390270508897,29.900000000000002,56.300000000000004
18.59588,63,1,-0.16573092341423035,5.255511283874512,-1.2274478673934937,0.0,5.3994901482526,91.80620613142779,-13.139729852132993,12.200000000000001,70.4
18.59588,63,2,1.449182152748108,3.8498315811157227,4.231966018676758,0.0,5.90176825180678,69.3722866275813,45.81289291708357,12.8,68.10000000000001
18.59588,63,3,3.622955322265625,3.762747049331665,-2.747143268585205,0.0,5.90176810477335,46.08432743759787,-27.741162373756215,12.8,68.10000000000001
18.59588,63,4,0.27750298380851746,2.771479606628418,-1.1506928205490112,0.5115634799003601,3.01366904009761,84.28214010397824,-22.446745268156086,30.900000000000002,41.1
18.59588,63,5,0.1772935688495636,2.7781121730804443,-0.7692702412605286,0.6820846199989319,2.8880991949485,86.34844971144875,-15.44770043529672,32.7,40.5
18.59588,63,6,2.8829474449157715,2.334968090057373,2.1128203868865967,0.7673451900482178,4.26936434835166,39.00484026055597,29.661796913465846,13.9,52.0
18.59588,63,7,-6.24381685256958,2.547726631164551,-0.7088571190834045,-0.42630288004875183,6.78075499416195,157.8025788566459,-6.000639090506822,13.4,45.7
18.889708,64,0,-0.11562623083591461,0.04896818473935127,0.000632433861028403,0.0,0.125569535901731,157.0471423505182,0.2885727337915119,29.6,56.6
18.889708,64,1,0.0,5.2597808837890625,-1.2203267812728882,0.0,5.39949001282202,90.0,-13.062146650449414,12.5,70.60000000000001
18.889708,64,2,1.2680343389511108,3.5392961502075195,4.549323081970215,0.0,5.90176827974294,70.28876774715386,50.42944143654529,12.5,68.2
18.889708,64,3,3.622955322265625,3.7756104469299316,-2.7294373512268066,0.0,5.90176818998944,46.182020104678756,-27.547117723062254,12.5,68.2
18.889708,64,4,-3.5844132900238037,1.50105619430542,0.22711192071437836,0.25578173995018005,3.8926556689094,157.27737130583495,3.344746980042331,30.900000000000002,41.5
18.889708,64,5,0.09635519236326218,3.1342828273773193,-0.14766070246696472,0.596824049949646,3.13923825921843,88.2391481743377,-2.6960227918228448,28.5,41.400000000000006
18.889708,64,6,-3.39941143989563,1.1868131160736084,4.989363193511963,-0.25578173995018005,6.15290732799947,160.75472478800617,54.1834900945342,12.9,46.6
18.889708,64,7,-5.665685653686523,2.146491050720215,-1.0727766752243042,-0.25578173995018005,6.15290724390646,159.25039995224455,-10.040997930583051,12.9,46.6
19.195095,65,0,-0.11562623083591461,0.04896898567676544,0.0005670954124070704,0.0,0.125569536165179,157.04680582427235,0.2587592911215564,29.400000000000002,56.800000000000004
19.195095,65,1,0.0,5.246669769287109,-1.275518774986267,0.0,5.39948995862514,90.0,-13.664108252330236,12.5,70.4
19.195095,65,2,1.2680343389511108,3.99990177154541,4.150149822235107,0.0,5.90176827855596,72.41053264400344,44.68466766977059,13.0,67.9
19.195095,65,3,0.21583564579486847,3.50120210647583,0.23850221931934357,0.25578173995018005,3.51594717323892,86.47239959356995,3.889612591734618,23.5,40.900000000000006
19.195095,65,4,-1.9733543395996094,1.6647909879684448,-3.079038381576538,0.42630288004875183,4.01822519757903,139.84784612291722,-50.019953290255586,17.900000000000002,44.400000000000006
19.195095,65,5,-3.576704978942871,1.7470617294311523,0.5487173795700073,0.42630288004875183,4.01822522458359,153.96654276123573,7.848671900751237,17.900000000000002,44.400000000000006
19.195095,65,6,0.0,3.2641987800598145,0.06306847929954529,0.6820846199989319,3.2648080048948,90.0,1.1068897353604643,32.800000000000004,41.300000000000004
19.195095,65,7,0.0,4.268571376800537,1.8344732522964478,0.6820846199989319,4.64607293445033,90.0,23.256234769834883,13.5,52.800000000000004
19.195095,65,8,-5.287972927093506,2.5970818996429443,-1.7750424146652222,0.6820846199989319,6.15290725145337,153.8429625573426,-16.767480810322503,13.5,48.0
19.195095,65,9,0.18885618448257446,4.99393892288208,-3.5893137454986572,0.6820846199989319,6.15290710051107,87.83427299147196,-35.68668683186979,13.5,48.0
19.506836,66,0,-0.11562623083591461,0.04896773025393486,0.0006667057168669999,0.0,0.125569535955403,157.04733331034177,0.3042107541524769,29.3,56.900000000000006
19.506836,66,1,0.0,5.26090669631958,-1.2154645919799805,0.0,5.39949010942119,90.0,-13.009187344867707,12.100000000000001,70.5
19.506836,66,2,1.0868866443634033,3.788565158843994,4.392757415771484,0.0,5.90176806171824,73.99255102912062,48.100048033788646,12.3,68.4
19.506836,66,3,0.0,3.459129571914673,0.6295292973518372,0.596824049949646,3.51594717416501,90.0,10.314412594778988,26.400000000000002,40.800000000000004
19.506836,66,4,4.393796443939209,1.8403362035751343,0.27619898319244385,0.596824049949646,4.77164231803671,22.72631244037201,3.3183305194326205,11.8,51.5
19.506836,66,5,-5.70037317276001,2.917311191558838,-0.08277122676372528,0.596824049949646,6.40404637499577,152.89774691959724,-0.7405589730951387,13.0,48.7
19.506836,66,6,0.0,3.515106678009033,-0.07687551528215408,0.7673451900482178,3.51594721272001,90.0,-1.2528611316012732,26.3,40.900000000000006
19.506836,66,7,0.24666929244995117,3.9513051509857178,0.6873672008514404,0.7673451900482178,4.01822495697421,86.42781512228856,9.849594914283495,19.400000000000002,44.400000000000006
19.506836,66,8,0.23125246167182922,3.6879477500915527,0.7324627041816711,1.0231269598007202,3.7670861314087,86.41197051599003,11.211864152805601,29.8,40.900000000000006
19.780018,67,0,-0.11562623083591461,0.04896746948361397,0.0006856279796920717,0.0,0.125569536156965,157.04744287769702,0.31284486629639013,28.900000000000002,57.300000000000004
19.780018,67,1,0.0,5.244423866271973,-1.284721851348877,0.0,5.39948996891895,90.0,-13.764631072418576,12.3,70.5
19.780018,67,2,1.2680343389511108,3.5714375972747803,4.524134159088135,0.0,5.90176816601729,70.45265880229701,50.04710700407506,12.5,68.10000000000001
19.780018,67,3,3.622955322265625,3.8125009536743164,-2.6776669025421143,0.0,5.90176827992,46.460275298578594,-26.981698396980804,12.5,68.10000000000001
19.780018,67,4,0.12333464622497559,3.9287612438201904,0.8341202139854431,0.25578173995018005,4.01822509042016,88.20191804635726,11.980820169326773,20.1,42.800000000000004
19.780018,67,5,-2.4281508922576904,1.2368714809417725,-3.448140859603882,0.34104230999946594,4.39493381106118,153.00624208739904,-51.68108661890291,18.3,44.2
19.780018,67,6,0.0,3.729480028152466,0.5309581756591797,0.5115634799003601,3.76708612387445,90.0,8.102628590375373,33.6,41.300000000000004
19.780018,67,7,-6.012564182281494,2.1184375286102295,1.4132153987884521,0.5115634799003601,6.52961586711281,160.59084906708657,12.49953138854082,14.0,47.900000000000006
19.780018,67,8,0.40083760023117065,5.247974395751953,-3.864450693130493,0.5115634799003601,6.52961600707606,85.63225804133313,-36.28728374405774,14.0,47.900000000000006
19.780018,67,9,0.0,3.8011744022369385,1.3027690649032593,0.8526057600975037,4.01822523916844,90.0,18.918025339293756,25.1,41.800000000000004
20.109777,68,0,-0.11562623083591461,0.04896845296025276,0.0006114385323598981,0.0,0.125569536511526,157.04702965317034,0.2789927139217881,29.3,56.900000000000006
20.109777,68,1,0.0,5.261464595794678,-1.213045597076416,0.0,5.39948972713046,90.0,-12.982844752198297,12.4,70.60000000000001
20.109777,68,2,1.2680343389511108,3.552374839782715,4.539117813110352,0.0,5.90176826115497,70.35577416596168,50.27416883034652,12.600000000000001,68.0
20.109777,68,3,3.622955322265625,3.8208203315734863,-2.6657822132110596,0.0,5.90176821652381,46.52263603044406,-26.852300717317846,12.600000000000001,68.0
20.109777,68,4,0.3815665543079376,3.975397825241089,1.1052838563919067,0.42630288004875183,4.14379455420977,84.51743260240335,15.469911852572768,21.8,41.2
20.109777,68,5,-1.0175107717514038,2.896475076675415,-2.783188581466675,0.42630288004875183,4.14379472469842,109.35600680657157,-42.19470592629675,21.8,41.2
20.109777,68,6,0.27750298380851746,4.054511547088623,1.9796160459518433,0.42630288004875183,4.52050345436077,86.0846104479689,25.971204232481522,17.900000000000002,44.7
20.109777,68,7,-1.2487634420394897,3.8337576389312744,-2.0439774990081787,0.42630288004875183,4.52050348796347,108.04189666888813,-26.882162164722754,17.900000000000002,44.7
20.109777,68,8,0.0,3.8335745334625244,2.1492209434509277,0.6820846199989319,4.39493394346041,90.0,29.276343986829623,14.5,46.900000000000006
20.109777,68,9,-1.4838699102401733,3.799487352371216,-1.6362972259521484,0.6820846199989319,4.39493374955797,111.33287085467697,-21.858424774254438,14.5,46.900000000000006
20.109777,68,10,-0.1194804385304451,3.658212661743164,1.3251312971115112,0.7673451900482178,3.89265570122941,91.87066550387175,19.902362159930956,29.200000000000003,41.300000000000004
20.109777,68,11,4.740675449371338,1.533738613128662,1.2958252429962158,0.7673451900482178,5.14835128075583,17.927817723895167,14.577962362399914,13.200000000000001,49.400000000000006
20.109777,68,12,2.84440541267395,2.370431661605835,-3.5771403312683105,0.7673451900482178,5.14835132480085,39.806686366294194,-44.0123006127667,13.200000000000001,49.400000000000006
20.109777,68,13,5.018178462982178,0.969153106212616,1.3011012077331543,0.7673451900482178,5.2739204755461,10.930869849817247,14.282601285295605,12.100000000000001,50.5
20.109777,68,14,2.91378116607666,2.2977781295776367,-3.7475767135620117,0.7673451900482178,5.27392038625733,38.25895199164262,-45.282655947367665,12.100000000000001,50.5
20.109777,68,15,-6.24381685256958,1.763122797012329,1.9709863662719727,0.7673451900482178,6.7807549831716,164.2314343260333,16.898286927329476,13.700000000000001,45.800000000000004
20.109777,68,16,0.2081272155046463,5.917913913726807,-3.3035764694213867,0.7673451900482178,6.78075508460744,87.9857939081758,-29.156639568515388,13.700000000000001,45.800000000000004
20.394865,69,0,-0.11562623083591461,0.04896748811006546,0.000684437109157443,0.0,0.125569536923913,157.0474350514515,0.3123014772503515,29.200000000000003,57.0
20.394865,69,1,-0.16573092341423035,5.2288289070129395,-1.3365527391433716,0.0,5.39948994834711,91.81541693292478,-14.331584411838325,11.9,70.60000000000001
20.394865,69,2,1.449182152748108,3.5719869136810303,4.46896505355835,0.0,5.90176821582125,67.91723271455176,49.22014642504813,12.8,68.10000000000001
20.394865,69,3,3.622955322265625,3.750340700149536,-2.7640562057495117,0.0,5.9017681539411,45.9897769552198,-27.92683911678614,12.8,68.10000000000001
20.394865,69,4,-0.14260569214820862,4.592094898223877,0.6916083693504333,0.34104230999946594,4.6460729734134,91.7787261406292,8.560792184267335,21.1,43.300000000000004
20.394865,69,5,-2.709507942199707,2.635762929916382,-2.7013540267944336,0.34104230999946594,4.64607286744872,135.7904201711112,-35.55100048270859,21.1,43.300000000000004
20.394865,69,6,-0.25437769293785095,3.700742483139038,1.8468431234359741,0.596824049949646,4.14379445191931,93.93215118400386,26.4674217695703,27.200000000000003,41.400000000000006
20.702331,70,0,-0.11562623083591461,0.04896791651844978,0.0006531057879328728,0.0,0.125569537120467,157.04725504805378,0.2980051913797858,29.5,56.7
20.702331,70,1,0.0,5.241232395172119,-1.2976796627044678,0.0,5.39948974692965,90.0,-13.90623986590211,11.600000000000001,70.8
20.702331,70,2,1.449182152748108,3.5709762573242188,4.469772815704346,0.0,5.90176832536033,67.91158388268171,49.23215292119568,12.700000000000001,68.2
20.702331,70,3,3.622955322265625,3.77136492729187,-2.7353005409240723,0.0,5.90176818683346,46.14981528983202,-27.61133601964511,12.700000000000001,68.2
20.702331,70,4,-0.13489727675914764,3.933799982070923,1.9551117420196533,0.25578173995018005,4.39493361701873,91.96400864037932,26.414113725774627,30.3,41.7
20.702331,70,5,-0.1464598923921585,3.3914849758148193,3.353348970413208,0.34104230999946594,4.77164229156257,92.47275842558314,44.64936092293446,21.900000000000002,42.2
20.702331,70,6,-1.7575186491012573,4.10938024520874,-1.6711348295211792,0.34104230999946594,4.77164221417421,113.15564977943535,-20.500903838263184,21.900000000000002,42.2
20.702331,70,7,-0.2620861232280731,3.8320415019989014,1.863931655883789,0.596824049949646,4.26936440548665,93.9125568850575,25.886061531949842,30.400000000000002,42.6
20.702331,70,8,-0.1464598923921585,4.4009175300598145,1.838217854499817,0.596824049949646,4.77164232597847,91.90606567281137,22.658515190879623,16.5,48.900000000000006
20.702331,70,9,-0.34687870740890503,4.909256935119629,2.7764148712158203,0.596824049949646,5.65062899417244,94.04169301036391,29.429099380989875,14.4,47.6
20.702331,70,10,2.9484689235687256,3.4854297637939453,-3.329852819442749,0.596824049949646,5.65062911813738,49.77073986049341,-36.10656012890468,14.4,47.6
20.994405,71,0,-0.11562623083591461,0.04896773770451546,0.0006663822568953037,0.0,0.12556953714389,157.0473301798485,0.3040631585309768,29.200000000000003,57.0
20.994405,71,1,-0.16573092341423035,5.2316718101501465,-1.3253815174102783,0.0,5.3994900532169,91.81443109055361,-14.209268277903071,12.0,70.5
20.994405,71,2,1.449182152748108,3.6087796688079834,4.43930721282959,0.0,5.90176822145078,68.12102410666924,48.781267845373876,13.200000000000001,67.8
20.994405,71,3,3.622955322265625,3.7747628688812256,-2.73060941696167,0.0,5.90176819024748,46.17559372858967,-27.559952105262077,13.200000000000001,67.8
20.994405,71,4,-0.2697945535182953,3.9145233631134033,1.979687213897705,0.6820846199989319,4.3949338705308,93.94267224708257,26.772402203670875,29.400000000000002,41.6
20.994405,71,5,-0.3545871376991272,4.460114002227783,3.6532347202301025,0.6820846199989319,5.7761988255413,94.5455574975137,39.23210723110011,13.8,48.7
20.994405,71,6,3.013990640640259,4.208383083343506,-2.5631701946258545,0.6820846199989319,5.77619850807235,54.3902415238266,-26.343193770583685,13.8,48.7
20.994405,71,7,-0.27750298380851746,3.9858558177948,2.1144497394561768,0.8526057600975037,4.52050353466929,93.98261631375922,27.88811660034886,31.400000000000002,41.1
21.297338,72,0,-0.11562623083591461,0.04896804317831993,0.0006434020469896495,0.0,0.125569536417987,157.0472018297497,0.29357744069093294,29.200000000000003,57.0
21.297338,72,1,-0.16573092341423035,5.141451835632324,-1.6408835649490356,0.0,5.39949003062535,91.84624809797984,-17.691758542419212,11.600000000000001,70.5
21.297338,72,2,1.449182152748108,3.5467567443847656,4.489015102386475,0.0,5.9017682862966,67.7753887286925,49.51906731791551,12.8,68.10000000000001
21.297338,72,3,3.622955322265625,3.7539703845977783,-2.759124994277954,0.0,5.90176834936948,46.01747276880675,-27.872668462400007,12.8,68.10000000000001
21.297338,72,4,-0.27750298380851746,4.040714263916016,2.0076282024383545,0.25578173995018005,4.52050336443441,93.92871711012198,26.366799235706104,30.6,42.5
21.297338,72,5,-0.3006282150745392,3.7439091205596924,3.1425230503082275,0.42630288004875183,4.89721185455842,94.5908833868664,39.91842985129215,24.400000000000002,40.900000000000006
21.297338,72,6,-2.1043975353240967,4.072779655456543,-1.7223992347717285,0.42630288004875183,4.89721167936624,117.3253130959842,-20.591953509949658,24.400000000000002,40.900000000000006
21.595327,73,0,-0.11562623083591461,0.04896819591522217,0.0006316693616099656,0.0,0.125569536411879,157.0471376547916,0.2882238968563418,29.400000000000002,56.800000000000004
21.595327,73,1,-0.16573092341423035,5.168130874633789,-1.554815411567688,0.0,5.39949020189565,91.83672390044205,-16.73562213065469,11.4,70.9
21.595327,73,2,1.449182152748108,3.572537660598755,4.468524932861328,0.0,5.90176832176962,67.92030983286136,49.21360387834515,13.0,68.0
21.595327,73,3,3.622955322265625,3.7644271850585938,-2.7448408603668213,0.0,5.90176826446788,46.09710712373295,-27.71590931042947,13.0,68.0
21.894545,74,0,-0.11562623083591461,0.04896771162748337,0.0006683230167254806,0.0,0.125569537289134,157.04734113657554,0.3049487146616712,29.6,56.6
21.894545,74,1,-0.16573092341423035,5.228917121887207,-1.336208462715149,0.0,5.39949016689284,91.8153863262787,-14.327813277369597,11.600000000000001,70.8
21.894545,74,2,1.449182152748108,3.6248679161071777,4.426180362701416,0.0,5.90176828791426,68.20901544655253,48.58823717838183,12.8,68.10000000000001
21.894545,74,3,3.622955322265625,3.7674338817596436,-2.7407126426696777,0.0,5.90176830367414,46.119962308969676,-27.670646464225523,12.8,68.10000000000001
21.894545,74,4,-0.3777123689651489,5.742513179779053,2.1769580841064453,0.25578173995018005,6.15290750406357,93.76319489665505,20.72050854308088,11.9,43.6
21.894545,74,5,-0.1464598923921585,4.651497840881348,1.053892731666565,-0.25578173995018005,4.77164254252799,91.80345396192004,12.759891708765743,25.8,40.5
21.894545,74,6,-2.050438642501831,3.1120245456695557,-2.9798617362976074,-0.25578173995018005,4.771642418179,123.37993298407919,-38.64505304819954,25.8,40.5
22.192893,75,0,-0.11562623083591461,0.048967719078063965,0.0006678084610030055,0.0,0.125569537457016,157.04733800608193,0.30471392571307343,30.0,56.2
22.192893,75,1,-0.16573092341423035,5.203073978424072,-1.433543086051941,0.0,5.39948991512131,91.82439708850737,-15.396428501748817,11.5,70.9
22.192893,75,2,1.449182152748108,3.506232500076294,4.520738124847412,0.0,5.90176824772744,67.5439069758959,49.995791700552964,12.600000000000001,68.3
22.192893,75,3,3.622955322265625,3.74178409576416,-2.7756288051605225,0.0,5.90176827319434,45.9243771024495,-28.05407101436012,12.600000000000001,68.3
22.192893,75,4,-0.3006282150745392,4.092068672180176,2.6734402179718018,-0.25578173995018005,4.89721205795772,94.20174744629807,33.08691625822297,22.900000000000002,42.900000000000006
22.493749,76,0,-0.11562623083591461,0.048968106508255005,0.0006386825116351247,0.0,0.125569537021025,157.04717522061335,0.2914239473811809,29.900000000000002,56.300000000000004
22.493749,76,1,-0.16573092341423035,5.164829254150391,-1.5657473802566528,0.0,5.39949005205899,91.83789722240367,-16.856794745831923,11.8,70.7
22.493749,76,2,1.449182152748108,3.588463306427002,4.455745697021484,0.0,5.90176816978964,68.00893805964779,49.02404809656892,12.700000000000001,68.2
22.493749,76,3,3.622955322265625,3.7787530422210693,-2.7250850200653076,0.0,5.90176822552463,46.20583430234897,-27.49947165068241,12.700000000000001,68.2
22.493749,76,4,-0.28521138429641724,4.357096195220947,1.5875651836395264,0.5115634799003601,4.64607318070277,93.74518425028822,19.98050709676144,26.5,42.300000000000004
22.493749,76,5,-0.362295538187027,4.769093990325928,3.457650899887085,0.5115634799003601,5.90176798010927,94.34426565024103,35.86426081451902,13.4,49.800000000000004
22.493749,76,6,3.260659694671631,3.65096378326416,-3.296881914138794,0.5115634799003601,5.90176825594992,48.232098982968516,-33.96083808250628,13.4,49.800000000000004
22.795768,77,0,-0.11562623083591461,0.04896795377135277,0.0006501358584500849,0.0,0.125569536235936,157.04723939560705,0.29665003424889375,30.0,56.2
22.795768,77,1,0.0,5.214271545410156,-1.4020931720733643,0.0,5.3994900696685,90.0,-15.050565372991253,11.8,70.4
22.795768,77,2,1.449182152748108,3.649691343307495,4.405734062194824,0.0,5.90176824689355,68.34346850596474,48.28903460835986,12.700000000000001,68.2
22.795768,77,3,3.622955322265625,3.7793221473693848,-2.7242958545684814,0.0,5.90176829975123,46.210144703883195,-27.490834323317834,12.700000000000001,68.2
22.795768,77,4,-0.1503141075372696,4.463562965393066,2.009153127670288,0.25578173995018005,4.89721195859242,91.92875301561523,24.22146306043699,22.200000000000003,41.2
23.077662,78,0,-0.11562623083591461,0.04896650090813637,0.0007517898920923471,0.0,0.125569537135997,157.04784984371324,0.3430341961527329,29.700000000000003,56.5
23.077662,78,1,-0.16573092341423035,5.246108055114746,-1.2670339345932007,0.0,5.39948992556948,91.8094414611101,-13.571468576948575,12.0,70.60000000000001
23.077662,78,2,1.449182152748108,3.6411514282226562,4.412794589996338,0.0,5.90176827133974,68.29739165342372,48.39215632533848,12.600000000000001,68.3
23.077662,78,3,3.622955322265625,3.7653963565826416,-2.743511199951172,0.0,5.90176826837145,46.10447628039779,-27.701328564987197,12.600000000000001,68.3
23.393878,79,0,-0.11562623083591461,0.04896793141961098,0.0006518854643218219,0.0,0.125569536590268,157.04724878707466,0.2974483670063805,29.700000000000003,56.5
23.393878,79,1,-0.16573092341423035,5.249336242675781,-1.25359308719635,0.0,5.39949010147363,91.80832944680785,-13.424791222905231,11.8,70.9
23.393878,79,2,1.449182152748108,3.629326105117798,4.422525405883789,0.0,5.90176819731347,68.23327957039156,48.5346233306385,12.9,68.0
23.393878,79,3,3.622955322265625,3.7611706256866455,-2.7493014335632324,0.0,5.90176821937746,46.072331234560515,-27.764837328186392,12.9,68.0
23.393878,79,4,-0.292919784784317,3.953350067138672,2.655897378921509,-0.42630288004875183,4.77164223732517,94.23753405708578,33.82100859434062,25.5,41.0
23.393878,79,5,-0.292919784784317,4.142073631286621,2.350743532180786,-0.17052115499973297,4.7716423924481,94.04511721826651,29.5148236396884,26.200000000000003,44.2
23.694091,80,0,-0.11562623083591461,0.048968177288770676,0.0006330955075100064,0.0,0.125569536330379,157.04714548100276,0.2888746374989406,30.1,56.1
23.694091,80,1,-0.16573092341423035,5.259733200073242,-1.209228754043579,0.0,5.39949018468728,91.80475727355267,-12.941282826366237,12.100000000000001,70.60000000000001
23.694091,80,2,1.449182152748108,3.612062692642212,4.436636447906494,0.0,5.90176827555214,68.13903476281003,48.74193369239528,13.100000000000001,67.7
23.694091,80,3,3.622955322265625,3.788010597229004,-2.7122018337249756,0.0,5.90176823830902,46.27586708104946,-27.358557216555194,13.100000000000001,67.7
23.694091,80,4,-0.14260569214820862,4.093089580535889,2.1936891078948975,-0.25578173995018005,4.64607259949963,91.99541214268066,28.174590975988885,29.5,41.400000000000006
23.993466,81,0,-0.11562623083591461,0.04896757751703262,0.0006778797833248973,0.0,0.125569536218812,157.04739748548545,0.3093094107499685,29.700000000000003,56.5
23.993466,81,1,-0.16573092341423035,5.273446083068848,-1.1479519605636597,0.0,5.39949016424438,91.80006733799233,-12.274983565709482,12.200000000000001,70.60000000000001
23.993466,81,2,1.449182152748108,3.6444849967956543,4.410041809082031,0.0,5.90176825718901,68.31540000820195,48.35192613617112,13.100000000000001,67.7
23.993466,81,3,3.622955322265625,3.7818732261657715,-2.7207531929016113,0.0,5.90176823525006,46.22945826023733,-27.45207064159295,13.100000000000001,67.7
23.993466,81,4,-0.2697945535182953,4.042388916015625,1.703451156616211,-0.8526057600975037,4.39493379841053,93.81833576635614,22.804890430060972,32.4,40.2
23.993466,81,5,-0.1811477690935135,5.5141754150390625,2.0956923961639404,-0.7673451900482178,5.90176851811456,91.88156352928615,20.799307367257413,13.9,51.300000000000004
23.993466,81,6,3.260659694671631,3.3949897289276123,-3.559917449951172,-0.7673451900482178,5.90176830741829,46.15623566289682,-37.099070852653085,13.9,51.300000000000004
23.993466,81,7,-2.555339813232422,2.036633253097534,-3.647608518600464,-0.596824049949646,4.89721190818613,141.44477857784477,-48.144817942705004,18.900000000000002,43.2
23.993466,81,8,-0.28521138429641724,4.187499523162842,1.9923593997955322,-0.5115634799003601,4.64607294047079,93.89640866776546,25.39311267136623,19.6,40.7
23.993466,81,9,-2.5900275707244873,4.414535999298096,-1.27195405960083,-0.25578173995018005,5.27392055646905,120.40033487920158,-13.956082309482941,16.7,43.1
23.993466,81,10,-0.6475068926811218,2.8912267684936523,4.363001346588135,-0.25578173995018005,5.27392056759046,102.62342328176501,55.82018556263542,16.7,43.1
24.303187,82,0,-0.11562623083591461,0.04896688461303711,0.0007261484861373901,0.0,0.125569535866191,157.0476886222678,0.33133415012188167,29.6,56.6
24.303187,82,1,0.0,5.191856384277344,-1.4829429388046265,0.0,5.39949001987335,90.0,-15.9408596295838,11.700000000000001,70.60000000000001
24.303187,82,2,1.2680343389511108,3.395528554916382,4.65761137008667,0.0,5.90176828812961,69.52223596056723,52.10979870929579,12.9,67.9
24.303187,82,3,3.622955322265625,3.811734199523926,-2.678758144378662,0.0,5.90176821563065,46.45452063078732,-26.993587374450108,12.9,67.9
24.303187,82,4,0.1464598923921585,4.449645042419434,1.7169103622436523,-2.131514549255371,4.7716425573996,88.11479227155127,21.08885808496367,19.700000000000003,40.900000000000006
24.303187,82,5,0.0,4.300357818603516,0.9068442583084106,-0.6820846199989319,4.39493388765421,90.0,11.90786735614354,29.400000000000002,42.0
24.303187,82,6,-0.12718884646892548,3.910430431365967,1.3650606870651245,-0.5115634799003601,4.14379461853382,91.86291920072314,19.23374938000258,25.200000000000003,42.1
24.303187,82,7,-7.28445291519165,2.7389955520629883,1.4201011657714844,-0.25578173995018005,7.91088100206864,159.39345508230906,10.341359272334284,13.3,45.7
24.303187,82,8,-4.37067174911499,1.730489730834961,-6.362756729125977,-0.25578173995018005,7.91088107868365,158.39979184101801,-53.54313406542358,13.3,45.7
24.595633,83,0,-0.11562623083591461,0.0489673875272274,0.0006914797122590244,0.0,0.125569536284699,157.0474773131882,0.3155149771342028,29.700000000000003,56.5
24.595633,83,1,0.0,5.252827167510986,-1.2499197721481323,0.0,5.39949003967489,90.0,-13.3847209615009,12.4,70.4
24.595633,83,2,1.2680343389511108,3.8852901458740234,4.2576375007629395,0.0,5.90176818337419,71.9249748020383,46.171617311841835,12.8,67.8
24.595633,83,3,3.622955322265625,3.9137697219848633,-2.5273444652557373,0.0,5.90176827314637,47.209736380420665,-25.355608685087997,12.8,67.8
24.595633,83,4,-0.16573092341423035,4.8277106285095215,2.4125163555145264,-0.6820846199989319,5.39948995898915,91.9661399852053,26.538847412572917,13.3,51.1
24.595633,83,5,0.0,4.101905822753906,0.5877083539962769,-0.5115634799003601,4.14379445533914,90.0,8.153670323835723,30.0,40.800000000000004
24.595633,83,6,-2.4898180961608887,1.504778504371643,-3.7821974754333496,-0.34104230999946594,4.77164230033681,148.85237316305438,-52.43297013096892,16.6,46.5
24.892484,84,0,-0.11562623083591461,0.04896783083677292,0.0006595308659598231,0.0,0.125569537289671,157.047291048695,0.3009369122419553,29.200000000000003,57.0
24.892484,84,1,0.0,5.246524333953857,-1.2761174440383911,0.0,5.39949009793972,90.0,-13.670645694329002,11.8,70.7
24.892484,84,2,1.0868866443634033,4.18827486038208,4.013464450836182,0.0,5.90176802169738,75.45224521708565,42.84711480018556,12.5,68.3
24.892484,84,3,0.12333464622497559,4.0140533447265625,0.13527680933475494,-0.6820846199989319,4.01822541732215,88.2401000744307,1.9292733209491657,28.200000000000003,42.6
24.892484,84,4,-2.139085292816162,0.9009444117546082,-4.024749279022217,-0.34104230999946594,4.64607290967373,157.1600457273036,-60.02793439063704,16.0,43.400000000000006
24.892484,84,5,-4.278170585632324,1.8116605281829834,-0.03368976712226868,-0.34104230999946594,4.64607279641146,157.04898572680557,-0.41546882059376367,16.0,43.400000000000006
24.892484,84,6,1.1793875694274902,6.263610363006592,0.6229270696640015,-0.25578173995018005,6.40404621724452,79.33651526322383,5.582035858021093,11.9,47.7
25.193749,85,0,-0.11562623083591461,0.04896717891097069,0.000706049962900579,0.0,0.1255695360124,157.0475649672448,0.3221633005020891,29.5,56.7
25.193749,85,1,0.0,5.253393650054932,-1.2475372552871704,0.0,5.39949016535514,90.0,-13.358734486224938,12.200000000000001,70.7
25.193749,85,2,1.2680343389511108,3.4561097621917725,4.612836837768555,0.0,5.90176833372431,69.85209302163497,51.407533139187805,12.700000000000001,68.10000000000001
25.193749,85,3,3.622955322265625,3.8055260181427,-2.687570333480835,0.0,5.90176819599856,46.407881967383894,-27.089639008805797,12.700000000000001,68.10000000000001
25.193749,85,4,-0.1464598923921585,4.050470352172852,2.518096685409546,-0.6820846199989319,4.77164243117413,92.07084083003285,31.85161179759094,13.700000000000001,48.300000000000004
25.193749,85,5,0.10791782289743423,3.5129144191741943,-0.09833400696516037,-0.596824049949646,3.51594703456504,88.24040923512567,-1.602657348182645,32.1,42.0
25.193749,85,6,-4.046917915344238,1.6005330085754395,-0.6133456230163574,-0.42630288004875183,4.39493383094069,158.42148485444196,-8.022236821661423,20.1,46.7
25.486587,86,0,-0.11562623083591461,0.048967573791742325,0.0006781149422749877,0.0,0.125569536035795,157.04739905073365,0.3094167127978526,29.6,56.6
25.486587,86,1,1.449182152748108,3.528672456741333,4.503244400024414,0.0,5.90176823885518,67.67265011239218,49.732322154515934,12.5,68.10000000000001
25.486587,86,2,3.622955322265625,3.6940958499908447,-2.8387882709503174,0.0,5.90176823192317,45.557044561831006,-28.75115201078276,12.5,68.10000000000001
25.486587,86,3,0.2081272155046463,3.3135428428649902,-0.6868596076965332,-0.9378663301467896,3.39037744654199,86.40591156268722,-11.688508672997749,34.4,42.1
25.486587,86,4,0.1464598923921585,3.922710418701172,2.7128331661224365,-0.9378663301467896,4.77164241286794,87.86177495160928,34.64794667948264,16.400000000000002,49.1
25.486587,86,5,0.4470881223678589,3.3354694843292236,-1.3911861181259155,-0.6820846199989319,3.64151661884442,82.36554828373939,-22.459780697081452,26.6,41.0
25.486587,86,6,-3.8002490997314453,1.8930341005325317,-0.4494447708129883,-0.6820846199989319,4.26936434704275,153.52053393637672,-6.042841201855535,21.200000000000003,48.7
25.798733,87,0,-0.11562623083591461,0.0489676259458065,0.0006745569407939911,0.0,0.125569537210085,157.04737713726257,0.3077932156237986,29.200000000000003,57.0
25.798733,87,1,-0.16573092341423035,5.263062953948975,-1.1946520805358887,0.0,5.3994899749638,91.80361622181489,-12.782624496169493,11.700000000000001,70.8
25.798733,87,2,1.449182152748108,3.918900728225708,4.168087959289551,0.0,5.90176829991708,69.70595783644426,44.930125997500475,13.100000000000001,67.8
25.798733,87,3,3.622955322265625,3.7716031074523926,-2.7349722385406494,0.0,5.90176824459123,46.15162302788498,-27.60773890542349,13.100000000000001,67.8
25.798733,87,4,-5.781311988830566,2.445650815963745,-0.12038518488407135,0.25578173995018005,6.27847663199918,157.07032783401613,-1.0986718809449318,11.9,46.6
25.798733,87,5,0.3006282150745392,3.0868184566497803,-1.0198755264282227,-0.596824049949646,3.26480804909261,84.43745164653141,-18.20299222114262,30.900000000000002,40.800000000000004
25.798733,87,6,0.27750298380851746,2.6935184001922607,-1.3229329586029053,-0.5115634799003601,3.01366900822813,84.1177866396067,-26.038661316039,27.8,41.2
25.798733,87,7,0.19271038472652435,3.0016350746154785,-0.89881432056427,-0.34104230999946594,3.13923837839606,86.32654926041552,-16.63753105769519,28.400000000000002,41.2
25.798733,87,8,-3.5612878799438477,1.8924416303634644,-0.9523268938064575,-0.34104230999946594,4.14379454133946,152.01415892618783,-13.286475089308885,12.3,54.900000000000006
26.096316,88,0,-0.11562623083591461,0.04896838963031769,0.0006166285602375865,0.0,0.125569537193892,157.04705626224944,0.28136088429666095,29.400000000000002,56.800000000000004
26.096316,88,1,-0.16573092341423035,5.24603796005249,-1.2673238515853882,0.0,5.39948986128177,91.80946562193346,-13.574633535040762,11.8,70.9
26.096316,88,2,1.449182152748108,3.6697468757629395,4.389042854309082,0.0,5.90176822833438,68.4509485245598,48.04607615965733,13.100000000000001,67.8
26.096316,88,3,3.622955322265625,3.7303566932678223,-2.7909679412841797,0.0,5.90176824141858,45.83679404979572,-28.222946610777097,13.100000000000001,67.8
26.096316,88,4,-5.896938323974609,2.060910940170288,-1.4108779430389404,0.34104230999946594,6.40404653873064,160.73607674103624,-12.727263904574437,16.5,45.7
26.096316,88,5,-3.5381627082824707,1.3218190670013428,5.171654224395752,0.34104230999946594,6.40404625318083,159.51485920302613,53.85825721058898,16.5,45.7
26.096316,88,6,0.37000396847724915,2.6040902137756348,-1.4710580110549927,-0.5115634799003601,3.01366893504579,81.91321899545483,-29.217654209482667,34.6,41.5
26.096316,88,7,0.27750298380851746,2.8850228786468506,-0.8257338404655457,-0.25578173995018005,3.013669074671,84.50576792672483,-15.902202501888318,24.3,41.0
26.397097,89,0,-0.11562623083591461,0.04896814376115799,0.0006357713718898594,0.0,0.12556953677533,157.0471595681851,0.2900956148778394,30.0,56.2
26.397097,89,1,-0.16573092341423035,5.260624408721924,-1.2053446769714355,0.0,5.39948994803398,91.8044517296189,-12.898997607871847,11.5,70.8
26.397097,89,2,1.2680343389511108,3.569164752960205,4.525927543640137,0.0,5.90176823069265,70.4411555317376,50.07422658791839,12.600000000000001,68.2
26.397097,89,3,3.622955322265625,3.6611835956573486,-2.881110668182373,0.0,5.90176831725523,45.30069423977717,-29.220866009669006,12.600000000000001,68.2
26.397097,89,4,0.7014657855033875,1.9739998579025269,-2.504045009613037,-0.6820846199989319,3.26480797251523,70.43720330573012,-50.08353551987352,23.3,41.5
26.397097,89,5,1.6033504009246826,2.7626254558563232,-2.4378888607025146,-0.5115634799003601,4.01822523194359,59.87032151681731,-37.351839113196796,12.100000000000001,51.800000000000004
26.397097,89,6,3.0833661556243896,2.1311893463134766,1.4481085538864136,-0.5115634799003601,4.01822513845715,34.65180896188798,21.123849519188603,12.100000000000001,51.800000000000004
26.397097,89,7,0.3545871376991272,2.581634044647217,-1.2452113628387451,-0.42630288004875183,2.88809932600074,82.17936505381945,-25.540725541752366,32.9,41.400000000000006
26.397097,89,8,-4.740675449371338,1.8835780620574951,-0.6954500675201416,-0.25578173995018005,5.1483512728397,158.330951155019,-7.763366977538511,12.4,51.300000000000004
26.397097,89,9,3.6345181465148926,3.4492907524108887,1.1824514865875244,-0.25578173995018005,5.14835122832022,43.502171590456385,13.277983203755339,12.4,51.300000000000004
26.397097,89,10,-3.1064913272857666,0.6118742823600769,-2.264528512954712,-0.17052115499973297,3.89265563464073,168.8572943151134,-35.573290134387555,23.8,52.800000000000004
26.694224,90,0,-0.11562623083591461,0.0489678680896759,0.0006564726936630905,0.0,0.12556953579179,157.04727539623997,0.29954149161308746,29.900000000000002,56.300000000000004
26.694224,90,1,-0.16573092341423035,5.259393215179443,-1.2107058763504028,0.0,5.39949001757395,91.80487386198085,-12.957366487638419,11.9,70.60000000000001
26.694224,90,2,1.449182152748108,3.854793071746826,4.227447032928467,0.0,5.90176812099956,69.39660492981017,45.749986897104804,13.0,67.9
26.694224,90,3,3.622955322265625,3.75459361076355,-2.7582764625549316,0.0,5.90176816666021,46.022225422515625,-27.863350961546576,13.0,67.9
26.694224,90,4,0.5087554454803467,1.5852793455123901,-2.2044565677642822,-0.5115634799003601,2.76252990314552,72.20727640520164,-52.93808306241459,39.0,40.7
26.694224,90,5,1.5031410455703735,3.352811336517334,-0.8307591676712036,-0.5115634799003601,3.76708609615274,65.85222898748326,-12.740221583602414,12.3,53.5
27.008587,91,0,-0.11562623083591461,0.048967745155096054,0.000665794184897095,0.0,0.125569536929907,157.0473270493554,0.3037948255151876,29.700000000000003,56.5
27.008587,91,1,-0.16573092341423035,5.253798007965088,-1.234758973121643,0.0,5.39948978785756,91.80679474916106,-13.219410054377565,12.0,70.5
27.008587,91,2,1.449182152748108,3.5744357109069824,4.467006683349609,0.0,5.90176823268593,67.93090832911125,49.19104632805761,12.8,67.9
27.008587,91,3,3.622955322265625,3.767460346221924,-2.740676164627075,0.0,5.90176825763622,46.12016339251151,-27.67024682926861,12.8,67.9
27.008587,91,4,2.4975268840789795,2.289095878601074,0.1306106597185135,-0.7673451900482178,3.39037750443189,42.506660095309854,2.2078048267166897,13.9,49.800000000000004
27.008587,91,5,1.3528269529342651,2.7395474910736084,-1.4694888591766357,-0.7673451900482178,3.39037737245832,63.71919437952908,-25.685389238029874,13.9,49.800000000000004
27.008587,91,6,0.797821044921875,1.3083513975143433,2.4480228424072266,-0.596824049949646,2.88809931201223,58.62553271841033,57.95419592524288,28.900000000000002,41.2
27.297925,92,0,-0.11562623083591461,0.048968080431222916,0.0006406232714653015,0.0,0.125569536738075,157.04718617731527,0.29230950350747553,29.900000000000002,56.300000000000004
27.297925,92,1,-0.16573092341423035,5.251734256744385,-1.2435089349746704,0.0,5.39949015313484,91.80750428656897,-13.31480391129522,12.3,70.2
27.297925,92,2,1.449182152748108,3.6711204051971436,4.387894153594971,0.0,5.90176829809943,68.45827227070704,48.029397007212395,14.0,67.7
27.297925,92,3,3.622955322265625,3.8920488357543945,-2.5606677532196045,0.0,5.9017682731033,47.050742468744865,-25.71413989696961,14.0,67.7
27.297925,92,4,0.6590694785118103,1.127389669418335,1.996687889099121,-0.42630288004875183,2.38582115228533,59.68953925791269,56.81394469106528,38.6,40.5
27.598148,93,0,-0.11562623083591461,0.04896709322929382,0.0007119016372598708,0.0,0.125569535638975,157.04760096805097,0.32483338848669985,29.900000000000002,56.300000000000004
27.598148,93,1,-0.16573092341423035,5.253729820251465,-1.2350491285324097,0.0,5.39948980118158,91.80681818385327,-13.222572785091922,12.3,70.2
27.598148,93,2,1.449182152748108,3.6051838397979736,4.442227840423584,0.0,5.90176817714983,68.10126499455735,48.82431704690217,13.700000000000001,67.60000000000001
27.598148,93,3,3.622955322265625,3.9063544273376465,-2.538790464401245,0.0,5.90176814194254,47.15556426984418,-25.4786381369311,13.700000000000001,67.60000000000001
27.598148,93,4,1.0521987676620483,1.6011759042739868,1.811814785003662,-0.596824049949646,2.6369602458617,56.68943267508244,43.39977073891815,19.700000000000003,40.5
27.598148,93,5,2.505234956741333,1.246497631072998,-1.4229754209518433,-0.42630288004875183,3.13923837600499,26.4529710131104,-26.954760106843324,17.3,44.5
27.598148,93,6,1.4453279972076416,2.7568442821502686,-0.4070064425468445,-0.42630288004875183,3.13923838849673,62.33337051810186,-7.449444671866578,17.3,44.5
27.598148,93,7,0.7862583994865417,1.813872218132019,0.8053157925605774,-0.25578173995018005,2.13468222933105,66.56473605263164,22.163645611978854,26.8,40.900000000000006
27.598148,93,8,1.5725167989730835,0.8934811949729919,-1.1339093446731567,-0.25578173995018005,2.1346822083767,29.604608874745562,-32.08549772901163,26.8,40.900000000000006
27.598148,93,9,0.7322994470596313,0.8462174534797668,2.1070823669433594,-0.25578173995018005,2.38582115000711,49.127751148299524,62.02698650776741,31.3,41.0
27.898447,94,0,-0.11562623083591461,0.04896771162748337,0.0006681759841740131,0.0,0.125569536506664,157.04734113657554,0.3048816265321422,29.8,56.400000000000006
27.898447,94,1,-0.16573092341423035,5.251383304595947,-1.2449907064437866,0.0,5.39949027315507,91.8076250027015,-13.330962051197663,13.0,69.5
27.898447,94,2,1.449182152748108,3.667867660522461,4.390613555908203,0.0,5.90176833536145,68.4409207429229,48.06888933062821,12.600000000000001,68.4
27.898447,94,3,3.622955322265625,3.8089983463287354,-2.6826467514038086,0.0,5.90176814711365,46.43397750211317,-27.03596281491637,12.600000000000001,68.4
27.898447,94,4,1.4183485507965088,1.98540198802948,-1.5451810359954834,-0.34104230999946594,2.88809939226787,54.45841892792043,-32.345035281725885,14.200000000000001,44.900000000000006
27.898447,94,5,1.6650177240371704,2.1283557415008545,-1.3341732025146484,-0.34104230999946594,3.01366891314321,51.96384397030054,-26.276744995999486,12.100000000000001,47.0
27.898447,94,6,0.7862583994865417,1.9174385070800781,0.5119524598121643,-0.17052115499973297,2.13468218250501,67.70359247929967,13.87627569290959,35.0,40.5
28.184209,95,0,-0.11562623083591461,0.048968203365802765,0.0006310518365353346,0.0,0.125569536212472,157.0471345243074,0.28794212492858035,30.0,56.2
28.184209,95,1,-0.16573092341423035,5.252435207366943,-1.240543246269226,0.0,5.39948978075038,91.8072632305747,-13.28246779912405,12.9,69.60000000000001
28.184209,95,2,1.449182152748108,3.75211238861084,4.318841457366943,0.0,5.90176819457372,68.8818931353643,47.036474555159,12.5,68.10000000000001
28.184209,95,3,3.622955322265625,3.5622568130493164,-3.002563714981079,0.0,5.90176818688858,44.51599401518462,-30.581045168337642,12.5,68.10000000000001
28.184209,95,4,1.171679139137268,7.4267988204956055,-5.877423286437988,0.34104230999946594,9.54328440387102,81.03469968526663,-38.01516876074461,11.600000000000001,45.5
28.184209,95,5,0.7862583994865417,1.811277151107788,0.8111357092857361,-0.17052115499973297,2.13468225452098,66.53478803412581,22.332419043338856,33.6,41.7
28.490653,96,0,-0.11562623083591461,0.04896755516529083,0.0006797028472647071,0.0,0.125569537357381,157.047406876975,0.3101412609402872,29.5,56.7
28.490653,96,1,-0.16573092341423035,5.253946781158447,-1.234127163887024,0.0,5.39949010322871,91.80674362103281,-13.212522537560918,12.0,70.60000000000001
28.490653,96,2,1.449182152748108,3.738247871398926,4.33084774017334,0.0,5.90176822727111,68.81050743493779,47.207775526018274,12.8,68.10000000000001
28.490653,96,3,3.622955322265625,3.7838234901428223,-2.7180402278900146,0.0,5.90176822250059,46.24421404210532,-27.42239449709416,12.8,68.10000000000001
28.490653,96,4,0.8633425831794739,1.8038456439971924,0.1931677907705307,-0.42630288004875183,2.00911256993973,64.42365322888804,5.517272805758427,34.0,40.400000000000006
28.781462,97,0,-0.11562623083591461,0.04896797612309456,0.0006485332269221544,0.0,0.125569536664983,157.04723000414077,0.29591876311328064,29.3,56.900000000000006
28.781462,97,1,-0.16573092341423035,5.252696990966797,-1.2394357919692993,0.0,5.39949011484436,91.80717322002418,-13.270392693698312,11.8,70.7
28.781462,97,2,1.449182152748108,3.762397289276123,4.309884548187256,0.0,5.9017681327632,68.93455221857634,46.90903862718262,12.700000000000001,68.3
28.781462,97,3,3.622955322265625,3.748741626739502,-2.7662246227264404,0.0,5.90176818543056,45.977566640773006,-27.9506677363514,12.700000000000001,68.3
28.781462,97,4,5.569330215454102,6.5971269607543945,6.275521278381348,-0.42630288004875183,10.6734104437382,49.82876203127984,36.01226320730664,11.3,44.400000000000006
28.781462,97,5,-0.9828230142593384,6.865852355957031,-8.11269474029541,-0.42630288004875183,10.67341021419,98.14635134935138,-49.47165666304351,11.3,44.400000000000006
28.781462,97,6,0.9250098466873169,1.5510858297348022,0.8803539276123047,-0.34104230999946594,2.00911261643916,59.18972302517519,25.9878460211994,30.400000000000002,40.400000000000006
28.781462,97,7,2.050438642501831,2.109647512435913,1.9253499507904053,-0.34104230999946594,3.51594705398139,45.81541323769568,33.20285601985558,13.600000000000001,48.300000000000004
29.092241,98,0,-0.11562623083591461,0.048967618495225906,0.0006749097956344485,0.0,0.12556953620065,157.047380267758,0.30795422359057084,29.400000000000002,56.800000000000004
29.092241,98,1,-0.16573092341423035,5.2567338943481445,-1.2221996784210205,0.0,5.39948979338759,91.805786322408,-13.08254985465143,12.0,70.5
29.092241,98,2,1.449182152748108,3.703267812728882,4.3607964515686035,0.0,5.90176813308103,68.62833982740182,47.63750809105306,12.4,68.4
29.092241,98,3,3.622955322265625,3.7476634979248047,-2.7676854133605957,0.0,5.90176833738328,45.96933115035022,-27.96672257791136,12.4,68.4
29.092241,98,4,0.8093836307525635,1.5739648342132568,0.6444123387336731,0.08526057749986649,1.88354305057845,62.786306641782524,20.006560994484065,17.8,51.0
29.092241,98,5,0.7515705227851868,1.447566032409668,-0.06661231815814972,-0.17052115499973297,1.63240401550482,62.56184026921165,-2.3386763671899695,22.900000000000002,43.7
29.092241,98,6,0.9250098466873169,1.7061887979507446,0.5194322466850281,-0.17052115499973297,2.00911256270458,61.535675420613444,14.983338853186448,29.400000000000002,41.400000000000006
